version,file_name,matched_id,modality,detection,start,end,length,valid_length,relative_start,relative_length
aligned,aligned_version_02.pkl,,audio,heuristic_internal_zeros,2,2,1,29,0.06896551724137931,0.034482758620689655
aligned,aligned_version_02.pkl,,audio,heuristic_internal_zeros,5,5,1,29,0.1724137931034483,0.034482758620689655
aligned,aligned_version_02.pkl,,audio,heuristic_internal_zeros,7,7,1,29,0.2413793103448276,0.034482758620689655
aligned,aligned_version_02.pkl,,audio,heuristic_internal_zeros,9,10,2,29,0.3103448275862069,0.06896551724137931
aligned,aligned_version_02.pkl,,vision,heuristic_internal_zeros,2,2,1,29,0.06896551724137931,0.034482758620689655
aligned,aligned_version_02.pkl,,vision,heuristic_internal_zeros,5,5,1,29,0.1724137931034483,0.034482758620689655
aligned,aligned_version_02.pkl,,vision,heuristic_internal_zeros,7,7,1,29,0.2413793103448276,0.034482758620689655
aligned,aligned_version_02.pkl,,vision,heuristic_internal_zeros,9,10,2,29,0.3103448275862069,0.06896551724137931
aligned,aligned_version_03.pkl,,audio,heuristic_internal_zeros,6,6,1,33,0.18181818181818182,0.030303030303030304
aligned,aligned_version_03.pkl,,audio,heuristic_internal_zeros,16,16,1,33,0.48484848484848486,0.030303030303030304
aligned,aligned_version_03.pkl,,audio,heuristic_internal_zeros,20,20,1,33,0.6060606060606061,0.030303030303030304
aligned,aligned_version_03.pkl,,audio,heuristic_internal_zeros,23,23,1,33,0.696969696969697,0.030303030303030304
aligned,aligned_version_03.pkl,,audio,heuristic_internal_zeros,31,31,1,33,0.9393939393939394,0.030303030303030304
aligned,aligned_version_03.pkl,,vision,heuristic_internal_zeros,6,6,1,33,0.18181818181818182,0.030303030303030304
aligned,aligned_version_03.pkl,,vision,heuristic_internal_zeros,16,16,1,33,0.48484848484848486,0.030303030303030304
aligned,aligned_version_03.pkl,,vision,heuristic_internal_zeros,20,21,2,33,0.6060606060606061,0.06060606060606061
aligned,aligned_version_03.pkl,,vision,heuristic_internal_zeros,23,26,4,33,0.696969696969697,0.12121212121212122
aligned,aligned_version_03.pkl,,vision,heuristic_internal_zeros,31,31,1,33,0.9393939393939394,0.030303030303030304
aligned,aligned_version_04.pkl,,audio,heuristic_internal_zeros,6,6,1,32,0.1875,0.03125
aligned,aligned_version_04.pkl,,audio,heuristic_internal_zeros,8,8,1,32,0.25,0.03125
aligned,aligned_version_04.pkl,,vision,heuristic_internal_zeros,6,6,1,32,0.1875,0.03125
aligned,aligned_version_04.pkl,,vision,heuristic_internal_zeros,8,8,1,32,0.25,0.03125
aligned,aligned_version_06.pkl,,audio,heuristic_internal_zeros,14,14,1,25,0.56,0.04
aligned,aligned_version_06.pkl,,audio,heuristic_internal_zeros,17,17,1,25,0.68,0.04
aligned,aligned_version_06.pkl,,vision,heuristic_internal_zeros,14,14,1,25,0.56,0.04
aligned,aligned_version_06.pkl,,vision,heuristic_internal_zeros,17,17,1,25,0.68,0.04
aligned,aligned_version_07.pkl,,audio,heuristic_internal_zeros,10,10,1,22,0.45454545454545453,0.045454545454545456
aligned,aligned_version_07.pkl,,audio,heuristic_internal_zeros,12,12,1,22,0.5454545454545454,0.045454545454545456
aligned,aligned_version_07.pkl,,audio,heuristic_internal_zeros,14,14,1,22,0.6363636363636364,0.045454545454545456
aligned,aligned_version_07.pkl,,vision,heuristic_internal_zeros,10,10,1,22,0.45454545454545453,0.045454545454545456
aligned,aligned_version_07.pkl,,vision,heuristic_internal_zeros,12,12,1,22,0.5454545454545454,0.045454545454545456
aligned,aligned_version_07.pkl,,vision,heuristic_internal_zeros,14,14,1,22,0.6363636363636364,0.045454545454545456
aligned,aligned_version_08.pkl,,audio,heuristic_internal_zeros,9,10,2,16,0.5625,0.125
aligned,aligned_version_08.pkl,,vision,heuristic_internal_zeros,9,10,2,16,0.5625,0.125
aligned,aligned_version_09.pkl,,audio,heuristic_internal_zeros,3,4,2,15,0.2,0.13333333333333333
aligned,aligned_version_09.pkl,,vision,heuristic_internal_zeros,3,4,2,15,0.2,0.13333333333333333
aligned,aligned_version_11.pkl,,audio,heuristic_internal_zeros,4,5,2,14,0.2857142857142857,0.14285714285714285
aligned,aligned_version_11.pkl,,audio,heuristic_internal_zeros,7,7,1,14,0.5,0.07142857142857142
aligned,aligned_version_11.pkl,,vision,heuristic_internal_zeros,4,5,2,14,0.2857142857142857,0.14285714285714285
aligned,aligned_version_11.pkl,,vision,heuristic_internal_zeros,7,7,1,14,0.5,0.07142857142857142
aligned,aligned_version_12.pkl,,audio,heuristic_internal_zeros,5,5,1,13,0.38461538461538464,0.07692307692307693
aligned,aligned_version_12.pkl,,vision,heuristic_internal_zeros,5,5,1,13,0.38461538461538464,0.07692307692307693
aligned,aligned_version_13.pkl,,audio,heuristic_internal_zeros,5,5,1,20,0.25,0.05
aligned,aligned_version_13.pkl,,audio,heuristic_internal_zeros,14,14,1,20,0.7,0.05
aligned,aligned_version_13.pkl,,vision,heuristic_internal_zeros,5,5,1,20,0.25,0.05
aligned,aligned_version_13.pkl,,vision,heuristic_internal_zeros,14,14,1,20,0.7,0.05
aligned,aligned_version_14.pkl,EO_5o9Gup6g$_$10,audio,compared_with_dataset02,21,22,2,24,0.875,0.08333333333333333
aligned,aligned_version_14.pkl,EO_5o9Gup6g$_$10,vision,compared_with_dataset02,21,22,2,24,0.875,0.08333333333333333
aligned,aligned_version_15.pkl,,audio,heuristic_internal_zeros,2,2,1,28,0.07142857142857142,0.03571428571428571
aligned,aligned_version_15.pkl,,audio,heuristic_internal_zeros,6,6,1,28,0.21428571428571427,0.03571428571428571
aligned,aligned_version_15.pkl,,audio,heuristic_internal_zeros,18,18,1,28,0.6428571428571429,0.03571428571428571
aligned,aligned_version_15.pkl,,vision,heuristic_internal_zeros,2,2,1,28,0.07142857142857142,0.03571428571428571
aligned,aligned_version_15.pkl,,vision,heuristic_internal_zeros,6,6,1,28,0.21428571428571427,0.03571428571428571
aligned,aligned_version_15.pkl,,vision,heuristic_internal_zeros,18,18,1,28,0.6428571428571429,0.03571428571428571
aligned,aligned_version_16.pkl,,audio,heuristic_internal_zeros,5,5,1,35,0.14285714285714285,0.02857142857142857
aligned,aligned_version_16.pkl,,audio,heuristic_internal_zeros,10,10,1,35,0.2857142857142857,0.02857142857142857
aligned,aligned_version_16.pkl,,audio,heuristic_internal_zeros,21,21,1,35,0.6,0.02857142857142857
aligned,aligned_version_16.pkl,,audio,heuristic_internal_zeros,25,25,1,35,0.7142857142857143,0.02857142857142857
aligned,aligned_version_16.pkl,,vision,heuristic_internal_zeros,5,5,1,35,0.14285714285714285,0.02857142857142857
aligned,aligned_version_16.pkl,,vision,heuristic_internal_zeros,10,10,1,35,0.2857142857142857,0.02857142857142857
aligned,aligned_version_16.pkl,,vision,heuristic_internal_zeros,21,21,1,35,0.6,0.02857142857142857
aligned,aligned_version_16.pkl,,vision,heuristic_internal_zeros,25,25,1,35,0.7142857142857143,0.02857142857142857
aligned,aligned_version_17.pkl,,audio,heuristic_internal_zeros,1,3,3,23,0.043478260869565216,0.13043478260869565
aligned,aligned_version_17.pkl,,audio,heuristic_internal_zeros,5,5,1,23,0.21739130434782608,0.043478260869565216
aligned,aligned_version_17.pkl,,audio,heuristic_internal_zeros,12,12,1,23,0.5217391304347826,0.043478260869565216
aligned,aligned_version_17.pkl,,audio,heuristic_internal_zeros,15,15,1,23,0.6521739130434783,0.043478260869565216
aligned,aligned_version_17.pkl,,audio,heuristic_internal_zeros,18,18,1,23,0.782608695652174,0.043478260869565216
aligned,aligned_version_17.pkl,,audio,heuristic_internal_zeros,21,21,1,23,0.9130434782608695,0.043478260869565216
aligned,aligned_version_17.pkl,,vision,heuristic_internal_zeros,1,3,3,23,0.043478260869565216,0.13043478260869565
aligned,aligned_version_17.pkl,,vision,heuristic_internal_zeros,5,5,1,23,0.21739130434782608,0.043478260869565216
aligned,aligned_version_17.pkl,,vision,heuristic_internal_zeros,12,12,1,23,0.5217391304347826,0.043478260869565216
aligned,aligned_version_17.pkl,,vision,heuristic_internal_zeros,15,15,1,23,0.6521739130434783,0.043478260869565216
aligned,aligned_version_17.pkl,,vision,heuristic_internal_zeros,18,18,1,23,0.782608695652174,0.043478260869565216
aligned,aligned_version_17.pkl,,vision,heuristic_internal_zeros,21,21,1,23,0.9130434782608695,0.043478260869565216
aligned,aligned_version_18.pkl,,audio,heuristic_internal_zeros,2,3,2,18,0.1111111111111111,0.1111111111111111
aligned,aligned_version_18.pkl,,audio,heuristic_internal_zeros,5,5,1,18,0.2777777777777778,0.05555555555555555
aligned,aligned_version_18.pkl,,vision,heuristic_internal_zeros,2,3,2,18,0.1111111111111111,0.1111111111111111
aligned,aligned_version_18.pkl,,vision,heuristic_internal_zeros,5,5,1,18,0.2777777777777778,0.05555555555555555
aligned,aligned_version_19.pkl,,audio,heuristic_internal_zeros,3,4,2,25,0.12,0.08
aligned,aligned_version_19.pkl,,audio,heuristic_internal_zeros,7,8,2,25,0.28,0.08
aligned,aligned_version_19.pkl,,audio,heuristic_internal_zeros,13,13,1,25,0.52,0.04
aligned,aligned_version_19.pkl,,audio,heuristic_internal_zeros,17,17,1,25,0.68,0.04
aligned,aligned_version_19.pkl,,audio,heuristic_internal_zeros,21,21,1,25,0.84,0.04
aligned,aligned_version_19.pkl,,vision,heuristic_internal_zeros,3,4,2,25,0.12,0.08
aligned,aligned_version_19.pkl,,vision,heuristic_internal_zeros,7,8,2,25,0.28,0.08
aligned,aligned_version_19.pkl,,vision,heuristic_internal_zeros,13,13,1,25,0.52,0.04
aligned,aligned_version_19.pkl,,vision,heuristic_internal_zeros,17,17,1,25,0.68,0.04
aligned,aligned_version_19.pkl,,vision,heuristic_internal_zeros,21,21,1,25,0.84,0.04
aligned,aligned_version_20.pkl,,audio,heuristic_internal_zeros,6,6,1,48,0.125,0.020833333333333332
aligned,aligned_version_20.pkl,,audio,heuristic_internal_zeros,8,9,2,48,0.16666666666666666,0.041666666666666664
aligned,aligned_version_20.pkl,,audio,heuristic_internal_zeros,11,11,1,48,0.22916666666666666,0.020833333333333332
aligned,aligned_version_20.pkl,,audio,heuristic_internal_zeros,21,21,1,48,0.4375,0.020833333333333332
aligned,aligned_version_20.pkl,,audio,heuristic_internal_zeros,26,26,1,48,0.5416666666666666,0.020833333333333332
aligned,aligned_version_20.pkl,,audio,heuristic_internal_zeros,31,31,1,48,0.6458333333333334,0.020833333333333332
aligned,aligned_version_20.pkl,,audio,heuristic_internal_zeros,38,41,4,48,0.7916666666666666,0.08333333333333333
aligned,aligned_version_20.pkl,,audio,heuristic_internal_zeros,43,44,2,48,0.8958333333333334,0.041666666666666664
aligned,aligned_version_20.pkl,,vision,heuristic_internal_zeros,6,6,1,48,0.125,0.020833333333333332
aligned,aligned_version_20.pkl,,vision,heuristic_internal_zeros,8,9,2,48,0.16666666666666666,0.041666666666666664
aligned,aligned_version_20.pkl,,vision,heuristic_internal_zeros,11,11,1,48,0.22916666666666666,0.020833333333333332
aligned,aligned_version_20.pkl,,vision,heuristic_internal_zeros,21,21,1,48,0.4375,0.020833333333333332
aligned,aligned_version_20.pkl,,vision,heuristic_internal_zeros,26,26,1,48,0.5416666666666666,0.020833333333333332
aligned,aligned_version_20.pkl,,vision,heuristic_internal_zeros,31,31,1,48,0.6458333333333334,0.020833333333333332
aligned,aligned_version_20.pkl,,vision,heuristic_internal_zeros,38,41,4,48,0.7916666666666666,0.08333333333333333
aligned,aligned_version_20.pkl,,vision,heuristic_internal_zeros,43,44,2,48,0.8958333333333334,0.041666666666666664
aligned,aligned_version_21.pkl,,audio,heuristic_internal_zeros,2,2,1,10,0.2,0.1
aligned,aligned_version_21.pkl,,audio,heuristic_internal_zeros,4,4,1,10,0.4,0.1
aligned,aligned_version_21.pkl,,audio,heuristic_internal_zeros,8,8,1,10,0.8,0.1
aligned,aligned_version_21.pkl,,vision,heuristic_internal_zeros,2,2,1,10,0.2,0.1
aligned,aligned_version_21.pkl,,vision,heuristic_internal_zeros,4,4,1,10,0.4,0.1
aligned,aligned_version_21.pkl,,vision,heuristic_internal_zeros,8,8,1,10,0.8,0.1
aligned,aligned_version_22.pkl,,audio,heuristic_internal_zeros,7,7,1,18,0.3888888888888889,0.05555555555555555
aligned,aligned_version_22.pkl,,audio,heuristic_internal_zeros,12,12,1,18,0.6666666666666666,0.05555555555555555
aligned,aligned_version_22.pkl,,audio,heuristic_internal_zeros,14,14,1,18,0.7777777777777778,0.05555555555555555
aligned,aligned_version_22.pkl,,audio,heuristic_internal_zeros,16,16,1,18,0.8888888888888888,0.05555555555555555
aligned,aligned_version_22.pkl,,vision,heuristic_internal_zeros,7,7,1,18,0.3888888888888889,0.05555555555555555
aligned,aligned_version_22.pkl,,vision,heuristic_internal_zeros,12,12,1,18,0.6666666666666666,0.05555555555555555
aligned,aligned_version_22.pkl,,vision,heuristic_internal_zeros,14,14,1,18,0.7777777777777778,0.05555555555555555
aligned,aligned_version_22.pkl,,vision,heuristic_internal_zeros,16,16,1,18,0.8888888888888888,0.05555555555555555
aligned,aligned_version_23.pkl,,audio,heuristic_internal_zeros,6,6,1,14,0.42857142857142855,0.07142857142857142
aligned,aligned_version_23.pkl,,audio,heuristic_internal_zeros,10,12,3,14,0.7142857142857143,0.21428571428571427
aligned,aligned_version_23.pkl,,vision,heuristic_internal_zeros,6,6,1,14,0.42857142857142855,0.07142857142857142
aligned,aligned_version_23.pkl,,vision,heuristic_internal_zeros,10,12,3,14,0.7142857142857143,0.21428571428571427
aligned,aligned_version_24.pkl,zhNksSReaQk$_$27,audio,compared_with_dataset02,1,1,1,9,0.1111111111111111,0.1111111111111111
aligned,aligned_version_24.pkl,zhNksSReaQk$_$27,audio,compared_with_dataset02,7,7,1,9,0.7777777777777778,0.1111111111111111
aligned,aligned_version_24.pkl,zhNksSReaQk$_$27,vision,compared_with_dataset02,1,1,1,9,0.1111111111111111,0.1111111111111111
aligned,aligned_version_24.pkl,zhNksSReaQk$_$27,vision,compared_with_dataset02,7,7,1,9,0.7777777777777778,0.1111111111111111
aligned,aligned_version_25.pkl,194299$_$14,audio,compared_with_dataset02,1,1,1,10,0.1,0.1
aligned,aligned_version_25.pkl,194299$_$14,audio,compared_with_dataset02,5,5,1,10,0.5,0.1
aligned,aligned_version_25.pkl,194299$_$14,vision,compared_with_dataset02,1,1,1,10,0.1,0.1
aligned,aligned_version_25.pkl,194299$_$14,vision,compared_with_dataset02,5,5,1,10,0.5,0.1
aligned,aligned_version_26.pkl,,audio,heuristic_internal_zeros,1,1,1,22,0.045454545454545456,0.045454545454545456
aligned,aligned_version_26.pkl,,audio,heuristic_internal_zeros,5,5,1,22,0.22727272727272727,0.045454545454545456
aligned,aligned_version_26.pkl,,audio,heuristic_internal_zeros,11,11,1,22,0.5,0.045454545454545456
aligned,aligned_version_26.pkl,,audio,heuristic_internal_zeros,15,16,2,22,0.6818181818181818,0.09090909090909091
aligned,aligned_version_26.pkl,,vision,heuristic_internal_zeros,1,1,1,22,0.045454545454545456,0.045454545454545456
aligned,aligned_version_26.pkl,,vision,heuristic_internal_zeros,5,5,1,22,0.22727272727272727,0.045454545454545456
aligned,aligned_version_26.pkl,,vision,heuristic_internal_zeros,11,11,1,22,0.5,0.045454545454545456
aligned,aligned_version_26.pkl,,vision,heuristic_internal_zeros,15,16,2,22,0.6818181818181818,0.09090909090909091
aligned,aligned_version_27.pkl,,audio,heuristic_internal_zeros,2,4,3,20,0.1,0.15
aligned,aligned_version_27.pkl,,audio,heuristic_internal_zeros,7,7,1,20,0.35,0.05
aligned,aligned_version_27.pkl,,audio,heuristic_internal_zeros,10,10,1,20,0.5,0.05
aligned,aligned_version_27.pkl,,audio,heuristic_internal_zeros,18,18,1,20,0.9,0.05
aligned,aligned_version_27.pkl,,vision,heuristic_internal_zeros,2,4,3,20,0.1,0.15
aligned,aligned_version_27.pkl,,vision,heuristic_internal_zeros,7,7,1,20,0.35,0.05
aligned,aligned_version_27.pkl,,vision,heuristic_internal_zeros,10,10,1,20,0.5,0.05
aligned,aligned_version_27.pkl,,vision,heuristic_internal_zeros,18,18,1,20,0.9,0.05
aligned,aligned_version_28.pkl,,audio,heuristic_internal_zeros,6,7,2,34,0.17647058823529413,0.058823529411764705
aligned,aligned_version_28.pkl,,audio,heuristic_internal_zeros,10,12,3,34,0.29411764705882354,0.08823529411764706
aligned,aligned_version_28.pkl,,audio,heuristic_internal_zeros,21,22,2,34,0.6176470588235294,0.058823529411764705
aligned,aligned_version_28.pkl,,audio,heuristic_internal_zeros,26,27,2,34,0.7647058823529411,0.058823529411764705
aligned,aligned_version_28.pkl,,audio,heuristic_internal_zeros,29,29,1,34,0.8529411764705882,0.029411764705882353
aligned,aligned_version_28.pkl,,audio,heuristic_internal_zeros,31,31,1,34,0.9117647058823529,0.029411764705882353
aligned,aligned_version_28.pkl,,vision,heuristic_internal_zeros,6,7,2,34,0.17647058823529413,0.058823529411764705
aligned,aligned_version_28.pkl,,vision,heuristic_internal_zeros,10,12,3,34,0.29411764705882354,0.08823529411764706
aligned,aligned_version_28.pkl,,vision,heuristic_internal_zeros,21,22,2,34,0.6176470588235294,0.058823529411764705
aligned,aligned_version_28.pkl,,vision,heuristic_internal_zeros,26,27,2,34,0.7647058823529411,0.058823529411764705
aligned,aligned_version_28.pkl,,vision,heuristic_internal_zeros,29,29,1,34,0.8529411764705882,0.029411764705882353
aligned,aligned_version_28.pkl,,vision,heuristic_internal_zeros,31,31,1,34,0.9117647058823529,0.029411764705882353
aligned,aligned_version_29.pkl,,audio,heuristic_internal_zeros,2,2,1,17,0.11764705882352941,0.058823529411764705
aligned,aligned_version_29.pkl,,audio,heuristic_internal_zeros,7,10,4,17,0.4117647058823529,0.23529411764705882
aligned,aligned_version_29.pkl,,audio,heuristic_internal_zeros,15,15,1,17,0.8823529411764706,0.058823529411764705
aligned,aligned_version_29.pkl,,vision,heuristic_internal_zeros,2,2,1,17,0.11764705882352941,0.058823529411764705
aligned,aligned_version_29.pkl,,vision,heuristic_internal_zeros,7,10,4,17,0.4117647058823529,0.23529411764705882
aligned,aligned_version_29.pkl,,vision,heuristic_internal_zeros,15,15,1,17,0.8823529411764706,0.058823529411764705
aligned,aligned_version_30.pkl,,audio,heuristic_internal_zeros,1,1,1,25,0.04,0.04
aligned,aligned_version_30.pkl,,audio,heuristic_internal_zeros,4,4,1,25,0.16,0.04
aligned,aligned_version_30.pkl,,audio,heuristic_internal_zeros,7,10,4,25,0.28,0.16
aligned,aligned_version_30.pkl,,audio,heuristic_internal_zeros,14,14,1,25,0.56,0.04
aligned,aligned_version_30.pkl,,audio,heuristic_internal_zeros,18,18,1,25,0.72,0.04
aligned,aligned_version_30.pkl,,audio,heuristic_internal_zeros,20,23,4,25,0.8,0.16
aligned,aligned_version_30.pkl,,vision,heuristic_internal_zeros,1,1,1,25,0.04,0.04
aligned,aligned_version_30.pkl,,vision,heuristic_internal_zeros,4,4,1,25,0.16,0.04
aligned,aligned_version_30.pkl,,vision,heuristic_internal_zeros,7,10,4,25,0.28,0.16
aligned,aligned_version_30.pkl,,vision,heuristic_internal_zeros,14,14,1,25,0.56,0.04
aligned,aligned_version_30.pkl,,vision,heuristic_internal_zeros,18,18,1,25,0.72,0.04
aligned,aligned_version_30.pkl,,vision,heuristic_internal_zeros,20,23,4,25,0.8,0.16
unaligned,unaligned_version_01.pkl,221153$_$16,audio,compared_with_dataset02,6,6,1,49,0.12244897959183673,0.02040816326530612
unaligned,unaligned_version_01.pkl,221153$_$16,audio,compared_with_dataset02,17,17,1,49,0.3469387755102041,0.02040816326530612
unaligned,unaligned_version_01.pkl,221153$_$16,audio,compared_with_dataset02,38,39,2,49,0.7755102040816326,0.04081632653061224
unaligned,unaligned_version_01.pkl,221153$_$16,vision,compared_with_dataset02,3,4,2,37,0.08108108108108109,0.05405405405405406
unaligned,unaligned_version_01.pkl,221153$_$16,vision,compared_with_dataset02,22,22,1,37,0.5945945945945946,0.02702702702702703
unaligned,unaligned_version_01.pkl,221153$_$16,vision,compared_with_dataset02,29,29,1,37,0.7837837837837838,0.02702702702702703
unaligned,unaligned_version_02.pkl,,audio,heuristic_internal_zeros,9,9,1,144,0.0625,0.006944444444444444
unaligned,unaligned_version_02.pkl,,audio,heuristic_internal_zeros,30,30,1,144,0.20833333333333334,0.006944444444444444
unaligned,unaligned_version_02.pkl,,audio,heuristic_internal_zeros,36,36,1,144,0.25,0.006944444444444444
unaligned,unaligned_version_02.pkl,,audio,heuristic_internal_zeros,43,43,1,144,0.2986111111111111,0.006944444444444444
unaligned,unaligned_version_02.pkl,,audio,heuristic_internal_zeros,46,46,1,144,0.3194444444444444,0.006944444444444444
unaligned,unaligned_version_02.pkl,,audio,heuristic_internal_zeros,54,56,3,144,0.375,0.020833333333333332
unaligned,unaligned_version_02.pkl,,audio,heuristic_internal_zeros,60,60,1,144,0.4166666666666667,0.006944444444444444
unaligned,unaligned_version_02.pkl,,audio,heuristic_internal_zeros,62,62,1,144,0.4305555555555556,0.006944444444444444
unaligned,unaligned_version_02.pkl,,audio,heuristic_internal_zeros,98,98,1,144,0.6805555555555556,0.006944444444444444
unaligned,unaligned_version_02.pkl,,audio,heuristic_internal_zeros,105,105,1,144,0.7291666666666666,0.006944444444444444
unaligned,unaligned_version_02.pkl,,audio,heuristic_internal_zeros,110,111,2,144,0.7638888888888888,0.013888888888888888
unaligned,unaligned_version_02.pkl,,audio,heuristic_internal_zeros,114,114,1,144,0.7916666666666666,0.006944444444444444
unaligned,unaligned_version_02.pkl,,audio,heuristic_internal_zeros,128,128,1,144,0.8888888888888888,0.006944444444444444
unaligned,unaligned_version_02.pkl,,audio,heuristic_internal_zeros,131,131,1,144,0.9097222222222222,0.006944444444444444
unaligned,unaligned_version_02.pkl,,audio,heuristic_internal_zeros,134,134,1,144,0.9305555555555556,0.006944444444444444
unaligned,unaligned_version_02.pkl,,vision,heuristic_internal_zeros,28,28,1,108,0.25925925925925924,0.009259259259259259
unaligned,unaligned_version_02.pkl,,vision,heuristic_internal_zeros,35,35,1,108,0.32407407407407407,0.009259259259259259
unaligned,unaligned_version_02.pkl,,vision,heuristic_internal_zeros,56,56,1,108,0.5185185185185185,0.009259259259259259
unaligned,unaligned_version_02.pkl,,vision,heuristic_internal_zeros,63,64,2,108,0.5833333333333334,0.018518518518518517
unaligned,unaligned_version_02.pkl,,vision,heuristic_internal_zeros,81,81,1,108,0.75,0.009259259259259259
unaligned,unaligned_version_02.pkl,,vision,heuristic_internal_zeros,98,98,1,108,0.9074074074074074,0.009259259259259259
unaligned,unaligned_version_03.pkl,,audio,heuristic_internal_zeros,5,6,2,195,0.02564102564102564,0.010256410256410256
unaligned,unaligned_version_03.pkl,,audio,heuristic_internal_zeros,22,22,1,195,0.11282051282051282,0.005128205128205128
unaligned,unaligned_version_03.pkl,,audio,heuristic_internal_zeros,26,26,1,195,0.13333333333333333,0.005128205128205128
unaligned,unaligned_version_03.pkl,,audio,heuristic_internal_zeros,32,33,2,195,0.1641025641025641,0.010256410256410256
unaligned,unaligned_version_03.pkl,,audio,heuristic_internal_zeros,61,61,1,195,0.3128205128205128,0.005128205128205128
unaligned,unaligned_version_03.pkl,,audio,heuristic_internal_zeros,70,71,2,195,0.358974358974359,0.010256410256410256
unaligned,unaligned_version_03.pkl,,audio,heuristic_internal_zeros,73,73,1,195,0.37435897435897436,0.005128205128205128
unaligned,unaligned_version_03.pkl,,audio,heuristic_internal_zeros,81,81,1,195,0.4153846153846154,0.005128205128205128
unaligned,unaligned_version_03.pkl,,audio,heuristic_internal_zeros,88,88,1,195,0.4512820512820513,0.005128205128205128
unaligned,unaligned_version_03.pkl,,audio,heuristic_internal_zeros,98,98,1,195,0.5025641025641026,0.005128205128205128
unaligned,unaligned_version_03.pkl,,audio,heuristic_internal_zeros,100,100,1,195,0.5128205128205128,0.005128205128205128
unaligned,unaligned_version_03.pkl,,audio,heuristic_internal_zeros,105,105,1,195,0.5384615384615384,0.005128205128205128
unaligned,unaligned_version_03.pkl,,audio,heuristic_internal_zeros,111,111,1,195,0.5692307692307692,0.005128205128205128
unaligned,unaligned_version_03.pkl,,audio,heuristic_internal_zeros,114,114,1,195,0.5846153846153846,0.005128205128205128
unaligned,unaligned_version_03.pkl,,audio,heuristic_internal_zeros,120,120,1,195,0.6153846153846154,0.005128205128205128
unaligned,unaligned_version_03.pkl,,audio,heuristic_internal_zeros,139,139,1,195,0.7128205128205128,0.005128205128205128
unaligned,unaligned_version_03.pkl,,audio,heuristic_internal_zeros,143,143,1,195,0.7333333333333333,0.005128205128205128
unaligned,unaligned_version_03.pkl,,audio,heuristic_internal_zeros,155,155,1,195,0.7948717948717948,0.005128205128205128
unaligned,unaligned_version_03.pkl,,audio,heuristic_internal_zeros,164,164,1,195,0.841025641025641,0.005128205128205128
unaligned,unaligned_version_03.pkl,,audio,heuristic_internal_zeros,172,172,1,195,0.882051282051282,0.005128205128205128
unaligned,unaligned_version_03.pkl,,vision,heuristic_internal_zeros,3,49,47,147,0.02040816326530612,0.3197278911564626
unaligned,unaligned_version_03.pkl,,vision,heuristic_internal_zeros,57,57,1,147,0.3877551020408163,0.006802721088435374
unaligned,unaligned_version_03.pkl,,vision,heuristic_internal_zeros,62,62,1,147,0.4217687074829932,0.006802721088435374
unaligned,unaligned_version_03.pkl,,vision,heuristic_internal_zeros,78,78,1,147,0.5306122448979592,0.006802721088435374
unaligned,unaligned_version_03.pkl,,vision,heuristic_internal_zeros,81,81,1,147,0.5510204081632653,0.006802721088435374
unaligned,unaligned_version_03.pkl,,vision,heuristic_internal_zeros,90,107,18,147,0.6122448979591837,0.12244897959183673
unaligned,unaligned_version_03.pkl,,vision,heuristic_internal_zeros,127,127,1,147,0.8639455782312925,0.006802721088435374
unaligned,unaligned_version_03.pkl,,vision,heuristic_internal_zeros,135,135,1,147,0.9183673469387755,0.006802721088435374
unaligned,unaligned_version_03.pkl,,vision,heuristic_internal_zeros,137,137,1,147,0.9319727891156463,0.006802721088435374
unaligned,unaligned_version_03.pkl,,vision,heuristic_internal_zeros,140,140,1,147,0.9523809523809523,0.006802721088435374
unaligned,unaligned_version_04.pkl,,audio,heuristic_internal_zeros,5,5,1,242,0.02066115702479339,0.004132231404958678
unaligned,unaligned_version_04.pkl,,audio,heuristic_internal_zeros,24,24,1,242,0.09917355371900827,0.004132231404958678
unaligned,unaligned_version_04.pkl,,audio,heuristic_internal_zeros,31,31,1,242,0.128099173553719,0.004132231404958678
unaligned,unaligned_version_04.pkl,,audio,heuristic_internal_zeros,40,40,1,242,0.1652892561983471,0.004132231404958678
unaligned,unaligned_version_04.pkl,,audio,heuristic_internal_zeros,51,51,1,242,0.21074380165289255,0.004132231404958678
unaligned,unaligned_version_04.pkl,,audio,heuristic_internal_zeros,61,61,1,242,0.25206611570247933,0.004132231404958678
unaligned,unaligned_version_04.pkl,,audio,heuristic_internal_zeros,83,84,2,242,0.34297520661157027,0.008264462809917356
unaligned,unaligned_version_04.pkl,,audio,heuristic_internal_zeros,91,92,2,242,0.3760330578512397,0.008264462809917356
unaligned,unaligned_version_04.pkl,,audio,heuristic_internal_zeros,108,108,1,242,0.4462809917355372,0.004132231404958678
unaligned,unaligned_version_04.pkl,,audio,heuristic_internal_zeros,112,113,2,242,0.4628099173553719,0.008264462809917356
unaligned,unaligned_version_04.pkl,,audio,heuristic_internal_zeros,127,128,2,242,0.5247933884297521,0.008264462809917356
unaligned,unaligned_version_04.pkl,,audio,heuristic_internal_zeros,132,132,1,242,0.5454545454545454,0.004132231404958678
unaligned,unaligned_version_04.pkl,,audio,heuristic_internal_zeros,151,151,1,242,0.6239669421487604,0.004132231404958678
unaligned,unaligned_version_04.pkl,,audio,heuristic_internal_zeros,158,158,1,242,0.6528925619834711,0.004132231404958678
unaligned,unaligned_version_04.pkl,,audio,heuristic_internal_zeros,161,163,3,242,0.6652892561983471,0.012396694214876033
unaligned,unaligned_version_04.pkl,,audio,heuristic_internal_zeros,178,178,1,242,0.7355371900826446,0.004132231404958678
unaligned,unaligned_version_04.pkl,,audio,heuristic_internal_zeros,187,187,1,242,0.7727272727272727,0.004132231404958678
unaligned,unaligned_version_04.pkl,,audio,heuristic_internal_zeros,190,190,1,242,0.7851239669421488,0.004132231404958678
unaligned,unaligned_version_04.pkl,,audio,heuristic_internal_zeros,198,198,1,242,0.8181818181818182,0.004132231404958678
unaligned,unaligned_version_04.pkl,,audio,heuristic_internal_zeros,201,201,1,242,0.8305785123966942,0.004132231404958678
unaligned,unaligned_version_04.pkl,,audio,heuristic_internal_zeros,203,203,1,242,0.8388429752066116,0.004132231404958678
unaligned,unaligned_version_04.pkl,,audio,heuristic_internal_zeros,210,210,1,242,0.8677685950413223,0.004132231404958678
unaligned,unaligned_version_04.pkl,,audio,heuristic_internal_zeros,216,216,1,242,0.8925619834710744,0.004132231404958678
unaligned,unaligned_version_04.pkl,,audio,heuristic_internal_zeros,218,218,1,242,0.9008264462809917,0.004132231404958678
unaligned,unaligned_version_04.pkl,,audio,heuristic_internal_zeros,221,221,1,242,0.9132231404958677,0.004132231404958678
unaligned,unaligned_version_04.pkl,,audio,heuristic_internal_zeros,235,235,1,242,0.9710743801652892,0.004132231404958678
unaligned,unaligned_version_04.pkl,,vision,heuristic_internal_zeros,5,5,1,182,0.027472527472527472,0.005494505494505495
unaligned,unaligned_version_04.pkl,,vision,heuristic_internal_zeros,21,21,1,182,0.11538461538461539,0.005494505494505495
unaligned,unaligned_version_04.pkl,,vision,heuristic_internal_zeros,59,59,1,182,0.3241758241758242,0.005494505494505495
unaligned,unaligned_version_04.pkl,,vision,heuristic_internal_zeros,65,65,1,182,0.35714285714285715,0.005494505494505495
unaligned,unaligned_version_04.pkl,,vision,heuristic_internal_zeros,73,73,1,182,0.4010989010989011,0.005494505494505495
unaligned,unaligned_version_04.pkl,,vision,heuristic_internal_zeros,83,83,1,182,0.45604395604395603,0.005494505494505495
unaligned,unaligned_version_04.pkl,,vision,heuristic_internal_zeros,89,89,1,182,0.489010989010989,0.005494505494505495
unaligned,unaligned_version_04.pkl,,vision,heuristic_internal_zeros,110,110,1,182,0.6043956043956044,0.005494505494505495
unaligned,unaligned_version_04.pkl,,vision,heuristic_internal_zeros,116,116,1,182,0.6373626373626373,0.005494505494505495
unaligned,unaligned_version_04.pkl,,vision,heuristic_internal_zeros,119,119,1,182,0.6538461538461539,0.005494505494505495
unaligned,unaligned_version_04.pkl,,vision,heuristic_internal_zeros,147,147,1,182,0.8076923076923077,0.005494505494505495
unaligned,unaligned_version_04.pkl,,vision,heuristic_internal_zeros,149,150,2,182,0.8186813186813187,0.01098901098901099
unaligned,unaligned_version_04.pkl,,vision,heuristic_internal_zeros,168,168,1,182,0.9230769230769231,0.005494505494505495
unaligned,unaligned_version_05.pkl,,audio,heuristic_internal_zeros,7,7,1,92,0.07608695652173914,0.010869565217391304
unaligned,unaligned_version_05.pkl,,audio,heuristic_internal_zeros,10,10,1,92,0.10869565217391304,0.010869565217391304
unaligned,unaligned_version_05.pkl,,audio,heuristic_internal_zeros,35,35,1,92,0.3804347826086957,0.010869565217391304
unaligned,unaligned_version_05.pkl,,audio,heuristic_internal_zeros,38,38,1,92,0.41304347826086957,0.010869565217391304
unaligned,unaligned_version_05.pkl,,audio,heuristic_internal_zeros,50,52,3,92,0.5434782608695652,0.03260869565217391
unaligned,unaligned_version_05.pkl,,audio,heuristic_internal_zeros,69,69,1,92,0.75,0.010869565217391304
unaligned,unaligned_version_05.pkl,,vision,heuristic_internal_zeros,31,32,2,69,0.4492753623188406,0.028985507246376812
unaligned,unaligned_version_05.pkl,,vision,heuristic_internal_zeros,34,34,1,69,0.4927536231884058,0.014492753623188406
unaligned,unaligned_version_05.pkl,,vision,heuristic_internal_zeros,45,45,1,69,0.6521739130434783,0.014492753623188406
unaligned,unaligned_version_05.pkl,,vision,heuristic_internal_zeros,59,59,1,69,0.855072463768116,0.014492753623188406
unaligned,unaligned_version_05.pkl,,vision,heuristic_internal_zeros,63,63,1,69,0.9130434782608695,0.014492753623188406
unaligned,unaligned_version_05.pkl,,vision,heuristic_internal_zeros,67,67,1,69,0.9710144927536232,0.014492753623188406
unaligned,unaligned_version_06.pkl,,audio,heuristic_internal_zeros,46,47,2,89,0.5168539325842697,0.02247191011235955
unaligned,unaligned_version_06.pkl,,audio,heuristic_internal_zeros,58,59,2,89,0.651685393258427,0.02247191011235955
unaligned,unaligned_version_06.pkl,,audio,heuristic_internal_zeros,64,64,1,89,0.7191011235955056,0.011235955056179775
unaligned,unaligned_version_06.pkl,,audio,heuristic_internal_zeros,75,75,1,89,0.8426966292134831,0.011235955056179775
unaligned,unaligned_version_06.pkl,,vision,heuristic_internal_zeros,18,18,1,65,0.27692307692307694,0.015384615384615385
unaligned,unaligned_version_06.pkl,,vision,heuristic_internal_zeros,46,46,1,65,0.7076923076923077,0.015384615384615385
unaligned,unaligned_version_06.pkl,,vision,heuristic_internal_zeros,56,57,2,65,0.8615384615384616,0.03076923076923077
unaligned,unaligned_version_07.pkl,,audio,heuristic_internal_zeros,0,0,1,180,0.0,0.005555555555555556
unaligned,unaligned_version_07.pkl,,audio,heuristic_internal_zeros,7,7,1,180,0.03888888888888889,0.005555555555555556
unaligned,unaligned_version_07.pkl,,audio,heuristic_internal_zeros,17,17,1,180,0.09444444444444444,0.005555555555555556
unaligned,unaligned_version_07.pkl,,audio,heuristic_internal_zeros,27,29,3,180,0.15,0.016666666666666666
unaligned,unaligned_version_07.pkl,,audio,heuristic_internal_zeros,40,40,1,180,0.2222222222222222,0.005555555555555556
unaligned,unaligned_version_07.pkl,,audio,heuristic_internal_zeros,45,46,2,180,0.25,0.011111111111111112
unaligned,unaligned_version_07.pkl,,audio,heuristic_internal_zeros,55,55,1,180,0.3055555555555556,0.005555555555555556
unaligned,unaligned_version_07.pkl,,audio,heuristic_internal_zeros,59,59,1,180,0.3277777777777778,0.005555555555555556
unaligned,unaligned_version_07.pkl,,audio,heuristic_internal_zeros,62,62,1,180,0.34444444444444444,0.005555555555555556
unaligned,unaligned_version_07.pkl,,audio,heuristic_internal_zeros,106,106,1,180,0.5888888888888889,0.005555555555555556
unaligned,unaligned_version_07.pkl,,audio,heuristic_internal_zeros,117,117,1,180,0.65,0.005555555555555556
unaligned,unaligned_version_07.pkl,,audio,heuristic_internal_zeros,139,140,2,180,0.7722222222222223,0.011111111111111112
unaligned,unaligned_version_07.pkl,,audio,heuristic_internal_zeros,163,164,2,180,0.9055555555555556,0.011111111111111112
unaligned,unaligned_version_07.pkl,,audio,heuristic_internal_zeros,169,169,1,180,0.9388888888888889,0.005555555555555556
unaligned,unaligned_version_07.pkl,,audio,heuristic_internal_zeros,171,173,3,180,0.95,0.016666666666666666
unaligned,unaligned_version_07.pkl,,vision,heuristic_internal_zeros,0,0,1,136,0.0,0.007352941176470588
unaligned,unaligned_version_07.pkl,,vision,heuristic_internal_zeros,4,4,1,136,0.029411764705882353,0.007352941176470588
unaligned,unaligned_version_07.pkl,,vision,heuristic_internal_zeros,6,6,1,136,0.04411764705882353,0.007352941176470588
unaligned,unaligned_version_07.pkl,,vision,heuristic_internal_zeros,15,15,1,136,0.11029411764705882,0.007352941176470588
unaligned,unaligned_version_07.pkl,,vision,heuristic_internal_zeros,29,29,1,136,0.21323529411764705,0.007352941176470588
unaligned,unaligned_version_07.pkl,,vision,heuristic_internal_zeros,33,33,1,136,0.2426470588235294,0.007352941176470588
unaligned,unaligned_version_07.pkl,,vision,heuristic_internal_zeros,37,37,1,136,0.27205882352941174,0.007352941176470588
unaligned,unaligned_version_07.pkl,,vision,heuristic_internal_zeros,45,45,1,136,0.33088235294117646,0.007352941176470588
unaligned,unaligned_version_07.pkl,,vision,heuristic_internal_zeros,50,50,1,136,0.36764705882352944,0.007352941176470588
unaligned,unaligned_version_07.pkl,,vision,heuristic_internal_zeros,94,94,1,136,0.6911764705882353,0.007352941176470588
unaligned,unaligned_version_07.pkl,,vision,heuristic_internal_zeros,101,101,1,136,0.7426470588235294,0.007352941176470588
unaligned,unaligned_version_07.pkl,,vision,heuristic_internal_zeros,107,107,1,136,0.7867647058823529,0.007352941176470588
unaligned,unaligned_version_07.pkl,,vision,heuristic_internal_zeros,112,112,1,136,0.8235294117647058,0.007352941176470588
unaligned,unaligned_version_07.pkl,,vision,heuristic_internal_zeros,118,118,1,136,0.8676470588235294,0.007352941176470588
unaligned,unaligned_version_07.pkl,,vision,heuristic_internal_zeros,120,120,1,136,0.8823529411764706,0.007352941176470588
unaligned,unaligned_version_07.pkl,,vision,heuristic_internal_zeros,130,130,1,136,0.9558823529411765,0.007352941176470588
unaligned,unaligned_version_08.pkl,,audio,heuristic_internal_zeros,2,2,1,92,0.021739130434782608,0.010869565217391304
unaligned,unaligned_version_08.pkl,,audio,heuristic_internal_zeros,9,9,1,92,0.09782608695652174,0.010869565217391304
unaligned,unaligned_version_08.pkl,,audio,heuristic_internal_zeros,30,30,1,92,0.32608695652173914,0.010869565217391304
unaligned,unaligned_version_08.pkl,,audio,heuristic_internal_zeros,38,38,1,92,0.41304347826086957,0.010869565217391304
unaligned,unaligned_version_08.pkl,,audio,heuristic_internal_zeros,50,50,1,92,0.5434782608695652,0.010869565217391304
unaligned,unaligned_version_08.pkl,,audio,heuristic_internal_zeros,64,64,1,92,0.6956521739130435,0.010869565217391304
unaligned,unaligned_version_08.pkl,,audio,heuristic_internal_zeros,70,70,1,92,0.7608695652173914,0.010869565217391304
unaligned,unaligned_version_08.pkl,,audio,heuristic_internal_zeros,76,76,1,92,0.8260869565217391,0.010869565217391304
unaligned,unaligned_version_08.pkl,,audio,heuristic_internal_zeros,82,82,1,92,0.8913043478260869,0.010869565217391304
unaligned,unaligned_version_08.pkl,,audio,heuristic_internal_zeros,90,90,1,92,0.9782608695652174,0.010869565217391304
unaligned,unaligned_version_08.pkl,,vision,heuristic_internal_zeros,2,2,1,69,0.028985507246376812,0.014492753623188406
unaligned,unaligned_version_08.pkl,,vision,heuristic_internal_zeros,36,36,1,69,0.5217391304347826,0.014492753623188406
unaligned,unaligned_version_08.pkl,,vision,heuristic_internal_zeros,40,40,1,69,0.5797101449275363,0.014492753623188406
unaligned,unaligned_version_08.pkl,,vision,heuristic_internal_zeros,54,54,1,69,0.782608695652174,0.014492753623188406
unaligned,unaligned_version_08.pkl,,vision,heuristic_internal_zeros,57,57,1,69,0.8260869565217391,0.014492753623188406
unaligned,unaligned_version_08.pkl,,vision,heuristic_internal_zeros,64,65,2,69,0.927536231884058,0.028985507246376812
unaligned,unaligned_version_09.pkl,,audio,heuristic_internal_zeros,2,2,1,94,0.02127659574468085,0.010638297872340425
unaligned,unaligned_version_09.pkl,,audio,heuristic_internal_zeros,4,4,1,94,0.0425531914893617,0.010638297872340425
unaligned,unaligned_version_09.pkl,,audio,heuristic_internal_zeros,16,16,1,94,0.1702127659574468,0.010638297872340425
unaligned,unaligned_version_09.pkl,,audio,heuristic_internal_zeros,21,21,1,94,0.22340425531914893,0.010638297872340425
unaligned,unaligned_version_09.pkl,,audio,heuristic_internal_zeros,37,37,1,94,0.39361702127659576,0.010638297872340425
unaligned,unaligned_version_09.pkl,,audio,heuristic_internal_zeros,54,54,1,94,0.574468085106383,0.010638297872340425
unaligned,unaligned_version_09.pkl,,audio,heuristic_internal_zeros,70,70,1,94,0.7446808510638298,0.010638297872340425
unaligned,unaligned_version_09.pkl,,audio,heuristic_internal_zeros,91,91,1,94,0.9680851063829787,0.010638297872340425
unaligned,unaligned_version_09.pkl,,vision,heuristic_internal_zeros,12,12,1,68,0.17647058823529413,0.014705882352941176
unaligned,unaligned_version_09.pkl,,vision,heuristic_internal_zeros,28,28,1,68,0.4117647058823529,0.014705882352941176
unaligned,unaligned_version_09.pkl,,vision,heuristic_internal_zeros,48,48,1,68,0.7058823529411765,0.014705882352941176
unaligned,unaligned_version_09.pkl,,vision,heuristic_internal_zeros,57,57,1,68,0.8382352941176471,0.014705882352941176
unaligned,unaligned_version_09.pkl,,vision,heuristic_internal_zeros,63,63,1,68,0.9264705882352942,0.014705882352941176
unaligned,unaligned_version_10.pkl,,audio,heuristic_internal_zeros,7,7,1,57,0.12280701754385964,0.017543859649122806
unaligned,unaligned_version_10.pkl,,audio,heuristic_internal_zeros,11,12,2,57,0.19298245614035087,0.03508771929824561
unaligned,unaligned_version_10.pkl,,audio,heuristic_internal_zeros,21,21,1,57,0.3684210526315789,0.017543859649122806
unaligned,unaligned_version_10.pkl,,audio,heuristic_internal_zeros,23,23,1,57,0.40350877192982454,0.017543859649122806
unaligned,unaligned_version_10.pkl,,audio,heuristic_internal_zeros,31,31,1,57,0.543859649122807,0.017543859649122806
unaligned,unaligned_version_10.pkl,,audio,heuristic_internal_zeros,45,45,1,57,0.7894736842105263,0.017543859649122806
unaligned,unaligned_version_10.pkl,,audio,heuristic_internal_zeros,53,53,1,57,0.9298245614035088,0.017543859649122806
unaligned,unaligned_version_10.pkl,,vision,heuristic_internal_zeros,6,6,1,43,0.13953488372093023,0.023255813953488372
unaligned,unaligned_version_10.pkl,,vision,heuristic_internal_zeros,15,15,1,43,0.3488372093023256,0.023255813953488372
unaligned,unaligned_version_10.pkl,,vision,heuristic_internal_zeros,17,17,1,43,0.3953488372093023,0.023255813953488372
unaligned,unaligned_version_10.pkl,,vision,heuristic_internal_zeros,37,37,1,43,0.8604651162790697,0.023255813953488372
unaligned,unaligned_version_11.pkl,,audio,heuristic_internal_zeros,5,5,1,68,0.07352941176470588,0.014705882352941176
unaligned,unaligned_version_11.pkl,,audio,heuristic_internal_zeros,8,8,1,68,0.11764705882352941,0.014705882352941176
unaligned,unaligned_version_11.pkl,,audio,heuristic_internal_zeros,14,14,1,68,0.20588235294117646,0.014705882352941176
unaligned,unaligned_version_11.pkl,,audio,heuristic_internal_zeros,22,22,1,68,0.3235294117647059,0.014705882352941176
unaligned,unaligned_version_11.pkl,,audio,heuristic_internal_zeros,25,25,1,68,0.36764705882352944,0.014705882352941176
unaligned,unaligned_version_11.pkl,,audio,heuristic_internal_zeros,27,27,1,68,0.39705882352941174,0.014705882352941176
unaligned,unaligned_version_11.pkl,,audio,heuristic_internal_zeros,36,36,1,68,0.5294117647058824,0.014705882352941176
unaligned,unaligned_version_11.pkl,,audio,heuristic_internal_zeros,49,51,3,68,0.7205882352941176,0.04411764705882353
unaligned,unaligned_version_11.pkl,,audio,heuristic_internal_zeros,66,66,1,68,0.9705882352941176,0.014705882352941176
unaligned,unaligned_version_11.pkl,,vision,heuristic_internal_zeros,3,3,1,46,0.06521739130434782,0.021739130434782608
unaligned,unaligned_version_11.pkl,,vision,heuristic_internal_zeros,7,8,2,46,0.15217391304347827,0.043478260869565216
unaligned,unaligned_version_11.pkl,,vision,heuristic_internal_zeros,14,14,1,46,0.30434782608695654,0.021739130434782608
unaligned,unaligned_version_11.pkl,,vision,heuristic_internal_zeros,20,20,1,46,0.43478260869565216,0.021739130434782608
unaligned,unaligned_version_11.pkl,,vision,heuristic_internal_zeros,22,24,3,46,0.4782608695652174,0.06521739130434782
unaligned,unaligned_version_11.pkl,,vision,heuristic_internal_zeros,28,28,1,46,0.6086956521739131,0.021739130434782608
unaligned,unaligned_version_11.pkl,,vision,heuristic_internal_zeros,39,39,1,46,0.8478260869565217,0.021739130434782608
unaligned,unaligned_version_11.pkl,,vision,heuristic_internal_zeros,44,44,1,46,0.9565217391304348,0.021739130434782608
unaligned,unaligned_version_12.pkl,,audio,heuristic_internal_zeros,15,15,1,104,0.14423076923076922,0.009615384615384616
unaligned,unaligned_version_12.pkl,,audio,heuristic_internal_zeros,19,19,1,104,0.18269230769230768,0.009615384615384616
unaligned,unaligned_version_12.pkl,,audio,heuristic_internal_zeros,29,29,1,104,0.27884615384615385,0.009615384615384616
unaligned,unaligned_version_12.pkl,,audio,heuristic_internal_zeros,31,31,1,104,0.2980769230769231,0.009615384615384616
unaligned,unaligned_version_12.pkl,,audio,heuristic_internal_zeros,35,35,1,104,0.33653846153846156,0.009615384615384616
unaligned,unaligned_version_12.pkl,,audio,heuristic_internal_zeros,39,39,1,104,0.375,0.009615384615384616
unaligned,unaligned_version_12.pkl,,audio,heuristic_internal_zeros,41,41,1,104,0.3942307692307692,0.009615384615384616
unaligned,unaligned_version_12.pkl,,audio,heuristic_internal_zeros,54,55,2,104,0.5192307692307693,0.019230769230769232
unaligned,unaligned_version_12.pkl,,audio,heuristic_internal_zeros,57,57,1,104,0.5480769230769231,0.009615384615384616
unaligned,unaligned_version_12.pkl,,audio,heuristic_internal_zeros,59,59,1,104,0.5673076923076923,0.009615384615384616
unaligned,unaligned_version_12.pkl,,audio,heuristic_internal_zeros,67,67,1,104,0.6442307692307693,0.009615384615384616
unaligned,unaligned_version_12.pkl,,audio,heuristic_internal_zeros,89,89,1,104,0.8557692307692307,0.009615384615384616
unaligned,unaligned_version_12.pkl,,audio,heuristic_internal_zeros,94,95,2,104,0.9038461538461539,0.019230769230769232
unaligned,unaligned_version_12.pkl,,audio,heuristic_internal_zeros,97,98,2,104,0.9326923076923077,0.019230769230769232
unaligned,unaligned_version_12.pkl,,vision,heuristic_internal_zeros,8,9,2,79,0.10126582278481013,0.02531645569620253
unaligned,unaligned_version_12.pkl,,vision,heuristic_internal_zeros,16,17,2,79,0.20253164556962025,0.02531645569620253
unaligned,unaligned_version_12.pkl,,vision,heuristic_internal_zeros,19,20,2,79,0.24050632911392406,0.02531645569620253
unaligned,unaligned_version_12.pkl,,vision,heuristic_internal_zeros,24,25,2,79,0.3037974683544304,0.02531645569620253
unaligned,unaligned_version_12.pkl,,vision,heuristic_internal_zeros,30,30,1,79,0.379746835443038,0.012658227848101266
unaligned,unaligned_version_12.pkl,,vision,heuristic_internal_zeros,32,33,2,79,0.4050632911392405,0.02531645569620253
unaligned,unaligned_version_12.pkl,,vision,heuristic_internal_zeros,36,36,1,79,0.45569620253164556,0.012658227848101266
unaligned,unaligned_version_12.pkl,,vision,heuristic_internal_zeros,45,45,1,79,0.569620253164557,0.012658227848101266
unaligned,unaligned_version_12.pkl,,vision,heuristic_internal_zeros,49,49,1,79,0.620253164556962,0.012658227848101266
unaligned,unaligned_version_12.pkl,,vision,heuristic_internal_zeros,53,53,1,79,0.6708860759493671,0.012658227848101266
unaligned,unaligned_version_12.pkl,,vision,heuristic_internal_zeros,67,67,1,79,0.8481012658227848,0.012658227848101266
unaligned,unaligned_version_12.pkl,,vision,heuristic_internal_zeros,71,71,1,79,0.8987341772151899,0.012658227848101266
unaligned,unaligned_version_13.pkl,,audio,heuristic_internal_zeros,0,0,1,136,0.0,0.007352941176470588
unaligned,unaligned_version_13.pkl,,audio,heuristic_internal_zeros,3,3,1,136,0.022058823529411766,0.007352941176470588
unaligned,unaligned_version_13.pkl,,audio,heuristic_internal_zeros,5,5,1,136,0.03676470588235294,0.007352941176470588
unaligned,unaligned_version_13.pkl,,audio,heuristic_internal_zeros,8,8,1,136,0.058823529411764705,0.007352941176470588
unaligned,unaligned_version_13.pkl,,audio,heuristic_internal_zeros,11,11,1,136,0.08088235294117647,0.007352941176470588
unaligned,unaligned_version_13.pkl,,audio,heuristic_internal_zeros,14,14,1,136,0.10294117647058823,0.007352941176470588
unaligned,unaligned_version_13.pkl,,audio,heuristic_internal_zeros,29,29,1,136,0.21323529411764705,0.007352941176470588
unaligned,unaligned_version_13.pkl,,audio,heuristic_internal_zeros,32,32,1,136,0.23529411764705882,0.007352941176470588
unaligned,unaligned_version_13.pkl,,audio,heuristic_internal_zeros,39,39,1,136,0.2867647058823529,0.007352941176470588
unaligned,unaligned_version_13.pkl,,audio,heuristic_internal_zeros,42,42,1,136,0.3088235294117647,0.007352941176470588
unaligned,unaligned_version_13.pkl,,audio,heuristic_internal_zeros,49,49,1,136,0.3602941176470588,0.007352941176470588
unaligned,unaligned_version_13.pkl,,audio,heuristic_internal_zeros,60,60,1,136,0.4411764705882353,0.007352941176470588
unaligned,unaligned_version_13.pkl,,audio,heuristic_internal_zeros,64,64,1,136,0.47058823529411764,0.007352941176470588
unaligned,unaligned_version_13.pkl,,audio,heuristic_internal_zeros,69,69,1,136,0.5073529411764706,0.007352941176470588
unaligned,unaligned_version_13.pkl,,audio,heuristic_internal_zeros,73,73,1,136,0.5367647058823529,0.007352941176470588
unaligned,unaligned_version_13.pkl,,audio,heuristic_internal_zeros,96,96,1,136,0.7058823529411765,0.007352941176470588
unaligned,unaligned_version_13.pkl,,audio,heuristic_internal_zeros,98,98,1,136,0.7205882352941176,0.007352941176470588
unaligned,unaligned_version_13.pkl,,audio,heuristic_internal_zeros,105,105,1,136,0.7720588235294118,0.007352941176470588
unaligned,unaligned_version_13.pkl,,audio,heuristic_internal_zeros,107,107,1,136,0.7867647058823529,0.007352941176470588
unaligned,unaligned_version_13.pkl,,audio,heuristic_internal_zeros,109,109,1,136,0.8014705882352942,0.007352941176470588
unaligned,unaligned_version_13.pkl,,audio,heuristic_internal_zeros,114,114,1,136,0.8382352941176471,0.007352941176470588
unaligned,unaligned_version_13.pkl,,audio,heuristic_internal_zeros,116,116,1,136,0.8529411764705882,0.007352941176470588
unaligned,unaligned_version_13.pkl,,audio,heuristic_internal_zeros,121,121,1,136,0.8897058823529411,0.007352941176470588
unaligned,unaligned_version_13.pkl,,audio,heuristic_internal_zeros,125,125,1,136,0.9191176470588235,0.007352941176470588
unaligned,unaligned_version_13.pkl,,audio,heuristic_internal_zeros,131,131,1,136,0.9632352941176471,0.007352941176470588
unaligned,unaligned_version_13.pkl,,audio,heuristic_internal_zeros,133,134,2,136,0.9779411764705882,0.014705882352941176
unaligned,unaligned_version_13.pkl,,vision,heuristic_internal_zeros,5,5,1,102,0.049019607843137254,0.00980392156862745
unaligned,unaligned_version_13.pkl,,vision,heuristic_internal_zeros,14,14,1,102,0.13725490196078433,0.00980392156862745
unaligned,unaligned_version_13.pkl,,vision,heuristic_internal_zeros,16,16,1,102,0.1568627450980392,0.00980392156862745
unaligned,unaligned_version_13.pkl,,vision,heuristic_internal_zeros,21,21,1,102,0.20588235294117646,0.00980392156862745
unaligned,unaligned_version_13.pkl,,vision,heuristic_internal_zeros,27,27,1,102,0.2647058823529412,0.00980392156862745
unaligned,unaligned_version_13.pkl,,vision,heuristic_internal_zeros,33,33,1,102,0.3235294117647059,0.00980392156862745
unaligned,unaligned_version_13.pkl,,vision,heuristic_internal_zeros,35,36,2,102,0.3431372549019608,0.0196078431372549
unaligned,unaligned_version_13.pkl,,vision,heuristic_internal_zeros,46,46,1,102,0.45098039215686275,0.00980392156862745
unaligned,unaligned_version_13.pkl,,vision,heuristic_internal_zeros,48,48,1,102,0.47058823529411764,0.00980392156862745
unaligned,unaligned_version_13.pkl,,vision,heuristic_internal_zeros,50,50,1,102,0.49019607843137253,0.00980392156862745
unaligned,unaligned_version_13.pkl,,vision,heuristic_internal_zeros,54,54,1,102,0.5294117647058824,0.00980392156862745
unaligned,unaligned_version_13.pkl,,vision,heuristic_internal_zeros,56,56,1,102,0.5490196078431373,0.00980392156862745
unaligned,unaligned_version_13.pkl,,vision,heuristic_internal_zeros,63,63,1,102,0.6176470588235294,0.00980392156862745
unaligned,unaligned_version_13.pkl,,vision,heuristic_internal_zeros,65,65,1,102,0.6372549019607843,0.00980392156862745
unaligned,unaligned_version_13.pkl,,vision,heuristic_internal_zeros,67,67,1,102,0.6568627450980392,0.00980392156862745
unaligned,unaligned_version_13.pkl,,vision,heuristic_internal_zeros,77,77,1,102,0.7549019607843137,0.00980392156862745
unaligned,unaligned_version_13.pkl,,vision,heuristic_internal_zeros,97,98,2,102,0.9509803921568627,0.0196078431372549
unaligned,unaligned_version_14.pkl,EO_5o9Gup6g$_$10,audio,compared_with_dataset02,3,3,1,141,0.02127659574468085,0.0070921985815602835
unaligned,unaligned_version_14.pkl,EO_5o9Gup6g$_$10,audio,compared_with_dataset02,6,6,1,141,0.0425531914893617,0.0070921985815602835
unaligned,unaligned_version_14.pkl,EO_5o9Gup6g$_$10,audio,compared_with_dataset02,23,23,1,141,0.16312056737588654,0.0070921985815602835
unaligned,unaligned_version_14.pkl,EO_5o9Gup6g$_$10,audio,compared_with_dataset02,25,25,1,141,0.1773049645390071,0.0070921985815602835
unaligned,unaligned_version_14.pkl,EO_5o9Gup6g$_$10,audio,compared_with_dataset02,32,32,1,141,0.22695035460992907,0.0070921985815602835
unaligned,unaligned_version_14.pkl,EO_5o9Gup6g$_$10,audio,compared_with_dataset02,37,37,1,141,0.2624113475177305,0.0070921985815602835
unaligned,unaligned_version_14.pkl,EO_5o9Gup6g$_$10,audio,compared_with_dataset02,44,44,1,141,0.3120567375886525,0.0070921985815602835
unaligned,unaligned_version_14.pkl,EO_5o9Gup6g$_$10,audio,compared_with_dataset02,58,58,1,141,0.41134751773049644,0.0070921985815602835
unaligned,unaligned_version_14.pkl,EO_5o9Gup6g$_$10,audio,compared_with_dataset02,66,67,2,141,0.46808510638297873,0.014184397163120567
unaligned,unaligned_version_14.pkl,EO_5o9Gup6g$_$10,audio,compared_with_dataset02,95,95,1,141,0.6737588652482269,0.0070921985815602835
unaligned,unaligned_version_14.pkl,EO_5o9Gup6g$_$10,audio,compared_with_dataset02,100,100,1,141,0.7092198581560284,0.0070921985815602835
unaligned,unaligned_version_14.pkl,EO_5o9Gup6g$_$10,audio,compared_with_dataset02,110,110,1,141,0.7801418439716312,0.0070921985815602835
unaligned,unaligned_version_14.pkl,EO_5o9Gup6g$_$10,audio,compared_with_dataset02,113,113,1,141,0.8014184397163121,0.0070921985815602835
unaligned,unaligned_version_14.pkl,EO_5o9Gup6g$_$10,audio,compared_with_dataset02,132,135,4,141,0.9361702127659575,0.028368794326241134
unaligned,unaligned_version_14.pkl,EO_5o9Gup6g$_$10,audio,compared_with_dataset02,137,137,1,141,0.9716312056737588,0.0070921985815602835
unaligned,unaligned_version_14.pkl,EO_5o9Gup6g$_$10,vision,compared_with_dataset02,3,3,1,106,0.02830188679245283,0.009433962264150943
unaligned,unaligned_version_14.pkl,EO_5o9Gup6g$_$10,vision,compared_with_dataset02,5,5,1,106,0.04716981132075472,0.009433962264150943
unaligned,unaligned_version_14.pkl,EO_5o9Gup6g$_$10,vision,compared_with_dataset02,7,7,1,106,0.0660377358490566,0.009433962264150943
unaligned,unaligned_version_14.pkl,EO_5o9Gup6g$_$10,vision,compared_with_dataset02,16,16,1,106,0.1509433962264151,0.009433962264150943
unaligned,unaligned_version_14.pkl,EO_5o9Gup6g$_$10,vision,compared_with_dataset02,25,25,1,106,0.2358490566037736,0.009433962264150943
unaligned,unaligned_version_14.pkl,EO_5o9Gup6g$_$10,vision,compared_with_dataset02,28,28,1,106,0.2641509433962264,0.009433962264150943
unaligned,unaligned_version_14.pkl,EO_5o9Gup6g$_$10,vision,compared_with_dataset02,30,31,2,106,0.2830188679245283,0.018867924528301886
unaligned,unaligned_version_14.pkl,EO_5o9Gup6g$_$10,vision,compared_with_dataset02,39,39,1,106,0.36792452830188677,0.009433962264150943
unaligned,unaligned_version_14.pkl,EO_5o9Gup6g$_$10,vision,compared_with_dataset02,47,47,1,106,0.44339622641509435,0.009433962264150943
unaligned,unaligned_version_14.pkl,EO_5o9Gup6g$_$10,vision,compared_with_dataset02,50,50,1,106,0.4716981132075472,0.009433962264150943
unaligned,unaligned_version_14.pkl,EO_5o9Gup6g$_$10,vision,compared_with_dataset02,53,53,1,106,0.5,0.009433962264150943
unaligned,unaligned_version_14.pkl,EO_5o9Gup6g$_$10,vision,compared_with_dataset02,64,64,1,106,0.6037735849056604,0.009433962264150943
unaligned,unaligned_version_14.pkl,EO_5o9Gup6g$_$10,vision,compared_with_dataset02,67,67,1,106,0.6320754716981132,0.009433962264150943
unaligned,unaligned_version_14.pkl,EO_5o9Gup6g$_$10,vision,compared_with_dataset02,76,76,1,106,0.7169811320754716,0.009433962264150943
unaligned,unaligned_version_14.pkl,EO_5o9Gup6g$_$10,vision,compared_with_dataset02,82,82,1,106,0.7735849056603774,0.009433962264150943
unaligned,unaligned_version_14.pkl,EO_5o9Gup6g$_$10,vision,compared_with_dataset02,89,90,2,106,0.839622641509434,0.018867924528301886
unaligned,unaligned_version_14.pkl,EO_5o9Gup6g$_$10,vision,compared_with_dataset02,99,99,1,106,0.9339622641509434,0.009433962264150943
unaligned,unaligned_version_14.pkl,EO_5o9Gup6g$_$10,vision,compared_with_dataset02,105,105,1,106,0.9905660377358491,0.009433962264150943
unaligned,unaligned_version_15.pkl,,audio,heuristic_internal_zeros,5,5,1,169,0.029585798816568046,0.005917159763313609
unaligned,unaligned_version_15.pkl,,audio,heuristic_internal_zeros,10,11,2,169,0.05917159763313609,0.011834319526627219
unaligned,unaligned_version_15.pkl,,audio,heuristic_internal_zeros,14,14,1,169,0.08284023668639054,0.005917159763313609
unaligned,unaligned_version_15.pkl,,audio,heuristic_internal_zeros,17,17,1,169,0.10059171597633136,0.005917159763313609
unaligned,unaligned_version_15.pkl,,audio,heuristic_internal_zeros,21,21,1,169,0.1242603550295858,0.005917159763313609
unaligned,unaligned_version_15.pkl,,audio,heuristic_internal_zeros,26,26,1,169,0.15384615384615385,0.005917159763313609
unaligned,unaligned_version_15.pkl,,audio,heuristic_internal_zeros,32,32,1,169,0.1893491124260355,0.005917159763313609
unaligned,unaligned_version_15.pkl,,audio,heuristic_internal_zeros,34,34,1,169,0.20118343195266272,0.005917159763313609
unaligned,unaligned_version_15.pkl,,audio,heuristic_internal_zeros,44,46,3,169,0.2603550295857988,0.01775147928994083
unaligned,unaligned_version_15.pkl,,audio,heuristic_internal_zeros,54,55,2,169,0.31952662721893493,0.011834319526627219
unaligned,unaligned_version_15.pkl,,audio,heuristic_internal_zeros,57,57,1,169,0.33727810650887574,0.005917159763313609
unaligned,unaligned_version_15.pkl,,audio,heuristic_internal_zeros,62,62,1,169,0.3668639053254438,0.005917159763313609
unaligned,unaligned_version_15.pkl,,audio,heuristic_internal_zeros,65,66,2,169,0.38461538461538464,0.011834319526627219
unaligned,unaligned_version_15.pkl,,audio,heuristic_internal_zeros,77,77,1,169,0.4556213017751479,0.005917159763313609
unaligned,unaligned_version_15.pkl,,audio,heuristic_internal_zeros,82,82,1,169,0.48520710059171596,0.005917159763313609
unaligned,unaligned_version_15.pkl,,audio,heuristic_internal_zeros,89,89,1,169,0.5266272189349113,0.005917159763313609
unaligned,unaligned_version_15.pkl,,audio,heuristic_internal_zeros,100,101,2,169,0.591715976331361,0.011834319526627219
unaligned,unaligned_version_15.pkl,,audio,heuristic_internal_zeros,115,115,1,169,0.6804733727810651,0.005917159763313609
unaligned,unaligned_version_15.pkl,,audio,heuristic_internal_zeros,132,133,2,169,0.7810650887573964,0.011834319526627219
unaligned,unaligned_version_15.pkl,,audio,heuristic_internal_zeros,140,142,3,169,0.8284023668639053,0.01775147928994083
unaligned,unaligned_version_15.pkl,,audio,heuristic_internal_zeros,146,146,1,169,0.863905325443787,0.005917159763313609
unaligned,unaligned_version_15.pkl,,audio,heuristic_internal_zeros,149,149,1,169,0.8816568047337278,0.005917159763313609
unaligned,unaligned_version_15.pkl,,audio,heuristic_internal_zeros,167,167,1,169,0.9881656804733728,0.005917159763313609
unaligned,unaligned_version_15.pkl,,vision,heuristic_internal_zeros,3,4,2,102,0.029411764705882353,0.0196078431372549
unaligned,unaligned_version_15.pkl,,vision,heuristic_internal_zeros,8,8,1,102,0.0784313725490196,0.00980392156862745
unaligned,unaligned_version_15.pkl,,vision,heuristic_internal_zeros,11,13,3,102,0.10784313725490197,0.029411764705882353
unaligned,unaligned_version_15.pkl,,vision,heuristic_internal_zeros,20,20,1,102,0.19607843137254902,0.00980392156862745
unaligned,unaligned_version_15.pkl,,vision,heuristic_internal_zeros,24,24,1,102,0.23529411764705882,0.00980392156862745
unaligned,unaligned_version_15.pkl,,vision,heuristic_internal_zeros,26,26,1,102,0.2549019607843137,0.00980392156862745
unaligned,unaligned_version_15.pkl,,vision,heuristic_internal_zeros,33,34,2,102,0.3235294117647059,0.0196078431372549
unaligned,unaligned_version_15.pkl,,vision,heuristic_internal_zeros,36,36,1,102,0.35294117647058826,0.00980392156862745
unaligned,unaligned_version_15.pkl,,vision,heuristic_internal_zeros,44,44,1,102,0.43137254901960786,0.00980392156862745
unaligned,unaligned_version_15.pkl,,vision,heuristic_internal_zeros,51,52,2,102,0.5,0.0196078431372549
unaligned,unaligned_version_15.pkl,,vision,heuristic_internal_zeros,61,61,1,102,0.5980392156862745,0.00980392156862745
unaligned,unaligned_version_15.pkl,,vision,heuristic_internal_zeros,66,66,1,102,0.6470588235294118,0.00980392156862745
unaligned,unaligned_version_15.pkl,,vision,heuristic_internal_zeros,68,68,1,102,0.6666666666666666,0.00980392156862745
unaligned,unaligned_version_15.pkl,,vision,heuristic_internal_zeros,70,70,1,102,0.6862745098039216,0.00980392156862745
unaligned,unaligned_version_15.pkl,,vision,heuristic_internal_zeros,73,73,1,102,0.7156862745098039,0.00980392156862745
unaligned,unaligned_version_15.pkl,,vision,heuristic_internal_zeros,84,84,1,102,0.8235294117647058,0.00980392156862745
unaligned,unaligned_version_15.pkl,,vision,heuristic_internal_zeros,94,95,2,102,0.9215686274509803,0.0196078431372549
unaligned,unaligned_version_16.pkl,,audio,heuristic_internal_zeros,7,7,1,239,0.029288702928870293,0.0041841004184100415
unaligned,unaligned_version_16.pkl,,audio,heuristic_internal_zeros,11,12,2,239,0.04602510460251046,0.008368200836820083
unaligned,unaligned_version_16.pkl,,audio,heuristic_internal_zeros,20,20,1,239,0.08368200836820083,0.0041841004184100415
unaligned,unaligned_version_16.pkl,,audio,heuristic_internal_zeros,25,25,1,239,0.10460251046025104,0.0041841004184100415
unaligned,unaligned_version_16.pkl,,audio,heuristic_internal_zeros,44,44,1,239,0.18410041841004185,0.0041841004184100415
unaligned,unaligned_version_16.pkl,,audio,heuristic_internal_zeros,48,48,1,239,0.200836820083682,0.0041841004184100415
unaligned,unaligned_version_16.pkl,,audio,heuristic_internal_zeros,51,53,3,239,0.21338912133891214,0.012552301255230125
unaligned,unaligned_version_16.pkl,,audio,heuristic_internal_zeros,60,61,2,239,0.2510460251046025,0.008368200836820083
unaligned,unaligned_version_16.pkl,,audio,heuristic_internal_zeros,63,63,1,239,0.26359832635983266,0.0041841004184100415
unaligned,unaligned_version_16.pkl,,audio,heuristic_internal_zeros,84,85,2,239,0.3514644351464435,0.008368200836820083
unaligned,unaligned_version_16.pkl,,audio,heuristic_internal_zeros,91,91,1,239,0.3807531380753138,0.0041841004184100415
unaligned,unaligned_version_16.pkl,,audio,heuristic_internal_zeros,93,94,2,239,0.3891213389121339,0.008368200836820083
unaligned,unaligned_version_16.pkl,,audio,heuristic_internal_zeros,96,96,1,239,0.401673640167364,0.0041841004184100415
unaligned,unaligned_version_16.pkl,,audio,heuristic_internal_zeros,107,107,1,239,0.4476987447698745,0.0041841004184100415
unaligned,unaligned_version_16.pkl,,audio,heuristic_internal_zeros,110,110,1,239,0.4602510460251046,0.0041841004184100415
unaligned,unaligned_version_16.pkl,,audio,heuristic_internal_zeros,119,120,2,239,0.497907949790795,0.008368200836820083
unaligned,unaligned_version_16.pkl,,audio,heuristic_internal_zeros,126,126,1,239,0.5271966527196653,0.0041841004184100415
unaligned,unaligned_version_16.pkl,,audio,heuristic_internal_zeros,130,130,1,239,0.5439330543933054,0.0041841004184100415
unaligned,unaligned_version_16.pkl,,audio,heuristic_internal_zeros,136,136,1,239,0.5690376569037657,0.0041841004184100415
unaligned,unaligned_version_16.pkl,,audio,heuristic_internal_zeros,142,142,1,239,0.5941422594142259,0.0041841004184100415
unaligned,unaligned_version_16.pkl,,audio,heuristic_internal_zeros,146,146,1,239,0.6108786610878661,0.0041841004184100415
unaligned,unaligned_version_16.pkl,,audio,heuristic_internal_zeros,152,152,1,239,0.6359832635983264,0.0041841004184100415
unaligned,unaligned_version_16.pkl,,audio,heuristic_internal_zeros,171,171,1,239,0.7154811715481172,0.0041841004184100415
unaligned,unaligned_version_16.pkl,,audio,heuristic_internal_zeros,173,173,1,239,0.7238493723849372,0.0041841004184100415
unaligned,unaligned_version_16.pkl,,audio,heuristic_internal_zeros,182,182,1,239,0.7615062761506276,0.0041841004184100415
unaligned,unaligned_version_16.pkl,,audio,heuristic_internal_zeros,188,189,2,239,0.7866108786610879,0.008368200836820083
unaligned,unaligned_version_16.pkl,,audio,heuristic_internal_zeros,198,198,1,239,0.8284518828451883,0.0041841004184100415
unaligned,unaligned_version_16.pkl,,audio,heuristic_internal_zeros,202,202,1,239,0.8451882845188284,0.0041841004184100415
unaligned,unaligned_version_16.pkl,,audio,heuristic_internal_zeros,208,208,1,239,0.8702928870292888,0.0041841004184100415
unaligned,unaligned_version_16.pkl,,audio,heuristic_internal_zeros,211,211,1,239,0.8828451882845189,0.0041841004184100415
unaligned,unaligned_version_16.pkl,,audio,heuristic_internal_zeros,213,214,2,239,0.891213389121339,0.008368200836820083
unaligned,unaligned_version_16.pkl,,audio,heuristic_internal_zeros,217,217,1,239,0.9079497907949791,0.0041841004184100415
unaligned,unaligned_version_16.pkl,,audio,heuristic_internal_zeros,220,220,1,239,0.9205020920502092,0.0041841004184100415
unaligned,unaligned_version_16.pkl,,audio,heuristic_internal_zeros,224,224,1,239,0.9372384937238494,0.0041841004184100415
unaligned,unaligned_version_16.pkl,,audio,heuristic_internal_zeros,227,227,1,239,0.9497907949790795,0.0041841004184100415
unaligned,unaligned_version_16.pkl,,audio,heuristic_internal_zeros,231,231,1,239,0.9665271966527197,0.0041841004184100415
unaligned,unaligned_version_16.pkl,,audio,heuristic_internal_zeros,233,233,1,239,0.9748953974895398,0.0041841004184100415
unaligned,unaligned_version_16.pkl,,audio,heuristic_internal_zeros,235,236,2,239,0.9832635983263598,0.008368200836820083
unaligned,unaligned_version_16.pkl,,vision,heuristic_internal_zeros,0,0,1,175,0.0,0.005714285714285714
unaligned,unaligned_version_16.pkl,,vision,heuristic_internal_zeros,2,2,1,175,0.011428571428571429,0.005714285714285714
unaligned,unaligned_version_16.pkl,,vision,heuristic_internal_zeros,4,4,1,175,0.022857142857142857,0.005714285714285714
unaligned,unaligned_version_16.pkl,,vision,heuristic_internal_zeros,7,7,1,175,0.04,0.005714285714285714
unaligned,unaligned_version_16.pkl,,vision,heuristic_internal_zeros,9,9,1,175,0.05142857142857143,0.005714285714285714
unaligned,unaligned_version_16.pkl,,vision,heuristic_internal_zeros,13,13,1,175,0.07428571428571429,0.005714285714285714
unaligned,unaligned_version_16.pkl,,vision,heuristic_internal_zeros,17,17,1,175,0.09714285714285714,0.005714285714285714
unaligned,unaligned_version_16.pkl,,vision,heuristic_internal_zeros,25,25,1,175,0.14285714285714285,0.005714285714285714
unaligned,unaligned_version_16.pkl,,vision,heuristic_internal_zeros,28,29,2,175,0.16,0.011428571428571429
unaligned,unaligned_version_16.pkl,,vision,heuristic_internal_zeros,35,35,1,175,0.2,0.005714285714285714
unaligned,unaligned_version_16.pkl,,vision,heuristic_internal_zeros,37,38,2,175,0.21142857142857144,0.011428571428571429
unaligned,unaligned_version_16.pkl,,vision,heuristic_internal_zeros,41,41,1,175,0.2342857142857143,0.005714285714285714
unaligned,unaligned_version_16.pkl,,vision,heuristic_internal_zeros,53,54,2,175,0.3028571428571429,0.011428571428571429
unaligned,unaligned_version_16.pkl,,vision,heuristic_internal_zeros,92,94,3,175,0.5257142857142857,0.017142857142857144
unaligned,unaligned_version_16.pkl,,vision,heuristic_internal_zeros,97,98,2,175,0.5542857142857143,0.011428571428571429
unaligned,unaligned_version_16.pkl,,vision,heuristic_internal_zeros,101,101,1,175,0.5771428571428572,0.005714285714285714
unaligned,unaligned_version_16.pkl,,vision,heuristic_internal_zeros,104,104,1,175,0.5942857142857143,0.005714285714285714
unaligned,unaligned_version_16.pkl,,vision,heuristic_internal_zeros,118,118,1,175,0.6742857142857143,0.005714285714285714
unaligned,unaligned_version_16.pkl,,vision,heuristic_internal_zeros,121,121,1,175,0.6914285714285714,0.005714285714285714
unaligned,unaligned_version_16.pkl,,vision,heuristic_internal_zeros,127,127,1,175,0.7257142857142858,0.005714285714285714
unaligned,unaligned_version_16.pkl,,vision,heuristic_internal_zeros,134,134,1,175,0.7657142857142857,0.005714285714285714
unaligned,unaligned_version_16.pkl,,vision,heuristic_internal_zeros,140,140,1,175,0.8,0.005714285714285714
unaligned,unaligned_version_16.pkl,,vision,heuristic_internal_zeros,145,145,1,175,0.8285714285714286,0.005714285714285714
unaligned,unaligned_version_16.pkl,,vision,heuristic_internal_zeros,157,157,1,175,0.8971428571428571,0.005714285714285714
unaligned,unaligned_version_16.pkl,,vision,heuristic_internal_zeros,163,163,1,175,0.9314285714285714,0.005714285714285714
unaligned,unaligned_version_16.pkl,,vision,heuristic_internal_zeros,169,169,1,175,0.9657142857142857,0.005714285714285714
unaligned,unaligned_version_17.pkl,,audio,heuristic_internal_zeros,1,1,1,199,0.005025125628140704,0.005025125628140704
unaligned,unaligned_version_17.pkl,,audio,heuristic_internal_zeros,8,8,1,199,0.04020100502512563,0.005025125628140704
unaligned,unaligned_version_17.pkl,,audio,heuristic_internal_zeros,18,18,1,199,0.09045226130653267,0.005025125628140704
unaligned,unaligned_version_17.pkl,,audio,heuristic_internal_zeros,32,32,1,199,0.16080402010050251,0.005025125628140704
unaligned,unaligned_version_17.pkl,,audio,heuristic_internal_zeros,34,34,1,199,0.1708542713567839,0.005025125628140704
unaligned,unaligned_version_17.pkl,,audio,heuristic_internal_zeros,40,40,1,199,0.20100502512562815,0.005025125628140704
unaligned,unaligned_version_17.pkl,,audio,heuristic_internal_zeros,46,46,1,199,0.23115577889447236,0.005025125628140704
unaligned,unaligned_version_17.pkl,,audio,heuristic_internal_zeros,51,51,1,199,0.2562814070351759,0.005025125628140704
unaligned,unaligned_version_17.pkl,,audio,heuristic_internal_zeros,54,55,2,199,0.271356783919598,0.010050251256281407
unaligned,unaligned_version_17.pkl,,audio,heuristic_internal_zeros,58,58,1,199,0.2914572864321608,0.005025125628140704
unaligned,unaligned_version_17.pkl,,audio,heuristic_internal_zeros,64,64,1,199,0.32160804020100503,0.005025125628140704
unaligned,unaligned_version_17.pkl,,audio,heuristic_internal_zeros,69,72,4,199,0.34673366834170855,0.020100502512562814
unaligned,unaligned_version_17.pkl,,audio,heuristic_internal_zeros,76,78,3,199,0.38190954773869346,0.01507537688442211
unaligned,unaligned_version_17.pkl,,audio,heuristic_internal_zeros,80,80,1,199,0.4020100502512563,0.005025125628140704
unaligned,unaligned_version_17.pkl,,audio,heuristic_internal_zeros,85,85,1,199,0.4271356783919598,0.005025125628140704
unaligned,unaligned_version_17.pkl,,audio,heuristic_internal_zeros,87,87,1,199,0.4371859296482412,0.005025125628140704
unaligned,unaligned_version_17.pkl,,audio,heuristic_internal_zeros,90,90,1,199,0.45226130653266333,0.005025125628140704
unaligned,unaligned_version_17.pkl,,audio,heuristic_internal_zeros,96,96,1,199,0.4824120603015075,0.005025125628140704
unaligned,unaligned_version_17.pkl,,audio,heuristic_internal_zeros,102,102,1,199,0.5125628140703518,0.005025125628140704
unaligned,unaligned_version_17.pkl,,audio,heuristic_internal_zeros,106,106,1,199,0.5326633165829145,0.005025125628140704
unaligned,unaligned_version_17.pkl,,audio,heuristic_internal_zeros,109,109,1,199,0.5477386934673367,0.005025125628140704
unaligned,unaligned_version_17.pkl,,audio,heuristic_internal_zeros,122,122,1,199,0.6130653266331658,0.005025125628140704
unaligned,unaligned_version_17.pkl,,audio,heuristic_internal_zeros,124,124,1,199,0.6231155778894473,0.005025125628140704
unaligned,unaligned_version_17.pkl,,audio,heuristic_internal_zeros,131,131,1,199,0.6582914572864321,0.005025125628140704
unaligned,unaligned_version_17.pkl,,audio,heuristic_internal_zeros,150,150,1,199,0.7537688442211056,0.005025125628140704
unaligned,unaligned_version_17.pkl,,audio,heuristic_internal_zeros,161,161,1,199,0.8090452261306532,0.005025125628140704
unaligned,unaligned_version_17.pkl,,audio,heuristic_internal_zeros,169,170,2,199,0.8492462311557789,0.010050251256281407
unaligned,unaligned_version_17.pkl,,audio,heuristic_internal_zeros,172,172,1,199,0.864321608040201,0.005025125628140704
unaligned,unaligned_version_17.pkl,,audio,heuristic_internal_zeros,181,181,1,199,0.9095477386934674,0.005025125628140704
unaligned,unaligned_version_17.pkl,,audio,heuristic_internal_zeros,189,189,1,199,0.949748743718593,0.005025125628140704
unaligned,unaligned_version_17.pkl,,audio,heuristic_internal_zeros,191,192,2,199,0.9597989949748744,0.010050251256281407
unaligned,unaligned_version_17.pkl,,vision,heuristic_internal_zeros,4,4,1,124,0.03225806451612903,0.008064516129032258
unaligned,unaligned_version_17.pkl,,vision,heuristic_internal_zeros,6,10,5,124,0.04838709677419355,0.04032258064516129
unaligned,unaligned_version_17.pkl,,vision,heuristic_internal_zeros,12,13,2,124,0.0967741935483871,0.016129032258064516
unaligned,unaligned_version_17.pkl,,vision,heuristic_internal_zeros,16,17,2,124,0.12903225806451613,0.016129032258064516
unaligned,unaligned_version_17.pkl,,vision,heuristic_internal_zeros,19,19,1,124,0.1532258064516129,0.008064516129032258
unaligned,unaligned_version_17.pkl,,vision,heuristic_internal_zeros,23,23,1,124,0.18548387096774194,0.008064516129032258
unaligned,unaligned_version_17.pkl,,vision,heuristic_internal_zeros,26,26,1,124,0.20967741935483872,0.008064516129032258
unaligned,unaligned_version_17.pkl,,vision,heuristic_internal_zeros,31,31,1,124,0.25,0.008064516129032258
unaligned,unaligned_version_17.pkl,,vision,heuristic_internal_zeros,34,35,2,124,0.27419354838709675,0.016129032258064516
unaligned,unaligned_version_17.pkl,,vision,heuristic_internal_zeros,38,38,1,124,0.3064516129032258,0.008064516129032258
unaligned,unaligned_version_17.pkl,,vision,heuristic_internal_zeros,46,46,1,124,0.3709677419354839,0.008064516129032258
unaligned,unaligned_version_17.pkl,,vision,heuristic_internal_zeros,50,50,1,124,0.4032258064516129,0.008064516129032258
unaligned,unaligned_version_17.pkl,,vision,heuristic_internal_zeros,54,54,1,124,0.43548387096774194,0.008064516129032258
unaligned,unaligned_version_17.pkl,,vision,heuristic_internal_zeros,67,68,2,124,0.5403225806451613,0.016129032258064516
unaligned,unaligned_version_17.pkl,,vision,heuristic_internal_zeros,70,70,1,124,0.5645161290322581,0.008064516129032258
unaligned,unaligned_version_17.pkl,,vision,heuristic_internal_zeros,72,72,1,124,0.5806451612903226,0.008064516129032258
unaligned,unaligned_version_17.pkl,,vision,heuristic_internal_zeros,74,74,1,124,0.5967741935483871,0.008064516129032258
unaligned,unaligned_version_17.pkl,,vision,heuristic_internal_zeros,77,78,2,124,0.6209677419354839,0.016129032258064516
unaligned,unaligned_version_17.pkl,,vision,heuristic_internal_zeros,84,84,1,124,0.6774193548387096,0.008064516129032258
unaligned,unaligned_version_17.pkl,,vision,heuristic_internal_zeros,88,89,2,124,0.7096774193548387,0.016129032258064516
unaligned,unaligned_version_17.pkl,,vision,heuristic_internal_zeros,91,91,1,124,0.7338709677419355,0.008064516129032258
unaligned,unaligned_version_17.pkl,,vision,heuristic_internal_zeros,101,101,1,124,0.8145161290322581,0.008064516129032258
unaligned,unaligned_version_17.pkl,,vision,heuristic_internal_zeros,107,109,3,124,0.8629032258064516,0.024193548387096774
unaligned,unaligned_version_17.pkl,,vision,heuristic_internal_zeros,112,112,1,124,0.9032258064516129,0.008064516129032258
unaligned,unaligned_version_17.pkl,,vision,heuristic_internal_zeros,114,115,2,124,0.9193548387096774,0.016129032258064516
unaligned,unaligned_version_17.pkl,,vision,heuristic_internal_zeros,121,121,1,124,0.9758064516129032,0.008064516129032258
unaligned,unaligned_version_18.pkl,,audio,heuristic_internal_zeros,1,1,1,175,0.005714285714285714,0.005714285714285714
unaligned,unaligned_version_18.pkl,,audio,heuristic_internal_zeros,4,4,1,175,0.022857142857142857,0.005714285714285714
unaligned,unaligned_version_18.pkl,,audio,heuristic_internal_zeros,11,11,1,175,0.06285714285714286,0.005714285714285714
unaligned,unaligned_version_18.pkl,,audio,heuristic_internal_zeros,17,18,2,175,0.09714285714285714,0.011428571428571429
unaligned,unaligned_version_18.pkl,,audio,heuristic_internal_zeros,33,33,1,175,0.18857142857142858,0.005714285714285714
unaligned,unaligned_version_18.pkl,,audio,heuristic_internal_zeros,49,49,1,175,0.28,0.005714285714285714
unaligned,unaligned_version_18.pkl,,audio,heuristic_internal_zeros,72,73,2,175,0.4114285714285714,0.011428571428571429
unaligned,unaligned_version_18.pkl,,audio,heuristic_internal_zeros,79,79,1,175,0.4514285714285714,0.005714285714285714
unaligned,unaligned_version_18.pkl,,audio,heuristic_internal_zeros,84,84,1,175,0.48,0.005714285714285714
unaligned,unaligned_version_18.pkl,,audio,heuristic_internal_zeros,89,89,1,175,0.5085714285714286,0.005714285714285714
unaligned,unaligned_version_18.pkl,,audio,heuristic_internal_zeros,92,92,1,175,0.5257142857142857,0.005714285714285714
unaligned,unaligned_version_18.pkl,,audio,heuristic_internal_zeros,107,107,1,175,0.6114285714285714,0.005714285714285714
unaligned,unaligned_version_18.pkl,,audio,heuristic_internal_zeros,114,116,3,175,0.6514285714285715,0.017142857142857144
unaligned,unaligned_version_18.pkl,,audio,heuristic_internal_zeros,121,121,1,175,0.6914285714285714,0.005714285714285714
unaligned,unaligned_version_18.pkl,,audio,heuristic_internal_zeros,127,127,1,175,0.7257142857142858,0.005714285714285714
unaligned,unaligned_version_18.pkl,,audio,heuristic_internal_zeros,130,130,1,175,0.7428571428571429,0.005714285714285714
unaligned,unaligned_version_18.pkl,,audio,heuristic_internal_zeros,141,141,1,175,0.8057142857142857,0.005714285714285714
unaligned,unaligned_version_18.pkl,,audio,heuristic_internal_zeros,148,148,1,175,0.8457142857142858,0.005714285714285714
unaligned,unaligned_version_18.pkl,,audio,heuristic_internal_zeros,152,152,1,175,0.8685714285714285,0.005714285714285714
unaligned,unaligned_version_18.pkl,,audio,heuristic_internal_zeros,159,159,1,175,0.9085714285714286,0.005714285714285714
unaligned,unaligned_version_18.pkl,,vision,heuristic_internal_zeros,2,2,1,110,0.01818181818181818,0.00909090909090909
unaligned,unaligned_version_18.pkl,,vision,heuristic_internal_zeros,8,8,1,110,0.07272727272727272,0.00909090909090909
unaligned,unaligned_version_18.pkl,,vision,heuristic_internal_zeros,11,11,1,110,0.1,0.00909090909090909
unaligned,unaligned_version_18.pkl,,vision,heuristic_internal_zeros,23,23,1,110,0.20909090909090908,0.00909090909090909
unaligned,unaligned_version_18.pkl,,vision,heuristic_internal_zeros,25,26,2,110,0.22727272727272727,0.01818181818181818
unaligned,unaligned_version_18.pkl,,vision,heuristic_internal_zeros,36,36,1,110,0.32727272727272727,0.00909090909090909
unaligned,unaligned_version_18.pkl,,vision,heuristic_internal_zeros,42,42,1,110,0.38181818181818183,0.00909090909090909
unaligned,unaligned_version_18.pkl,,vision,heuristic_internal_zeros,46,46,1,110,0.41818181818181815,0.00909090909090909
unaligned,unaligned_version_18.pkl,,vision,heuristic_internal_zeros,48,49,2,110,0.43636363636363634,0.01818181818181818
unaligned,unaligned_version_18.pkl,,vision,heuristic_internal_zeros,63,63,1,110,0.5727272727272728,0.00909090909090909
unaligned,unaligned_version_18.pkl,,vision,heuristic_internal_zeros,67,67,1,110,0.6090909090909091,0.00909090909090909
unaligned,unaligned_version_18.pkl,,vision,heuristic_internal_zeros,73,73,1,110,0.6636363636363637,0.00909090909090909
unaligned,unaligned_version_18.pkl,,vision,heuristic_internal_zeros,85,85,1,110,0.7727272727272727,0.00909090909090909
unaligned,unaligned_version_18.pkl,,vision,heuristic_internal_zeros,89,89,1,110,0.8090909090909091,0.00909090909090909
unaligned,unaligned_version_18.pkl,,vision,heuristic_internal_zeros,92,92,1,110,0.8363636363636363,0.00909090909090909
unaligned,unaligned_version_18.pkl,,vision,heuristic_internal_zeros,99,99,1,110,0.9,0.00909090909090909
unaligned,unaligned_version_18.pkl,,vision,heuristic_internal_zeros,106,106,1,110,0.9636363636363636,0.00909090909090909
unaligned,unaligned_version_18.pkl,,vision,heuristic_internal_zeros,108,108,1,110,0.9818181818181818,0.00909090909090909
unaligned,unaligned_version_19.pkl,,audio,heuristic_internal_zeros,5,5,1,147,0.034013605442176874,0.006802721088435374
unaligned,unaligned_version_19.pkl,,audio,heuristic_internal_zeros,7,7,1,147,0.047619047619047616,0.006802721088435374
unaligned,unaligned_version_19.pkl,,audio,heuristic_internal_zeros,10,11,2,147,0.06802721088435375,0.013605442176870748
unaligned,unaligned_version_19.pkl,,audio,heuristic_internal_zeros,17,18,2,147,0.11564625850340136,0.013605442176870748
unaligned,unaligned_version_19.pkl,,audio,heuristic_internal_zeros,22,22,1,147,0.14965986394557823,0.006802721088435374
unaligned,unaligned_version_19.pkl,,audio,heuristic_internal_zeros,24,24,1,147,0.16326530612244897,0.006802721088435374
unaligned,unaligned_version_19.pkl,,audio,heuristic_internal_zeros,28,28,1,147,0.19047619047619047,0.006802721088435374
unaligned,unaligned_version_19.pkl,,audio,heuristic_internal_zeros,30,30,1,147,0.20408163265306123,0.006802721088435374
unaligned,unaligned_version_19.pkl,,audio,heuristic_internal_zeros,41,41,1,147,0.2789115646258503,0.006802721088435374
unaligned,unaligned_version_19.pkl,,audio,heuristic_internal_zeros,56,56,1,147,0.38095238095238093,0.006802721088435374
unaligned,unaligned_version_19.pkl,,audio,heuristic_internal_zeros,60,60,1,147,0.40816326530612246,0.006802721088435374
unaligned,unaligned_version_19.pkl,,audio,heuristic_internal_zeros,66,66,1,147,0.4489795918367347,0.006802721088435374
unaligned,unaligned_version_19.pkl,,audio,heuristic_internal_zeros,74,74,1,147,0.5034013605442177,0.006802721088435374
unaligned,unaligned_version_19.pkl,,audio,heuristic_internal_zeros,77,78,2,147,0.5238095238095238,0.013605442176870748
unaligned,unaligned_version_19.pkl,,audio,heuristic_internal_zeros,83,84,2,147,0.564625850340136,0.013605442176870748
unaligned,unaligned_version_19.pkl,,audio,heuristic_internal_zeros,88,89,2,147,0.5986394557823129,0.013605442176870748
unaligned,unaligned_version_19.pkl,,audio,heuristic_internal_zeros,97,97,1,147,0.6598639455782312,0.006802721088435374
unaligned,unaligned_version_19.pkl,,audio,heuristic_internal_zeros,99,99,1,147,0.673469387755102,0.006802721088435374
unaligned,unaligned_version_19.pkl,,audio,heuristic_internal_zeros,109,110,2,147,0.7414965986394558,0.013605442176870748
unaligned,unaligned_version_19.pkl,,audio,heuristic_internal_zeros,120,120,1,147,0.8163265306122449,0.006802721088435374
unaligned,unaligned_version_19.pkl,,audio,heuristic_internal_zeros,122,123,2,147,0.8299319727891157,0.013605442176870748
unaligned,unaligned_version_19.pkl,,audio,heuristic_internal_zeros,126,126,1,147,0.8571428571428571,0.006802721088435374
unaligned,unaligned_version_19.pkl,,audio,heuristic_internal_zeros,129,129,1,147,0.8775510204081632,0.006802721088435374
unaligned,unaligned_version_19.pkl,,audio,heuristic_internal_zeros,133,133,1,147,0.9047619047619048,0.006802721088435374
unaligned,unaligned_version_19.pkl,,audio,heuristic_internal_zeros,135,135,1,147,0.9183673469387755,0.006802721088435374
unaligned,unaligned_version_19.pkl,,audio,heuristic_internal_zeros,139,140,2,147,0.9455782312925171,0.013605442176870748
unaligned,unaligned_version_19.pkl,,audio,heuristic_internal_zeros,144,144,1,147,0.9795918367346939,0.006802721088435374
unaligned,unaligned_version_19.pkl,,vision,heuristic_internal_zeros,0,0,1,111,0.0,0.009009009009009009
unaligned,unaligned_version_19.pkl,,vision,heuristic_internal_zeros,29,29,1,111,0.26126126126126126,0.009009009009009009
unaligned,unaligned_version_19.pkl,,vision,heuristic_internal_zeros,32,32,1,111,0.2882882882882883,0.009009009009009009
unaligned,unaligned_version_19.pkl,,vision,heuristic_internal_zeros,34,34,1,111,0.3063063063063063,0.009009009009009009
unaligned,unaligned_version_19.pkl,,vision,heuristic_internal_zeros,46,46,1,111,0.4144144144144144,0.009009009009009009
unaligned,unaligned_version_19.pkl,,vision,heuristic_internal_zeros,51,51,1,111,0.4594594594594595,0.009009009009009009
unaligned,unaligned_version_19.pkl,,vision,heuristic_internal_zeros,57,57,1,111,0.5135135135135135,0.009009009009009009
unaligned,unaligned_version_19.pkl,,vision,heuristic_internal_zeros,65,65,1,111,0.5855855855855856,0.009009009009009009
unaligned,unaligned_version_19.pkl,,vision,heuristic_internal_zeros,70,72,3,111,0.6306306306306306,0.02702702702702703
unaligned,unaligned_version_19.pkl,,vision,heuristic_internal_zeros,78,78,1,111,0.7027027027027027,0.009009009009009009
unaligned,unaligned_version_19.pkl,,vision,heuristic_internal_zeros,80,80,1,111,0.7207207207207207,0.009009009009009009
unaligned,unaligned_version_19.pkl,,vision,heuristic_internal_zeros,82,82,1,111,0.7387387387387387,0.009009009009009009
unaligned,unaligned_version_19.pkl,,vision,heuristic_internal_zeros,88,88,1,111,0.7927927927927928,0.009009009009009009
unaligned,unaligned_version_19.pkl,,vision,heuristic_internal_zeros,90,90,1,111,0.8108108108108109,0.009009009009009009
unaligned,unaligned_version_19.pkl,,vision,heuristic_internal_zeros,93,94,2,111,0.8378378378378378,0.018018018018018018
unaligned,unaligned_version_19.pkl,,vision,heuristic_internal_zeros,102,102,1,111,0.918918918918919,0.009009009009009009
unaligned,unaligned_version_19.pkl,,vision,heuristic_internal_zeros,106,106,1,111,0.954954954954955,0.009009009009009009
unaligned,unaligned_version_19.pkl,,vision,heuristic_internal_zeros,109,109,1,111,0.9819819819819819,0.009009009009009009
unaligned,unaligned_version_20.pkl,,audio,heuristic_internal_zeros,1,1,1,310,0.0032258064516129032,0.0032258064516129032
unaligned,unaligned_version_20.pkl,,audio,heuristic_internal_zeros,7,7,1,310,0.02258064516129032,0.0032258064516129032
unaligned,unaligned_version_20.pkl,,audio,heuristic_internal_zeros,9,9,1,310,0.02903225806451613,0.0032258064516129032
unaligned,unaligned_version_20.pkl,,audio,heuristic_internal_zeros,11,13,3,310,0.035483870967741936,0.00967741935483871
unaligned,unaligned_version_20.pkl,,audio,heuristic_internal_zeros,26,26,1,310,0.08387096774193549,0.0032258064516129032
unaligned,unaligned_version_20.pkl,,audio,heuristic_internal_zeros,33,33,1,310,0.1064516129032258,0.0032258064516129032
unaligned,unaligned_version_20.pkl,,audio,heuristic_internal_zeros,37,37,1,310,0.11935483870967742,0.0032258064516129032
unaligned,unaligned_version_20.pkl,,audio,heuristic_internal_zeros,44,44,1,310,0.14193548387096774,0.0032258064516129032
unaligned,unaligned_version_20.pkl,,audio,heuristic_internal_zeros,47,47,1,310,0.15161290322580645,0.0032258064516129032
unaligned,unaligned_version_20.pkl,,audio,heuristic_internal_zeros,59,61,3,310,0.19032258064516128,0.00967741935483871
unaligned,unaligned_version_20.pkl,,audio,heuristic_internal_zeros,72,72,1,310,0.23225806451612904,0.0032258064516129032
unaligned,unaligned_version_20.pkl,,audio,heuristic_internal_zeros,75,75,1,310,0.24193548387096775,0.0032258064516129032
unaligned,unaligned_version_20.pkl,,audio,heuristic_internal_zeros,91,91,1,310,0.29354838709677417,0.0032258064516129032
unaligned,unaligned_version_20.pkl,,audio,heuristic_internal_zeros,94,94,1,310,0.3032258064516129,0.0032258064516129032
unaligned,unaligned_version_20.pkl,,audio,heuristic_internal_zeros,106,106,1,310,0.3419354838709677,0.0032258064516129032
unaligned,unaligned_version_20.pkl,,audio,heuristic_internal_zeros,117,119,3,310,0.3774193548387097,0.00967741935483871
unaligned,unaligned_version_20.pkl,,audio,heuristic_internal_zeros,124,124,1,310,0.4,0.0032258064516129032
unaligned,unaligned_version_20.pkl,,audio,heuristic_internal_zeros,127,127,1,310,0.4096774193548387,0.0032258064516129032
unaligned,unaligned_version_20.pkl,,audio,heuristic_internal_zeros,131,131,1,310,0.42258064516129035,0.0032258064516129032
unaligned,unaligned_version_20.pkl,,audio,heuristic_internal_zeros,134,134,1,310,0.432258064516129,0.0032258064516129032
unaligned,unaligned_version_20.pkl,,audio,heuristic_internal_zeros,143,143,1,310,0.4612903225806452,0.0032258064516129032
unaligned,unaligned_version_20.pkl,,audio,heuristic_internal_zeros,145,145,1,310,0.46774193548387094,0.0032258064516129032
unaligned,unaligned_version_20.pkl,,audio,heuristic_internal_zeros,151,151,1,310,0.4870967741935484,0.0032258064516129032
unaligned,unaligned_version_20.pkl,,audio,heuristic_internal_zeros,153,153,1,310,0.4935483870967742,0.0032258064516129032
unaligned,unaligned_version_20.pkl,,audio,heuristic_internal_zeros,159,159,1,310,0.5129032258064516,0.0032258064516129032
unaligned,unaligned_version_20.pkl,,audio,heuristic_internal_zeros,166,166,1,310,0.535483870967742,0.0032258064516129032
unaligned,unaligned_version_20.pkl,,audio,heuristic_internal_zeros,168,168,1,310,0.5419354838709678,0.0032258064516129032
unaligned,unaligned_version_20.pkl,,audio,heuristic_internal_zeros,173,173,1,310,0.5580645161290323,0.0032258064516129032
unaligned,unaligned_version_20.pkl,,audio,heuristic_internal_zeros,176,176,1,310,0.567741935483871,0.0032258064516129032
unaligned,unaligned_version_20.pkl,,audio,heuristic_internal_zeros,181,181,1,310,0.5838709677419355,0.0032258064516129032
unaligned,unaligned_version_20.pkl,,audio,heuristic_internal_zeros,186,188,3,310,0.6,0.00967741935483871
unaligned,unaligned_version_20.pkl,,audio,heuristic_internal_zeros,203,203,1,310,0.6548387096774193,0.0032258064516129032
unaligned,unaligned_version_20.pkl,,audio,heuristic_internal_zeros,206,206,1,310,0.6645161290322581,0.0032258064516129032
unaligned,unaligned_version_20.pkl,,audio,heuristic_internal_zeros,208,209,2,310,0.6709677419354839,0.0064516129032258064
unaligned,unaligned_version_20.pkl,,audio,heuristic_internal_zeros,211,211,1,310,0.6806451612903226,0.0032258064516129032
unaligned,unaligned_version_20.pkl,,audio,heuristic_internal_zeros,213,213,1,310,0.6870967741935484,0.0032258064516129032
unaligned,unaligned_version_20.pkl,,audio,heuristic_internal_zeros,215,215,1,310,0.6935483870967742,0.0032258064516129032
unaligned,unaligned_version_20.pkl,,audio,heuristic_internal_zeros,220,220,1,310,0.7096774193548387,0.0032258064516129032
unaligned,unaligned_version_20.pkl,,audio,heuristic_internal_zeros,222,222,1,310,0.7161290322580646,0.0032258064516129032
unaligned,unaligned_version_20.pkl,,audio,heuristic_internal_zeros,224,224,1,310,0.7225806451612903,0.0032258064516129032
unaligned,unaligned_version_20.pkl,,audio,heuristic_internal_zeros,229,229,1,310,0.7387096774193549,0.0032258064516129032
unaligned,unaligned_version_20.pkl,,audio,heuristic_internal_zeros,231,232,2,310,0.7451612903225806,0.0064516129032258064
unaligned,unaligned_version_20.pkl,,audio,heuristic_internal_zeros,247,247,1,310,0.7967741935483871,0.0032258064516129032
unaligned,unaligned_version_20.pkl,,audio,heuristic_internal_zeros,249,249,1,310,0.8032258064516129,0.0032258064516129032
unaligned,unaligned_version_20.pkl,,audio,heuristic_internal_zeros,260,260,1,310,0.8387096774193549,0.0032258064516129032
unaligned,unaligned_version_20.pkl,,audio,heuristic_internal_zeros,268,268,1,310,0.864516129032258,0.0032258064516129032
unaligned,unaligned_version_20.pkl,,audio,heuristic_internal_zeros,271,271,1,310,0.8741935483870967,0.0032258064516129032
unaligned,unaligned_version_20.pkl,,audio,heuristic_internal_zeros,276,277,2,310,0.8903225806451613,0.0064516129032258064
unaligned,unaligned_version_20.pkl,,audio,heuristic_internal_zeros,279,279,1,310,0.9,0.0032258064516129032
unaligned,unaligned_version_20.pkl,,audio,heuristic_internal_zeros,284,284,1,310,0.9161290322580645,0.0032258064516129032
unaligned,unaligned_version_20.pkl,,audio,heuristic_internal_zeros,287,288,2,310,0.9258064516129032,0.0064516129032258064
unaligned,unaligned_version_20.pkl,,audio,heuristic_internal_zeros,298,298,1,310,0.9612903225806452,0.0032258064516129032
unaligned,unaligned_version_20.pkl,,audio,heuristic_internal_zeros,307,307,1,310,0.9903225806451613,0.0032258064516129032
unaligned,unaligned_version_20.pkl,,vision,heuristic_internal_zeros,2,2,1,233,0.008583690987124463,0.004291845493562232
unaligned,unaligned_version_20.pkl,,vision,heuristic_internal_zeros,11,11,1,233,0.04721030042918455,0.004291845493562232
unaligned,unaligned_version_20.pkl,,vision,heuristic_internal_zeros,14,14,1,233,0.060085836909871244,0.004291845493562232
unaligned,unaligned_version_20.pkl,,vision,heuristic_internal_zeros,27,27,1,233,0.11587982832618025,0.004291845493562232
unaligned,unaligned_version_20.pkl,,vision,heuristic_internal_zeros,29,29,1,233,0.12446351931330472,0.004291845493562232
unaligned,unaligned_version_20.pkl,,vision,heuristic_internal_zeros,38,38,1,233,0.1630901287553648,0.004291845493562232
unaligned,unaligned_version_20.pkl,,vision,heuristic_internal_zeros,43,50,8,233,0.18454935622317598,0.034334763948497854
unaligned,unaligned_version_20.pkl,,vision,heuristic_internal_zeros,52,55,4,233,0.22317596566523606,0.017167381974248927
unaligned,unaligned_version_20.pkl,,vision,heuristic_internal_zeros,57,57,1,233,0.2446351931330472,0.004291845493562232
unaligned,unaligned_version_20.pkl,,vision,heuristic_internal_zeros,59,59,1,233,0.2532188841201717,0.004291845493562232
unaligned,unaligned_version_20.pkl,,vision,heuristic_internal_zeros,70,70,1,233,0.30042918454935624,0.004291845493562232
unaligned,unaligned_version_20.pkl,,vision,heuristic_internal_zeros,72,72,1,233,0.3090128755364807,0.004291845493562232
unaligned,unaligned_version_20.pkl,,vision,heuristic_internal_zeros,74,74,1,233,0.31759656652360513,0.004291845493562232
unaligned,unaligned_version_20.pkl,,vision,heuristic_internal_zeros,76,76,1,233,0.3261802575107296,0.004291845493562232
unaligned,unaligned_version_20.pkl,,vision,heuristic_internal_zeros,87,89,3,233,0.37339055793991416,0.012875536480686695
unaligned,unaligned_version_20.pkl,,vision,heuristic_internal_zeros,99,99,1,233,0.4248927038626609,0.004291845493562232
unaligned,unaligned_version_20.pkl,,vision,heuristic_internal_zeros,103,103,1,233,0.44206008583690987,0.004291845493562232
unaligned,unaligned_version_20.pkl,,vision,heuristic_internal_zeros,116,116,1,233,0.4978540772532189,0.004291845493562232
unaligned,unaligned_version_20.pkl,,vision,heuristic_internal_zeros,120,120,1,233,0.5150214592274678,0.004291845493562232
unaligned,unaligned_version_20.pkl,,vision,heuristic_internal_zeros,126,126,1,233,0.5407725321888412,0.004291845493562232
unaligned,unaligned_version_20.pkl,,vision,heuristic_internal_zeros,131,131,1,233,0.5622317596566524,0.004291845493562232
unaligned,unaligned_version_20.pkl,,vision,heuristic_internal_zeros,133,133,1,233,0.5708154506437768,0.004291845493562232
unaligned,unaligned_version_20.pkl,,vision,heuristic_internal_zeros,137,137,1,233,0.5879828326180258,0.004291845493562232
unaligned,unaligned_version_20.pkl,,vision,heuristic_internal_zeros,150,150,1,233,0.6437768240343348,0.004291845493562232
unaligned,unaligned_version_20.pkl,,vision,heuristic_internal_zeros,155,155,1,233,0.6652360515021459,0.004291845493562232
unaligned,unaligned_version_20.pkl,,vision,heuristic_internal_zeros,158,158,1,233,0.6781115879828327,0.004291845493562232
unaligned,unaligned_version_20.pkl,,vision,heuristic_internal_zeros,163,163,1,233,0.6995708154506438,0.004291845493562232
unaligned,unaligned_version_20.pkl,,vision,heuristic_internal_zeros,167,167,1,233,0.7167381974248928,0.004291845493562232
unaligned,unaligned_version_20.pkl,,vision,heuristic_internal_zeros,169,169,1,233,0.7253218884120172,0.004291845493562232
unaligned,unaligned_version_20.pkl,,vision,heuristic_internal_zeros,176,176,1,233,0.7553648068669528,0.004291845493562232
unaligned,unaligned_version_20.pkl,,vision,heuristic_internal_zeros,196,196,1,233,0.8412017167381974,0.004291845493562232
unaligned,unaligned_version_20.pkl,,vision,heuristic_internal_zeros,201,202,2,233,0.8626609442060086,0.008583690987124463
unaligned,unaligned_version_20.pkl,,vision,heuristic_internal_zeros,205,205,1,233,0.8798283261802575,0.004291845493562232
unaligned,unaligned_version_20.pkl,,vision,heuristic_internal_zeros,212,214,3,233,0.9098712446351931,0.012875536480686695
unaligned,unaligned_version_20.pkl,,vision,heuristic_internal_zeros,217,217,1,233,0.9313304721030042,0.004291845493562232
unaligned,unaligned_version_20.pkl,,vision,heuristic_internal_zeros,219,219,1,233,0.9399141630901288,0.004291845493562232
unaligned,unaligned_version_20.pkl,,vision,heuristic_internal_zeros,230,230,1,233,0.9871244635193133,0.004291845493562232
unaligned,unaligned_version_21.pkl,,audio,heuristic_internal_zeros,4,4,1,67,0.05970149253731343,0.014925373134328358
unaligned,unaligned_version_21.pkl,,audio,heuristic_internal_zeros,8,8,1,67,0.11940298507462686,0.014925373134328358
unaligned,unaligned_version_21.pkl,,audio,heuristic_internal_zeros,11,11,1,67,0.16417910447761194,0.014925373134328358
unaligned,unaligned_version_21.pkl,,audio,heuristic_internal_zeros,13,15,3,67,0.19402985074626866,0.04477611940298507
unaligned,unaligned_version_21.pkl,,audio,heuristic_internal_zeros,18,18,1,67,0.26865671641791045,0.014925373134328358
unaligned,unaligned_version_21.pkl,,audio,heuristic_internal_zeros,21,22,2,67,0.31343283582089554,0.029850746268656716
unaligned,unaligned_version_21.pkl,,audio,heuristic_internal_zeros,25,25,1,67,0.373134328358209,0.014925373134328358
unaligned,unaligned_version_21.pkl,,audio,heuristic_internal_zeros,27,27,1,67,0.40298507462686567,0.014925373134328358
unaligned,unaligned_version_21.pkl,,audio,heuristic_internal_zeros,30,30,1,67,0.44776119402985076,0.014925373134328358
unaligned,unaligned_version_21.pkl,,audio,heuristic_internal_zeros,36,36,1,67,0.5373134328358209,0.014925373134328358
unaligned,unaligned_version_21.pkl,,audio,heuristic_internal_zeros,41,42,2,67,0.6119402985074627,0.029850746268656716
unaligned,unaligned_version_21.pkl,,audio,heuristic_internal_zeros,45,47,3,67,0.6716417910447762,0.04477611940298507
unaligned,unaligned_version_21.pkl,,audio,heuristic_internal_zeros,49,50,2,67,0.7313432835820896,0.029850746268656716
unaligned,unaligned_version_21.pkl,,audio,heuristic_internal_zeros,57,58,2,67,0.8507462686567164,0.029850746268656716
unaligned,unaligned_version_21.pkl,,audio,heuristic_internal_zeros,63,63,1,67,0.9402985074626866,0.014925373134328358
unaligned,unaligned_version_21.pkl,,audio,heuristic_internal_zeros,65,65,1,67,0.9701492537313433,0.014925373134328358
unaligned,unaligned_version_21.pkl,,vision,heuristic_internal_zeros,0,0,1,51,0.0,0.0196078431372549
unaligned,unaligned_version_21.pkl,,vision,heuristic_internal_zeros,4,4,1,51,0.0784313725490196,0.0196078431372549
unaligned,unaligned_version_21.pkl,,vision,heuristic_internal_zeros,6,6,1,51,0.11764705882352941,0.0196078431372549
unaligned,unaligned_version_21.pkl,,vision,heuristic_internal_zeros,8,9,2,51,0.1568627450980392,0.0392156862745098
unaligned,unaligned_version_21.pkl,,vision,heuristic_internal_zeros,13,14,2,51,0.2549019607843137,0.0392156862745098
unaligned,unaligned_version_21.pkl,,vision,heuristic_internal_zeros,23,23,1,51,0.45098039215686275,0.0196078431372549
unaligned,unaligned_version_21.pkl,,vision,heuristic_internal_zeros,28,28,1,51,0.5490196078431373,0.0196078431372549
unaligned,unaligned_version_21.pkl,,vision,heuristic_internal_zeros,30,30,1,51,0.5882352941176471,0.0196078431372549
unaligned,unaligned_version_21.pkl,,vision,heuristic_internal_zeros,33,36,4,51,0.6470588235294118,0.0784313725490196
unaligned,unaligned_version_21.pkl,,vision,heuristic_internal_zeros,39,39,1,51,0.7647058823529411,0.0196078431372549
unaligned,unaligned_version_21.pkl,,vision,heuristic_internal_zeros,42,42,1,51,0.8235294117647058,0.0196078431372549
unaligned,unaligned_version_22.pkl,,audio,heuristic_internal_zeros,5,5,1,89,0.056179775280898875,0.011235955056179775
unaligned,unaligned_version_22.pkl,,audio,heuristic_internal_zeros,19,19,1,89,0.21348314606741572,0.011235955056179775
unaligned,unaligned_version_22.pkl,,audio,heuristic_internal_zeros,26,26,1,89,0.29213483146067415,0.011235955056179775
unaligned,unaligned_version_22.pkl,,audio,heuristic_internal_zeros,35,35,1,89,0.39325842696629215,0.011235955056179775
unaligned,unaligned_version_22.pkl,,audio,heuristic_internal_zeros,37,37,1,89,0.4157303370786517,0.011235955056179775
unaligned,unaligned_version_22.pkl,,audio,heuristic_internal_zeros,39,39,1,89,0.43820224719101125,0.011235955056179775
unaligned,unaligned_version_22.pkl,,audio,heuristic_internal_zeros,41,41,1,89,0.4606741573033708,0.011235955056179775
unaligned,unaligned_version_22.pkl,,audio,heuristic_internal_zeros,44,44,1,89,0.4943820224719101,0.011235955056179775
unaligned,unaligned_version_22.pkl,,audio,heuristic_internal_zeros,46,46,1,89,0.5168539325842697,0.011235955056179775
unaligned,unaligned_version_22.pkl,,audio,heuristic_internal_zeros,48,48,1,89,0.5393258426966292,0.011235955056179775
unaligned,unaligned_version_22.pkl,,audio,heuristic_internal_zeros,56,57,2,89,0.6292134831460674,0.02247191011235955
unaligned,unaligned_version_22.pkl,,audio,heuristic_internal_zeros,61,61,1,89,0.6853932584269663,0.011235955056179775
unaligned,unaligned_version_22.pkl,,audio,heuristic_internal_zeros,67,68,2,89,0.7528089887640449,0.02247191011235955
unaligned,unaligned_version_22.pkl,,audio,heuristic_internal_zeros,72,72,1,89,0.8089887640449438,0.011235955056179775
unaligned,unaligned_version_22.pkl,,audio,heuristic_internal_zeros,75,75,1,89,0.8426966292134831,0.011235955056179775
unaligned,unaligned_version_22.pkl,,audio,heuristic_internal_zeros,79,79,1,89,0.8876404494382022,0.011235955056179775
unaligned,unaligned_version_22.pkl,,audio,heuristic_internal_zeros,85,85,1,89,0.9550561797752809,0.011235955056179775
unaligned,unaligned_version_22.pkl,,vision,heuristic_internal_zeros,1,1,1,41,0.024390243902439025,0.024390243902439025
unaligned,unaligned_version_22.pkl,,vision,heuristic_internal_zeros,4,7,4,41,0.0975609756097561,0.0975609756097561
unaligned,unaligned_version_22.pkl,,vision,heuristic_internal_zeros,9,10,2,41,0.21951219512195122,0.04878048780487805
unaligned,unaligned_version_22.pkl,,vision,heuristic_internal_zeros,12,14,3,41,0.2926829268292683,0.07317073170731707
unaligned,unaligned_version_22.pkl,,vision,heuristic_internal_zeros,16,23,8,41,0.3902439024390244,0.1951219512195122
unaligned,unaligned_version_22.pkl,,vision,heuristic_internal_zeros,25,26,2,41,0.6097560975609756,0.04878048780487805
unaligned,unaligned_version_22.pkl,,vision,heuristic_internal_zeros,28,28,1,41,0.6829268292682927,0.024390243902439025
unaligned,unaligned_version_22.pkl,,vision,heuristic_internal_zeros,30,30,1,41,0.7317073170731707,0.024390243902439025
unaligned,unaligned_version_22.pkl,,vision,heuristic_internal_zeros,36,36,1,41,0.8780487804878049,0.024390243902439025
unaligned,unaligned_version_23.pkl,,audio,heuristic_internal_zeros,2,4,3,76,0.02631578947368421,0.039473684210526314
unaligned,unaligned_version_23.pkl,,audio,heuristic_internal_zeros,6,6,1,76,0.07894736842105263,0.013157894736842105
unaligned,unaligned_version_23.pkl,,audio,heuristic_internal_zeros,11,11,1,76,0.14473684210526316,0.013157894736842105
unaligned,unaligned_version_23.pkl,,audio,heuristic_internal_zeros,16,16,1,76,0.21052631578947367,0.013157894736842105
unaligned,unaligned_version_23.pkl,,audio,heuristic_internal_zeros,18,18,1,76,0.23684210526315788,0.013157894736842105
unaligned,unaligned_version_23.pkl,,audio,heuristic_internal_zeros,24,24,1,76,0.3157894736842105,0.013157894736842105
unaligned,unaligned_version_23.pkl,,audio,heuristic_internal_zeros,28,28,1,76,0.3684210526315789,0.013157894736842105
unaligned,unaligned_version_23.pkl,,audio,heuristic_internal_zeros,34,37,4,76,0.4473684210526316,0.05263157894736842
unaligned,unaligned_version_23.pkl,,audio,heuristic_internal_zeros,40,40,1,76,0.5263157894736842,0.013157894736842105
unaligned,unaligned_version_23.pkl,,audio,heuristic_internal_zeros,42,42,1,76,0.5526315789473685,0.013157894736842105
unaligned,unaligned_version_23.pkl,,audio,heuristic_internal_zeros,51,52,2,76,0.6710526315789473,0.02631578947368421
unaligned,unaligned_version_23.pkl,,audio,heuristic_internal_zeros,65,65,1,76,0.8552631578947368,0.013157894736842105
unaligned,unaligned_version_23.pkl,,audio,heuristic_internal_zeros,68,68,1,76,0.8947368421052632,0.013157894736842105
unaligned,unaligned_version_23.pkl,,audio,heuristic_internal_zeros,72,72,1,76,0.9473684210526315,0.013157894736842105
unaligned,unaligned_version_23.pkl,,audio,heuristic_internal_zeros,74,74,1,76,0.9736842105263158,0.013157894736842105
unaligned,unaligned_version_23.pkl,,vision,heuristic_internal_zeros,0,0,1,58,0.0,0.017241379310344827
unaligned,unaligned_version_23.pkl,,vision,heuristic_internal_zeros,2,2,1,58,0.034482758620689655,0.017241379310344827
unaligned,unaligned_version_23.pkl,,vision,heuristic_internal_zeros,6,6,1,58,0.10344827586206896,0.017241379310344827
unaligned,unaligned_version_23.pkl,,vision,heuristic_internal_zeros,9,9,1,58,0.15517241379310345,0.017241379310344827
unaligned,unaligned_version_23.pkl,,vision,heuristic_internal_zeros,14,14,1,58,0.2413793103448276,0.017241379310344827
unaligned,unaligned_version_23.pkl,,vision,heuristic_internal_zeros,21,21,1,58,0.3620689655172414,0.017241379310344827
unaligned,unaligned_version_23.pkl,,vision,heuristic_internal_zeros,23,23,1,58,0.39655172413793105,0.017241379310344827
unaligned,unaligned_version_23.pkl,,vision,heuristic_internal_zeros,25,25,1,58,0.43103448275862066,0.017241379310344827
unaligned,unaligned_version_23.pkl,,vision,heuristic_internal_zeros,28,28,1,58,0.4827586206896552,0.017241379310344827
unaligned,unaligned_version_23.pkl,,vision,heuristic_internal_zeros,32,32,1,58,0.5517241379310345,0.017241379310344827
unaligned,unaligned_version_23.pkl,,vision,heuristic_internal_zeros,34,35,2,58,0.5862068965517241,0.034482758620689655
unaligned,unaligned_version_23.pkl,,vision,heuristic_internal_zeros,40,41,2,58,0.6896551724137931,0.034482758620689655
unaligned,unaligned_version_23.pkl,,vision,heuristic_internal_zeros,50,52,3,58,0.8620689655172413,0.05172413793103448
unaligned,unaligned_version_24.pkl,zhNksSReaQk$_$27,audio,compared_with_dataset02,0,0,1,64,0.0,0.015625
unaligned,unaligned_version_24.pkl,zhNksSReaQk$_$27,audio,compared_with_dataset02,3,3,1,64,0.046875,0.015625
unaligned,unaligned_version_24.pkl,zhNksSReaQk$_$27,audio,compared_with_dataset02,11,11,1,64,0.171875,0.015625
unaligned,unaligned_version_24.pkl,zhNksSReaQk$_$27,audio,compared_with_dataset02,13,13,1,64,0.203125,0.015625
unaligned,unaligned_version_24.pkl,zhNksSReaQk$_$27,audio,compared_with_dataset02,17,17,1,64,0.265625,0.015625
unaligned,unaligned_version_24.pkl,zhNksSReaQk$_$27,audio,compared_with_dataset02,19,19,1,64,0.296875,0.015625
unaligned,unaligned_version_24.pkl,zhNksSReaQk$_$27,audio,compared_with_dataset02,21,22,2,64,0.328125,0.03125
unaligned,unaligned_version_24.pkl,zhNksSReaQk$_$27,audio,compared_with_dataset02,26,26,1,64,0.40625,0.015625
unaligned,unaligned_version_24.pkl,zhNksSReaQk$_$27,audio,compared_with_dataset02,28,28,1,64,0.4375,0.015625
unaligned,unaligned_version_24.pkl,zhNksSReaQk$_$27,audio,compared_with_dataset02,36,36,1,64,0.5625,0.015625
unaligned,unaligned_version_24.pkl,zhNksSReaQk$_$27,audio,compared_with_dataset02,42,42,1,64,0.65625,0.015625
unaligned,unaligned_version_24.pkl,zhNksSReaQk$_$27,audio,compared_with_dataset02,44,44,1,64,0.6875,0.015625
unaligned,unaligned_version_24.pkl,zhNksSReaQk$_$27,audio,compared_with_dataset02,49,49,1,64,0.765625,0.015625
unaligned,unaligned_version_24.pkl,zhNksSReaQk$_$27,audio,compared_with_dataset02,61,61,1,64,0.953125,0.015625
unaligned,unaligned_version_24.pkl,zhNksSReaQk$_$27,audio,compared_with_dataset02,63,63,1,64,0.984375,0.015625
unaligned,unaligned_version_24.pkl,zhNksSReaQk$_$27,vision,compared_with_dataset02,3,4,2,48,0.0625,0.041666666666666664
unaligned,unaligned_version_24.pkl,zhNksSReaQk$_$27,vision,compared_with_dataset02,8,8,1,48,0.16666666666666666,0.020833333333333332
unaligned,unaligned_version_24.pkl,zhNksSReaQk$_$27,vision,compared_with_dataset02,15,15,1,48,0.3125,0.020833333333333332
unaligned,unaligned_version_24.pkl,zhNksSReaQk$_$27,vision,compared_with_dataset02,18,19,2,48,0.375,0.041666666666666664
unaligned,unaligned_version_24.pkl,zhNksSReaQk$_$27,vision,compared_with_dataset02,21,21,1,48,0.4375,0.020833333333333332
unaligned,unaligned_version_24.pkl,zhNksSReaQk$_$27,vision,compared_with_dataset02,29,29,1,48,0.6041666666666666,0.020833333333333332
unaligned,unaligned_version_24.pkl,zhNksSReaQk$_$27,vision,compared_with_dataset02,33,33,1,48,0.6875,0.020833333333333332
unaligned,unaligned_version_24.pkl,zhNksSReaQk$_$27,vision,compared_with_dataset02,41,41,1,48,0.8541666666666666,0.020833333333333332
unaligned,unaligned_version_24.pkl,zhNksSReaQk$_$27,vision,compared_with_dataset02,43,43,1,48,0.8958333333333334,0.020833333333333332
unaligned,unaligned_version_24.pkl,zhNksSReaQk$_$27,vision,compared_with_dataset02,47,47,1,48,0.9791666666666666,0.020833333333333332
unaligned,unaligned_version_25.pkl,194299$_$14,audio,compared_with_dataset02,4,4,1,53,0.07547169811320754,0.018867924528301886
unaligned,unaligned_version_25.pkl,194299$_$14,audio,compared_with_dataset02,6,7,2,53,0.11320754716981132,0.03773584905660377
unaligned,unaligned_version_25.pkl,194299$_$14,audio,compared_with_dataset02,16,17,2,53,0.3018867924528302,0.03773584905660377
unaligned,unaligned_version_25.pkl,194299$_$14,audio,compared_with_dataset02,29,30,2,53,0.5471698113207547,0.03773584905660377
unaligned,unaligned_version_25.pkl,194299$_$14,audio,compared_with_dataset02,35,35,1,53,0.660377358490566,0.018867924528301886
unaligned,unaligned_version_25.pkl,194299$_$14,audio,compared_with_dataset02,38,39,2,53,0.7169811320754716,0.03773584905660377
unaligned,unaligned_version_25.pkl,194299$_$14,audio,compared_with_dataset02,42,44,3,53,0.7924528301886793,0.05660377358490566
unaligned,unaligned_version_25.pkl,194299$_$14,audio,compared_with_dataset02,46,46,1,53,0.8679245283018868,0.018867924528301886
unaligned,unaligned_version_25.pkl,194299$_$14,audio,compared_with_dataset02,52,52,1,53,0.9811320754716981,0.018867924528301886
unaligned,unaligned_version_25.pkl,194299$_$14,vision,compared_with_dataset02,2,3,2,40,0.05,0.05
unaligned,unaligned_version_25.pkl,194299$_$14,vision,compared_with_dataset02,6,7,2,40,0.15,0.05
unaligned,unaligned_version_25.pkl,194299$_$14,vision,compared_with_dataset02,15,16,2,40,0.375,0.05
unaligned,unaligned_version_25.pkl,194299$_$14,vision,compared_with_dataset02,24,25,2,40,0.6,0.05
unaligned,unaligned_version_25.pkl,194299$_$14,vision,compared_with_dataset02,31,31,1,40,0.775,0.025
unaligned,unaligned_version_25.pkl,194299$_$14,vision,compared_with_dataset02,33,33,1,40,0.825,0.025
unaligned,unaligned_version_25.pkl,194299$_$14,vision,compared_with_dataset02,35,35,1,40,0.875,0.025
unaligned,unaligned_version_26.pkl,,audio,heuristic_internal_zeros,2,3,2,189,0.010582010582010581,0.010582010582010581
unaligned,unaligned_version_26.pkl,,audio,heuristic_internal_zeros,15,15,1,189,0.07936507936507936,0.005291005291005291
unaligned,unaligned_version_26.pkl,,audio,heuristic_internal_zeros,18,18,1,189,0.09523809523809523,0.005291005291005291
unaligned,unaligned_version_26.pkl,,audio,heuristic_internal_zeros,26,26,1,189,0.13756613756613756,0.005291005291005291
unaligned,unaligned_version_26.pkl,,audio,heuristic_internal_zeros,30,31,2,189,0.15873015873015872,0.010582010582010581
unaligned,unaligned_version_26.pkl,,audio,heuristic_internal_zeros,33,33,1,189,0.1746031746031746,0.005291005291005291
unaligned,unaligned_version_26.pkl,,audio,heuristic_internal_zeros,35,35,1,189,0.18518518518518517,0.005291005291005291
unaligned,unaligned_version_26.pkl,,audio,heuristic_internal_zeros,42,42,1,189,0.2222222222222222,0.005291005291005291
unaligned,unaligned_version_26.pkl,,audio,heuristic_internal_zeros,44,44,1,189,0.2328042328042328,0.005291005291005291
unaligned,unaligned_version_26.pkl,,audio,heuristic_internal_zeros,48,49,2,189,0.25396825396825395,0.010582010582010581
unaligned,unaligned_version_26.pkl,,audio,heuristic_internal_zeros,53,53,1,189,0.2804232804232804,0.005291005291005291
unaligned,unaligned_version_26.pkl,,audio,heuristic_internal_zeros,65,65,1,189,0.3439153439153439,0.005291005291005291
unaligned,unaligned_version_26.pkl,,audio,heuristic_internal_zeros,67,67,1,189,0.3544973544973545,0.005291005291005291
unaligned,unaligned_version_26.pkl,,audio,heuristic_internal_zeros,72,74,3,189,0.38095238095238093,0.015873015873015872
unaligned,unaligned_version_26.pkl,,audio,heuristic_internal_zeros,79,83,5,189,0.41798941798941797,0.026455026455026454
unaligned,unaligned_version_26.pkl,,audio,heuristic_internal_zeros,85,85,1,189,0.4497354497354497,0.005291005291005291
unaligned,unaligned_version_26.pkl,,audio,heuristic_internal_zeros,88,88,1,189,0.4656084656084656,0.005291005291005291
unaligned,unaligned_version_26.pkl,,audio,heuristic_internal_zeros,92,92,1,189,0.48677248677248675,0.005291005291005291
unaligned,unaligned_version_26.pkl,,audio,heuristic_internal_zeros,96,98,3,189,0.5079365079365079,0.015873015873015872
unaligned,unaligned_version_26.pkl,,audio,heuristic_internal_zeros,100,100,1,189,0.5291005291005291,0.005291005291005291
unaligned,unaligned_version_26.pkl,,audio,heuristic_internal_zeros,107,107,1,189,0.5661375661375662,0.005291005291005291
unaligned,unaligned_version_26.pkl,,audio,heuristic_internal_zeros,110,110,1,189,0.582010582010582,0.005291005291005291
unaligned,unaligned_version_26.pkl,,audio,heuristic_internal_zeros,112,113,2,189,0.5925925925925926,0.010582010582010581
unaligned,unaligned_version_26.pkl,,audio,heuristic_internal_zeros,116,117,2,189,0.6137566137566137,0.010582010582010581
unaligned,unaligned_version_26.pkl,,audio,heuristic_internal_zeros,123,123,1,189,0.6507936507936508,0.005291005291005291
unaligned,unaligned_version_26.pkl,,audio,heuristic_internal_zeros,126,126,1,189,0.6666666666666666,0.005291005291005291
unaligned,unaligned_version_26.pkl,,audio,heuristic_internal_zeros,128,128,1,189,0.6772486772486772,0.005291005291005291
unaligned,unaligned_version_26.pkl,,audio,heuristic_internal_zeros,134,135,2,189,0.708994708994709,0.010582010582010581
unaligned,unaligned_version_26.pkl,,audio,heuristic_internal_zeros,137,137,1,189,0.7248677248677249,0.005291005291005291
unaligned,unaligned_version_26.pkl,,audio,heuristic_internal_zeros,139,139,1,189,0.7354497354497355,0.005291005291005291
unaligned,unaligned_version_26.pkl,,audio,heuristic_internal_zeros,146,148,3,189,0.7724867724867724,0.015873015873015872
unaligned,unaligned_version_26.pkl,,audio,heuristic_internal_zeros,150,152,3,189,0.7936507936507936,0.015873015873015872
unaligned,unaligned_version_26.pkl,,audio,heuristic_internal_zeros,161,162,2,189,0.8518518518518519,0.010582010582010581
unaligned,unaligned_version_26.pkl,,audio,heuristic_internal_zeros,166,168,3,189,0.8783068783068783,0.015873015873015872
unaligned,unaligned_version_26.pkl,,audio,heuristic_internal_zeros,170,171,2,189,0.8994708994708994,0.010582010582010581
unaligned,unaligned_version_26.pkl,,audio,heuristic_internal_zeros,174,175,2,189,0.9206349206349206,0.010582010582010581
unaligned,unaligned_version_26.pkl,,audio,heuristic_internal_zeros,178,178,1,189,0.9417989417989417,0.005291005291005291
unaligned,unaligned_version_26.pkl,,audio,heuristic_internal_zeros,180,181,2,189,0.9523809523809523,0.010582010582010581
unaligned,unaligned_version_26.pkl,,audio,heuristic_internal_zeros,183,183,1,189,0.9682539682539683,0.005291005291005291
unaligned,unaligned_version_26.pkl,,audio,heuristic_internal_zeros,185,185,1,189,0.9788359788359788,0.005291005291005291
unaligned,unaligned_version_26.pkl,,vision,heuristic_internal_zeros,5,6,2,141,0.03546099290780142,0.014184397163120567
unaligned,unaligned_version_26.pkl,,vision,heuristic_internal_zeros,8,8,1,141,0.05673758865248227,0.0070921985815602835
unaligned,unaligned_version_26.pkl,,vision,heuristic_internal_zeros,10,11,2,141,0.07092198581560284,0.014184397163120567
unaligned,unaligned_version_26.pkl,,vision,heuristic_internal_zeros,16,16,1,141,0.11347517730496454,0.0070921985815602835
unaligned,unaligned_version_26.pkl,,vision,heuristic_internal_zeros,18,18,1,141,0.1276595744680851,0.0070921985815602835
unaligned,unaligned_version_26.pkl,,vision,heuristic_internal_zeros,23,24,2,141,0.16312056737588654,0.014184397163120567
unaligned,unaligned_version_26.pkl,,vision,heuristic_internal_zeros,27,31,5,141,0.19148936170212766,0.03546099290780142
unaligned,unaligned_version_26.pkl,,vision,heuristic_internal_zeros,36,36,1,141,0.2553191489361702,0.0070921985815602835
unaligned,unaligned_version_26.pkl,,vision,heuristic_internal_zeros,38,40,3,141,0.2695035460992908,0.02127659574468085
unaligned,unaligned_version_26.pkl,,vision,heuristic_internal_zeros,43,43,1,141,0.3049645390070922,0.0070921985815602835
unaligned,unaligned_version_26.pkl,,vision,heuristic_internal_zeros,59,59,1,141,0.41843971631205673,0.0070921985815602835
unaligned,unaligned_version_26.pkl,,vision,heuristic_internal_zeros,61,61,1,141,0.4326241134751773,0.0070921985815602835
unaligned,unaligned_version_26.pkl,,vision,heuristic_internal_zeros,63,63,1,141,0.44680851063829785,0.0070921985815602835
unaligned,unaligned_version_26.pkl,,vision,heuristic_internal_zeros,66,66,1,141,0.46808510638297873,0.0070921985815602835
unaligned,unaligned_version_26.pkl,,vision,heuristic_internal_zeros,73,73,1,141,0.5177304964539007,0.0070921985815602835
unaligned,unaligned_version_26.pkl,,vision,heuristic_internal_zeros,75,75,1,141,0.5319148936170213,0.0070921985815602835
unaligned,unaligned_version_26.pkl,,vision,heuristic_internal_zeros,84,84,1,141,0.5957446808510638,0.0070921985815602835
unaligned,unaligned_version_26.pkl,,vision,heuristic_internal_zeros,96,96,1,141,0.6808510638297872,0.0070921985815602835
unaligned,unaligned_version_26.pkl,,vision,heuristic_internal_zeros,98,98,1,141,0.6950354609929078,0.0070921985815602835
unaligned,unaligned_version_26.pkl,,vision,heuristic_internal_zeros,100,100,1,141,0.7092198581560284,0.0070921985815602835
unaligned,unaligned_version_26.pkl,,vision,heuristic_internal_zeros,102,102,1,141,0.723404255319149,0.0070921985815602835
unaligned,unaligned_version_26.pkl,,vision,heuristic_internal_zeros,105,105,1,141,0.7446808510638298,0.0070921985815602835
unaligned,unaligned_version_26.pkl,,vision,heuristic_internal_zeros,107,107,1,141,0.7588652482269503,0.0070921985815602835
unaligned,unaligned_version_26.pkl,,vision,heuristic_internal_zeros,115,118,4,141,0.8156028368794326,0.028368794326241134
unaligned,unaligned_version_26.pkl,,vision,heuristic_internal_zeros,121,121,1,141,0.8581560283687943,0.0070921985815602835
unaligned,unaligned_version_26.pkl,,vision,heuristic_internal_zeros,129,130,2,141,0.9148936170212766,0.014184397163120567
unaligned,unaligned_version_26.pkl,,vision,heuristic_internal_zeros,136,136,1,141,0.9645390070921985,0.0070921985815602835
unaligned,unaligned_version_27.pkl,,audio,heuristic_internal_zeros,2,4,3,182,0.01098901098901099,0.016483516483516484
unaligned,unaligned_version_27.pkl,,audio,heuristic_internal_zeros,6,6,1,182,0.03296703296703297,0.005494505494505495
unaligned,unaligned_version_27.pkl,,audio,heuristic_internal_zeros,8,10,3,182,0.04395604395604396,0.016483516483516484
unaligned,unaligned_version_27.pkl,,audio,heuristic_internal_zeros,13,13,1,182,0.07142857142857142,0.005494505494505495
unaligned,unaligned_version_27.pkl,,audio,heuristic_internal_zeros,15,15,1,182,0.08241758241758242,0.005494505494505495
unaligned,unaligned_version_27.pkl,,audio,heuristic_internal_zeros,21,21,1,182,0.11538461538461539,0.005494505494505495
unaligned,unaligned_version_27.pkl,,audio,heuristic_internal_zeros,24,25,2,182,0.13186813186813187,0.01098901098901099
unaligned,unaligned_version_27.pkl,,audio,heuristic_internal_zeros,28,28,1,182,0.15384615384615385,0.005494505494505495
unaligned,unaligned_version_27.pkl,,audio,heuristic_internal_zeros,32,32,1,182,0.17582417582417584,0.005494505494505495
unaligned,unaligned_version_27.pkl,,audio,heuristic_internal_zeros,34,35,2,182,0.18681318681318682,0.01098901098901099
unaligned,unaligned_version_27.pkl,,audio,heuristic_internal_zeros,37,38,2,182,0.2032967032967033,0.01098901098901099
unaligned,unaligned_version_27.pkl,,audio,heuristic_internal_zeros,41,43,3,182,0.22527472527472528,0.016483516483516484
unaligned,unaligned_version_27.pkl,,audio,heuristic_internal_zeros,45,45,1,182,0.24725274725274726,0.005494505494505495
unaligned,unaligned_version_27.pkl,,audio,heuristic_internal_zeros,50,50,1,182,0.27472527472527475,0.005494505494505495
unaligned,unaligned_version_27.pkl,,audio,heuristic_internal_zeros,56,56,1,182,0.3076923076923077,0.005494505494505495
unaligned,unaligned_version_27.pkl,,audio,heuristic_internal_zeros,61,62,2,182,0.33516483516483514,0.01098901098901099
unaligned,unaligned_version_27.pkl,,audio,heuristic_internal_zeros,66,66,1,182,0.3626373626373626,0.005494505494505495
unaligned,unaligned_version_27.pkl,,audio,heuristic_internal_zeros,71,71,1,182,0.3901098901098901,0.005494505494505495
unaligned,unaligned_version_27.pkl,,audio,heuristic_internal_zeros,73,73,1,182,0.4010989010989011,0.005494505494505495
unaligned,unaligned_version_27.pkl,,audio,heuristic_internal_zeros,79,79,1,182,0.4340659340659341,0.005494505494505495
unaligned,unaligned_version_27.pkl,,audio,heuristic_internal_zeros,81,81,1,182,0.44505494505494503,0.005494505494505495
unaligned,unaligned_version_27.pkl,,audio,heuristic_internal_zeros,86,86,1,182,0.4725274725274725,0.005494505494505495
unaligned,unaligned_version_27.pkl,,audio,heuristic_internal_zeros,92,93,2,182,0.5054945054945055,0.01098901098901099
unaligned,unaligned_version_27.pkl,,audio,heuristic_internal_zeros,101,102,2,182,0.554945054945055,0.01098901098901099
unaligned,unaligned_version_27.pkl,,audio,heuristic_internal_zeros,106,106,1,182,0.5824175824175825,0.005494505494505495
unaligned,unaligned_version_27.pkl,,audio,heuristic_internal_zeros,109,110,2,182,0.5989010989010989,0.01098901098901099
unaligned,unaligned_version_27.pkl,,audio,heuristic_internal_zeros,114,114,1,182,0.6263736263736264,0.005494505494505495
unaligned,unaligned_version_27.pkl,,audio,heuristic_internal_zeros,116,116,1,182,0.6373626373626373,0.005494505494505495
unaligned,unaligned_version_27.pkl,,audio,heuristic_internal_zeros,126,129,4,182,0.6923076923076923,0.02197802197802198
unaligned,unaligned_version_27.pkl,,audio,heuristic_internal_zeros,134,134,1,182,0.7362637362637363,0.005494505494505495
unaligned,unaligned_version_27.pkl,,audio,heuristic_internal_zeros,141,143,3,182,0.7747252747252747,0.016483516483516484
unaligned,unaligned_version_27.pkl,,audio,heuristic_internal_zeros,147,147,1,182,0.8076923076923077,0.005494505494505495
unaligned,unaligned_version_27.pkl,,audio,heuristic_internal_zeros,149,149,1,182,0.8186813186813187,0.005494505494505495
unaligned,unaligned_version_27.pkl,,audio,heuristic_internal_zeros,151,152,2,182,0.8296703296703297,0.01098901098901099
unaligned,unaligned_version_27.pkl,,audio,heuristic_internal_zeros,155,155,1,182,0.8516483516483516,0.005494505494505495
unaligned,unaligned_version_27.pkl,,audio,heuristic_internal_zeros,166,166,1,182,0.9120879120879121,0.005494505494505495
unaligned,unaligned_version_27.pkl,,audio,heuristic_internal_zeros,173,174,2,182,0.9505494505494505,0.01098901098901099
unaligned,unaligned_version_27.pkl,,audio,heuristic_internal_zeros,176,176,1,182,0.967032967032967,0.005494505494505495
unaligned,unaligned_version_27.pkl,,vision,heuristic_internal_zeros,12,12,1,136,0.08823529411764706,0.007352941176470588
unaligned,unaligned_version_27.pkl,,vision,heuristic_internal_zeros,16,17,2,136,0.11764705882352941,0.014705882352941176
unaligned,unaligned_version_27.pkl,,vision,heuristic_internal_zeros,21,21,1,136,0.15441176470588236,0.007352941176470588
unaligned,unaligned_version_27.pkl,,vision,heuristic_internal_zeros,23,23,1,136,0.16911764705882354,0.007352941176470588
unaligned,unaligned_version_27.pkl,,vision,heuristic_internal_zeros,26,26,1,136,0.19117647058823528,0.007352941176470588
unaligned,unaligned_version_27.pkl,,vision,heuristic_internal_zeros,29,29,1,136,0.21323529411764705,0.007352941176470588
unaligned,unaligned_version_27.pkl,,vision,heuristic_internal_zeros,32,32,1,136,0.23529411764705882,0.007352941176470588
unaligned,unaligned_version_27.pkl,,vision,heuristic_internal_zeros,34,35,2,136,0.25,0.014705882352941176
unaligned,unaligned_version_27.pkl,,vision,heuristic_internal_zeros,44,44,1,136,0.3235294117647059,0.007352941176470588
unaligned,unaligned_version_27.pkl,,vision,heuristic_internal_zeros,50,50,1,136,0.36764705882352944,0.007352941176470588
unaligned,unaligned_version_27.pkl,,vision,heuristic_internal_zeros,54,54,1,136,0.39705882352941174,0.007352941176470588
unaligned,unaligned_version_27.pkl,,vision,heuristic_internal_zeros,56,56,1,136,0.4117647058823529,0.007352941176470588
unaligned,unaligned_version_27.pkl,,vision,heuristic_internal_zeros,58,58,1,136,0.4264705882352941,0.007352941176470588
unaligned,unaligned_version_27.pkl,,vision,heuristic_internal_zeros,62,62,1,136,0.45588235294117646,0.007352941176470588
unaligned,unaligned_version_27.pkl,,vision,heuristic_internal_zeros,69,69,1,136,0.5073529411764706,0.007352941176470588
unaligned,unaligned_version_27.pkl,,vision,heuristic_internal_zeros,76,76,1,136,0.5588235294117647,0.007352941176470588
unaligned,unaligned_version_27.pkl,,vision,heuristic_internal_zeros,79,79,1,136,0.5808823529411765,0.007352941176470588
unaligned,unaligned_version_27.pkl,,vision,heuristic_internal_zeros,84,84,1,136,0.6176470588235294,0.007352941176470588
unaligned,unaligned_version_27.pkl,,vision,heuristic_internal_zeros,87,87,1,136,0.6397058823529411,0.007352941176470588
unaligned,unaligned_version_27.pkl,,vision,heuristic_internal_zeros,89,89,1,136,0.6544117647058824,0.007352941176470588
unaligned,unaligned_version_27.pkl,,vision,heuristic_internal_zeros,99,100,2,136,0.7279411764705882,0.014705882352941176
unaligned,unaligned_version_27.pkl,,vision,heuristic_internal_zeros,103,104,2,136,0.7573529411764706,0.014705882352941176
unaligned,unaligned_version_27.pkl,,vision,heuristic_internal_zeros,106,106,1,136,0.7794117647058824,0.007352941176470588
unaligned,unaligned_version_27.pkl,,vision,heuristic_internal_zeros,110,110,1,136,0.8088235294117647,0.007352941176470588
unaligned,unaligned_version_27.pkl,,vision,heuristic_internal_zeros,113,113,1,136,0.8308823529411765,0.007352941176470588
unaligned,unaligned_version_27.pkl,,vision,heuristic_internal_zeros,123,124,2,136,0.9044117647058824,0.014705882352941176
unaligned,unaligned_version_27.pkl,,vision,heuristic_internal_zeros,127,127,1,136,0.9338235294117647,0.007352941176470588
unaligned,unaligned_version_27.pkl,,vision,heuristic_internal_zeros,129,129,1,136,0.9485294117647058,0.007352941176470588
unaligned,unaligned_version_27.pkl,,vision,heuristic_internal_zeros,133,133,1,136,0.9779411764705882,0.007352941176470588
unaligned,unaligned_version_28.pkl,,audio,heuristic_internal_zeros,16,16,1,175,0.09142857142857143,0.005714285714285714
unaligned,unaligned_version_28.pkl,,audio,heuristic_internal_zeros,18,18,1,175,0.10285714285714286,0.005714285714285714
unaligned,unaligned_version_28.pkl,,audio,heuristic_internal_zeros,20,20,1,175,0.11428571428571428,0.005714285714285714
unaligned,unaligned_version_28.pkl,,audio,heuristic_internal_zeros,23,23,1,175,0.13142857142857142,0.005714285714285714
unaligned,unaligned_version_28.pkl,,audio,heuristic_internal_zeros,26,26,1,175,0.14857142857142858,0.005714285714285714
unaligned,unaligned_version_28.pkl,,audio,heuristic_internal_zeros,28,30,3,175,0.16,0.017142857142857144
unaligned,unaligned_version_28.pkl,,audio,heuristic_internal_zeros,32,32,1,175,0.18285714285714286,0.005714285714285714
unaligned,unaligned_version_28.pkl,,audio,heuristic_internal_zeros,34,35,2,175,0.19428571428571428,0.011428571428571429
unaligned,unaligned_version_28.pkl,,audio,heuristic_internal_zeros,37,37,1,175,0.21142857142857144,0.005714285714285714
unaligned,unaligned_version_28.pkl,,audio,heuristic_internal_zeros,39,39,1,175,0.22285714285714286,0.005714285714285714
unaligned,unaligned_version_28.pkl,,audio,heuristic_internal_zeros,42,42,1,175,0.24,0.005714285714285714
unaligned,unaligned_version_28.pkl,,audio,heuristic_internal_zeros,46,46,1,175,0.26285714285714284,0.005714285714285714
unaligned,unaligned_version_28.pkl,,audio,heuristic_internal_zeros,48,48,1,175,0.2742857142857143,0.005714285714285714
unaligned,unaligned_version_28.pkl,,audio,heuristic_internal_zeros,56,57,2,175,0.32,0.011428571428571429
unaligned,unaligned_version_28.pkl,,audio,heuristic_internal_zeros,59,59,1,175,0.33714285714285713,0.005714285714285714
unaligned,unaligned_version_28.pkl,,audio,heuristic_internal_zeros,61,61,1,175,0.3485714285714286,0.005714285714285714
unaligned,unaligned_version_28.pkl,,audio,heuristic_internal_zeros,71,71,1,175,0.4057142857142857,0.005714285714285714
unaligned,unaligned_version_28.pkl,,audio,heuristic_internal_zeros,73,74,2,175,0.41714285714285715,0.011428571428571429
unaligned,unaligned_version_28.pkl,,audio,heuristic_internal_zeros,81,81,1,175,0.46285714285714286,0.005714285714285714
unaligned,unaligned_version_28.pkl,,audio,heuristic_internal_zeros,84,84,1,175,0.48,0.005714285714285714
unaligned,unaligned_version_28.pkl,,audio,heuristic_internal_zeros,86,86,1,175,0.49142857142857144,0.005714285714285714
unaligned,unaligned_version_28.pkl,,audio,heuristic_internal_zeros,95,95,1,175,0.5428571428571428,0.005714285714285714
unaligned,unaligned_version_28.pkl,,audio,heuristic_internal_zeros,98,99,2,175,0.56,0.011428571428571429
unaligned,unaligned_version_28.pkl,,audio,heuristic_internal_zeros,103,105,3,175,0.5885714285714285,0.017142857142857144
unaligned,unaligned_version_28.pkl,,audio,heuristic_internal_zeros,108,109,2,175,0.6171428571428571,0.011428571428571429
unaligned,unaligned_version_28.pkl,,audio,heuristic_internal_zeros,115,115,1,175,0.6571428571428571,0.005714285714285714
unaligned,unaligned_version_28.pkl,,audio,heuristic_internal_zeros,119,119,1,175,0.68,0.005714285714285714
unaligned,unaligned_version_28.pkl,,audio,heuristic_internal_zeros,121,121,1,175,0.6914285714285714,0.005714285714285714
unaligned,unaligned_version_28.pkl,,audio,heuristic_internal_zeros,124,124,1,175,0.7085714285714285,0.005714285714285714
unaligned,unaligned_version_28.pkl,,audio,heuristic_internal_zeros,128,128,1,175,0.7314285714285714,0.005714285714285714
unaligned,unaligned_version_28.pkl,,audio,heuristic_internal_zeros,130,130,1,175,0.7428571428571429,0.005714285714285714
unaligned,unaligned_version_28.pkl,,audio,heuristic_internal_zeros,132,132,1,175,0.7542857142857143,0.005714285714285714
unaligned,unaligned_version_28.pkl,,audio,heuristic_internal_zeros,135,135,1,175,0.7714285714285715,0.005714285714285714
unaligned,unaligned_version_28.pkl,,audio,heuristic_internal_zeros,137,137,1,175,0.7828571428571428,0.005714285714285714
unaligned,unaligned_version_28.pkl,,audio,heuristic_internal_zeros,144,145,2,175,0.8228571428571428,0.011428571428571429
unaligned,unaligned_version_28.pkl,,audio,heuristic_internal_zeros,152,154,3,175,0.8685714285714285,0.017142857142857144
unaligned,unaligned_version_28.pkl,,audio,heuristic_internal_zeros,160,160,1,175,0.9142857142857143,0.005714285714285714
unaligned,unaligned_version_28.pkl,,audio,heuristic_internal_zeros,162,162,1,175,0.9257142857142857,0.005714285714285714
unaligned,unaligned_version_28.pkl,,audio,heuristic_internal_zeros,165,165,1,175,0.9428571428571428,0.005714285714285714
unaligned,unaligned_version_28.pkl,,audio,heuristic_internal_zeros,169,170,2,175,0.9657142857142857,0.011428571428571429
unaligned,unaligned_version_28.pkl,,vision,heuristic_internal_zeros,3,3,1,132,0.022727272727272728,0.007575757575757576
unaligned,unaligned_version_28.pkl,,vision,heuristic_internal_zeros,8,8,1,132,0.06060606060606061,0.007575757575757576
unaligned,unaligned_version_28.pkl,,vision,heuristic_internal_zeros,14,14,1,132,0.10606060606060606,0.007575757575757576
unaligned,unaligned_version_28.pkl,,vision,heuristic_internal_zeros,17,17,1,132,0.12878787878787878,0.007575757575757576
unaligned,unaligned_version_28.pkl,,vision,heuristic_internal_zeros,23,24,2,132,0.17424242424242425,0.015151515151515152
unaligned,unaligned_version_28.pkl,,vision,heuristic_internal_zeros,27,27,1,132,0.20454545454545456,0.007575757575757576
unaligned,unaligned_version_28.pkl,,vision,heuristic_internal_zeros,34,34,1,132,0.25757575757575757,0.007575757575757576
unaligned,unaligned_version_28.pkl,,vision,heuristic_internal_zeros,39,39,1,132,0.29545454545454547,0.007575757575757576
unaligned,unaligned_version_28.pkl,,vision,heuristic_internal_zeros,52,52,1,132,0.3939393939393939,0.007575757575757576
unaligned,unaligned_version_28.pkl,,vision,heuristic_internal_zeros,55,57,3,132,0.4166666666666667,0.022727272727272728
unaligned,unaligned_version_28.pkl,,vision,heuristic_internal_zeros,59,60,2,132,0.44696969696969696,0.015151515151515152
unaligned,unaligned_version_28.pkl,,vision,heuristic_internal_zeros,63,64,2,132,0.4772727272727273,0.015151515151515152
unaligned,unaligned_version_28.pkl,,vision,heuristic_internal_zeros,66,67,2,132,0.5,0.015151515151515152
unaligned,unaligned_version_28.pkl,,vision,heuristic_internal_zeros,70,71,2,132,0.5303030303030303,0.015151515151515152
unaligned,unaligned_version_28.pkl,,vision,heuristic_internal_zeros,75,75,1,132,0.5681818181818182,0.007575757575757576
unaligned,unaligned_version_28.pkl,,vision,heuristic_internal_zeros,77,77,1,132,0.5833333333333334,0.007575757575757576
unaligned,unaligned_version_28.pkl,,vision,heuristic_internal_zeros,79,79,1,132,0.5984848484848485,0.007575757575757576
unaligned,unaligned_version_28.pkl,,vision,heuristic_internal_zeros,83,84,2,132,0.6287878787878788,0.015151515151515152
unaligned,unaligned_version_28.pkl,,vision,heuristic_internal_zeros,88,88,1,132,0.6666666666666666,0.007575757575757576
unaligned,unaligned_version_28.pkl,,vision,heuristic_internal_zeros,90,91,2,132,0.6818181818181818,0.015151515151515152
unaligned,unaligned_version_28.pkl,,vision,heuristic_internal_zeros,96,96,1,132,0.7272727272727273,0.007575757575757576
unaligned,unaligned_version_28.pkl,,vision,heuristic_internal_zeros,99,99,1,132,0.75,0.007575757575757576
unaligned,unaligned_version_28.pkl,,vision,heuristic_internal_zeros,104,104,1,132,0.7878787878787878,0.007575757575757576
unaligned,unaligned_version_28.pkl,,vision,heuristic_internal_zeros,108,108,1,132,0.8181818181818182,0.007575757575757576
unaligned,unaligned_version_28.pkl,,vision,heuristic_internal_zeros,111,111,1,132,0.8409090909090909,0.007575757575757576
unaligned,unaligned_version_28.pkl,,vision,heuristic_internal_zeros,116,118,3,132,0.8787878787878788,0.022727272727272728
unaligned,unaligned_version_28.pkl,,vision,heuristic_internal_zeros,122,122,1,132,0.9242424242424242,0.007575757575757576
unaligned,unaligned_version_28.pkl,,vision,heuristic_internal_zeros,124,124,1,132,0.9393939393939394,0.007575757575757576
unaligned,unaligned_version_28.pkl,,vision,heuristic_internal_zeros,126,126,1,132,0.9545454545454546,0.007575757575757576
unaligned,unaligned_version_29.pkl,,audio,heuristic_internal_zeros,2,2,1,90,0.022222222222222223,0.011111111111111112
unaligned,unaligned_version_29.pkl,,audio,heuristic_internal_zeros,6,6,1,90,0.06666666666666667,0.011111111111111112
unaligned,unaligned_version_29.pkl,,audio,heuristic_internal_zeros,12,12,1,90,0.13333333333333333,0.011111111111111112
unaligned,unaligned_version_29.pkl,,audio,heuristic_internal_zeros,14,14,1,90,0.15555555555555556,0.011111111111111112
unaligned,unaligned_version_29.pkl,,audio,heuristic_internal_zeros,16,16,1,90,0.17777777777777778,0.011111111111111112
unaligned,unaligned_version_29.pkl,,audio,heuristic_internal_zeros,21,21,1,90,0.23333333333333334,0.011111111111111112
unaligned,unaligned_version_29.pkl,,audio,heuristic_internal_zeros,32,33,2,90,0.35555555555555557,0.022222222222222223
unaligned,unaligned_version_29.pkl,,audio,heuristic_internal_zeros,36,36,1,90,0.4,0.011111111111111112
unaligned,unaligned_version_29.pkl,,audio,heuristic_internal_zeros,38,38,1,90,0.4222222222222222,0.011111111111111112
unaligned,unaligned_version_29.pkl,,audio,heuristic_internal_zeros,42,43,2,90,0.4666666666666667,0.022222222222222223
unaligned,unaligned_version_29.pkl,,audio,heuristic_internal_zeros,45,45,1,90,0.5,0.011111111111111112
unaligned,unaligned_version_29.pkl,,audio,heuristic_internal_zeros,51,52,2,90,0.5666666666666667,0.022222222222222223
unaligned,unaligned_version_29.pkl,,audio,heuristic_internal_zeros,55,57,3,90,0.6111111111111112,0.03333333333333333
unaligned,unaligned_version_29.pkl,,audio,heuristic_internal_zeros,59,61,3,90,0.6555555555555556,0.03333333333333333
unaligned,unaligned_version_29.pkl,,audio,heuristic_internal_zeros,69,69,1,90,0.7666666666666667,0.011111111111111112
unaligned,unaligned_version_29.pkl,,audio,heuristic_internal_zeros,71,71,1,90,0.7888888888888889,0.011111111111111112
unaligned,unaligned_version_29.pkl,,audio,heuristic_internal_zeros,73,73,1,90,0.8111111111111111,0.011111111111111112
unaligned,unaligned_version_29.pkl,,audio,heuristic_internal_zeros,75,77,3,90,0.8333333333333334,0.03333333333333333
unaligned,unaligned_version_29.pkl,,audio,heuristic_internal_zeros,79,80,2,90,0.8777777777777778,0.022222222222222223
unaligned,unaligned_version_29.pkl,,audio,heuristic_internal_zeros,85,86,2,90,0.9444444444444444,0.022222222222222223
unaligned,unaligned_version_29.pkl,,audio,heuristic_internal_zeros,88,88,1,90,0.9777777777777777,0.011111111111111112
unaligned,unaligned_version_29.pkl,,vision,heuristic_internal_zeros,1,1,1,68,0.014705882352941176,0.014705882352941176
unaligned,unaligned_version_29.pkl,,vision,heuristic_internal_zeros,5,5,1,68,0.07352941176470588,0.014705882352941176
unaligned,unaligned_version_29.pkl,,vision,heuristic_internal_zeros,9,13,5,68,0.1323529411764706,0.07352941176470588
unaligned,unaligned_version_29.pkl,,vision,heuristic_internal_zeros,15,16,2,68,0.22058823529411764,0.029411764705882353
unaligned,unaligned_version_29.pkl,,vision,heuristic_internal_zeros,28,28,1,68,0.4117647058823529,0.014705882352941176
unaligned,unaligned_version_29.pkl,,vision,heuristic_internal_zeros,35,35,1,68,0.5147058823529411,0.014705882352941176
unaligned,unaligned_version_29.pkl,,vision,heuristic_internal_zeros,39,39,1,68,0.5735294117647058,0.014705882352941176
unaligned,unaligned_version_29.pkl,,vision,heuristic_internal_zeros,44,44,1,68,0.6470588235294118,0.014705882352941176
unaligned,unaligned_version_29.pkl,,vision,heuristic_internal_zeros,50,50,1,68,0.7352941176470589,0.014705882352941176
unaligned,unaligned_version_29.pkl,,vision,heuristic_internal_zeros,52,52,1,68,0.7647058823529411,0.014705882352941176
unaligned,unaligned_version_29.pkl,,vision,heuristic_internal_zeros,54,55,2,68,0.7941176470588235,0.029411764705882353
unaligned,unaligned_version_29.pkl,,vision,heuristic_internal_zeros,59,59,1,68,0.8676470588235294,0.014705882352941176
unaligned,unaligned_version_29.pkl,,vision,heuristic_internal_zeros,61,61,1,68,0.8970588235294118,0.014705882352941176
unaligned,unaligned_version_29.pkl,,vision,heuristic_internal_zeros,66,66,1,68,0.9705882352941176,0.014705882352941176
unaligned,unaligned_version_30.pkl,,audio,heuristic_internal_zeros,4,4,1,122,0.03278688524590164,0.00819672131147541
unaligned,unaligned_version_30.pkl,,audio,heuristic_internal_zeros,8,9,2,122,0.06557377049180328,0.01639344262295082
unaligned,unaligned_version_30.pkl,,audio,heuristic_internal_zeros,16,17,2,122,0.13114754098360656,0.01639344262295082
unaligned,unaligned_version_30.pkl,,audio,heuristic_internal_zeros,20,20,1,122,0.16393442622950818,0.00819672131147541
unaligned,unaligned_version_30.pkl,,audio,heuristic_internal_zeros,22,22,1,122,0.18032786885245902,0.00819672131147541
unaligned,unaligned_version_30.pkl,,audio,heuristic_internal_zeros,24,24,1,122,0.19672131147540983,0.00819672131147541
unaligned,unaligned_version_30.pkl,,audio,heuristic_internal_zeros,27,29,3,122,0.22131147540983606,0.02459016393442623
unaligned,unaligned_version_30.pkl,,audio,heuristic_internal_zeros,31,31,1,122,0.2540983606557377,0.00819672131147541
unaligned,unaligned_version_30.pkl,,audio,heuristic_internal_zeros,34,34,1,122,0.2786885245901639,0.00819672131147541
unaligned,unaligned_version_30.pkl,,audio,heuristic_internal_zeros,49,50,2,122,0.4016393442622951,0.01639344262295082
unaligned,unaligned_version_30.pkl,,audio,heuristic_internal_zeros,52,52,1,122,0.4262295081967213,0.00819672131147541
unaligned,unaligned_version_30.pkl,,audio,heuristic_internal_zeros,55,55,1,122,0.45081967213114754,0.00819672131147541
unaligned,unaligned_version_30.pkl,,audio,heuristic_internal_zeros,62,62,1,122,0.5081967213114754,0.00819672131147541
unaligned,unaligned_version_30.pkl,,audio,heuristic_internal_zeros,67,67,1,122,0.5491803278688525,0.00819672131147541
unaligned,unaligned_version_30.pkl,,audio,heuristic_internal_zeros,69,69,1,122,0.5655737704918032,0.00819672131147541
unaligned,unaligned_version_30.pkl,,audio,heuristic_internal_zeros,71,72,2,122,0.5819672131147541,0.01639344262295082
unaligned,unaligned_version_30.pkl,,audio,heuristic_internal_zeros,74,74,1,122,0.6065573770491803,0.00819672131147541
unaligned,unaligned_version_30.pkl,,audio,heuristic_internal_zeros,76,76,1,122,0.6229508196721312,0.00819672131147541
unaligned,unaligned_version_30.pkl,,audio,heuristic_internal_zeros,82,82,1,122,0.6721311475409836,0.00819672131147541
unaligned,unaligned_version_30.pkl,,audio,heuristic_internal_zeros,87,87,1,122,0.7131147540983607,0.00819672131147541
unaligned,unaligned_version_30.pkl,,audio,heuristic_internal_zeros,95,95,1,122,0.7786885245901639,0.00819672131147541
unaligned,unaligned_version_30.pkl,,audio,heuristic_internal_zeros,103,105,3,122,0.8442622950819673,0.02459016393442623
unaligned,unaligned_version_30.pkl,,audio,heuristic_internal_zeros,111,111,1,122,0.9098360655737705,0.00819672131147541
unaligned,unaligned_version_30.pkl,,audio,heuristic_internal_zeros,113,113,1,122,0.9262295081967213,0.00819672131147541
unaligned,unaligned_version_30.pkl,,audio,heuristic_internal_zeros,116,116,1,122,0.9508196721311475,0.00819672131147541
unaligned,unaligned_version_30.pkl,,audio,heuristic_internal_zeros,120,120,1,122,0.9836065573770492,0.00819672131147541
unaligned,unaligned_version_30.pkl,,vision,heuristic_internal_zeros,0,1,2,74,0.0,0.02702702702702703
unaligned,unaligned_version_30.pkl,,vision,heuristic_internal_zeros,6,6,1,74,0.08108108108108109,0.013513513513513514
unaligned,unaligned_version_30.pkl,,vision,heuristic_internal_zeros,13,13,1,74,0.17567567567567569,0.013513513513513514
unaligned,unaligned_version_30.pkl,,vision,heuristic_internal_zeros,16,16,1,74,0.21621621621621623,0.013513513513513514
unaligned,unaligned_version_30.pkl,,vision,heuristic_internal_zeros,21,22,2,74,0.28378378378378377,0.02702702702702703
unaligned,unaligned_version_30.pkl,,vision,heuristic_internal_zeros,27,28,2,74,0.36486486486486486,0.02702702702702703
unaligned,unaligned_version_30.pkl,,vision,heuristic_internal_zeros,35,35,1,74,0.47297297297297297,0.013513513513513514
unaligned,unaligned_version_30.pkl,,vision,heuristic_internal_zeros,37,40,4,74,0.5,0.05405405405405406
unaligned,unaligned_version_30.pkl,,vision,heuristic_internal_zeros,44,44,1,74,0.5945945945945946,0.013513513513513514
unaligned,unaligned_version_30.pkl,,vision,heuristic_internal_zeros,48,49,2,74,0.6486486486486487,0.02702702702702703
unaligned,unaligned_version_30.pkl,,vision,heuristic_internal_zeros,52,54,3,74,0.7027027027027027,0.04054054054054054
unaligned,unaligned_version_30.pkl,,vision,heuristic_internal_zeros,60,60,1,74,0.8108108108108109,0.013513513513513514
unaligned,unaligned_version_30.pkl,,vision,heuristic_internal_zeros,66,68,3,74,0.8918918918918919,0.04054054054054054
unaligned,unaligned_version_30.pkl,,vision,heuristic_internal_zeros,70,70,1,74,0.9459459459459459,0.013513513513513514
