split,sample_id,content_steps,truncated,text_candidate_steps,audio_candidate_steps,vision_candidate_steps
train,-3g5yACwYnA$_$4,39,False,39,39,39
train,-HwX2H8Z4hY$_$3,18,False,18,18,3
train,-HwX2H8Z4hY$_$9,24,False,24,24,18
train,-NFrJFQijFE$_$0,10,False,10,10,0
train,-THoVjtIkeU$_$2,11,False,11,11,11
train,-UuX1xuaiiE$_$9,18,False,18,18,18
train,-WXXTNIJcVM$_$0,8,False,8,8,0
train,-a55Q6RWvTA$_$3,48,True,48,48,48
train,-aNfi7CP8vM$_$10,28,False,28,28,28
train,-aqamKhZ1Ec$_$1,29,False,29,29,29
train,-aqamKhZ1Ec$_$0,16,False,16,16,16
train,-dxfTGcXJoc$_$0,48,True,48,48,48
train,-dxfTGcXJoc$_$6,32,False,32,32,32
train,-egA8-b7-3M$_$3,21,False,21,21,21
train,-lqc32Zpr7M$_$18,29,False,29,29,29
train,-lzEya4AM_4$_$6,48,False,48,48,48
train,-mJ2ud6oKI8$_$9,29,False,29,29,29
train,-mqbVkbCndg$_$1,8,False,8,8,8
train,-mqbVkbCndg$_$4,21,False,21,21,21
train,-tPCytz4rww$_$16,17,False,17,17,17
train,-vxjVxOeScU$_$2,19,False,19,19,19
train,-wny0OAz3g8$_$0,11,False,11,11,11
train,-wny0OAz3g8$_$5,27,False,27,27,27
train,03X1FwF6udc$_$22,21,False,21,21,21
train,07Z16yRBFUQ$_$5,39,False,39,39,39
train,0BVed2nBq1g$_$0,8,False,8,8,8
train,0BVed2nBq1g$_$3,11,False,11,11,11
train,0BVed2nBq1g$_$2,26,False,26,26,26
train,0DBfvvIVmqY$_$13,8,False,8,8,8
train,0DBfvvIVmqY$_$14,16,False,16,16,16
train,0DBfvvIVmqY$_$4,9,False,9,9,9
train,0DBfvvIVmqY$_$8,11,False,11,11,11
train,0EphpADwdPg$_$6,14,False,14,14,14
train,0FA32bEZ6xI$_$24,30,False,30,30,30
train,0FA32bEZ6xI$_$25,18,False,18,18,18
train,0FA32bEZ6xI$_$28,18,False,18,18,18
train,0FA32bEZ6xI$_$3,12,False,12,12,12
train,0FA32bEZ6xI$_$6,12,False,12,12,12
train,0FA32bEZ6xI$_$15,35,False,35,35,35
train,0FA32bEZ6xI$_$14,11,False,11,11,11
train,0FA32bEZ6xI$_$18,8,False,8,8,8
train,0JuRmhhgMw8$_$0,15,False,15,15,15
train,0OC3wf9x3zQ$_$7,19,False,19,19,19
train,0OC3wf9x3zQ$_$6,26,False,26,26,26
train,0OXeN3MhFeA$_$19,29,False,29,29,29
train,0OXeN3MhFeA$_$18,15,False,15,15,15
train,0OXeN3MhFeA$_$15,20,False,20,20,20
train,0Svu5BldR5A$_$0,36,False,36,36,36
train,0YdYFtVdlWE$_$7,4,False,4,4,4
train,0YdYFtVdlWE$_$6,10,False,10,10,10
train,0YdYFtVdlWE$_$8,14,False,14,14,14
train,0YdYFtVdlWE$_$10,19,False,19,19,19
train,0YdYFtVdlWE$_$15,37,False,37,37,34
train,0YdYFtVdlWE$_$14,15,False,15,15,15
train,0bsTzavb-AE$_$3,15,False,15,15,15
train,0hCOCt6fWas$_$15,31,False,31,31,31
train,0hCOCt6fWas$_$2,33,False,33,33,33
train,0hCihQ5Kep0$_$3,19,False,19,19,19
train,0hCihQ5Kep0$_$4,7,False,7,7,7
train,0jtdrsmVzYQ$_$5,25,False,25,25,25
train,0mXv97u2OCM$_$7,18,False,18,18,18
train,0p9XKC_J3hU$_$2,29,False,29,29,29
train,0rE8jEvQW_I$_$3,20,False,20,20,20
train,0rE8jEvQW_I$_$4,21,False,21,21,21
train,0rE8jEvQW_I$_$9,6,False,6,6,6
train,0tkWa2skSmA$_$8,48,True,48,48,48
train,0tkWa2skSmA$_$6,17,False,17,17,17
train,100499$_$5,48,True,48,48,48
train,100499$_$4,18,False,18,18,18
train,101851$_$13,17,False,17,17,17
train,101851$_$14,8,False,8,8,1
train,101851$_$16,18,False,18,18,18
train,101851$_$0,20,False,20,20,15
train,102184$_$12,46,False,46,46,46
train,102184$_$1,19,False,19,19,19
train,102184$_$3,29,False,29,29,29
train,102184$_$7,14,False,14,14,14
train,10223$_$1,16,False,16,16,16
train,10223$_$9,17,False,17,17,17
train,106077$_$1,12,False,12,12,12
train,106077$_$2,18,False,18,18,18
train,106077$_$7,11,False,11,11,11
train,106514$_$10,25,False,25,25,25
train,106514$_$2,20,False,20,20,20
train,106514$_$9,4,False,4,4,4
train,106941$_$10,30,False,30,30,30
train,106941$_$12,26,False,26,26,26
train,106941$_$3,29,False,29,29,29
train,106941$_$2,11,False,11,11,11
train,106941$_$7,11,False,11,11,11
train,106941$_$9,9,False,9,9,9
train,106941$_$8,12,False,12,12,12
train,107551$_$1,27,False,27,27,27
train,107551$_$3,12,False,12,12,12
train,107551$_$5,48,True,48,48,48
train,107551$_$6,9,False,9,9,9
train,108793$_$10,28,False,28,28,28
train,108793$_$17,21,False,21,21,10
train,108793$_$1,15,False,15,15,15
train,108793$_$0,3,False,3,3,3
train,108793$_$8,12,False,12,12,12
train,110203$_$2,48,True,48,48,17
train,110203$_$7,13,False,13,13,3
train,110754$_$3,23,False,23,23,20
train,110754$_$2,23,False,23,23,14
train,110766$_$8,7,False,7,7,7
train,110788$_$0,13,False,13,13,13
train,110788$_$5,15,False,15,15,15
train,112148$_$12,16,False,16,16,16
train,112148$_$5,11,False,11,11,11
train,112148$_$4,11,False,11,11,11
train,112148$_$7,19,False,19,19,19
train,112169$_$7,8,False,8,8,8
train,112604$_$1,48,True,48,48,48
train,112631$_$1,48,True,48,48,48
train,112631$_$6,20,False,20,20,20
train,112903$_$0,30,False,30,30,30
train,112903$_$3,27,False,27,27,27
train,112903$_$6,48,True,48,48,48
train,113265$_$3,18,False,18,18,18
train,113265$_$4,33,False,33,33,33
train,114624$_$11,5,False,5,5,5
train,114624$_$6,18,False,18,18,18
train,114624$_$8,9,False,9,9,9
train,11650$_$0,4,False,4,4,4
train,11650$_$3,25,False,25,25,25
train,11650$_$4,33,False,33,33,33
train,11650$_$13,10,False,10,10,10
train,11650$_$18,22,False,22,22,22
train,119348$_$11,20,False,20,20,20
train,119348$_$3,24,False,24,24,24
train,119348$_$2,20,False,20,20,8
train,120vnZnmhq4$_$2,29,False,29,29,29
train,121358$_$1,8,False,8,8,8
train,121358$_$4,5,False,5,5,5
train,121358$_$10,14,False,14,14,14
train,121358$_$13,7,False,7,7,7
train,121358$_$15,18,False,18,18,18
train,121358$_$14,18,False,18,18,18
train,122439$_$4,27,False,27,27,27
train,122602$_$12,33,False,33,33,33
train,122602$_$15,12,False,12,12,12
train,122602$_$0,14,False,14,14,14
train,122602$_$4,9,False,9,9,9
train,122842$_$1,10,False,10,10,0
train,122842$_$6,28,False,28,28,28
train,125730$_$12,22,False,22,22,22
train,125730$_$1,24,False,24,24,24
train,125730$_$0,28,False,28,28,28
train,125730$_$2,7,False,7,7,7
train,125730$_$8,18,False,18,18,18
train,125845$_$1,43,False,43,43,43
train,125845$_$3,41,False,41,41,41
train,125845$_$5,38,False,38,38,38
train,126542$_$11,31,False,31,31,31
train,126542$_$12,4,False,4,4,4
train,126542$_$17,13,False,13,13,13
train,126542$_$16,19,False,19,19,19
train,126542$_$3,10,False,10,10,10
train,126831$_$10,26,False,26,26,26
train,126831$_$3,25,False,25,25,25
train,127470$_$5,10,False,10,10,10
train,127470$_$6,16,False,16,16,16
train,127539$_$5,13,False,13,13,13
train,127539$_$7,35,False,35,35,35
train,127539$_$6,31,False,31,31,31
train,127539$_$9,17,False,17,17,17
train,127539$_$8,43,False,43,43,43
train,12812$_$3,48,True,48,48,48
train,12812$_$6,45,False,45,45,45
train,128258$_$13,36,False,36,36,36
train,128258$_$1,27,False,27,27,27
train,128752$_$15,22,False,22,22,22
train,128752$_$16,8,False,8,8,8
train,128752$_$3,27,False,27,27,27
train,128752$_$7,22,False,22,22,22
train,128752$_$9,23,False,23,23,23
train,128949$_$2,32,False,32,32,32
train,129733$_$7,36,False,36,36,36
train,130149$_$3,13,False,13,13,13
train,130149$_$6,23,False,23,23,23
train,130426$_$0,28,False,28,28,28
train,130426$_$6,31,False,31,31,31
train,130633$_$5,48,False,48,48,48
train,130633$_$7,16,False,16,16,16
train,131650$_$1,38,False,38,38,38
train,131650$_$0,19,False,19,19,19
train,131650$_$3,14,False,14,14,14
train,131650$_$9,3,False,3,3,3
train,131871$_$1,31,False,31,31,31
train,131936$_$2,9,False,9,9,9
train,131936$_$4,30,False,30,30,30
train,134252$_$1,19,False,19,19,17
train,134252$_$0,1,False,1,1,1
train,136205$_$12,11,False,11,11,11
train,136205$_$0,13,False,13,13,13
train,136205$_$6,6,False,6,6,6
train,136211$_$3,14,False,14,14,14
train,136211$_$2,45,False,45,45,45
train,137827$_$1,12,False,12,12,12
train,137827$_$2,31,False,31,31,31
train,137827$_$4,24,False,24,24,24
train,139006$_$12,48,True,48,48,48
train,139006$_$3,16,False,16,16,16
train,139032$_$16,7,False,7,7,7
train,139032$_$3,28,False,28,28,28
train,13JpsLvddoY$_$8,16,False,16,16,16
train,13JpsLvddoY$_$7,30,False,30,30,30
train,140293$_$0,18,False,18,18,17
train,140317$_$5,10,False,10,10,0
train,140317$_$7,48,True,48,48,48
train,154449$_$2,19,False,19,19,19
train,154449$_$4,3,False,3,3,3
train,154449$_$6,20,False,20,20,20
train,154449$_$8,20,False,20,20,20
train,15837$_$1,15,False,15,15,15
train,15837$_$9,38,False,38,38,11
train,15Wu4U2VPLw$_$2,15,False,15,15,15
train,15Wu4U2VPLw$_$4,27,False,27,27,25
train,15Wu4U2VPLw$_$6,15,False,15,15,0
train,15ktF-6wutk$_$4,17,False,17,17,3
train,180923$_$14,13,False,13,13,13
train,180923$_$5,4,False,4,4,4
train,180923$_$4,17,False,17,17,17
train,180923$_$6,48,True,48,48,48
train,184784$_$6,42,False,42,42,38
train,186631$_$10,36,False,36,36,36
train,186631$_$6,48,True,48,48,48
train,188122$_$12,23,False,23,23,23
train,188122$_$16,38,False,38,38,18
train,188122$_$9,29,False,29,29,29
train,189966$_$21,6,False,6,6,6
train,189966$_$22,7,False,7,7,7
train,189966$_$2,12,False,12,12,12
train,189966$_$4,10,False,10,10,10
train,189966$_$6,12,False,12,12,12
train,189966$_$12,9,False,9,9,9
train,189966$_$14,29,False,29,29,29
train,189966$_$16,40,False,40,40,40
train,189966$_$19,5,False,5,5,5
train,18JTkk8JbeU$_$6,26,False,26,26,26
train,18QjfdhJEM4$_$14,33,False,33,33,33
train,18QjfdhJEM4$_$17,12,False,12,12,12
train,18QjfdhJEM4$_$23,14,False,14,14,12
train,18QjfdhJEM4$_$4,32,False,32,32,32
train,190740$_$2,37,False,37,37,37
train,190740$_$4,22,False,22,22,22
train,190740$_$7,30,False,30,30,30
train,190740$_$6,14,False,14,14,14
train,192799$_$10,31,False,31,31,31
train,192799$_$17,28,False,28,28,28
train,192799$_$7,14,False,14,14,14
train,192799$_$8,29,False,29,29,29
train,194625$_$16,9,False,9,9,9
train,194625$_$18,48,False,48,48,45
train,194625$_$5,11,False,11,11,11
train,194625$_$7,39,False,39,39,37
train,197778$_$11,28,False,28,28,28
train,197778$_$2,15,False,15,15,15
train,197778$_$4,21,False,21,21,21
train,197778$_$9,15,False,15,15,15
train,19k6sEC7814$_$10,15,False,15,15,15
train,19k6sEC7814$_$4,18,False,18,18,18
train,1A-aRhYx-GQ$_$15,43,False,43,43,43
train,1A-aRhYx-GQ$_$31,23,False,23,23,23
train,1A-aRhYx-GQ$_$7,22,False,22,22,22
train,1A7dqFxx8wU$_$0,7,False,7,7,7
train,1CjUHNYzW1E$_$11,9,False,9,9,9
train,1ESU5ONMMxs$_$14,27,False,27,27,25
train,1ESU5ONMMxs$_$0,18,False,18,18,15
train,1ESU5ONMMxs$_$6,16,False,16,16,0
train,1ESU5ONMMxs$_$8,36,False,36,36,0
train,1F0qH0EEBfo$_$21,42,False,42,42,42
train,1F0qH0EEBfo$_$1,11,False,11,11,11
train,1F0qH0EEBfo$_$0,25,False,25,25,25
train,1F0qH0EEBfo$_$5,12,False,12,12,12
train,1F0qH0EEBfo$_$9,31,False,31,31,31
train,1F0qH0EEBfo$_$15,16,False,16,16,16
train,1F0qH0EEBfo$_$14,10,False,10,10,8
train,1JQ9UCBEmCU$_$1,12,False,12,12,3
train,1JQ9UCBEmCU$_$0,6,False,6,6,0
train,1W38PnuWIkM$_$3,21,False,21,21,14
train,1W38PnuWIkM$_$5,27,False,27,27,6
train,1W38PnuWIkM$_$4,25,False,25,25,25
train,1W38PnuWIkM$_$6,5,False,5,5,5
train,1bzS0YF5hfs$_$1,18,False,18,18,18
train,1dWsw38VDjY$_$9,31,False,31,31,31
train,1fqNb8cfLFE$_$2,48,True,48,48,48
train,1k7br8xXMSU$_$11,45,False,45,45,45
train,1k7br8xXMSU$_$12,48,True,48,48,48
train,1mHjMNZZvFo$_$1,27,False,27,27,27
train,1mHjMNZZvFo$_$5,17,False,17,17,17
train,1pvK0_9SQns$_$10,31,False,31,31,31
train,1pvK0_9SQns$_$8,35,False,35,35,35
train,1sJjdaXXuJg$_$4,28,False,28,28,28
train,1tuMFJnlXJc$_$20,32,False,32,32,32
train,1tuMFJnlXJc$_$1,14,False,14,14,14
train,1tuMFJnlXJc$_$3,48,False,48,48,48
train,1tuMFJnlXJc$_$4,20,False,20,20,20
train,2-4autDbHVQ$_$12,13,False,13,13,13
train,2-4autDbHVQ$_$19,10,False,10,10,10
train,2-4autDbHVQ$_$8,15,False,15,15,15
train,2-5hH_k2VFk$_$9,48,True,48,48,48
train,201582$_$2,48,True,48,48,48
train,201582$_$6,21,False,21,21,21
train,202431$_$6,48,True,48,48,42
train,202810$_$7,11,False,11,11,11
train,202810$_$8,27,False,27,27,27
train,202990$_$5,30,False,30,30,30
train,202990$_$6,38,False,38,38,38
train,206049$_$0,17,False,17,17,17
train,206049$_$3,35,False,35,35,35
train,206051$_$2,9,False,9,9,9
train,206376$_$2,11,False,11,11,11
train,206507$_$2,11,False,11,11,11
train,206507$_$6,35,False,35,35,35
train,206606$_$5,23,False,23,23,23
train,206606$_$7,37,False,37,37,37
train,207812$_$3,24,False,24,24,24
train,207812$_$9,11,False,11,11,11
train,207812$_$8,22,False,22,22,22
train,208148$_$11,19,False,19,19,19
train,208148$_$6,34,False,34,34,34
train,208299$_$5,48,False,48,48,48
train,208299$_$4,43,False,43,43,42
train,208299$_$6,39,False,39,39,39
train,208299$_$8,13,False,13,13,13
train,208416$_$11,29,False,29,29,29
train,208416$_$13,9,False,9,9,9
train,208416$_$16,6,False,6,6,6
train,208416$_$0,2,False,2,2,0
train,208416$_$2,15,False,15,15,15
train,208416$_$7,38,False,38,38,38
train,208416$_$9,17,False,17,17,17
train,208416$_$8,31,False,31,31,31
train,209354$_$1,26,False,26,26,0
train,209354$_$2,38,False,38,38,38
train,209775$_$10,26,False,26,26,17
train,209775$_$1,19,False,19,19,19
train,209775$_$0,9,False,9,9,0
train,209775$_$5,33,False,33,33,33
train,210238$_$13,11,False,11,11,11
train,210238$_$14,48,True,48,48,48
train,210238$_$16,41,False,41,41,41
train,210238$_$18,8,False,8,8,8
train,210238$_$1,2,False,2,2,2
train,210618$_$11,13,False,13,13,13
train,210618$_$10,11,False,11,11,11
train,210618$_$15,13,False,13,13,13
train,210618$_$5,15,False,15,15,15
train,210618$_$9,17,False,17,17,17
train,210618$_$8,18,False,18,18,17
train,21137$_$1,6,False,6,6,0
train,21137$_$0,13,False,13,13,5
train,21137$_$3,5,False,5,5,5
train,21137$_$2,18,False,18,18,18
train,21137$_$9,13,False,13,13,13
train,212532$_$10,23,False,23,23,23
train,212532$_$9,21,False,21,21,18
train,213619$_$0,6,False,6,6,0
train,213619$_$3,5,False,5,5,0
train,214095$_$11,9,False,9,9,9
train,214095$_$1,19,False,19,19,19
train,214095$_$4,8,False,8,8,8
train,215259$_$5,35,False,35,35,35
train,215259$_$4,4,False,4,4,4
train,216007$_$24,16,False,16,16,16
train,216007$_$28,3,False,3,3,3
train,216007$_$29,9,False,9,9,9
train,216007$_$1,41,False,41,41,41
train,216007$_$2,21,False,21,21,21
train,216007$_$5,14,False,14,14,14
train,216007$_$9,23,False,23,23,23
train,216007$_$12,48,True,48,48,48
train,21638$_$1,17,False,17,17,17
train,21638$_$0,17,False,17,17,17
train,21638$_$6,24,False,24,24,24
train,216857$_$1,9,False,9,9,1
train,216857$_$3,12,False,12,12,12
train,216857$_$6,6,False,6,6,6
train,216857$_$10,26,False,26,26,26
train,218708$_$13,48,True,48,48,47
train,218708$_$12,33,False,33,33,33
train,218708$_$15,19,False,19,19,19
train,218708$_$17,8,False,8,8,8
train,218708$_$1,14,False,14,14,0
train,218708$_$0,1,False,1,1,1
train,218708$_$8,12,False,12,12,12
train,219310$_$0,11,False,11,11,10
train,219310$_$2,23,False,23,23,23
train,219775$_$0,15,False,15,15,5
train,219775$_$5,14,False,14,14,1
train,220134$_$27,48,True,48,48,48
train,220134$_$21,32,False,32,32,32
train,220134$_$8,41,False,41,41,41
train,220134$_$17,38,False,38,38,38
train,220548$_$20,20,False,20,20,20
train,220548$_$1,48,True,48,48,48
train,220548$_$7,14,False,14,14,14
train,221740$_$0,3,False,3,3,3
train,221740$_$5,36,False,36,36,36
train,222116$_$1,27,False,27,27,27
train,222116$_$7,36,False,36,36,36
train,222116$_$6,45,False,45,45,45
train,223926$_$1,29,False,29,29,29
train,224599$_$1,14,False,14,14,14
train,224599$_$2,19,False,19,19,19
train,224599$_$5,38,False,38,38,38
train,224599$_$8,10,False,10,10,10
train,224772$_$12,6,False,6,6,6
train,224772$_$14,11,False,11,11,11
train,224772$_$1,9,False,9,9,9
train,224772$_$6,48,True,48,48,48
train,224869$_$10,27,False,27,27,27
train,224869$_$0,1,False,1,1,1
train,224869$_$3,48,True,48,48,48
train,224869$_$5,11,False,11,11,11
train,225343$_$10,13,False,13,13,13
train,225343$_$14,24,False,24,24,24
train,225343$_$3,48,True,48,48,48
train,225343$_$9,9,False,9,9,9
train,225416$_$14,31,False,31,31,31
train,225416$_$1,21,False,21,21,21
train,225416$_$3,10,False,10,10,10
train,225416$_$8,20,False,20,20,20
train,225768$_$6,31,False,31,31,31
train,227173$_$12,17,False,17,17,3
train,227173$_$6,22,False,22,22,18
train,227416$_$1,20,False,20,20,20
train,227416$_$0,28,False,28,28,28
train,227416$_$3,48,True,48,48,48
train,227416$_$5,29,False,29,29,9
train,227416$_$8,31,False,31,31,9
train,227426$_$19,13,False,13,13,13
train,227426$_$18,18,False,18,18,18
train,227426$_$0,17,False,17,17,17
train,227426$_$8,26,False,26,26,26
train,22821$_$14,16,False,16,16,16
train,22821$_$1,25,False,25,25,25
train,22821$_$0,6,False,6,6,6
train,22821$_$4,26,False,26,26,26
train,22821$_$9,34,False,34,34,25
train,22880$_$2,6,False,6,6,6
train,22880$_$6,10,False,10,10,10
train,229090$_$15,48,True,48,48,48
train,229090$_$16,11,False,11,11,11
train,229090$_$18,34,False,34,34,34
train,229903$_$0,12,False,12,12,12
train,229903$_$3,47,False,47,47,47
train,229967$_$2,6,False,6,6,6
train,230252$_$1,14,False,14,14,14
train,231025$_$11,13,False,13,13,13
train,231025$_$15,18,False,18,18,18
train,231025$_$14,9,False,9,9,9
train,231025$_$16,24,False,24,24,24
train,231025$_$0,7,False,7,7,7
train,231025$_$9,1,False,1,1,1
train,233171$_$1,46,False,46,46,46
train,233171$_$7,8,False,8,8,8
train,233356$_$1,11,False,11,11,11
train,233356$_$3,13,False,13,13,13
train,233366$_$4,20,False,20,20,20
train,233389$_$0,1,False,1,1,1
train,233389$_$5,37,False,37,37,37
train,234053$_$26,5,False,5,5,5
train,234053$_$21,7,False,7,7,7
train,234053$_$1,12,False,12,12,12
train,234053$_$11,37,False,37,37,12
train,234053$_$17,5,False,5,5,0
train,234053$_$19,11,False,11,11,9
train,234053$_$18,15,False,15,15,11
train,234587$_$2,16,False,16,16,16
train,234587$_$5,22,False,22,22,22
train,234587$_$11,27,False,27,27,27
train,234587$_$14,24,False,24,24,24
train,234587$_$16,10,False,10,10,9
train,234587$_$19,19,False,19,19,19
train,236399$_$4,8,False,8,8,7
train,236696$_$7,8,False,8,8,8
train,238023$_$22,31,False,31,31,31
train,238023$_$1,18,False,18,18,18
train,238023$_$37,45,False,45,45,45
train,238039$_$6,19,False,19,19,19
train,238060$_$13,43,False,43,43,43
train,238060$_$18,37,False,37,37,37
train,238060$_$5,23,False,23,23,23
train,238060$_$7,48,True,48,48,48
train,238100$_$3,14,False,14,14,14
train,238645$_$20,21,False,21,21,21
train,238645$_$23,23,False,23,23,23
train,238645$_$0,3,False,3,3,3
train,238645$_$6,5,False,5,5,5
train,238645$_$8,7,False,7,7,7
train,238889$_$2,24,False,24,24,24
train,238889$_$5,13,False,13,13,13
train,238889$_$4,25,False,25,25,25
train,238889$_$6,22,False,22,22,22
train,239235$_$11,18,False,18,18,18
train,239235$_$13,19,False,19,19,19
train,239235$_$1,13,False,13,13,13
train,239235$_$4,18,False,18,18,18
train,239235$_$8,10,False,10,10,9
train,239572$_$2,48,True,48,48,48
train,239572$_$4,5,False,5,5,5
train,23YlZoucbyM$_$4,30,False,30,30,30
train,240915$_$1,19,False,19,19,19
train,240915$_$2,27,False,27,27,27
train,240915$_$8,10,False,10,10,10
train,241164$_$10,34,False,34,34,34
train,241164$_$1,19,False,19,19,19
train,241164$_$0,19,False,19,19,19
train,241164$_$9,10,False,10,10,10
train,241172$_$3,42,False,42,42,42
train,241172$_$7,23,False,23,23,23
train,24202$_$10,21,False,21,21,21
train,24202$_$5,16,False,16,16,16
train,24202$_$4,8,False,8,8,8
train,24202$_$9,13,False,13,13,13
train,243338$_$20,16,False,16,16,16
train,243338$_$21,5,False,5,5,5
train,243338$_$22,48,True,48,48,25
train,243338$_$9,32,False,32,32,25
train,243341$_$23,12,False,12,12,12
train,243341$_$2,12,False,12,12,12
train,243341$_$7,13,False,13,13,13
train,243341$_$10,9,False,9,9,9
train,243341$_$14,23,False,23,23,9
train,244180$_$20,30,False,30,30,30
train,244180$_$4,11,False,11,11,11
train,244180$_$19,14,False,14,14,14
train,244180$_$18,5,False,5,5,5
train,244261$_$24,7,False,7,7,0
train,244261$_$20,22,False,22,22,7
train,244261$_$4,24,False,24,24,24
train,244261$_$7,14,False,14,14,14
train,244261$_$12,48,True,48,48,48
train,244261$_$14,19,False,19,19,19
train,244623$_$4,5,False,5,5,5
train,244623$_$9,4,False,4,4,4
train,244623$_$11,17,False,17,17,17
train,244623$_$17,33,False,33,33,33
train,244623$_$37,5,False,5,5,5
train,244817$_$2,15,False,15,15,15
train,244817$_$5,26,False,26,26,26
train,244817$_$9,32,False,32,32,32
train,245243$_$4,47,False,47,47,47
train,245276$_$2,9,False,9,9,9
train,245276$_$4,9,False,9,9,9
train,245276$_$7,16,False,16,16,6
train,245497$_$1,48,True,48,48,48
train,245497$_$2,30,False,30,30,30
train,245497$_$4,27,False,27,27,27
train,247382$_$1,17,False,17,17,0
train,247382$_$2,42,False,42,42,42
train,247382$_$6,21,False,21,21,21
train,247382$_$9,9,False,9,9,9
train,247382$_$11,33,False,33,33,33
train,247382$_$13,26,False,26,26,26
train,247382$_$14,23,False,23,23,23
train,248837$_$12,18,False,18,18,4
train,248837$_$6,8,False,8,8,0
train,24xayGF5yYA$_$24,46,False,46,46,41
train,24xayGF5yYA$_$26,26,False,26,26,26
train,24xayGF5yYA$_$3,6,False,6,6,6
train,24xayGF5yYA$_$2,22,False,22,22,12
train,24xayGF5yYA$_$10,27,False,27,27,27
train,24xayGF5yYA$_$15,13,False,13,13,13
train,24xayGF5yYA$_$16,31,False,31,31,29
train,250430$_$11,19,False,19,19,19
train,250430$_$10,11,False,11,11,11
train,250430$_$6,23,False,23,23,23
train,251417$_$1,7,False,7,7,7
train,251417$_$0,18,False,18,18,18
train,251646$_$13,22,False,22,22,22
train,251646$_$2,20,False,20,20,20
train,251646$_$4,10,False,10,10,10
train,251646$_$7,48,True,48,48,48
train,251826$_$6,13,False,13,13,13
train,251839$_$13,25,False,25,25,25
train,252177$_$2,9,False,9,9,9
train,252177$_$4,48,True,48,48,48
train,252177$_$9,9,False,9,9,9
train,25271$_$10,10,False,10,10,10
train,25271$_$0,36,False,36,36,35
train,254298$_$14,12,False,12,12,12
train,254298$_$0,3,False,3,3,0
train,254298$_$2,30,False,30,30,30
train,25522$_$0,11,False,11,11,11
train,25522$_$3,38,False,38,38,38
train,25522$_$5,38,False,38,38,38
train,255224$_$1,44,False,44,44,44
train,255224$_$5,23,False,23,23,23
train,255224$_$9,48,True,48,48,48
train,255224$_$8,17,False,17,17,17
train,255226$_$5,48,True,48,48,48
train,255226$_$8,29,False,29,29,29
train,255338$_$1,9,False,9,9,9
train,255338$_$2,6,False,6,6,6
train,255338$_$5,48,True,48,48,48
train,255338$_$7,18,False,18,18,18
train,255338$_$8,9,False,9,9,9
train,255343$_$0,22,False,22,22,22
train,255343$_$5,12,False,12,12,12
train,255343$_$8,12,False,12,12,12
train,255852$_$0,1,False,1,1,1
train,255852$_$6,21,False,21,21,21
train,255852$_$8,31,False,31,31,31
train,256174$_$6,17,False,17,17,17
train,256935$_$0,14,False,14,14,14
train,256935$_$4,25,False,25,25,25
train,256935$_$9,20,False,20,20,20
train,256935$_$10,18,False,18,18,18
train,256976$_$12,34,False,34,34,34
train,256976$_$2,23,False,23,23,15
train,256976$_$4,25,False,25,25,25
train,257045$_$11,14,False,14,14,14
train,257045$_$1,20,False,20,20,18
train,257531$_$15,25,False,25,25,25
train,257531$_$17,12,False,12,12,12
train,257531$_$1,12,False,12,12,12
train,257531$_$2,15,False,15,15,15
train,257771$_$15,12,False,12,12,12
train,257771$_$0,18,False,18,18,18
train,257771$_$3,18,False,18,18,18
train,257771$_$8,13,False,13,13,13
train,259260$_$26,13,False,13,13,13
train,259260$_$20,23,False,23,23,23
train,259260$_$22,4,False,4,4,4
train,259260$_$1,10,False,10,10,8
train,259260$_$37,13,False,13,13,13
train,25t8nrkUfRY$_$1,29,False,29,29,26
train,260011$_$20,11,False,11,11,10
train,260011$_$16,9,False,9,9,9
train,260011$_$0,5,False,5,5,5
train,260011$_$3,8,False,8,8,8
train,261267$_$11,24,False,24,24,24
train,261267$_$12,34,False,34,34,34
train,261267$_$15,29,False,29,29,29
train,261267$_$16,10,False,10,10,10
train,261267$_$19,17,False,17,17,17
train,261267$_$18,46,False,46,46,46
train,261267$_$2,4,False,4,4,4
train,261267$_$4,9,False,9,9,9
train,261267$_$8,12,False,12,12,12
train,261326$_$0,2,False,2,2,2
train,261326$_$3,48,True,48,48,48
train,261900$_$24,21,False,21,21,21
train,261900$_$27,25,False,25,25,25
train,261900$_$7,9,False,9,9,9
train,261900$_$9,11,False,11,11,11
train,261900$_$8,16,False,16,16,16
train,261900$_$30,12,False,12,12,12
train,261900$_$36,15,False,15,15,15
train,261900$_$34,8,False,8,8,8
train,261900$_$33,32,False,32,32,32
train,261902$_$0,4,False,4,4,4
train,261902$_$10,14,False,14,14,14
train,261902$_$15,35,False,35,35,35
train,261902$_$18,14,False,14,14,14
train,262165$_$22,7,False,7,7,3
train,262165$_$2,4,False,4,4,4
train,262165$_$4,48,True,48,48,42
train,262165$_$7,48,True,48,48,47
train,262165$_$6,31,False,31,31,30
train,262165$_$8,45,False,45,45,32
train,262165$_$13,14,False,14,14,5
train,262165$_$15,21,False,21,21,21
train,262165$_$17,12,False,12,12,8
train,262165$_$19,48,True,48,48,39
train,262165$_$18,17,False,17,17,17
train,264418$_$10,15,False,15,15,15
train,264418$_$13,6,False,6,6,6
train,264418$_$15,10,False,10,10,10
train,264418$_$4,29,False,29,29,29
train,264418$_$6,48,True,48,48,48
train,264446$_$23,31,False,31,31,31
train,264446$_$44,9,False,9,9,9
train,264446$_$43,13,False,13,13,13
train,264446$_$2,25,False,25,25,25
train,264446$_$38,31,False,31,31,31
train,264446$_$15,40,False,40,40,40
train,264446$_$14,37,False,37,37,37
train,265959$_$11,23,False,23,23,23
train,265959$_$15,5,False,5,5,5
train,265959$_$16,6,False,6,6,6
train,265959$_$0,26,False,26,26,26
train,265959$_$2,22,False,22,22,22
train,265959$_$5,35,False,35,35,35
train,265959$_$7,48,True,48,48,48
train,265959$_$9,33,False,33,33,33
train,266366$_$14,19,False,19,19,19
train,266366$_$16,4,False,4,4,4
train,266366$_$1,19,False,19,19,19
train,266366$_$0,1,False,1,1,1
train,266366$_$7,48,True,48,48,48
train,266366$_$8,48,True,48,48,48
train,266396$_$55,7,False,7,7,0
train,266396$_$82,4,False,4,4,4
train,266396$_$80,5,False,5,5,5
train,266396$_$87,6,False,6,6,6
train,266396$_$85,14,False,14,14,14
train,266396$_$33,7,False,7,7,7
train,266396$_$91,9,False,9,9,9
train,266396$_$93,4,False,4,4,4
train,266396$_$10,14,False,14,14,14
train,266396$_$18,11,False,11,11,11
train,266396$_$44,23,False,23,23,23
train,266396$_$45,8,False,8,8,8
train,266396$_$43,23,False,23,23,19
train,266396$_$74,12,False,12,12,12
train,266852$_$25,16,False,16,16,16
train,266852$_$20,48,True,48,48,48
train,266852$_$2,17,False,17,17,17
train,266852$_$13,32,False,32,32,32
train,266938$_$42,10,False,10,10,10
train,266938$_$43,9,False,9,9,9
train,266938$_$23,48,True,48,48,48
train,266938$_$25,34,False,34,34,34
train,266938$_$20,8,False,8,8,8
train,266938$_$49,29,False,29,29,29
train,266938$_$29,31,False,31,31,30
train,266938$_$0,11,False,11,11,11
train,266938$_$8,33,False,33,33,33
train,266938$_$38,33,False,33,33,33
train,266938$_$10,28,False,28,28,28
train,266938$_$15,19,False,19,19,19
train,266938$_$16,9,False,9,9,9
train,266938$_$54,10,False,10,10,10
train,267252$_$10,12,False,12,12,12
train,267252$_$13,25,False,25,25,25
train,267255$_$10,19,False,19,19,19
train,267255$_$13,10,False,10,10,10
train,267255$_$15,46,False,46,46,46
train,267255$_$16,15,False,15,15,15
train,267255$_$3,11,False,11,11,11
train,267255$_$7,48,True,48,48,48
train,267255$_$9,17,False,17,17,17
train,267278$_$1,14,False,14,14,14
train,267278$_$4,10,False,10,10,10
train,267278$_$9,24,False,24,24,24
train,267278$_$11,9,False,9,9,9
train,267278$_$14,15,False,15,15,15
train,267278$_$19,12,False,12,12,12
train,267799$_$2,14,False,14,14,14
train,267799$_$6,28,False,28,28,28
train,268836$_$2,17,False,17,17,17
train,268836$_$7,9,False,9,9,9
train,268836$_$6,1,False,1,1,0
train,268836$_$12,3,False,3,3,2
train,268836$_$15,17,False,17,17,17
train,268836$_$18,14,False,14,14,14
train,268836$_$34,13,False,13,13,13
train,270416$_$11,37,False,37,37,37
train,270416$_$13,28,False,28,28,28
train,270444$_$5,24,False,24,24,24
train,270449$_$10,14,False,14,14,14
train,270449$_$4,13,False,13,13,13
train,270628$_$24,30,False,30,30,30
train,270628$_$26,33,False,33,33,33
train,270628$_$21,46,False,46,46,46
train,270628$_$22,16,False,16,16,16
train,270628$_$0,4,False,4,4,4
train,270628$_$14,12,False,12,12,12
train,270665$_$25,32,False,32,32,32
train,270665$_$20,15,False,15,15,15
train,270665$_$22,8,False,8,8,8
train,270665$_$0,31,False,31,31,31
train,270665$_$6,38,False,38,38,38
train,270665$_$9,9,False,9,9,9
train,270665$_$13,6,False,6,6,6
train,270956$_$3,20,False,20,20,20
train,270956$_$9,25,False,25,25,25
train,270956$_$8,12,False,12,12,12
train,271366$_$26,37,False,37,37,37
train,271366$_$21,48,True,48,48,48
train,271366$_$41,7,False,7,7,1
train,271366$_$3,6,False,6,6,6
train,271366$_$5,14,False,14,14,13
train,271366$_$7,18,False,18,18,18
train,271366$_$38,20,False,20,20,13
train,271366$_$13,6,False,6,6,6
train,271366$_$17,13,False,13,13,13
train,271366$_$35,48,True,48,48,48
train,271366$_$34,17,False,17,17,17
train,271594$_$24,7,False,7,7,7
train,271594$_$23,15,False,15,15,15
train,271594$_$37,6,False,6,6,6
train,271594$_$34,14,False,14,14,14
train,271598$_$28,12,False,12,12,12
train,271598$_$10,1,False,1,1,1
train,271598$_$13,7,False,7,7,7
train,271598$_$17,16,False,16,16,16
train,271598$_$16,35,False,35,35,35
train,272375$_$11,33,False,33,33,33
train,272375$_$18,14,False,14,14,14
train,272375$_$0,10,False,10,10,10
train,273171$_$15,33,False,33,33,33
train,273171$_$1,13,False,13,13,13
train,273237$_$23,48,True,48,48,48
train,273237$_$1,13,False,13,13,8
train,273237$_$3,47,False,47,47,47
train,273237$_$11,6,False,6,6,6
train,273237$_$13,30,False,30,30,30
train,273237$_$12,39,False,39,39,39
train,273237$_$14,31,False,31,31,31
train,273237$_$17,20,False,20,20,20
train,273314$_$1,48,True,48,48,48
train,273314$_$4,12,False,12,12,12
train,273531$_$2,19,False,19,19,19
train,273531$_$7,14,False,14,14,14
train,273531$_$10,48,True,48,48,48
train,273531$_$19,18,False,18,18,18
train,274219$_$11,27,False,27,27,27
train,274219$_$3,6,False,6,6,6
train,274219$_$2,48,False,48,48,48
train,274219$_$4,13,False,13,13,13
train,275248$_$0,48,True,48,48,48
train,275620$_$3,25,False,25,25,20
train,275620$_$4,6,False,6,6,6
train,275620$_$12,17,False,17,17,0
train,275620$_$19,13,False,13,13,10
train,276217$_$24,15,False,15,15,15
train,276217$_$22,7,False,7,7,7
train,276217$_$6,10,False,10,10,10
train,276217$_$9,15,False,15,15,15
train,276217$_$38,22,False,22,22,22
train,276217$_$12,23,False,23,23,23
train,276217$_$32,12,False,12,12,12
train,276217$_$36,18,False,18,18,18
train,276217$_$19,14,False,14,14,14
train,276217$_$18,10,False,10,10,10
train,27798$_$11,14,False,14,14,14
train,27798$_$12,48,True,48,48,48
train,27798$_$15,15,False,15,15,15
train,27798$_$5,25,False,25,25,25
train,278474$_$3,12,False,12,12,7
train,278474$_$4,13,False,13,13,13
train,27ubp7CLLKQ$_$14,18,False,18,18,16
train,282560$_$15,8,False,8,8,8
train,282560$_$1,12,False,12,12,12
train,282560$_$3,15,False,15,15,15
train,282560$_$5,9,False,9,9,9
train,282560$_$4,28,False,28,28,28
train,282560$_$7,26,False,26,26,26
train,282560$_$6,5,False,5,5,5
train,282560$_$9,23,False,23,23,23
train,282586$_$25,6,False,6,6,6
train,282586$_$22,5,False,5,5,5
train,282586$_$3,12,False,12,12,12
train,282586$_$4,6,False,6,6,6
train,282586$_$12,17,False,17,17,17
train,282586$_$16,32,False,32,32,32
train,283495$_$7,13,False,13,13,13
train,284673$_$14,3,False,3,3,3
train,284673$_$18,12,False,12,12,12
train,284673$_$5,23,False,23,23,23
train,284673$_$8,39,False,39,39,39
train,288714$_$15,11,False,11,11,9
train,288714$_$17,20,False,20,20,20
train,288714$_$5,8,False,8,8,8
train,288714$_$8,7,False,7,7,7
train,288766$_$21,13,False,13,13,13
train,288766$_$2,40,False,40,40,40
train,288766$_$7,20,False,20,20,20
train,288766$_$17,31,False,31,31,31
train,290088$_$4,9,False,9,9,9
train,29044$_$12,23,False,23,23,23
train,29044$_$3,25,False,25,25,25
train,29044$_$2,26,False,26,26,14
train,29044$_$4,11,False,11,11,11
train,291121$_$7,34,False,34,34,34
train,292277$_$10,21,False,21,21,21
train,292277$_$2,14,False,14,14,14
train,292277$_$5,10,False,10,10,10
train,292277$_$4,46,False,46,46,46
train,294178$_$11,8,False,8,8,8
train,294178$_$14,4,False,4,4,4
train,294178$_$1,19,False,19,19,19
train,294178$_$0,8,False,8,8,8
train,294178$_$3,17,False,17,17,17
train,294178$_$7,19,False,19,19,19
train,295793$_$14,8,False,8,8,8
train,295793$_$3,25,False,25,25,21
train,295793$_$9,23,False,23,23,23
train,298736$_$26,12,False,12,12,12
train,298736$_$22,4,False,4,4,4
train,298736$_$28,15,False,15,15,15
train,298736$_$0,10,False,10,10,10
train,298736$_$7,16,False,16,16,16
train,298736$_$17,19,False,19,19,19
train,298736$_$16,8,False,8,8,8
train,298736$_$32,39,False,39,39,39
train,298774$_$12,17,False,17,17,17
train,298774$_$15,10,False,10,10,10
train,298774$_$17,6,False,6,6,6
train,298774$_$1,12,False,12,12,12
train,298774$_$4,13,False,13,13,9
train,2Crezdbre6I$_$10,34,False,34,34,34
train,2HmBM3GGTlg$_$2,5,False,5,5,0
train,2HmBM3GGTlg$_$5,6,False,6,6,6
train,2HmBM3GGTlg$_$7,19,False,19,19,19
train,2JY5HXBWO84$_$20,16,False,16,16,16
train,2JY5HXBWO84$_$14,25,False,25,25,25
train,2LpVvLemgvw$_$5,5,False,5,5,5
train,2PgJok07td4$_$3,27,False,27,27,27
train,2RDubrUjI-k$_$8,22,False,22,22,22
train,2RDubrUjI-k$_$4,17,False,17,17,17
train,2YwgSmmLibs$_$6,48,True,48,48,47
train,2ahFSMFvs_c$_$0,22,False,22,22,22
train,2c2fhh_Dsoo$_$4,29,False,29,29,29
train,2c6Gb73nx4E$_$2,38,False,38,38,38
train,2cwNG0YuwtQ$_$23,17,False,17,17,17
train,2cwNG0YuwtQ$_$1,21,False,21,21,21
train,2cwNG0YuwtQ$_$15,22,False,22,22,22
train,2f6ZHqJ76EU$_$8,41,False,41,41,41
train,2h9VVQUZjK0$_$12,9,False,9,9,9
train,2h9VVQUZjK0$_$8,14,False,14,14,14
train,2lj0BaPsJpM$_$7,19,False,19,19,19
train,2mWPHvbKzL8$_$10,22,False,22,22,22
train,2mWPHvbKzL8$_$15,21,False,21,21,21
train,2mWPHvbKzL8$_$19,39,False,39,39,39
train,2mWPHvbKzL8$_$3,29,False,29,29,29
train,2mWPHvbKzL8$_$2,21,False,21,21,21
train,2mWPHvbKzL8$_$4,25,False,25,25,25
train,2mWPHvbKzL8$_$6,12,False,12,12,12
train,2qKajMu7Vhc$_$2,18,False,18,18,18
train,2qKajMu7Vhc$_$4,8,False,8,8,8
train,2vX-ZRQQDwo$_$3,18,False,18,18,16
train,2vX-ZRQQDwo$_$4,15,False,15,15,10
train,2w7rpDe-HoA$_$1,18,False,18,18,18
train,2w7rpDe-HoA$_$3,48,True,48,48,48
train,2w7rpDe-HoA$_$5,48,True,48,48,48
train,2w7rpDe-HoA$_$7,26,False,26,26,26
train,30763$_$13,17,False,17,17,17
train,30763$_$15,21,False,21,21,21
train,30763$_$0,1,False,1,1,1
train,31197$_$3,28,False,28,28,28
train,31tcuDMQ_H8$_$11,17,False,17,17,17
train,31tcuDMQ_H8$_$1,48,True,48,48,48
train,327283$_$3,11,False,11,11,11
train,327283$_$2,15,False,15,15,15
train,327283$_$6,6,False,6,6,6
train,33312$_$0,2,False,2,2,2
train,33312$_$7,35,False,35,35,35
train,33312$_$6,47,False,47,47,47
train,33312$_$8,44,False,44,44,44
train,33439$_$10,21,False,21,21,21
train,33439$_$0,9,False,9,9,0
train,33439$_$3,39,False,39,39,39
train,33439$_$2,35,False,35,35,35
train,33439$_$9,10,False,10,10,10
train,33ueXDUn3mA$_$11,19,False,19,19,19
train,33ueXDUn3mA$_$1,29,False,29,29,29
train,34-ogj6rh6w$_$0,24,False,24,24,1
train,34-ogj6rh6w$_$2,6,False,6,6,6
train,34-ogj6rh6w$_$7,25,False,25,25,14
train,34-ogj6rh6w$_$8,14,False,14,14,14
train,34346$_$11,15,False,15,15,15
train,34346$_$14,21,False,21,21,21
train,34346$_$1,9,False,9,9,9
train,34346$_$0,16,False,16,16,16
train,34346$_$7,10,False,10,10,10
train,36098$_$1,5,False,5,5,5
train,36098$_$2,7,False,7,7,7
train,367506$_$10,9,False,9,9,9
train,367506$_$13,11,False,11,11,11
train,367506$_$15,6,False,6,6,6
train,367506$_$14,45,False,45,45,45
train,367506$_$1,1,False,1,1,1
train,367506$_$5,41,False,41,41,25
train,367576$_$2,40,False,40,40,40
train,367576$_$4,46,False,46,46,46
train,367576$_$9,27,False,27,27,27
train,36o2cux9kfQ$_$13,19,False,19,19,19
train,37117$_$1,48,True,48,48,48
train,37117$_$4,10,False,10,10,10
train,37117$_$6,15,False,15,15,15
train,37117$_$9,48,True,48,48,48
train,37117$_$8,48,True,48,48,48
train,37459$_$3,33,False,33,33,33
train,37459$_$2,27,False,27,27,27
train,37459$_$6,31,False,31,31,31
train,38019$_$0,31,False,31,31,29
train,38374$_$3,23,False,23,23,23
train,38374$_$7,48,True,48,48,48
train,38374$_$9,48,True,48,48,48
train,39lcRCFvV-s$_$21,28,False,28,28,28
train,39lcRCFvV-s$_$22,25,False,25,25,25
train,39lcRCFvV-s$_$46,17,False,17,17,17
train,39lcRCFvV-s$_$39,23,False,23,23,23
train,39lcRCFvV-s$_$13,44,False,44,44,44
train,39lcRCFvV-s$_$12,31,False,31,31,31
train,39lcRCFvV-s$_$19,27,False,27,27,27
train,39lcRCFvV-s$_$18,5,False,5,5,5
train,39lcRCFvV-s$_$30,9,False,9,9,9
train,3B1zIUj-k3o$_$10,42,False,42,42,42
train,3DOrdP4H8SA$_$13,7,False,7,7,7
train,3DOrdP4H8SA$_$3,13,False,13,13,13
train,3DgOMTs3A1E$_$24,6,False,6,6,6
train,3DgOMTs3A1E$_$22,9,False,9,9,9
train,3DgOMTs3A1E$_$23,43,False,43,43,43
train,3DgOMTs3A1E$_$1,17,False,17,17,17
train,3DgOMTs3A1E$_$7,12,False,12,12,12
train,3DgOMTs3A1E$_$17,27,False,27,27,27
train,3FpmKxZgihw$_$0,26,False,26,26,26
train,3GyEnzE1NTQ$_$14,26,False,26,26,26
train,3GyEnzE1NTQ$_$3,35,False,35,35,35
train,3GyEnzE1NTQ$_$4,16,False,16,16,16
train,3OMgvtWNHp4$_$10,10,False,10,10,0
train,3OuNMjZo5wg$_$13,32,False,32,32,32
train,3VsrcbjPwZY$_$0,33,False,33,33,33
train,3VsrcbjPwZY$_$7,47,False,47,47,47
train,3Wi0if_L6Ug$_$13,14,False,14,14,14
train,3Wi0if_L6Ug$_$12,24,False,24,24,24
train,3Wi0if_L6Ug$_$17,21,False,21,21,21
train,3Wi0if_L6Ug$_$4,22,False,22,22,22
train,3Wi0if_L6Ug$_$9,22,False,22,22,22
train,3aD0xAgxxyw$_$11,29,False,29,29,29
train,3aD0xAgxxyw$_$0,29,False,29,29,29
train,3aIQUQgawaI$_$12,26,False,26,9,7
train,3aIQUQgawaI$_$19,26,False,26,17,9
train,3aIQUQgawaI$_$5,43,False,43,43,36
train,3aIQUQgawaI$_$4,46,False,46,46,46
train,3aIQUQgawaI$_$7,48,True,48,48,48
train,3fhCxePBuZY$_$10,42,False,42,42,42
train,3fhCxePBuZY$_$4,16,False,16,16,16
train,3gA34VxBijI$_$1,21,False,21,21,0
train,3kNPvhdF1NA$_$0,48,True,48,48,48
train,3lkn8MS3n8Q$_$27,28,False,28,28,28
train,3lkn8MS3n8Q$_$6,24,False,24,24,24
train,3n44IP3tCVE$_$13,31,False,31,31,31
train,3n44IP3tCVE$_$0,21,False,21,21,21
train,3n44IP3tCVE$_$5,48,True,48,48,48
train,3n44IP3tCVE$_$6,24,False,24,24,24
train,3ocpWAmSNUE$_$5,22,False,22,22,22
train,3ocpWAmSNUE$_$6,12,False,12,12,12
train,3paDwuRQP1w$_$0,18,False,18,18,18
train,3sUS8vXbRwg$_$13,20,False,20,20,20
train,40181$_$21,22,False,22,22,22
train,40181$_$9,19,False,19,19,19
train,40181$_$13,48,True,48,48,48
train,40181$_$19,4,False,4,4,4
train,40260$_$8,26,False,26,26,26
train,40260$_$19,38,False,38,38,35
train,40260$_$18,48,True,48,48,48
train,41692$_$1,16,False,16,16,16
train,43371$_$6,34,False,34,34,34
train,43371$_$8,13,False,13,13,13
train,43456$_$2,29,False,29,29,29
train,43456$_$8,15,False,15,15,15
train,44780$_$1,24,False,24,24,18
train,44780$_$0,2,False,2,2,2
train,44780$_$3,48,True,48,48,44
train,44780$_$2,10,False,10,10,0
train,44780$_$7,48,True,48,48,48
train,44780$_$6,18,False,18,18,0
train,45175$_$9,22,False,22,22,22
train,45184$_$2,36,False,36,36,36
train,45184$_$5,48,True,48,48,48
train,45186$_$3,42,False,42,42,42
train,45186$_$2,23,False,23,23,23
train,45676$_$6,40,False,40,40,40
train,45c3QQzGakM$_$5,24,False,24,24,24
train,46497$_$1,10,False,10,10,10
train,46497$_$3,48,True,48,48,17
train,46604$_$3,12,False,12,12,12
train,46604$_$2,13,False,13,13,0
train,46604$_$4,9,False,9,9,9
train,46618$_$1,36,False,36,36,36
train,46618$_$0,16,False,16,16,16
train,46618$_$2,33,False,33,33,33
train,47472$_$10,29,False,29,29,7
train,47472$_$1,13,False,13,13,13
train,47472$_$4,9,False,9,9,0
train,47472$_$6,42,False,42,42,42
train,47472$_$8,36,False,36,36,36
train,49358$_$4,13,False,13,13,13
train,49358$_$6,19,False,19,19,19
train,49358$_$9,31,False,31,31,31
train,4AQC7_uCuEE$_$27,24,False,24,24,24
train,4AQC7_uCuEE$_$22,16,False,16,16,16
train,4AQC7_uCuEE$_$23,18,False,18,18,18
train,4BoE-woHtwA$_$12,34,False,34,34,34
train,4BoE-woHtwA$_$1,20,False,20,20,20
train,4BoE-woHtwA$_$5,17,False,17,17,10
train,4CKhrjuuofk$_$1,30,False,30,30,30
train,4CKhrjuuofk$_$5,25,False,25,25,25
train,4EEru3cZwXo$_$3,24,False,24,24,24
train,4GYfmpEEtl4$_$1,21,False,21,21,21
train,4GYfmpEEtl4$_$7,25,False,25,25,25
train,4GYfmpEEtl4$_$6,16,False,16,16,16
train,4H9RfQuqsvg$_$1,12,False,12,12,12
train,4H9RfQuqsvg$_$12,14,False,14,14,14
train,4H9RfQuqsvg$_$6,23,False,23,23,23
train,4HAC00EAdno$_$10,48,True,48,48,48
train,4HAC00EAdno$_$12,12,False,12,12,12
train,4HAC00EAdno$_$9,16,False,16,16,16
train,4Kh5N9W-Jr4$_$0,9,False,9,9,9
train,4Q7OkrJLzAc$_$1,18,False,18,18,18
train,4Q7OkrJLzAc$_$0,17,False,17,17,17
train,4Q95Lg3Icho$_$24,17,False,17,17,17
train,4Ry6M_ZfJQc$_$5,27,False,27,27,27
train,4VA4kqMnEqA$_$4,9,False,9,9,9
train,4VA4kqMnEqA$_$8,11,False,11,11,11
train,4hEWns7JBg0$_$25,21,False,21,21,21
train,4hEWns7JBg0$_$29,7,False,7,7,7
train,4iG0ffmnCOw$_$2,22,False,22,22,22
train,4iG0ffmnCOw$_$7,14,False,14,14,14
train,4iw1jTY-X3A$_$14,9,False,9,9,9
train,4iw1jTY-X3A$_$3,8,False,8,8,8
train,4jTUcNlxlYA$_$0,19,False,19,19,19
train,4jTUcNlxlYA$_$4,18,False,18,18,18
train,4jTUcNlxlYA$_$6,48,True,48,48,48
train,4jTUcNlxlYA$_$9,38,False,38,38,38
train,4kF0U8kIMp4$_$0,24,False,24,24,4
train,4kF0U8kIMp4$_$5,32,False,32,32,32
train,4kF0U8kIMp4$_$4,34,False,34,34,34
train,4lKz4xyCmkk$_$14,18,False,18,18,18
train,4poXF3xo6Z8$_$13,12,False,12,12,12
train,4poXF3xo6Z8$_$1,28,False,28,28,28
train,4poXF3xo6Z8$_$0,14,False,14,14,14
train,4poXF3xo6Z8$_$3,21,False,21,21,21
train,4poXF3xo6Z8$_$6,29,False,29,29,29
train,4qjz4BQCZyM$_$5,26,False,26,26,26
train,4qoB5a6dR3w$_$1,15,False,15,15,15
train,4wdeBJ39Cuw$_$0,30,False,30,30,30
train,4wdeBJ39Cuw$_$5,15,False,15,15,15
train,4wuug3-5cWo$_$5,22,False,22,22,3
train,50453$_$4,22,False,22,22,22
train,50453$_$8,6,False,6,6,6
train,51224$_$1,48,True,48,48,42
train,51224$_$9,18,False,18,18,18
train,52068$_$21,1,False,1,1,1
train,52068$_$2,11,False,11,11,11
train,52839$_$11,6,False,6,6,6
train,52839$_$13,20,False,20,20,20
train,52839$_$12,26,False,26,26,26
train,52839$_$0,3,False,3,3,3
train,52839$_$7,37,False,37,37,37
train,53742$_$1,15,False,15,15,15
train,53742$_$2,16,False,16,16,16
train,53742$_$5,48,True,48,48,48
train,55156$_$2,15,False,15,15,15
train,55156$_$8,30,False,30,30,25
train,56006$_$4,18,False,18,18,18
train,56276$_$11,48,True,48,48,48
train,56276$_$15,29,False,29,29,29
train,56276$_$1,20,False,20,20,20
train,56276$_$4,4,False,4,4,4
train,56276$_$7,31,False,31,31,28
train,57618$_$1,9,False,9,9,9
train,57618$_$3,20,False,20,20,20
train,59333$_$10,11,False,11,11,11
train,59333$_$19,8,False,8,8,8
train,59333$_$7,12,False,12,12,5
train,59333$_$9,7,False,7,7,7
train,5Fs_7A_V2kA$_$9,29,False,29,29,29
train,5JMpMKAO-Mk$_$5,19,False,19,19,19
train,5R5fDxZUL8M$_$2,26,False,26,26,26
train,5R5fDxZUL8M$_$5,27,False,27,27,27
train,5Tqu1IXJjGY$_$7,14,False,14,14,14
train,5XX0csik6VQ$_$0,47,False,47,47,47
train,5YnYGjrhzF4$_$0,48,True,48,48,48
train,5YnYGjrhzF4$_$8,27,False,27,27,27
train,5eA5HpyFsIk$_$0,32,False,32,32,32
train,5oEuiBPUTYc$_$6,34,False,34,34,32
train,5qQs9Cfydo4$_$9,38,False,38,38,38
train,5qxZFmIaynE$_$24,29,False,29,29,0
train,5qxZFmIaynE$_$15,21,False,21,21,15
train,5qxZFmIaynE$_$17,27,False,27,27,0
train,5qxZFmIaynE$_$28,18,False,18,18,13
train,5qxZFmIaynE$_$7,15,False,15,15,0
train,5qxZFmIaynE$_$9,18,False,18,18,0
train,5tV5rZZJDCE$_$7,18,False,18,18,18
train,5wpCKY2U1NE$_$10,18,False,18,18,18
train,5wpCKY2U1NE$_$5,20,False,20,20,20
train,60037$_$16,28,False,28,28,28
train,60037$_$1,17,False,17,17,17
train,65kkuNV921k$_$15,23,False,23,23,23
train,65kkuNV921k$_$22,22,False,22,22,22
train,65kkuNV921k$_$30,20,False,20,20,20
train,65kkuNV921k$_$26,15,False,15,15,15
train,65kkuNV921k$_$34,23,False,23,23,23
train,65kkuNV921k$_$3,24,False,24,24,24
train,65kkuNV921k$_$5,25,False,25,25,25
train,65kkuNV921k$_$7,26,False,26,26,26
train,65kkuNV921k$_$6,15,False,15,15,15
train,69707$_$2,40,False,40,40,40
train,6G8JJ69aN6o$_$4,14,False,14,14,14
train,6IUj6jyoTl0$_$0,22,False,22,22,1
train,6J_yzh1LNAE$_$0,21,False,21,21,21
train,6MYUY5tC2Us$_$0,11,False,11,11,4
train,6MYUY5tC2Us$_$2,16,False,16,16,16
train,6MloL1gIccs$_$4,25,False,25,25,25
train,6PLlauWxF5E$_$0,24,False,24,24,24
train,6PLlauWxF5E$_$2,28,False,28,28,28
train,6T1GHj7qwYs$_$5,41,False,41,41,41
train,6TDXQtGUNEs$_$11,26,False,26,26,26
train,6Vg10LxmWUY$_$0,19,False,19,19,14
train,6YNAmRjpxlA$_$0,35,False,35,35,35
train,6c7vAwDSVGc$_$2,30,False,30,30,30
train,6ng8CZ0ULK4$_$11,6,False,6,6,6
train,6ng8CZ0ULK4$_$1,33,False,33,33,33
train,6ng8CZ0ULK4$_$2,20,False,20,20,20
train,6q5uKCgairk$_$10,15,False,15,15,15
train,6q5uKCgairk$_$13,19,False,19,19,16
train,6q5uKCgairk$_$8,29,False,29,29,29
train,6qPjYvdZiLA$_$7,20,False,20,20,20
train,6rkV4QRcVnk$_$3,13,False,13,13,13
train,6slq62RwH3Q$_$10,21,False,21,21,21
train,6slq62RwH3Q$_$2,19,False,19,19,19
train,6slq62RwH3Q$_$7,20,False,20,20,20
train,6xvVFYR5di0$_$0,23,False,23,23,23
train,6xvVFYR5di0$_$9,11,False,11,11,0
train,6zjv1TLqfF0$_$11,7,False,7,7,7
train,6zjv1TLqfF0$_$10,6,False,6,6,6
train,6zjv1TLqfF0$_$1,15,False,15,15,15
train,6zjv1TLqfF0$_$3,6,False,6,6,6
train,6zjv1TLqfF0$_$7,7,False,7,7,7
train,70420$_$15,15,False,15,15,15
train,70420$_$4,7,False,7,7,7
train,70420$_$6,16,False,16,16,16
train,70710$_$3,41,False,41,41,41
train,70710$_$2,48,True,48,48,48
train,708sewcSXVY$_$3,33,False,33,33,33
train,72017$_$9,11,False,11,11,0
train,72385$_$24,23,False,23,23,23
train,72385$_$20,13,False,13,13,13
train,72385$_$21,15,False,15,15,15
train,72385$_$2,13,False,13,13,13
train,72385$_$5,14,False,14,14,14
train,72385$_$6,20,False,20,20,20
train,72385$_$12,15,False,15,15,15
train,72tXTrSXoMk$_$6,8,False,8,8,0
train,73447$_$16,11,False,11,11,11
train,73447$_$1,11,False,11,11,9
train,73447$_$0,1,False,1,1,1
train,73447$_$3,3,False,3,3,3
train,73447$_$6,18,False,18,18,18
train,73447$_$8,31,False,31,31,25
train,73449$_$13,17,False,17,17,17
train,73449$_$14,6,False,6,6,6
train,73449$_$2,11,False,11,11,5
train,73449$_$4,8,False,8,8,0
train,73449$_$8,48,True,48,48,33
train,74101$_$1,16,False,16,16,16
train,74101$_$6,47,False,47,47,22
train,74184$_$11,8,False,8,8,8
train,74184$_$7,44,False,44,44,44
train,74184$_$8,20,False,20,20,20
train,74870$_$3,19,False,19,19,19
train,74870$_$4,10,False,10,10,10
train,75938$_$1,28,False,28,28,28
train,76124$_$10,46,False,46,46,46
train,76124$_$1,20,False,20,20,20
train,76124$_$3,32,False,32,32,32
train,76124$_$2,34,False,34,34,34
train,76124$_$8,27,False,27,27,27
train,76sN4tvbPGk$_$9,15,False,15,15,15
train,76sN4tvbPGk$_$4,27,False,27,27,27
train,78577$_$11,16,False,16,16,16
train,78577$_$3,19,False,19,19,19
train,78577$_$8,16,False,16,16,16
train,79644$_$2,24,False,24,24,24
train,79934$_$5,18,False,18,18,5
train,79935$_$13,11,False,11,11,11
train,79935$_$15,6,False,6,6,6
train,79935$_$7,25,False,25,25,25
train,79935$_$6,13,False,13,13,13
train,79935$_$8,20,False,20,20,20
train,7EWOMjaKlus$_$12,25,False,25,25,25
train,7EWOMjaKlus$_$14,24,False,24,24,24
train,7R70kKqtGh0$_$1,26,False,26,26,26
train,7U_z0JfleAw$_$8,13,False,13,13,13
train,7UlSX-syPeo$_$18,40,False,40,40,39
train,7UlSX-syPeo$_$22,48,True,48,48,43
train,7UlSX-syPeo$_$4,13,False,13,13,13
train,7ZzbemE4QEE$_$25,22,False,22,22,22
train,7ZzbemE4QEE$_$27,15,False,15,15,15
train,7ZzbemE4QEE$_$21,10,False,10,10,10
train,7ZzbemE4QEE$_$3,35,False,35,35,35
train,7ZzbemE4QEE$_$2,32,False,32,32,32
train,7ZzbemE4QEE$_$39,20,False,20,20,20
train,7ZzbemE4QEE$_$15,15,False,15,15,15
train,7ZzbemE4QEE$_$33,6,False,6,6,6
train,7ZzbemE4QEE$_$34,4,False,4,4,4
train,7ZzbemE4QEE$_$32,14,False,14,14,14
train,7eJqqvvziQo$_$1,8,False,8,8,8
train,7eJqqvvziQo$_$0,28,False,28,28,28
train,7eJqqvvziQo$_$5,21,False,21,21,21
train,7eJqqvvziQo$_$7,23,False,23,23,23
train,7eWclVCXOtk$_$0,21,False,21,21,0
train,7eWclVCXOtk$_$4,12,False,12,12,12
train,7eWclVCXOtk$_$8,24,False,24,24,0
train,7fPYpqzw1iY$_$12,17,False,17,17,17
train,7hSWYI99-24$_$3,8,False,8,8,8
train,7hSWYI99-24$_$6,26,False,26,26,26
train,7pZPQbMKGkY$_$0,18,False,18,18,18
train,7pZPQbMKGkY$_$5,15,False,15,15,15
train,7rMLN0KKE5k$_$28,48,True,48,48,48
train,7rMLN0KKE5k$_$19,43,False,43,43,43
train,7rMLN0KKE5k$_$32,48,True,48,48,48
train,7sgAWvbLtiM$_$1,11,False,11,11,11
train,7sgAWvbLtiM$_$6,10,False,10,10,10
train,8-Hi9NmF4rM$_$1,19,False,19,19,19
train,8-Hi9NmF4rM$_$2,17,False,17,17,17
train,80620$_$0,1,False,1,1,1
train,80620$_$2,11,False,11,11,11
train,80620$_$5,9,False,9,9,9
train,80627$_$11,3,False,3,3,3
train,80627$_$13,28,False,28,28,28
train,80866$_$13,7,False,7,7,7
train,80866$_$12,12,False,12,12,12
train,80866$_$14,31,False,31,31,31
train,80866$_$1,15,False,15,15,13
train,80866$_$3,9,False,9,9,9
train,80866$_$2,16,False,16,16,0
train,80866$_$5,17,False,17,17,17
train,80866$_$4,23,False,23,23,23
train,80866$_$6,5,False,5,5,5
train,80914$_$3,10,False,10,10,10
train,81406$_$0,32,False,32,32,32
train,81406$_$2,7,False,7,7,7
train,81615$_$3,19,False,19,19,19
train,81615$_$7,8,False,8,8,1
train,81615$_$6,48,True,48,48,20
train,83310$_$1,48,True,48,48,48
train,83859$_$25,15,False,15,15,15
train,83859$_$29,14,False,14,14,14
train,83859$_$1,36,False,36,36,36
train,83859$_$3,29,False,29,29,29
train,83859$_$11,6,False,6,6,6
train,83859$_$12,20,False,20,20,20
train,83859$_$16,10,False,10,10,10
train,8404$_$11,25,False,25,25,25
train,8404$_$4,18,False,18,18,18
train,84133$_$23,23,False,23,23,23
train,84133$_$2,17,False,17,17,17
train,84133$_$9,4,False,4,4,4
train,84133$_$16,14,False,14,14,14
train,84133$_$19,4,False,4,4,4
train,84176$_$10,45,False,45,45,45
train,84176$_$1,14,False,14,14,14
train,84176$_$8,39,False,39,39,39
train,856LGms_0s0$_$9,29,False,29,29,29
train,87161$_$3,34,False,34,34,34
train,87161$_$2,18,False,18,18,18
train,87161$_$5,9,False,9,9,9
train,87400$_$13,4,False,4,4,4
train,87400$_$12,14,False,14,14,14
train,87400$_$14,12,False,12,12,12
train,88245$_$6,36,False,36,36,36
train,88797$_$12,6,False,6,6,6
train,88797$_$0,4,False,4,4,4
train,88797$_$3,14,False,14,14,14
train,88797$_$7,32,False,32,32,32
train,88888$_$4,11,False,11,11,11
train,88S1BjwMfdw$_$7,13,False,13,13,13
train,88oSn21TFcA$_$0,20,False,20,20,20
train,88oSn21TFcA$_$8,30,False,30,30,30
train,89747$_$9,48,True,48,48,45
train,89787$_$14,15,False,15,15,15
train,89787$_$4,27,False,27,27,27
train,89787$_$7,48,True,48,48,41
train,89951$_$10,20,False,20,20,20
train,89951$_$8,33,False,33,33,33
train,8Cp8c-eQELQ$_$11,21,False,21,21,21
train,8Cp8c-eQELQ$_$16,25,False,25,25,25
train,8EHEEXex5D8$_$11,24,False,24,24,24
train,8EHEEXex5D8$_$23,16,False,16,16,16
train,8EHEEXex5D8$_$18,19,False,19,19,19
train,8Lmqsakmw3M$_$20,23,False,23,23,23
train,8P0zm2oYDyY$_$1,22,False,22,22,22
train,8P0zm2oYDyY$_$6,16,False,16,16,16
train,8VB6pdJTpX4$_$1,23,False,23,23,18
train,8VP1qxX9mh4$_$0,24,False,24,24,24
train,8X5tGQLBqPo$_$11,45,False,45,45,45
train,8X5tGQLBqPo$_$10,33,False,33,33,33
train,8X5tGQLBqPo$_$13,18,False,18,18,18
train,8X5tGQLBqPo$_$15,38,False,38,38,38
train,8XODJwsvBa0$_$2,48,True,48,48,48
train,8YsIvz4qnk4$_$1,19,False,19,19,19
train,8ovb-GaZ3QE$_$3,12,False,12,12,12
train,8ovb-GaZ3QE$_$5,15,False,15,15,15
train,8qCNtqjygW8$_$10,8,False,8,8,8
train,8qCNtqjygW8$_$12,12,False,12,12,12
train,8qCNtqjygW8$_$1,7,False,7,7,7
train,8qCNtqjygW8$_$0,20,False,20,20,20
train,8qCNtqjygW8$_$7,9,False,9,9,0
train,8qCNtqjygW8$_$8,18,False,18,18,0
train,8u5aet7s9_w$_$8,48,True,48,48,48
train,8x81fzwcJko$_$5,19,False,19,19,9
train,8xfW_azeNPk$_$12,8,False,8,8,8
train,8xfW_azeNPk$_$1,38,False,38,38,38
train,8xfW_azeNPk$_$8,15,False,15,15,15
train,9-EO2oCAGA4$_$10,31,False,31,31,31
train,9-EO2oCAGA4$_$0,27,False,27,27,27
train,9-EO2oCAGA4$_$3,39,False,39,39,39
train,9-EO2oCAGA4$_$4,24,False,24,24,20
train,9-EO2oCAGA4$_$7,9,False,9,9,9
train,9-K1CXCXui4$_$15,48,True,48,48,48
train,9-K1CXCXui4$_$16,7,False,7,7,7
train,90172$_$11,48,True,48,48,48
train,90172$_$14,14,False,14,14,14
train,90172$_$0,46,False,46,46,46
train,90172$_$3,48,True,48,48,48
train,90172$_$7,9,False,9,9,9
train,90wZz0thye4$_$11,19,False,19,19,19
train,90wZz0thye4$_$10,14,False,14,14,14
train,90wZz0thye4$_$2,36,False,36,36,36
train,91276$_$1,4,False,4,4,4
train,91276$_$7,39,False,39,39,38
train,91276$_$8,4,False,4,4,4
train,91y7nPEWdmQ$_$5,48,True,48,48,48
train,92221$_$11,23,False,23,23,23
train,92221$_$12,22,False,22,22,22
train,92221$_$18,2,False,2,2,2
train,92221$_$5,19,False,19,19,19
train,92331$_$20,27,False,27,27,27
train,92331$_$21,7,False,7,7,7
train,92331$_$22,10,False,10,10,10
train,92331$_$1,14,False,14,14,14
train,92331$_$2,19,False,19,19,19
train,92331$_$8,17,False,17,17,17
train,92331$_$10,14,False,14,14,14
train,92331$_$18,9,False,9,9,9
train,92521$_$0,16,False,16,16,8
train,92521$_$6,23,False,23,23,23
train,92533$_$7,7,False,7,7,7
train,92533$_$6,19,False,19,19,19
train,93821$_$1,14,False,14,14,14
train,93821$_$7,20,False,20,20,20
train,93839$_$11,27,False,27,27,27
train,93839$_$1,19,False,19,19,19
train,93839$_$7,32,False,32,32,32
train,94215$_$1,15,False,15,15,7
train,94983$_$11,20,False,20,20,20
train,94983$_$6,7,False,7,7,7
train,94ULum9MYX0$_$11,27,False,27,10,9
train,96099$_$3,24,False,24,24,24
train,96099$_$9,31,False,31,31,31
train,96179$_$13,15,False,15,15,15
train,96179$_$14,4,False,4,4,4
train,96179$_$5,22,False,22,22,22
train,96194$_$12,13,False,13,13,13
train,96194$_$6,23,False,23,23,23
train,96350$_$2,19,False,19,19,19
train,96350$_$5,22,False,22,22,22
train,96350$_$7,37,False,37,37,37
train,96350$_$9,48,True,48,48,48
train,96350$_$8,1,False,1,1,1
train,96361$_$4,7,False,7,7,7
train,96361$_$7,27,False,27,27,27
train,96361$_$6,48,False,48,48,48
train,96361$_$8,6,False,6,6,6
train,97095$_$24,5,False,5,5,5
train,97095$_$20,11,False,11,11,11
train,97095$_$29,12,False,12,12,12
train,97095$_$0,1,False,1,1,1
train,97095$_$2,20,False,20,20,20
train,97095$_$5,7,False,7,7,7
train,97095$_$11,4,False,4,4,4
train,97095$_$17,26,False,26,26,26
train,97095$_$16,17,False,17,17,17
train,97095$_$33,17,False,17,17,17
train,97095$_$32,11,False,11,11,11
train,97992$_$10,12,False,12,12,12
train,97992$_$9,5,False,5,5,5
train,98187$_$11,16,False,16,16,13
train,98187$_$12,6,False,6,6,0
train,98187$_$1,10,False,10,10,4
train,98442$_$10,17,False,17,17,17
train,984VkHzXl8w$_$7,25,False,25,25,25
train,9BceQC_SdTM$_$3,48,True,48,48,48
train,9BceQC_SdTM$_$6,29,False,29,29,29
train,9K5mYSaoBL4$_$4,28,False,28,28,2
train,9K5mYSaoBL4$_$9,32,False,32,32,0
train,9Un1O2ypJmI$_$5,48,True,48,48,48
train,9VZ4cpoTFbo$_$2,18,False,18,18,18
train,9VZ4cpoTFbo$_$5,15,False,15,15,15
train,9cSJglGi9Pg$_$6,22,False,22,22,22
train,9cxlcpbmrH0$_$11,33,False,33,33,33
train,9dFEGb_RfwE$_$11,48,True,48,26,19
train,9f6A3ucYArQ$_$3,23,False,23,23,23
train,9pdyTplXwM4$_$5,17,False,17,17,17
train,9pzn93kdP_g$_$11,48,True,48,48,48
train,9pzn93kdP_g$_$17,12,False,12,12,12
train,9pzn93kdP_g$_$3,16,False,16,16,16
train,9tX18DNC74w$_$4,23,False,23,23,23
train,9zWeMrfr-l0$_$0,9,False,9,9,9
train,A4dzxgHDhF0$_$1,43,False,43,43,43
train,A8plGi4rbxM$_$4,22,False,22,22,22
train,ABSC1JNdpTw$_$9,44,False,44,44,44
train,ABSC1JNdpTw$_$11,20,False,20,20,20
train,ADYia28RrFU$_$4,11,False,11,11,11
train,ADYia28RrFU$_$7,28,False,28,28,3
train,ADYia28RrFU$_$9,17,False,17,17,17
train,ADYia28RrFU$_$8,19,False,19,19,19
train,AGFgaKPzjMQ$_$2,37,False,37,37,37
train,AIPqRuTjI4E$_$14,22,False,22,22,22
train,AIPqRuTjI4E$_$16,16,False,16,16,16
train,AKofHsmxa1I$_$6,29,False,29,29,29
train,APYv5s4ucd0$_$9,29,False,29,29,29
train,AVScVfLgNmw$_$1,21,False,21,21,0
train,AVScVfLgNmw$_$2,19,False,19,19,15
train,AepwIhSbAws$_$2,23,False,23,23,23
train,AggyS1coOb8$_$1,48,True,48,48,48
train,AmGocfFQfVE$_$1,19,False,19,19,19
train,AuPCZlKBzq8$_$11,29,False,29,29,29
train,Az3e1Opu0LE$_$1,16,False,16,16,16
train,Az3e1Opu0LE$_$5,9,False,9,9,9
train,BAi3ZJo5Vwg$_$11,42,False,42,42,42
train,BAi3ZJo5Vwg$_$7,48,False,48,48,48
train,BB_VwJSg3AI$_$6,38,False,38,38,38
train,BBoe8-HWPSw$_$4,33,False,33,33,28
train,BBoe8-HWPSw$_$7,27,False,27,27,27
train,BDCFV4EqHjY$_$1,32,False,32,32,32
train,BMhG11CXgww$_$5,19,False,19,19,19
train,BRdw-_dbJXc$_$19,16,False,16,16,16
train,BRzjQHYWbSs$_$11,26,False,26,26,26
train,BRzjQHYWbSs$_$15,29,False,29,29,29
train,BRzjQHYWbSs$_$16,14,False,14,14,14
train,BdqoZ5qpz0E$_$7,24,False,24,24,24
train,BdqoZ5qpz0E$_$6,25,False,25,25,25
train,BdqoZ5qpz0E$_$15,17,False,17,17,17
train,Bf5owLv3X98$_$4,22,False,22,22,22
train,Bg-PA5KTjNs$_$1,36,False,36,36,36
train,Bg-PA5KTjNs$_$3,17,False,17,17,17
train,Bg-PA5KTjNs$_$6,16,False,16,16,16
train,Bg-PA5KTjNs$_$8,40,False,40,40,40
train,BnWvk0YRgE4$_$0,48,True,48,48,48
train,Bo5IDtP8_Fk$_$11,48,True,48,48,48
train,BseI8-TYWm8$_$1,24,False,24,24,24
train,BseI8-TYWm8$_$2,22,False,22,22,22
train,BseI8-TYWm8$_$4,26,False,26,26,26
train,BuPhjBayua8$_$7,47,False,47,47,47
train,BuPhjBayua8$_$6,21,False,21,21,21
train,C03473pYcRM$_$7,48,True,48,48,48
train,C3lDRFu1ZcI$_$1,21,False,21,21,18
train,C3lDRFu1ZcI$_$3,15,False,15,15,0
train,CBYQDIqucxE$_$0,29,False,29,29,29
train,CE9yV4SearE$_$11,42,False,42,42,42
train,CHh6hWo1AFE$_$2,13,False,13,13,13
train,CIqRibqChDQ$_$0,38,False,38,38,38
train,CIqRibqChDQ$_$8,28,False,28,28,28
train,CK31s0kfp-k$_$16,25,False,25,25,25
train,CL4hDu95Eqw$_$0,38,False,38,38,38
train,CL4hDu95Eqw$_$3,14,False,14,14,14
train,CLkTjujFVKU$_$12,24,False,24,24,24
train,CLkTjujFVKU$_$0,48,True,48,48,48
train,CT7QOWbhfv4$_$3,39,False,39,39,39
train,CVx494kExvc$_$2,33,False,33,33,33
train,CVx494kExvc$_$6,21,False,21,21,21
train,CVx494kExvc$_$15,38,False,38,38,38
train,CVx494kExvc$_$8,24,False,24,24,24
train,CXojk-oSaEw$_$2,48,True,48,48,48
train,CZigX1ntOsI$_$3,17,False,17,17,17
train,Cb8ay6WtJuM$_$1,10,False,10,10,0
train,Cb8ay6WtJuM$_$4,7,False,7,7,0
train,Cd0JH1AreDw$_$5,14,False,14,14,14
train,CdB8QBhFccs$_$1,13,False,13,13,13
train,CdB8QBhFccs$_$2,20,False,20,20,20
train,CdB8QBhFccs$_$4,29,False,29,29,29
train,Ceu9AkIjuLY$_$13,18,False,18,18,18
train,Ceu9AkIjuLY$_$2,30,False,30,30,30
train,Ceu9AkIjuLY$_$4,13,False,13,13,13
train,Ceu9AkIjuLY$_$8,16,False,16,16,16
train,Cj7R36s4dbM$_$10,14,False,14,14,14
train,Ctc23Icfzvg$_$3,12,False,12,12,3
train,Ctc23Icfzvg$_$5,27,False,27,27,23
train,CvW0Mh1EWFA$_$3,48,True,48,48,45
train,CzstrpOTtgo$_$4,38,False,38,38,38
train,D5cQWqYcBAE$_$0,40,False,40,40,40
train,D5cQWqYcBAE$_$2,14,False,14,14,14
train,DEFDuYyc-Xw$_$7,12,False,12,12,12
train,DGeBPk1op3E$_$2,9,False,9,9,9
train,DGeBPk1op3E$_$5,30,False,30,30,13
train,DQ7QKE3hzVg$_$1,25,False,25,25,25
train,DXQGngge7vU$_$4,8,False,8,8,8
train,DZBpdzrMelA$_$3,24,False,24,24,24
train,DZBpdzrMelA$_$5,32,False,32,32,21
train,DZIFCYOhosQ$_$5,44,False,44,44,44
train,DZIFCYOhosQ$_$6,21,False,21,21,21
train,DaXkixKFEvE$_$4,13,False,13,13,13
train,DatH-ra0VKY$_$12,48,False,48,48,48
train,DatH-ra0VKY$_$3,48,False,48,48,48
train,DatH-ra0VKY$_$4,48,True,48,48,48
train,DbAppk7xT0Y$_$0,12,False,12,12,0
train,DfTMoqwMHVE$_$0,36,False,36,36,36
train,DhXBaBOB4E8$_$5,29,False,29,29,29
train,DiOw-w5LDJ0$_$1,32,False,32,32,32
train,DiOw-w5LDJ0$_$0,36,False,36,36,36
train,Drhrzj1yhVs$_$8,30,False,30,30,30
train,Drhrzj1yhVs$_$5,24,False,24,24,24
train,Dws8ZrzF7xQ$_$7,22,False,22,22,22
train,E0g6nae4Ae4$_$24,48,True,48,48,48
train,E0g6nae4Ae4$_$22,48,True,48,48,48
train,E0g6nae4Ae4$_$23,38,False,38,38,31
train,E0g6nae4Ae4$_$1,45,False,45,45,45
train,E0g6nae4Ae4$_$4,9,False,9,9,9
train,E0g6nae4Ae4$_$8,24,False,24,24,24
train,E0g6nae4Ae4$_$19,8,False,8,8,7
train,E0g6nae4Ae4$_$33,27,False,27,27,27
train,E8L1Z71vKG8$_$3,23,False,23,23,23
train,EEUGfVTyTQM$_$1,41,False,41,41,41
train,EHbZ2EeVags$_$1,13,False,13,13,13
train,EJT25p7JahU$_$7,33,False,33,33,33
train,EJT25p7JahU$_$6,16,False,16,16,16
train,EO_SN04Xef0$_$2,24,False,24,24,24
train,EOkdFMw0pmk$_$11,5,False,5,5,5
train,EOkdFMw0pmk$_$9,25,False,25,25,2
train,ERnYvxojeu0$_$1,19,False,19,19,15
train,ERnYvxojeu0$_$2,28,False,28,28,3
train,ERnYvxojeu0$_$4,19,False,19,19,19
train,EULEL3QhKD0$_$3,17,False,17,17,17
train,E_ocLuUw-1I$_$1,17,False,17,17,17
train,Ea_Huc2-lwo$_$2,22,False,22,22,22
train,Emi9cw9xa00$_$9,21,False,21,21,21
train,Emjv2cDzW1E$_$0,17,False,17,17,17
train,EoC83JhkCAw$_$10,23,False,23,23,0
train,EoC83JhkCAw$_$5,14,False,14,14,14
train,EoC83JhkCAw$_$4,25,False,25,25,12
train,EpadyoYlAjQ$_$0,5,False,5,5,5
train,ExDLNkDVsxY$_$4,16,False,16,16,16
train,ExDLNkDVsxY$_$6,12,False,12,12,9
train,F2M7WbPXRps$_$11,26,False,26,26,26
train,F2M7WbPXRps$_$12,20,False,20,20,20
train,F4OhXQTMOEc$_$3,16,False,16,16,16
train,F59hwsm4Ld0$_$23,13,False,13,13,13
train,F59hwsm4Ld0$_$49,23,False,23,23,23
train,F59hwsm4Ld0$_$0,15,False,15,15,15
train,F59hwsm4Ld0$_$7,8,False,8,8,8
train,F59hwsm4Ld0$_$6,6,False,6,6,6
train,F59hwsm4Ld0$_$11,24,False,24,24,24
train,F59hwsm4Ld0$_$14,39,False,39,39,39
train,F59hwsm4Ld0$_$17,11,False,11,11,11
train,F59hwsm4Ld0$_$16,4,False,4,4,4
train,F59hwsm4Ld0$_$36,22,False,22,22,22
train,F5SGdvSRJmo$_$10,9,False,9,9,9
train,F5SGdvSRJmo$_$3,9,False,9,9,9
train,F5SGdvSRJmo$_$7,15,False,15,15,15
train,F6Ci45lP5aA$_$0,15,False,15,15,15
train,F8KE2ZhoUe4$_$16,21,False,21,21,21
train,F8KE2ZhoUe4$_$19,20,False,20,20,20
train,F8KE2ZhoUe4$_$4,35,False,35,35,35
train,F8KE2ZhoUe4$_$20,23,False,23,23,23
train,FHlzZ2VxuGQ$_$13,25,False,25,25,25
train,FHlzZ2VxuGQ$_$7,28,False,28,28,28
train,FHlzZ2VxuGQ$_$9,20,False,20,20,20
train,FLyWn2DCci4$_$1,30,False,30,30,30
train,FLyWn2DCci4$_$3,7,False,7,7,7
train,FMW6diQ9rMo$_$4,15,False,15,15,15
train,FMW6diQ9rMo$_$8,21,False,21,21,14
train,FOMXt3lStco$_$1,42,False,42,42,42
train,FR0B64ID-hA$_$5,18,False,18,18,18
train,FRKwvmrwrZA$_$24,15,False,15,15,15
train,FRKwvmrwrZA$_$22,18,False,18,18,18
train,FX-YgVKC1AI$_$5,21,False,21,21,21
train,FX-YgVKC1AI$_$7,45,False,45,45,45
train,FaHosBIr0xY$_$3,22,False,22,22,22
train,FdTczBnXtYU$_$3,23,False,23,23,23
train,FmIS69vB12I$_$13,17,False,17,17,0
train,FmIS69vB12I$_$0,16,False,16,16,1
train,FmIS69vB12I$_$3,16,False,16,16,16
train,FmIS69vB12I$_$2,8,False,8,8,8
train,FmIS69vB12I$_$7,9,False,9,9,9
train,Fmwc7wkIc4Q$_$10,8,False,8,8,8
train,Fmwc7wkIc4Q$_$13,20,False,20,20,20
train,Fmwc7wkIc4Q$_$14,19,False,19,19,19
train,FphtHpVV-7w$_$0,13,False,13,13,13
train,FphtHpVV-7w$_$3,48,True,48,48,48
train,FsmNLTdE2p0$_$0,18,False,18,18,18
train,FvoZgWvc3gc$_$11,18,False,18,18,18
train,FylhSeozvG8$_$3,20,False,20,20,1
train,FylhSeozvG8$_$2,15,False,15,15,5
train,FylhSeozvG8$_$5,18,False,18,18,0
train,FylhSeozvG8$_$6,9,False,9,9,0
train,G1Z_JUTgZqo$_$0,24,False,24,24,24
train,G1Z_JUTgZqo$_$3,25,False,25,25,25
train,G1Z_JUTgZqo$_$2,24,False,24,24,24
train,G38DwNDQ8Cc$_$26,34,False,34,34,34
train,G38DwNDQ8Cc$_$1,35,False,35,35,35
train,G38DwNDQ8Cc$_$0,14,False,14,14,14
train,G38DwNDQ8Cc$_$2,32,False,32,32,32
train,G38DwNDQ8Cc$_$5,26,False,26,26,26
train,G4HMKRdIva0$_$10,43,False,43,43,43
train,G4HMKRdIva0$_$18,38,False,38,38,38
train,G4HMKRdIva0$_$15,17,False,17,17,17
train,G8p4QMjLUXI$_$7,13,False,13,13,10
train,G8p4QMjLUXI$_$9,25,False,25,25,21
train,GAY5ICoVnA8$_$12,35,False,35,35,35
train,GAY5ICoVnA8$_$3,45,False,45,45,45
train,GAY5ICoVnA8$_$5,40,False,40,40,40
train,GCOFujDHDx0$_$10,14,False,14,14,14
train,GCOFujDHDx0$_$2,21,False,21,21,21
train,GCOFujDHDx0$_$5,25,False,25,25,25
train,GCOFujDHDx0$_$9,20,False,20,20,20
train,GICVzJMDfv0$_$1,18,False,18,18,18
train,GJyzeK-Cn-0$_$6,48,True,48,48,48
train,GMnoxaqqReQ$_$1,23,False,23,23,23
train,GOj7TBcEA8E$_$3,13,False,13,13,13
train,GOj7TBcEA8E$_$4,27,False,27,27,27
train,GOj7TBcEA8E$_$8,44,False,44,44,44
train,GRFXnnrQaB4$_$0,14,False,14,14,0
train,GSnt_fW8qjI$_$4,48,True,48,48,46
train,GTGtVdAuyRc$_$10,17,False,17,17,17
train,GTGtVdAuyRc$_$0,19,False,19,19,18
train,GTGtVdAuyRc$_$5,6,False,6,6,6
train,GUffC7vu9zA$_$26,12,False,12,12,12
train,GUffC7vu9zA$_$37,17,False,17,17,17
train,GUffC7vu9zA$_$43,12,False,12,12,12
train,GUffC7vu9zA$_$41,14,False,14,14,14
train,G_M3lYn6hAA$_$5,21,False,21,21,21
train,GcfETVXgtg0$_$3,25,False,25,25,25
train,Gg9ZcRlwnbc$_$14,29,False,29,29,29
train,Gg9ZcRlwnbc$_$16,15,False,15,15,15
train,GkoBk5K-FH0$_$21,48,True,48,48,48
train,Gljee9uq_Rc$_$11,40,False,40,40,40
train,Gljee9uq_Rc$_$12,26,False,26,26,26
train,Gljee9uq_Rc$_$16,17,False,17,17,17
train,Gljee9uq_Rc$_$6,28,False,28,28,28
train,Gmhi58erY6k$_$0,15,False,15,15,2
train,GpRDC-S88dM$_$25,27,False,27,27,27
train,GpRDC-S88dM$_$1,13,False,13,13,13
train,GpRDC-S88dM$_$18,11,False,11,11,11
train,GtRxTvuF6J0$_$7,32,False,32,32,32
train,Gv0kKbfwPpI$_$2,19,False,19,19,2
train,H-AJ-grXvgQ$_$0,17,False,17,17,17
train,H26MMmrHTlQ$_$7,8,False,8,8,0
train,H26MMmrHTlQ$_$8,13,False,13,13,13
train,H4RysMUSQD8$_$7,19,False,19,19,19
train,H4w9mU8B3Mc$_$7,28,False,28,28,28
train,HByf7qiO-Kg$_$3,6,False,6,6,6
train,HIsJqphLCyw$_$1,18,False,18,18,18
train,HLFaW4oVP9E$_$13,26,False,26,26,26
train,HOCsiS0pmf0$_$2,48,True,48,48,48
train,HQ2LwfRcrVc$_$11,33,False,33,33,33
train,HQ2LwfRcrVc$_$8,11,False,11,11,11
train,HUH9BXVmAig$_$2,37,False,37,37,37
train,HUOMbK1x7MI$_$6,10,False,10,10,10
train,HVksxaUzv9Y$_$5,27,False,27,27,27
train,HXuRR2eBHHQ$_$2,32,False,32,32,27
train,Ha7DMd_iKyM$_$3,28,False,28,28,28
train,Ha7DMd_iKyM$_$4,13,False,13,13,13
train,HgDdU_RB9UA$_$10,48,True,48,48,39
train,HgDdU_RB9UA$_$7,22,False,22,22,22
train,HhpziYYP2Vg$_$16,26,False,26,26,26
train,Hkt_kncJGVM$_$2,21,False,21,21,21
train,I--8nRKCkJI$_$4,48,True,48,48,48
train,I--8nRKCkJI$_$7,45,False,45,45,45
train,I3SPlbTGuNc$_$5,35,False,35,35,35
train,I5cS_TlV5B8$_$2,16,False,16,16,16
train,IB0lGIxP8YY$_$11,18,False,18,18,18
train,IB0lGIxP8YY$_$5,14,False,14,14,14
train,IB0lGIxP8YY$_$8,43,False,43,43,43
train,ICeSewdyf34$_$5,34,False,34,34,34
train,ITQTVfk9Iqo$_$5,24,False,24,24,24
train,IW7IssCKgmI$_$9,17,False,17,17,17
train,I_r2CP56toU$_$6,22,False,22,22,18
train,IawsOlEKRf0$_$11,38,False,38,38,38
train,IawsOlEKRf0$_$26,30,False,30,30,30
train,IawsOlEKRf0$_$28,21,False,21,21,21
train,IawsOlEKRf0$_$3,19,False,19,19,19
train,IawsOlEKRf0$_$5,16,False,16,16,15
train,IkvL4IAiZog$_$8,28,False,28,28,28
train,IlgnbEdOhmI$_$9,48,True,48,48,48
train,IlgnbEdOhmI$_$1,12,False,12,12,12
train,IsAtAzltJNM$_$6,8,False,8,8,8
train,IsAtAzltJNM$_$8,25,False,25,25,25
train,Itqbc2TBXWY$_$26,29,False,29,29,29
train,Itqbc2TBXWY$_$23,13,False,13,13,13
train,Itqbc2TBXWY$_$1,34,False,34,34,34
train,Itqbc2TBXWY$_$0,38,False,38,38,38
train,Itqbc2TBXWY$_$6,15,False,15,15,15
train,Itqbc2TBXWY$_$13,48,True,48,48,48
train,Itqbc2TBXWY$_$18,23,False,23,23,23
train,IwQWibE8EOM$_$3,48,True,48,48,48
train,Iz_PDdyXr-8$_$3,25,False,25,25,25
train,J3-NEG8uoiE$_$11,13,False,13,13,13
train,J3-NEG8uoiE$_$1,25,False,25,25,25
train,J3-NEG8uoiE$_$3,46,False,46,46,46
train,J3JU1zBQ4RM$_$2,20,False,20,20,20
train,J7UduuBfnrE$_$4,17,False,17,17,17
train,J7UduuBfnrE$_$7,13,False,13,13,13
train,J7UduuBfnrE$_$6,17,False,17,17,17
train,J7UduuBfnrE$_$8,8,False,8,8,8
train,JAbFsRxxnFo$_$0,20,False,20,20,20
train,JCg26b8EO48$_$4,24,False,24,24,24
train,JCg26b8EO48$_$6,20,False,20,20,20
train,JDgqyOkzXHw$_$0,11,False,11,11,11
train,JDgqyOkzXHw$_$7,48,True,48,48,48
train,JDgqyOkzXHw$_$9,19,False,19,19,19
train,JF-5nlUNx_g$_$20,15,False,15,15,15
train,JF-5nlUNx_g$_$21,48,True,48,48,48
train,JF-5nlUNx_g$_$2,9,False,9,9,9
train,JF-5nlUNx_g$_$5,13,False,13,13,13
train,JF-5nlUNx_g$_$13,31,False,31,31,31
train,JF-5nlUNx_g$_$16,45,False,45,45,45
train,JF-5nlUNx_g$_$18,13,False,13,13,13
train,JGEEA_JVriE$_$0,48,True,48,48,48
train,JHW3nD6flgU$_$4,25,False,25,25,25
train,JHW3nD6flgU$_$8,6,False,6,6,6
train,JLqBVj6f5gI$_$21,15,False,15,15,15
train,JLqBVj6f5gI$_$17,28,False,28,28,28
train,JLqBVj6f5gI$_$8,23,False,23,23,23
train,JMb18N7lQ0A$_$1,17,False,17,17,17
train,JMzilFvwNXE$_$4,16,False,16,16,16
train,JP95Fby6qLE$_$23,31,False,31,31,31
train,JP95Fby6qLE$_$1,21,False,21,21,21
train,JSlTJsUulH0$_$2,19,False,19,19,19
train,JW3OfSCZlhc$_$5,11,False,11,11,0
train,JX-mwjSw0dk$_$8,18,False,18,18,18
train,JYdfUNjyYxo$_$5,28,False,28,28,28
train,JYsAacFmXEo$_$11,20,False,20,20,20
train,JYsAacFmXEo$_$17,34,False,34,34,34
train,J_DtcW86D9c$_$2,24,False,24,24,24
train,J_DtcW86D9c$_$9,28,False,28,28,28
train,Ja7phs8EbWk$_$10,25,False,25,25,25
train,Ja7phs8EbWk$_$6,16,False,16,16,16
train,JcmqmLaL_MQ$_$7,32,False,32,32,4
train,JdFaSggG58c$_$5,17,False,17,17,17
train,JdFaSggG58c$_$6,9,False,9,9,9
train,Jh1uDYOJMwk$_$1,25,False,25,25,25
train,Jh1uDYOJMwk$_$4,15,False,15,15,15
train,JlmpDdm1A1Y$_$3,43,False,43,43,43
train,JvgofTcCSEc$_$15,34,False,34,34,34
train,JvgofTcCSEc$_$19,23,False,23,23,23
train,JwzxqrD8tIo$_$9,32,False,32,32,32
train,JzydLJw6y6o$_$14,9,False,9,9,6
train,JzydLJw6y6o$_$0,31,False,31,31,22
train,JzydLJw6y6o$_$8,14,False,14,14,13
train,K5cGfs3i-tk$_$0,15,False,15,15,15
train,K62NK2KYhws$_$10,15,False,15,15,15
train,K62NK2KYhws$_$15,15,False,15,15,15
train,K62NK2KYhws$_$3,29,False,29,29,29
train,K62NK2KYhws$_$8,19,False,19,19,19
train,K7FiMf-Dmwo$_$2,15,False,15,15,15
train,K7KEtrgBkz4$_$9,34,False,34,34,34
train,K9-KyChw8RM$_$8,18,False,18,18,18
train,K9U2TAF9DDY$_$6,13,False,13,13,13
train,K9faaGel838$_$0,16,False,16,16,16
train,KD0w4BrNXQg$_$11,26,False,26,26,26
train,KD0w4BrNXQg$_$7,13,False,13,13,13
train,KEUVzxC7T3E$_$4,26,False,26,26,26
train,KI2sU-mhM44$_$16,46,False,46,46,46
train,KLy4aBLqwCk$_$15,27,False,27,27,27
train,KLy4aBLqwCk$_$17,29,False,29,29,29
train,KPeos6f4HuQ$_$6,17,False,17,17,17
train,KQ86HmgwUns$_$11,48,True,48,48,48
train,KR4MpF0YtgE$_$1,17,False,17,17,17
train,K_5u2Wh_wGk$_$5,24,False,24,24,24
train,Kep_mLLXsqk$_$3,25,False,25,25,25
train,Kep_mLLXsqk$_$7,27,False,27,27,27
train,Kmtib-wZ0jM$_$0,28,False,28,28,28
train,L0WUuWYNeCo$_$26,35,False,35,35,35
train,L0WUuWYNeCo$_$27,11,False,11,11,11
train,L0WUuWYNeCo$_$2,17,False,17,17,17
train,L0WUuWYNeCo$_$5,25,False,25,25,25
train,L0WUuWYNeCo$_$8,42,False,42,42,42
train,L0WUuWYNeCo$_$11,32,False,32,32,32
train,L0WUuWYNeCo$_$10,37,False,37,37,37
train,L2uC4_Co9uw$_$0,30,False,30,30,30
train,L382XZ6iZmM$_$7,21,False,21,21,21
train,L5a2ijeWpUI$_$4,12,False,12,12,12
train,L6pg3DQKoH4$_$0,14,False,14,14,14
train,LHC7ZKJy4Zw$_$1,7,False,7,7,7
train,LUKIYWa0UGA$_$7,6,False,6,6,6
train,LUf9vbe0TcQ$_$1,25,False,25,25,25
train,LX2rT5C3sJs$_$5,28,False,28,28,28
train,LX2rT5C3sJs$_$6,42,False,42,42,42
train,LZl9Sj1safM$_$0,23,False,23,23,23
train,L_XttWZBKss$_$3,23,False,23,23,19
train,LityRNuQihc$_$13,27,False,27,27,27
train,LityRNuQihc$_$1,20,False,20,20,20
train,LityRNuQihc$_$2,25,False,25,25,25
train,LityRNuQihc$_$5,18,False,18,18,18
train,LpbSYaPRTqI$_$1,10,False,10,10,10
train,LppEvM60-xo$_$9,33,False,33,33,33
train,Lxs_6Tvq12E$_$3,16,False,16,16,16
train,M2Pb2kx77ww$_$8,24,False,24,24,24
train,M2Pb2kx77ww$_$35,20,False,20,20,20
train,MBDZbACupsc$_$11,15,False,15,15,15
train,MBDZbACupsc$_$7,13,False,13,13,13
train,MCRCXXPqFOI$_$2,14,False,14,14,14
train,MFrwi-RibUk$_$13,9,False,9,9,9
train,MFrwi-RibUk$_$0,13,False,13,13,13
train,MFrwi-RibUk$_$6,43,False,43,43,43
train,MIuJDn_0yVU$_$3,17,False,17,17,17
train,MJnc4GUhUuY$_$3,8,False,8,8,8
train,MJnc4GUhUuY$_$4,7,False,7,7,7
train,MJnc4GUhUuY$_$9,8,False,8,8,8
train,MKShLlJ7X7g$_$1,22,False,22,22,22
train,MKShLlJ7X7g$_$2,13,False,13,13,13
train,MMaEsDdBsvM$_$0,48,True,48,48,48
train,MNXBOeiPhec$_$2,28,False,28,28,28
train,MNXBOeiPhec$_$7,20,False,20,20,20
train,MOfEl_1dh-g$_$4,21,False,21,21,21
train,MPRqaQqrd9Y$_$7,34,False,34,34,34
train,MTU_thei3-c$_$8,19,False,19,19,19
train,MWCNzYUCys0$_$0,19,False,19,19,19
train,MZoLQD83R-4$_$5,44,False,44,44,44
train,MZoLQD83R-4$_$8,39,False,39,39,39
train,MbpPBLUjpV4$_$16,22,False,22,22,22
train,MbpPBLUjpV4$_$0,15,False,15,15,15
train,MnFRVJtHAeo$_$0,23,False,23,23,20
train,MroQfGehC84$_$1,25,False,25,25,25
train,MsjnLoTKAXo$_$0,5,False,5,5,0
train,MsjnLoTKAXo$_$2,12,False,12,12,12
train,MsjnLoTKAXo$_$5,14,False,14,14,14
train,MvFFYObY9A8$_$2,48,True,48,48,48
train,Mw4EZYZAd9c$_$5,33,False,33,33,33
train,MyfRrTjglm8$_$1,22,False,22,22,22
train,MyfRrTjglm8$_$0,19,False,19,19,6
train,MyfRrTjglm8$_$2,22,False,22,22,22
train,N0pKIn6VhOw$_$2,12,False,12,12,12
train,N3QuD26DuCI$_$1,19,False,19,19,19
train,N3QuD26DuCI$_$0,17,False,17,17,17
train,N3QuD26DuCI$_$2,9,False,9,9,9
train,N3QuD26DuCI$_$5,6,False,6,6,0
train,N7tS7A0WWpM$_$1,15,False,15,15,15
train,N7tS7A0WWpM$_$3,14,False,14,14,14
train,NCJTV5KaJJc$_$1,17,False,17,17,17
train,NCJTV5KaJJc$_$9,12,False,12,12,10
train,NG7QLq4XlWo$_$15,48,True,48,48,48
train,NG7QLq4XlWo$_$1,16,False,16,16,16
train,NG7QLq4XlWo$_$3,48,True,48,48,48
train,NG7QLq4XlWo$_$5,13,False,13,13,13
train,NKindd5Xn3s$_$4,29,False,29,29,29
train,NOl0v54DaXo$_$10,7,False,7,7,0
train,NOl0v54DaXo$_$3,7,False,7,7,4
train,NSihgq4R8Z0$_$2,14,False,14,14,14
train,NSihgq4R8Z0$_$16,20,False,20,20,20
train,NYuY6HVjMZQ$_$1,48,True,48,48,48
train,NYuY6HVjMZQ$_$6,34,False,34,34,34
train,Na6170hd8po$_$11,38,False,38,38,38
train,NkbRuTJaj_M$_$18,30,False,30,30,30
train,O0Nn-5UkfoA$_$2,22,False,22,22,22
train,O2CEvvYWWbU$_$10,40,False,40,40,22
train,O3whFU2lAAk$_$8,31,False,31,31,31
train,O3whFU2lAAk$_$2,48,True,48,48,44
train,O3whFU2lAAk$_$5,24,False,24,24,24
train,O3whFU2lAAk$_$11,48,True,48,48,48
train,O8IJh_L0EfM$_$5,31,False,31,31,31
train,OAV6KKf60bQ$_$10,8,False,8,8,8
train,OAV6KKf60bQ$_$0,9,False,9,9,9
train,OAV6KKf60bQ$_$6,10,False,10,10,10
train,OBaMn1-x7jQ$_$7,6,False,6,6,0
train,OEOkmrKvTUo$_$0,39,False,39,39,39
train,OEOkmrKvTUo$_$6,47,False,47,47,47
train,OEesmAnTpeA$_$10,17,False,17,17,17
train,OFBc3z99bIc$_$12,33,False,33,33,33
train,OFBc3z99bIc$_$15,45,False,45,45,45
train,OFBc3z99bIc$_$14,13,False,13,13,13
train,OGXUtVG0Y9w$_$1,48,True,48,48,48
train,OHWyYVux-yw$_$10,21,False,21,21,21
train,OHWyYVux-yw$_$14,26,False,26,26,26
train,OHWyYVux-yw$_$18,12,False,12,12,12
train,OHWyYVux-yw$_$2,46,False,46,46,46
train,OKSx1zxHGpQ$_$5,4,False,4,4,4
train,OKSx1zxHGpQ$_$4,19,False,19,19,19
train,OKSx1zxHGpQ$_$8,29,False,29,29,29
train,OKSx1zxHGpQ$_$15,44,False,44,44,34
train,OKSx1zxHGpQ$_$16,17,False,17,17,17
train,OKSx1zxHGpQ$_$19,4,False,4,4,4
train,OOh1_ffKOKk$_$2,18,False,18,18,18
train,OPXmk49KyiU$_$1,46,False,46,46,46
train,OSyKmOye5Uo$_$4,48,True,48,48,48
train,O_fTDhCtAhw$_$8,35,False,35,35,35
train,O_fTDhCtAhw$_$7,48,True,48,48,48
train,O_fTDhCtAhw$_$6,17,False,17,17,17
train,Ob8vPQCPDX0$_$1,38,False,38,38,38
train,Ob8vPQCPDX0$_$2,48,True,48,48,48
train,OcqJx_cRc3Y$_$2,48,False,48,48,48
train,OdKp0hYomgs$_$10,34,False,34,34,34
train,OdKp0hYomgs$_$3,18,False,18,18,18
train,Oj3XwBBrzXc$_$1,14,False,14,14,14
train,Op3CnqRLD9w$_$3,48,True,48,48,48
train,OwYfPi9St0w$_$1,30,False,30,30,30
train,OxyQSJMvWBo$_$11,12,False,12,12,12
train,OxyQSJMvWBo$_$13,9,False,9,9,9
train,OxyQSJMvWBo$_$12,23,False,23,23,23
train,P0WaXnH37uI$_$5,18,False,18,18,18
train,P0WaXnH37uI$_$4,6,False,6,6,6
train,P35dyIit1yM$_$4,26,False,26,26,26
train,P4qxfjZlIrY$_$4,16,False,16,16,16
train,P4qxfjZlIrY$_$6,17,False,17,17,17
train,PANWQeBKStk$_$0,48,True,48,48,48
train,PGBrZLC15yA$_$0,36,False,36,36,36
train,PHJ8eybXJdw$_$5,38,False,38,38,38
train,PMH4mdJeojE$_$3,22,False,22,22,22
train,PMH4mdJeojE$_$2,19,False,19,19,19
train,PN3ApHIGopo$_$6,15,False,15,15,15
train,PQYmOknHA4c$_$5,17,False,17,17,17
train,PQYmOknHA4c$_$4,15,False,15,15,11
train,PUIsiLk8etk$_$11,9,False,9,9,9
train,PYylJk8R9Ak$_$1,18,False,18,18,18
train,PYylJk8R9Ak$_$4,47,False,47,47,47
train,PbyI-sUzLZY$_$5,11,False,11,11,11
train,PbyI-sUzLZY$_$4,22,False,22,22,22
train,PmemTgQHagk$_$1,44,False,44,44,44
train,PmemTgQHagk$_$7,48,True,48,48,48
train,PoKZEKOf1dA$_$1,22,False,22,22,22
train,PoKZEKOf1dA$_$4,12,False,12,12,12
train,PohW-isYMK0$_$16,19,False,19,19,19
train,PohW-isYMK0$_$1,16,False,16,16,16
train,PohW-isYMK0$_$7,30,False,30,30,30
train,Q5fZk_jPjBI$_$9,26,False,26,26,26
train,Q5fZk_jPjBI$_$0,48,True,48,48,48
train,Q7nhtfkIPN4$_$3,13,False,13,13,13
train,Q7nhtfkIPN4$_$6,21,False,21,21,21
train,QDRtKv8PvFs$_$3,33,False,33,33,33
train,QE0pAVSPsKQ$_$26,32,False,32,32,32
train,QE0pAVSPsKQ$_$12,24,False,24,24,24
train,QE0pAVSPsKQ$_$2,21,False,21,21,21
train,QE0pAVSPsKQ$_$7,28,False,28,28,28
train,QI-TTqj0KnA$_$7,22,False,22,22,22
train,QI-TTqj0KnA$_$6,48,True,48,48,48
train,QLEOYF7Mju0$_$11,47,False,47,47,47
train,QLEOYF7Mju0$_$2,15,False,15,15,15
train,QMAztkqnvws$_$6,42,False,42,42,42
train,QNxiqu1y1N0$_$1,33,False,33,33,33
train,QOxIdbNwpx0$_$6,12,False,12,12,12
train,QQVRIGEUa_Q$_$5,48,False,48,48,48
train,QUpI5kMw_nA$_$10,34,False,34,34,34
train,QUpI5kMw_nA$_$17,27,False,27,27,27
train,QYp0lGhyL6A$_$13,28,False,28,28,28
train,QYp0lGhyL6A$_$14,16,False,16,16,16
train,QYp0lGhyL6A$_$4,28,False,28,28,28
train,QkMTYY69JYQ$_$1,11,False,11,11,11
train,QkMTYY69JYQ$_$4,12,False,12,12,12
train,QoIsjc4-GIg$_$8,20,False,20,20,20
train,QzdEjKQFisQ$_$8,14,False,14,14,14
train,R0o37yJ1PP0$_$3,25,False,25,25,25
train,R0o37yJ1PP0$_$5,47,False,47,47,47
train,R0o37yJ1PP0$_$6,29,False,29,29,29
train,R0uRDh-engU$_$10,38,False,38,38,38
train,R0uRDh-engU$_$5,48,True,48,48,48
train,R5a3TP-l_n4$_$1,25,False,25,25,25
train,R9ypacCuEZo$_$4,48,True,48,48,48
train,R9ypacCuEZo$_$7,25,False,25,25,25
train,RE-LIPOFnrE$_$4,19,False,19,19,19
train,REkPZ77s3Vc$_$0,30,False,30,30,16
train,REkPZ77s3Vc$_$4,33,False,33,33,32
train,REkPZ77s3Vc$_$7,22,False,22,22,22
train,RImmdklTOW0$_$10,42,False,42,42,42
train,RImmdklTOW0$_$15,6,False,6,6,6
train,RImmdklTOW0$_$8,19,False,19,19,19
train,RLHZ6xtIWSM$_$2,28,False,28,28,28
train,RLHZ6xtIWSM$_$6,18,False,18,18,18
train,RRKez9BR-94$_$12,22,False,22,22,22
train,RS5WM3q2ZZQ$_$11,48,True,48,48,48
train,RS5WM3q2ZZQ$_$10,48,True,48,48,48
train,RS5WM3q2ZZQ$_$2,42,False,42,42,42
train,RS5WM3q2ZZQ$_$6,7,False,7,7,7
train,RST6PgpsLws$_$2,45,False,45,45,45
train,RTzDzj4NxIM$_$7,7,False,7,7,7
train,RaTQZrdICKo$_$2,27,False,27,27,27
train,RadU51t1kL0$_$8,7,False,7,7,7
train,Rdf0Psjyrwc$_$3,24,False,24,24,24
train,Rdf0Psjyrwc$_$2,37,False,37,37,37
train,RgubFcmvgDE$_$0,23,False,23,23,23
train,RgubFcmvgDE$_$3,26,False,26,26,26
train,Rse6laKf1i8$_$6,25,False,25,25,25
train,Rt9rN1ntS3E$_$1,32,False,32,32,32
train,Rt9rN1ntS3E$_$2,23,False,23,23,23
train,Rugd2NMu4bA$_$11,32,False,32,32,32
train,Rugd2NMu4bA$_$5,4,False,4,4,4
train,RvIohowRPAk$_$11,33,False,33,33,33
train,RvIohowRPAk$_$2,25,False,25,25,25
train,Rw2pzFGosmw$_$7,24,False,24,24,17
train,RwcTz-tOIeo$_$2,28,False,28,28,28
train,Ry2NJPd4N3s$_$14,20,False,20,20,20
train,S21ApRNQ9Ko$_$15,40,False,40,40,40
train,S21ApRNQ9Ko$_$14,29,False,29,29,29
train,S21ApRNQ9Ko$_$3,48,True,48,48,48
train,S21ApRNQ9Ko$_$2,37,False,37,37,37
train,S2znq3iRPwE$_$10,13,False,13,13,13
train,S2znq3iRPwE$_$13,39,False,39,39,39
train,S2znq3iRPwE$_$19,48,True,48,48,48
train,S6S2XL0-ZpM$_$1,21,False,21,21,21
train,S9PDgK7fpJI$_$14,7,False,7,7,7
train,SGsiGz2fdpo$_$23,21,False,21,21,21
train,SGsiGz2fdpo$_$29,18,False,18,18,18
train,SGsiGz2fdpo$_$5,14,False,14,14,14
train,SGsiGz2fdpo$_$4,22,False,22,22,22
train,SGsiGz2fdpo$_$6,14,False,14,14,14
train,SGsiGz2fdpo$_$9,4,False,4,4,4
train,SGsiGz2fdpo$_$8,9,False,9,9,9
train,SGsiGz2fdpo$_$11,20,False,20,20,20
train,SGsiGz2fdpo$_$15,8,False,8,8,8
train,SGsiGz2fdpo$_$33,11,False,11,11,11
train,SH0wXyhsx9s$_$0,25,False,25,25,25
train,SI39azgVUR8$_$2,11,False,11,11,11
train,SLi2gT5H6m8$_$3,20,False,20,20,20
train,SLi2gT5H6m8$_$5,21,False,21,21,21
train,SMr2DprlLu4$_$1,11,False,11,11,2
train,SMzV26l6iA0$_$0,24,False,24,24,24
train,STeqtJLakQQ$_$2,33,False,33,33,31
train,STeqtJLakQQ$_$5,19,False,19,19,17
train,SWHmteF5Rlk$_$2,23,False,23,23,23
train,SWHmteF5Rlk$_$6,23,False,23,23,23
train,SWhfaL7AdEc$_$2,33,False,33,33,33
train,SWhfaL7AdEc$_$4,48,True,48,48,48
train,SYnygYs-fAg$_$14,20,False,20,20,11
train,SYnygYs-fAg$_$0,31,False,31,31,31
train,SYnygYs-fAg$_$6,14,False,14,14,14
train,SYnygYs-fAg$_$8,48,True,48,48,48
train,S_mxvk4LEh0$_$12,19,False,19,19,19
train,S_mxvk4LEh0$_$5,11,False,11,11,11
train,Sb2xMPwNKPo$_$18,15,False,15,15,15
train,Sb2xMPwNKPo$_$5,12,False,12,12,12
train,ShgrdU9WAJE$_$12,27,False,27,27,27
train,ShgrdU9WAJE$_$2,29,False,29,29,29
train,ShgrdU9WAJE$_$5,22,False,22,22,22
train,Sir2QeCh4B0$_$5,28,False,28,28,28
train,So3bPzg2bq0$_$10,18,False,18,18,18
train,So3bPzg2bq0$_$2,14,False,14,14,14
train,SrMN3rwvCsE$_$1,26,False,26,26,26
train,StgqrTr0JqU$_$10,44,False,44,44,44
train,StgqrTr0JqU$_$0,29,False,29,29,29
train,SxbTZjZD0vU$_$5,8,False,8,8,8
train,SzJf6viBWBg$_$2,17,False,17,17,17
train,SzJf6viBWBg$_$4,18,False,18,18,18
train,T-8TvJcS78w$_$3,48,True,48,48,48
train,T-8TvJcS78w$_$7,13,False,13,13,13
train,T1icdxz0TNs$_$0,31,False,31,31,31
train,T4e4Ba1sRg0$_$0,28,False,28,28,28
train,T4e4Ba1sRg0$_$3,27,False,27,27,27
train,T4e4Ba1sRg0$_$9,48,False,48,48,48
train,TBCjKGYBNIo$_$24,14,False,14,14,14
train,TBCjKGYBNIo$_$20,11,False,11,11,11
train,TBCjKGYBNIo$_$3,48,True,48,48,48
train,TBCjKGYBNIo$_$19,24,False,24,24,24
train,TBwetweXRb4$_$5,14,False,14,14,9
train,TFKgo5JlPro$_$1,45,False,45,45,45
train,TFKgo5JlPro$_$0,48,True,48,48,48
train,TM7cHOHfF70$_$30,24,False,24,24,18
train,TM7cHOHfF70$_$5,21,False,21,21,21
train,TNwwVWA-oAE$_$22,48,True,48,48,48
train,TNwwVWA-oAE$_$16,23,False,23,23,23
train,TO5HjoK8Iu8$_$10,24,False,24,24,24
train,TO5HjoK8Iu8$_$12,17,False,17,17,17
train,TSDC7CCyeGY$_$5,11,False,11,11,6
train,TUY83eDK5jc$_$17,23,False,23,23,2
train,TVhXqAI9gyA$_$1,14,False,14,14,14
train,TWMFQED1Myk$_$1,28,False,28,28,1
train,TWMFQED1Myk$_$3,5,False,5,5,0
train,TWMFQED1Myk$_$6,19,False,19,19,0
train,TWf0XFpXwfs$_$0,29,False,29,29,29
train,TZXcQemh8n8$_$11,17,False,17,17,17
train,Ta_IgA3XJ3s$_$27,16,False,16,16,16
train,Ta_IgA3XJ3s$_$21,28,False,28,28,28
train,TahiuVpcROM$_$2,35,False,35,35,35
train,TfBVq9oWBmM$_$1,18,False,18,18,18
train,Tiq67-bAV3M$_$5,24,False,24,24,24
train,TwTLsgfpKvA$_$0,19,False,19,19,19
train,TwTLsgfpKvA$_$9,9,False,9,9,9
train,TxJjAK0WrOY$_$10,33,False,33,33,33
train,U8Ewftg_8CI$_$2,26,False,26,26,26
train,UK_IXtJ2BqI$_$17,15,False,15,15,15
train,UK_IXtJ2BqI$_$3,10,False,10,10,10
train,UK_IXtJ2BqI$_$7,7,False,7,7,7
train,ULtBuI6nMaY$_$10,36,False,36,36,36
train,ULtBuI6nMaY$_$1,47,False,47,47,47
train,UUukBV82P9A$_$11,38,False,38,38,38
train,UUukBV82P9A$_$10,18,False,18,18,18
train,UUukBV82P9A$_$2,19,False,19,19,10
train,UXvMaHD9kmA$_$10,12,False,12,12,12
train,UXvMaHD9kmA$_$18,24,False,24,24,24
train,UXvMaHD9kmA$_$14,16,False,16,16,16
train,Ua4g9q0r-dI$_$24,25,False,25,25,25
train,Ua4g9q0r-dI$_$15,21,False,21,21,21
train,Ua4g9q0r-dI$_$31,19,False,19,19,19
train,Ua4g9q0r-dI$_$14,18,False,18,18,18
train,Uc-0G7RRxoY$_$16,16,False,16,16,16
train,Uc-0G7RRxoY$_$6,17,False,17,17,17
train,UeOIb6s0pVM$_$6,7,False,7,7,7
train,UeOIb6s0pVM$_$8,30,False,30,30,30
train,UgTM9y2rD38$_$2,13,False,13,13,13
train,UkqTwAuA8jI$_$7,5,False,5,5,5
train,UmB5c_QqUPs$_$11,44,False,44,44,44
train,UtjenieM1Ak$_$6,16,False,16,16,16
train,UtuTyW9pUN8$_$6,30,False,30,30,30
train,Uw1nWfSuyo8$_$2,17,False,17,17,17
train,VAFdgtqZz4g$_$4,15,False,15,15,15
train,VAr7gJydnys$_$13,28,False,28,28,28
train,VAr7gJydnys$_$1,8,False,8,8,8
train,VAr7gJydnys$_$0,28,False,28,28,28
train,VAr7gJydnys$_$6,7,False,7,7,7
train,VDjnKdFxuBE$_$0,36,False,36,36,36
train,VN1IPN1TL3Q$_$0,48,True,48,48,48
train,VN1IPN1TL3Q$_$5,20,False,20,20,20
train,VUrTT7xsrec$_$1,17,False,17,17,17
train,VWik5oKP6IU$_$3,6,False,6,6,6
train,VZqkWIPmH6w$_$4,18,False,18,18,18
train,Va54WZgPTdY$_$6,29,False,29,29,29
train,VbSsGRXIwjc$_$2,30,False,30,30,30
train,Ve-mmCM8TI0$_$15,12,False,12,12,12
train,Ve-mmCM8TI0$_$2,22,False,22,22,22
train,Ve-mmCM8TI0$_$4,23,False,23,23,23
train,Ve-mmCM8TI0$_$7,21,False,21,21,21
train,Ve-mmCM8TI0$_$6,20,False,20,20,20
train,VhKJm_jiciU$_$10,21,False,21,21,20
train,VjAvqFXEmmk$_$3,17,False,17,17,17
train,VjAvqFXEmmk$_$2,12,False,12,12,12
train,VjAvqFXEmmk$_$4,23,False,23,23,23
train,VoETCD8fBLI$_$5,16,False,16,16,16
train,Vv2DTPyyw90$_$0,28,False,28,28,28
train,Vw4-ae-ucHE$_$0,18,False,18,18,18
train,Vw4-ae-ucHE$_$3,26,False,26,26,26
train,Vw4-ae-ucHE$_$2,23,False,23,23,23
train,Vx8npmcFxak$_$5,23,False,23,23,23
train,VybXjsmsjAY$_$13,17,False,17,17,17
train,W-pA0lOGLR0$_$5,18,False,18,18,18
train,W-ptEZFARVo$_$2,16,False,16,16,1
train,W-q9bPlMIVI$_$14,29,False,29,29,29
train,W40BaML7mzc$_$0,22,False,22,22,22
train,W53uRqITk2I$_$0,6,False,6,6,6
train,W53uRqITk2I$_$6,37,False,37,37,37
train,WAXJRnJXmOA$_$18,30,False,30,30,30
train,WAXJRnJXmOA$_$5,12,False,12,12,12
train,WBCRTcMJZZc$_$3,23,False,23,23,23
train,WGfGxoI05ew$_$3,30,False,30,30,30
train,WHUHTmtBJWU$_$14,20,False,20,20,20
train,WMzvDL7b4sM$_$0,12,False,12,12,12
train,WTF9xgqLIvI$_$2,6,False,6,6,0
train,WTF9xgqLIvI$_$7,7,False,7,7,0
train,WUeSV0Z23Kg$_$1,15,False,15,15,15
train,WXKgBIiP8IA$_$10,21,False,21,21,21
train,WXKgBIiP8IA$_$1,11,False,11,11,10
train,WXKgBIiP8IA$_$2,29,False,29,29,14
train,WXKgBIiP8IA$_$5,29,False,29,29,3
train,Wfn7XvSEwUA$_$1,11,False,11,11,11
train,Wfn7XvSEwUA$_$3,22,False,22,22,22
train,Wh6sht7xwqQ$_$11,25,False,25,25,25
train,Wh6sht7xwqQ$_$0,16,False,16,16,16
train,Wn8nz8GPKkI$_$1,18,False,18,18,18
train,Wn8nz8GPKkI$_$0,21,False,21,21,21
train,Wnw1IAEDwDM$_$0,25,False,25,25,25
train,Wo1RxRjXyYw$_$3,32,False,32,32,32
train,Wo1RxRjXyYw$_$2,21,False,21,21,0
train,Wo1RxRjXyYw$_$6,14,False,14,14,8
train,Wo1RxRjXyYw$_$8,24,False,24,24,24
train,WtiBpLt2wuA$_$2,28,False,28,28,28
train,Wx9nThz5z_Y$_$31,22,False,22,22,22
train,WxYb2x_irTM$_$2,36,False,36,36,36
train,X0jMZoxUL2A$_$4,5,False,5,5,5
train,X0jMZoxUL2A$_$7,8,False,8,8,8
train,X0jMZoxUL2A$_$8,24,False,24,24,24
train,X2leyjuolDM$_$8,23,False,23,23,23
train,X6-jJO00DMg$_$8,40,False,40,40,40
train,X7-Gbk8gAD0$_$0,9,False,9,9,0
train,X7-Gbk8gAD0$_$2,9,False,9,9,9
train,X7-Gbk8gAD0$_$6,18,False,18,18,18
train,XAT2IfFFAU0$_$3,22,False,22,22,22
train,XAgD-xoil40$_$16,15,False,15,15,15
train,XAgD-xoil40$_$2,23,False,23,23,23
train,XCyngF93SmU$_$5,7,False,7,7,7
train,XCyngF93SmU$_$4,25,False,25,25,25
train,XDVkhOziCkg$_$1,7,False,7,7,7
train,XEZ7e4pf1xE$_$11,12,False,12,12,12
train,XEZ7e4pf1xE$_$12,6,False,6,6,4
train,XFGHTk_3hGg$_$9,24,False,24,24,24
train,XFGHTk_3hGg$_$5,21,False,21,21,21
train,XFGHTk_3hGg$_$6,13,False,13,13,13
train,XPoY4LD-A1I$_$12,9,False,9,9,1
train,XPoY4LD-A1I$_$8,27,False,27,27,0
train,XQOUZhWI1B0$_$3,48,True,48,48,39
train,XQxnAPleuCE$_$3,36,False,36,36,36
train,XVSDfgstFUQ$_$1,34,False,34,34,34
train,XVSDfgstFUQ$_$3,14,False,14,14,14
train,XVSDfgstFUQ$_$4,33,False,33,33,33
train,XXvSLz8QmGk$_$10,27,False,27,27,19
train,XXvSLz8QmGk$_$7,48,True,48,48,1
train,XbolrpSc0KU$_$5,26,False,26,26,26
train,XcHLB-qfv5M$_$0,28,False,28,28,28
train,XcHLB-qfv5M$_$3,14,False,14,14,14
train,XgT2WWcXip4$_$7,24,False,24,24,24
train,Xo6-V2RlWss$_$1,21,False,21,21,21
train,Xo6-V2RlWss$_$0,21,False,21,21,21
train,Xq7zLxYHxd8$_$10,25,False,25,25,25
train,XsEPZydHWdo$_$4,38,False,38,38,38
train,XwOdPYlyqXA$_$12,24,False,24,24,24
train,Xx7Y2YIbleA$_$16,23,False,23,23,23
train,Xx7Y2YIbleA$_$9,32,False,32,32,14
train,Xx7Y2YIbleA$_$8,13,False,13,13,13
train,XyBU_gZtU0M$_$23,12,False,12,12,12
train,XyBU_gZtU0M$_$4,26,False,26,26,26
train,XyBU_gZtU0M$_$9,18,False,18,18,18
train,XzhRYIeczg4$_$6,16,False,16,16,16
train,Y6zyM1nDhN0$_$2,9,False,9,9,9
train,Y6zyM1nDhN0$_$4,19,False,19,19,13
train,YAYfMkxhRiQ$_$3,26,False,26,26,26
train,YB9EUgrzCCo$_$10,22,False,22,22,22
train,YB9EUgrzCCo$_$5,15,False,15,15,15
train,YGeVGXXK3ao$_$1,23,False,23,23,23
train,YGeVGXXK3ao$_$4,18,False,18,18,0
train,YITXOmhQhYE$_$0,42,False,42,42,42
train,YITXOmhQhYE$_$3,19,False,19,19,19
train,YITXOmhQhYE$_$5,16,False,16,16,16
train,YITXOmhQhYE$_$7,25,False,25,25,25
train,YITXOmhQhYE$_$6,14,False,14,14,14
train,YJJoYkFPmds$_$10,14,False,14,14,7
train,YJJoYkFPmds$_$5,24,False,24,24,22
train,YJJoYkFPmds$_$7,13,False,13,13,9
train,YLA7h1RTa9w$_$4,13,False,13,13,13
train,YRmjALBdTdE$_$7,9,False,9,9,4
train,YVBsDJtAbk4$_$7,17,False,17,17,17
train,YVHJpAROBvQ$_$2,6,False,6,6,6
train,YWjTWl0oNLk$_$11,14,False,14,14,14
train,YWjTWl0oNLk$_$1,9,False,9,9,9
train,YWjTWl0oNLk$_$3,8,False,8,8,8
train,YWjTWl0oNLk$_$4,22,False,22,22,22
train,YWjTWl0oNLk$_$7,21,False,21,21,21
train,YWjTWl0oNLk$_$9,23,False,23,23,23
train,YWxvIFmYnNU$_$13,23,False,23,23,23
train,YWxvIFmYnNU$_$20,15,False,15,15,15
train,YWxvIFmYnNU$_$26,20,False,20,20,20
train,YcJ5RJYUr7Y$_$17,22,False,22,22,22
train,YcJ5RJYUr7Y$_$19,48,True,48,48,48
train,YcJ5RJYUr7Y$_$2,22,False,22,22,22
train,YcyHQQXGXWA$_$4,8,False,8,8,0
train,YfxtwXXkCmc$_$0,8,False,8,8,8
train,Yi6Qyn4X8is$_$16,48,True,48,48,48
train,Yi6Qyn4X8is$_$7,24,False,24,24,24
train,YmGfjU5PGyE$_$5,22,False,22,22,22
train,Yn8vNC41UMg$_$10,28,False,28,28,28
train,YodtMIsjM0c$_$7,8,False,8,8,8
train,Z-26eyME6Co$_$10,16,False,16,16,16
train,Z3fcd1wdzr0$_$2,21,False,21,21,20
train,Z3fcd1wdzr0$_$5,12,False,12,12,12
train,Z3fcd1wdzr0$_$4,19,False,19,19,19
train,Z3fcd1wdzr0$_$7,6,False,6,6,6
train,ZDz8Qr-sJ3E$_$3,27,False,27,27,27
train,ZDz8Qr-sJ3E$_$4,13,False,13,13,13
train,ZJGzEeDXbyM$_$0,7,False,7,7,3
train,ZQuGizjoCTY$_$4,11,False,11,11,0
train,ZQuGizjoCTY$_$8,18,False,18,18,0
train,ZSBoSJaD2tQ$_$1,25,False,25,25,25
train,ZSBoSJaD2tQ$_$8,16,False,16,16,16
train,ZW4Oe_fKJM0$_$7,22,False,22,22,22
train,ZXHX_e6HCI0$_$0,26,False,26,26,26
train,ZZ1IyZaMTWQ$_$0,20,False,20,20,20
train,ZZ1IyZaMTWQ$_$5,16,False,16,16,16
train,Zae-zQ3VBpY$_$2,48,False,48,48,4
train,Zg9DKOHJdw8$_$3,29,False,29,29,29
train,Zj_4YmbMWtg$_$10,19,False,19,19,19
train,Zo8jCDGMWjw$_$0,17,False,17,17,17
train,Zs8x712Y-CM$_$8,21,False,21,21,0
train,ZtuTCuh9C1M$_$11,36,False,36,36,36
train,ZtuTCuh9C1M$_$8,18,False,18,18,18
train,ZzL2sHtTWRc$_$1,17,False,17,17,17
train,_26JmJnPKfM$_$5,30,False,30,30,30
train,_26JmJnPKfM$_$8,33,False,33,33,33
train,_26JmJnPKfM$_$11,31,False,31,31,31
train,_26JmJnPKfM$_$13,18,False,18,18,18
train,_26JmJnPKfM$_$12,42,False,42,42,42
train,_26JmJnPKfM$_$15,22,False,22,22,22
train,_26JmJnPKfM$_$14,5,False,5,5,5
train,_4PNh8dIILI$_$3,34,False,34,34,34
train,_8pvMpMdGM4$_$1,10,False,10,10,10
train,_8pvMpMdGM4$_$0,12,False,12,12,12
train,_8pvMpMdGM4$_$4,22,False,22,22,22
train,_8pvMpMdGM4$_$6,31,False,31,31,31
train,_HabvL0VnrQ$_$31,25,False,25,25,25
train,_HabvL0VnrQ$_$0,13,False,13,13,13
train,_HabvL0VnrQ$_$9,48,True,48,48,48
train,_HanACduNJk$_$10,22,False,22,22,0
train,_HanACduNJk$_$12,19,False,19,19,0
train,_HanACduNJk$_$2,27,False,27,27,0
train,_JcML8u5Wes$_$3,48,True,48,48,48
train,_PKP676ez2c$_$4,20,False,20,20,20
train,_PKP676ez2c$_$7,23,False,23,23,23
train,_UNQDdiAbWI$_$4,16,False,16,16,16
train,_XWUKMkxa-Q$_$4,18,False,18,18,18
train,_YzIvwvyIq4$_$5,36,False,36,36,36
train,_bIJOxiIJFk$_$5,21,False,21,21,14
train,_bIJOxiIJFk$_$4,32,False,32,32,32
train,_iRAn6feOmw$_$25,34,False,34,34,34
train,_iRAn6feOmw$_$15,37,False,37,37,37
train,_iRAn6feOmw$_$14,26,False,26,26,26
train,_iy7ftq27xE$_$11,16,False,16,16,16
train,_iy7ftq27xE$_$6,42,False,42,42,42
train,_iy7ftq27xE$_$9,26,False,26,26,26
train,_qVgNLJCYdA$_$0,22,False,22,22,22
train,_qVgNLJCYdA$_$6,14,False,14,14,14
train,_t8ETpf2LnM$_$0,8,False,8,8,8
train,_v8c7iWkYz0$_$4,29,False,29,29,29
train,_xjBqNfiEY4$_$0,37,False,37,37,37
train,a4vRa-_nuJw$_$11,33,False,33,33,29
train,a4vRa-_nuJw$_$10,28,False,28,28,28
train,a4vRa-_nuJw$_$4,48,False,48,48,48
train,a5CSKvCAhbs$_$11,22,False,22,22,22
train,a5CSKvCAhbs$_$7,6,False,6,6,6
train,a5CSKvCAhbs$_$6,18,False,18,18,18
train,a5FKWiI90hk$_$3,20,False,20,20,20
train,a7HHg_JygJo$_$5,23,False,23,23,23
train,a7HHg_JygJo$_$6,17,False,17,17,17
train,a8WV5KEMKSw$_$1,29,False,29,29,29
train,a8WV5KEMKSw$_$0,23,False,23,23,23
train,aCwLQrJz4Bo$_$0,25,False,25,25,0
train,aDvgbBqTWWE$_$10,18,False,18,18,18
train,aDvgbBqTWWE$_$23,26,False,26,26,26
train,aDvgbBqTWWE$_$30,20,False,20,20,17
train,aE7sckIAWuw$_$4,11,False,11,11,11
train,aE7sckIAWuw$_$8,32,False,32,32,32
train,aFjMWlR1QAY$_$0,14,False,14,14,14
train,aFjMWlR1QAY$_$3,13,False,13,13,13
train,aFjMWlR1QAY$_$2,15,False,15,15,15
train,aFjMWlR1QAY$_$9,13,False,13,13,13
train,aI1tdJPHz2I$_$1,11,False,11,11,0
train,aIUF3QJJOF4$_$12,28,False,28,28,0
train,aIUF3QJJOF4$_$0,40,False,40,40,40
train,aIUF3QJJOF4$_$3,15,False,15,15,15
train,aIUF3QJJOF4$_$2,33,False,33,33,33
train,aIUF3QJJOF4$_$7,46,False,46,46,46
train,aNOuoSVlunM$_$8,8,False,8,8,1
train,aNOuoSVlunM$_$0,15,False,15,15,15
train,afCsKTHteg4$_$5,25,False,25,25,25
train,ahcAFnY6iAY$_$1,8,False,8,8,1
train,aiUq5xksJy0$_$5,27,False,27,27,27
train,aiUq5xksJy0$_$7,20,False,20,20,20
train,ak7N0BqMluI$_$3,11,False,11,11,11
train,ak7N0BqMluI$_$2,21,False,21,21,21
train,amem5EmRG3s$_$2,28,False,28,28,28
train,ap465Tlzf88$_$1,21,False,21,21,21
train,aqmRPNfeOy8$_$0,22,False,22,22,22
train,aqmRPNfeOy8$_$2,19,False,19,19,7
train,asWraTfIqq0$_$11,7,False,7,7,7
train,asWraTfIqq0$_$4,25,False,25,25,25
train,asWraTfIqq0$_$6,7,False,7,7,7
train,assx_NKo-L8$_$14,7,False,7,7,7
train,assx_NKo-L8$_$4,15,False,15,15,15
train,assx_NKo-L8$_$9,23,False,23,23,23
train,assx_NKo-L8$_$20,44,False,44,44,44
train,atxoi7pB5TM$_$2,18,False,18,18,18
train,avW2m6VHTyg$_$2,21,False,21,21,21
train,b1Il3Nf6BrU$_$6,48,True,48,48,48
train,b8xmgi4VV0M$_$9,17,False,17,17,17
train,bBJ0BxmIocQ$_$1,27,False,27,27,27
train,bBJ0BxmIocQ$_$0,48,True,48,48,48
train,bBJ0BxmIocQ$_$12,19,False,19,19,19
train,bBJ0BxmIocQ$_$19,35,False,35,35,35
train,bBJ0BxmIocQ$_$18,35,False,35,35,35
train,bCDfIJ12oqM$_$0,21,False,21,21,21
train,bQcJVJcpgAs$_$1,39,False,39,39,39
train,bU6CgE_kMRY$_$5,27,False,27,27,27
train,bUFAN2TgPaU$_$11,6,False,6,6,1
train,bVhWpCvpSs4$_$1,14,False,14,14,4
train,bVhWpCvpSs4$_$3,12,False,12,12,6
train,bVhWpCvpSs4$_$2,16,False,16,16,16
train,bVhWpCvpSs4$_$6,12,False,12,12,12
train,bYt4wybVLRQ$_$3,37,False,37,37,37
train,bYt4wybVLRQ$_$16,19,False,19,19,19
train,bZ2ytqPtyK4$_$14,25,False,25,25,18
train,b_SffSbPVJM$_$5,48,True,48,48,48
train,babuyKl7EAw$_$5,34,False,34,34,34
train,badtXoOJaf8$_$7,15,False,15,15,15
train,bcns0Gu66D8$_$3,22,False,22,22,12
train,bdtwQxwySN0$_$15,24,False,24,24,24
train,bdtwQxwySN0$_$2,25,False,25,25,25
train,bfy28AlY-TQ$_$3,18,False,18,18,18
train,bh4_Kd4hhd4$_$1,48,True,48,48,48
train,bhFK-xy76U4$_$1,19,False,19,19,5
train,bhPB19tr-JY$_$0,15,False,15,15,15
train,bhPB19tr-JY$_$6,30,False,30,30,30
train,bkP-BNW4oMg$_$0,22,False,22,22,0
train,c5-L8vC6_sk$_$8,33,False,33,33,33
train,c6wuh0NRG1s$_$1,23,False,23,23,0
train,c6wuh0NRG1s$_$0,15,False,15,15,11
train,c6wuh0NRG1s$_$9,29,False,29,29,0
train,c7xUcM68IFE$_$2,34,False,34,34,34
train,c7xUcM68IFE$_$5,28,False,28,28,13
train,c7xUcM68IFE$_$9,10,False,10,10,0
train,c805Td8A_Ek$_$22,34,False,34,34,34
train,c805Td8A_Ek$_$17,12,False,12,12,12
train,c805Td8A_Ek$_$16,15,False,15,15,15
train,c9jD33baJ60$_$1,16,False,16,16,16
train,c9jD33baJ60$_$0,47,False,47,47,47
train,cAA2mONG98w$_$2,31,False,31,31,31
train,cEXJ2zFbC9I$_$4,27,False,27,27,27
train,cKUPgzZu-Fk$_$4,48,True,48,48,48
train,cKldvZeyRDA$_$2,46,False,46,46,46
train,cKxNJY7sA8s$_$1,37,False,37,37,37
train,cM1Zuji24dI$_$3,35,False,35,35,35
train,cM1Zuji24dI$_$2,41,False,41,41,41
train,cOcNe3L4VAg$_$10,13,False,13,13,13
train,cOcNe3L4VAg$_$13,30,False,30,30,30
train,cOcNe3L4VAg$_$2,12,False,12,12,12
train,cRFiXLzcCOA$_$3,37,False,37,37,37
train,cS3BDGNDu_8$_$10,19,False,19,19,19
train,cS3BDGNDu_8$_$2,48,True,48,48,48
train,cUm0TN3vXRc$_$2,20,False,20,20,20
train,cZVM4svwE90$_$25,38,False,38,38,38
train,cZVM4svwE90$_$26,23,False,23,23,23
train,cZVM4svwE90$_$1,5,False,5,5,5
train,cZVM4svwE90$_$3,6,False,6,6,6
train,cZVM4svwE90$_$4,12,False,12,12,12
train,cZVM4svwE90$_$6,22,False,22,22,22
train,cZVM4svwE90$_$13,26,False,26,26,26
train,cZVM4svwE90$_$12,15,False,15,15,15
train,cZVM4svwE90$_$15,42,False,42,42,33
train,c_FJuhSte8Q$_$5,25,False,25,25,25
train,c_FJuhSte8Q$_$7,28,False,28,28,28
train,c_FJuhSte8Q$_$8,38,False,38,38,38
train,caLWajc18Y4$_$5,20,False,20,20,20
train,caLWajc18Y4$_$6,18,False,18,18,18
train,caLWajc18Y4$_$9,25,False,25,25,25
train,cfX_iuhCbRY$_$1,21,False,21,21,21
train,cfX_iuhCbRY$_$5,28,False,28,28,28
train,cjgq9d8Zn9g$_$2,14,False,14,14,1
train,cmJW6mkspkI$_$0,35,False,35,35,35
train,cnllFPRyBFs$_$0,21,False,21,21,11
train,ctMCSUT2LlQ$_$4,13,False,13,13,13
train,d0QNH2vcDgU$_$3,6,False,6,6,6
train,d0QNH2vcDgU$_$13,48,True,48,48,46
train,d38u9n5GOLM$_$26,18,False,18,18,18
train,d38u9n5GOLM$_$18,23,False,23,23,23
train,d38u9n5GOLM$_$28,23,False,23,23,22
train,d38u9n5GOLM$_$6,20,False,20,20,20
train,d3I7Ug-_3L0$_$0,35,False,35,35,35
train,d3I7Ug-_3L0$_$5,13,False,13,13,13
train,d3I7Ug-_3L0$_$6,19,False,19,19,19
train,d89Z_olwc2Y$_$24,15,False,15,15,15
train,d99mfGIenCo$_$15,25,False,25,25,25
train,d99mfGIenCo$_$16,33,False,33,33,33
train,d99mfGIenCo$_$1,17,False,17,17,17
train,d99mfGIenCo$_$2,15,False,15,15,15
train,dCDAcBR505Q$_$14,16,False,16,16,16
train,dJ5MXl66-UQ$_$1,23,False,23,23,23
train,dQ56b0bqmc8$_$5,33,False,33,33,33
train,dSax_7klbfE$_$17,18,False,18,18,18
train,dSax_7klbfE$_$1,48,True,48,48,48
train,dWfgSGnd9zM$_$6,33,False,33,33,33
train,dXMAS2tIknw$_$6,15,False,15,15,0
train,dYyg91d7zjY$_$2,9,False,9,9,9
train,damyXH7mBic$_$11,30,False,30,30,30
train,dbpGH5iP0GE$_$2,22,False,22,22,22
train,dbpGH5iP0GE$_$3,13,False,13,13,13
train,dcUlt6zk_S0$_$5,40,False,40,40,40
train,ddix4XuaUlY$_$4,48,False,48,48,48
train,dqragS38hCk$_$10,7,False,7,7,7
train,dqragS38hCk$_$2,24,False,24,24,24
train,dqragS38hCk$_$8,14,False,14,14,14
train,dsob2MgUPpA$_$13,14,False,14,14,14
train,dsob2MgUPpA$_$3,4,False,4,4,4
train,dsob2MgUPpA$_$2,18,False,18,18,18
train,dsob2MgUPpA$_$5,26,False,26,26,26
train,dyZdiWNflko$_$6,10,False,10,10,10
train,e-2QlzFeyNU$_$4,20,False,20,20,20
train,e0hYEr848TE$_$0,14,False,14,14,13
train,e0ltF8zpEcw$_$9,11,False,11,11,11
train,e0ltF8zpEcw$_$8,12,False,12,12,12
train,e1E5W_ZefmY$_$10,24,False,24,24,24
train,e1E5W_ZefmY$_$3,21,False,21,21,21
train,e7_2U4lm6TE$_$38,27,False,27,27,27
train,e7_2U4lm6TE$_$28,20,False,20,20,20
train,e7_2U4lm6TE$_$7,18,False,18,18,18
train,eJwZfdtlks8$_$15,18,False,18,18,18
train,ePtlUYCdrNM$_$1,24,False,24,24,24
train,eSHOcLD5T58$_$7,16,False,16,16,16
train,eSHOcLD5T58$_$9,19,False,19,19,19
train,eTCnM472-cQ$_$0,38,False,38,38,38
train,eTn2P4wmFr4$_$12,42,False,42,42,42
train,eTn2P4wmFr4$_$15,16,False,16,16,16
train,eTn2P4wmFr4$_$3,25,False,25,25,25
train,eTn2P4wmFr4$_$7,30,False,30,30,30
train,eTn2P4wmFr4$_$9,16,False,16,16,16
train,eW1vgHE6FRM$_$14,44,False,44,44,44
train,eW1vgHE6FRM$_$3,17,False,17,17,17
train,eY64P27khzk$_$0,34,False,34,34,11
train,eY64P27khzk$_$3,8,False,8,8,8
train,eeN7l4R3nPc$_$10,37,False,37,37,37
train,efLrpnuLwyU$_$1,21,False,21,21,21
train,emtvrtk-jsU$_$7,29,False,29,29,29
train,ep3IasggD3k$_$10,12,False,12,12,12
train,esR-tOjT6KM$_$0,9,False,9,9,9
train,esR-tOjT6KM$_$3,13,False,13,13,12
train,esR-tOjT6KM$_$6,47,False,47,47,41
train,esnOE1LefKA$_$1,14,False,14,14,14
train,f49boM5fb8U$_$6,13,False,13,13,13
train,f5k5cF80aUE$_$4,16,False,16,16,16
train,f5k5cF80aUE$_$6,24,False,24,24,24
train,f6S2XNPIiFk$_$19,31,False,31,31,31
train,f6S2XNPIiFk$_$2,26,False,26,26,26
train,f6S2XNPIiFk$_$5,25,False,25,25,25
train,fB816aeHRFk$_$0,27,False,27,27,27
train,fGYbbP8RDLQ$_$5,21,False,21,21,21
train,fOxg1NstCHA$_$4,15,False,15,15,15
train,fTNOAssiTYk$_$3,36,False,36,36,36
train,fTNOAssiTYk$_$6,22,False,22,22,22
train,fW1pK2L6RgM$_$3,39,False,39,39,39
train,faXGVcVcVsE$_$14,8,False,8,8,8
train,faXGVcVcVsE$_$9,26,False,26,26,26
train,faXGVcVcVsE$_$8,48,True,48,48,48
train,fbHlBmq7Ipo$_$10,6,False,6,6,6
train,fbHlBmq7Ipo$_$8,18,False,18,18,18
train,fbSxct2JcKU$_$5,33,False,33,33,33
train,fdK_tsvBXJ8$_$5,33,False,33,33,33
train,fi7g4GoK-z4$_$4,31,False,31,31,31
train,fjE2EZKgQm8$_$5,15,False,15,15,12
train,fjE2EZKgQm8$_$4,15,False,15,15,15
train,flBtk736di4$_$8,19,False,19,19,19
train,frNJdG0GkYw$_$1,32,False,32,32,32
train,fzuTEKwNS94$_$8,8,False,8,8,8
train,fzuTEKwNS94$_$16,24,False,24,24,24
train,g99kISQbyuI$_$11,20,False,20,20,7
train,g99kISQbyuI$_$0,8,False,8,8,3
train,g99kISQbyuI$_$3,9,False,9,9,9
train,g99kISQbyuI$_$5,31,False,31,31,31
train,g9rNhtFG9aU$_$12,21,False,21,21,7
train,gAMbkJk6gnE$_$2,34,False,34,34,0
train,gAMbkJk6gnE$_$4,21,False,21,21,21
train,gC_wF3uKFW0$_$2,10,False,10,10,10
train,gC_wF3uKFW0$_$5,9,False,9,9,9
train,gC_wF3uKFW0$_$4,21,False,21,21,21
train,gEgcpVY8WK4$_$27,18,False,18,18,18
train,gEgcpVY8WK4$_$21,18,False,18,18,18
train,gEgcpVY8WK4$_$22,26,False,26,26,26
train,gEgcpVY8WK4$_$28,29,False,29,29,29
train,gEgcpVY8WK4$_$8,10,False,10,10,10
train,gEgcpVY8WK4$_$14,33,False,33,33,33
train,gEgcpVY8WK4$_$17,12,False,12,12,12
train,gEgcpVY8WK4$_$30,14,False,14,14,14
train,gFAOKuqpUq4$_$0,48,True,48,48,48
train,gPWyANEm0eE$_$10,48,True,48,48,48
train,gPWyANEm0eE$_$2,13,False,13,13,13
train,gPWyANEm0eE$_$4,26,False,26,26,26
train,gRAmIaSlm80$_$0,40,False,40,40,31
train,gU7McujYYPY$_$1,30,False,30,30,25
train,gU7McujYYPY$_$3,22,False,22,22,22
train,gU7McujYYPY$_$8,7,False,7,7,7
train,gXDRWhJbfFU$_$1,47,False,47,47,47
train,gXDRWhJbfFU$_$4,32,False,32,32,32
train,gXDRWhJbfFU$_$9,15,False,15,15,15
train,gXDRWhJbfFU$_$8,48,True,48,48,48
train,gXuiIWRxrw4$_$19,18,False,18,18,18
train,gXuiIWRxrw4$_$18,17,False,17,17,17
train,gXuiIWRxrw4$_$0,11,False,11,11,0
train,gXuiIWRxrw4$_$6,29,False,29,29,29
train,gZDyk95Xob4$_$11,48,True,48,48,39
train,gZDyk95Xob4$_$12,17,False,17,17,17
train,gZDyk95Xob4$_$9,48,True,48,48,48
train,gZF-YNQHqwI$_$13,7,False,7,7,0
train,gZF-YNQHqwI$_$1,11,False,11,11,1
train,gZF-YNQHqwI$_$9,6,False,6,6,3
train,gcpsSao7kHM$_$10,18,False,18,18,18
train,gcpsSao7kHM$_$1,22,False,22,22,22
train,ge071m9bGeY$_$1,24,False,24,24,24
train,ge071m9bGeY$_$0,17,False,17,17,0
train,ge071m9bGeY$_$5,21,False,21,21,21
train,ge071m9bGeY$_$4,17,False,17,17,0
train,gjEYmdWrBLM$_$24,48,True,48,48,48
train,gjEYmdWrBLM$_$26,25,False,25,25,25
train,gjEYmdWrBLM$_$0,5,False,5,5,5
train,gjEYmdWrBLM$_$3,48,True,48,48,48
train,gjEYmdWrBLM$_$9,48,True,48,48,48
train,gjEYmdWrBLM$_$18,25,False,25,25,25
train,gjGL6YY6oMs$_$2,22,False,22,22,22
train,gjSyl6evrWk$_$12,29,False,29,29,29
train,gr9YU-UTJzQ$_$15,16,False,16,16,16
train,grePRQ8zonA$_$2,31,False,31,31,31
train,guRD0zQC6Q0$_$7,44,False,44,44,44
train,gv43BPYYxKQ$_$2,24,False,24,24,24
train,gvrfI9e5xHQ$_$9,48,False,48,48,48
train,gzZ8NTeTzRs$_$1,21,False,21,21,21
train,h4LrwMn94ss$_$9,15,False,15,15,15
train,h7p5URoookk$_$27,9,False,9,9,9
train,h7p5URoookk$_$2,19,False,19,19,19
train,hASTLbFHrEs$_$0,10,False,10,10,10
train,hASTLbFHrEs$_$7,30,False,30,30,30
train,hCFV5VLgS0A$_$8,23,False,23,23,23
train,hF6kFQPdBjY$_$13,17,False,17,17,17
train,hF6kFQPdBjY$_$2,19,False,19,19,19
train,hF6kFQPdBjY$_$9,20,False,20,20,20
train,hGRRlXfH0BY$_$11,22,False,22,22,22
train,hGRRlXfH0BY$_$1,48,True,48,48,48
train,hGRRlXfH0BY$_$8,39,False,39,39,39
train,hIQhkTjNaQc$_$11,46,False,46,46,46
train,hOp6I4jGvu4$_$1,28,False,28,28,28
train,hOp6I4jGvu4$_$4,28,False,28,28,28
train,hSgKOKK3L8M$_$0,25,False,25,25,0
train,hSgKOKK3L8M$_$5,14,False,14,14,0
train,hawztAtYHCE$_$9,48,True,48,48,48
train,he475nnmMi0$_$14,48,True,48,48,48
train,he475nnmMi0$_$9,24,False,24,24,24
train,hfVXx8hfKak$_$16,13,False,13,13,13
train,hfVXx8hfKak$_$0,36,False,36,36,36
train,hfvmQuhqMmY$_$8,20,False,20,20,20
train,hh04W3xXa5s$_$0,7,False,7,7,7
train,hh04W3xXa5s$_$2,26,False,26,26,1
train,hj1ph17-0jE$_$2,25,False,25,25,25
train,hjBQmIWiWgw$_$2,26,False,26,26,26
train,hlBOP5NskhM$_$10,9,False,9,9,9
train,hlBOP5NskhM$_$12,15,False,15,15,15
train,hlBOP5NskhM$_$2,7,False,7,7,0
train,hlBOP5NskhM$_$8,28,False,28,28,0
train,hlYDicOj2m0$_$2,11,False,11,11,11
train,hlYDicOj2m0$_$6,16,False,16,16,16
train,hmjfBZGGZR8$_$1,38,False,38,38,22
train,hntnelpiyl8$_$13,20,False,20,20,20
train,hp3nsb_eIc0$_$18,48,True,48,48,48
train,hp3nsb_eIc0$_$1,22,False,22,22,22
train,hyazktfsZew$_$26,12,False,12,12,9
train,hyazktfsZew$_$22,20,False,20,20,0
train,hyazktfsZew$_$28,11,False,11,11,11
train,hyazktfsZew$_$9,15,False,15,15,15
train,hyazktfsZew$_$11,8,False,8,8,1
train,hyazktfsZew$_$30,10,False,10,10,5
train,i5bmKlHv-SA$_$3,23,False,23,23,23
train,iEOBNT0HFtU$_$12,33,False,33,33,33
train,iEOBNT0HFtU$_$17,29,False,29,29,29
train,iEOBNT0HFtU$_$0,16,False,16,16,16
train,iEOBNT0HFtU$_$2,15,False,15,15,15
train,iH04VOkbof0$_$1,32,False,32,32,32
train,iH04VOkbof0$_$4,21,False,21,21,21
train,iM3wSwoAtwk$_$3,35,False,35,35,35
train,iMss8xBhFiI$_$12,15,False,15,15,15
train,iO34hER47xA$_$3,28,False,28,28,28
train,iR1Os7FVGHs$_$6,48,True,48,48,48
train,iREkcXde5ds$_$0,7,False,7,7,0
train,iS91daVpH2E$_$10,18,False,18,18,18
train,iS91daVpH2E$_$7,22,False,22,22,22
train,iYtD_ArCdKw$_$3,16,False,16,16,16
train,iYtD_ArCdKw$_$9,48,True,48,48,48
train,icIS9VfbzMw$_$25,24,False,24,24,24
train,icIS9VfbzMw$_$17,24,False,24,24,13
train,icIS9VfbzMw$_$1,40,False,40,40,40
train,icIS9VfbzMw$_$3,30,False,30,30,30
train,icehEYAiimM$_$0,48,True,48,48,48
train,iex7I7iVnLk$_$3,12,False,12,12,12
train,ihuGFUrzD30$_$8,20,False,20,20,20
train,ipLoS44xfO4$_$1,7,False,7,7,0
train,ipLoS44xfO4$_$0,5,False,5,5,5
train,ipLoS44xfO4$_$3,14,False,14,14,14
train,ixQbCXLUUj8$_$1,16,False,16,16,13
train,ixZAEncExWI$_$1,31,False,31,31,31
train,izFBeXMTgds$_$1,31,False,31,31,31
train,j6R1NTrosuM$_$0,13,False,13,13,13
train,j7fRIGphgtk$_$1,8,False,8,8,8
train,j7fRIGphgtk$_$0,29,False,29,29,29
train,jEQoBvc7V1o$_$12,19,False,19,19,9
train,jFNgOznarMo$_$9,19,False,19,19,19
train,jFNgOznarMo$_$10,48,True,48,48,48
train,jFpRdhl3fgw$_$2,18,False,18,18,18
train,jNdvceZ4etc$_$2,15,False,15,15,15
train,jNdvceZ4etc$_$7,16,False,16,16,16
train,jPf0LjZAS14$_$0,28,False,28,28,28
train,jQ3EmbRIe58$_$14,13,False,13,13,13
train,jT3FSTBA8Us$_$2,34,False,34,34,1
train,jV6qzF2YROc$_$0,19,False,19,19,19
train,jVayR0VClxQ$_$12,16,False,16,16,16
train,jVayR0VClxQ$_$0,19,False,19,19,19
train,jVayR0VClxQ$_$9,31,False,31,31,31
train,jYT3-RQFy1U$_$10,25,False,25,25,25
train,jYT3-RQFy1U$_$1,35,False,35,35,35
train,jakiZQd4boM$_$3,48,True,48,48,48
train,jbKDW9URnvM$_$0,16,False,16,16,16
train,jcQi90n008o$_$20,15,False,15,15,15
train,jcQi90n008o$_$23,9,False,9,9,9
train,jcQi90n008o$_$2,14,False,14,14,14
train,jcQi90n008o$_$5,30,False,30,30,30
train,jcQi90n008o$_$18,11,False,11,11,11
train,jgNu58Da9cs$_$2,27,False,27,27,27
train,jgNu58Da9cs$_$6,27,False,27,27,27
train,jjb1cWmkhI8$_$2,28,False,28,28,28
train,jjbOD6u7V34$_$3,46,False,46,46,31
train,jlCFLG6rKKY$_$2,11,False,11,11,11
train,jnG9zog4NCs$_$2,18,False,18,18,18
train,jnG9zog4NCs$_$4,30,False,30,30,12
train,jqKzaEniiKo$_$13,48,True,48,48,0
train,jqKzaEniiKo$_$8,43,False,43,43,43
train,juI9KoLA87A$_$5,24,False,24,24,24
train,jzNIU-w0MVo$_$15,36,False,36,36,36
train,jzNIU-w0MVo$_$16,32,False,32,32,32
train,jzNIU-w0MVo$_$7,41,False,41,41,41
train,k1ca_xbhohk$_$13,24,False,24,24,24
train,k4T6GaDrcjs$_$2,12,False,12,12,6
train,k4T6GaDrcjs$_$4,10,False,10,10,10
train,k4T6GaDrcjs$_$7,21,False,21,21,3
train,k4T6GaDrcjs$_$9,17,False,17,17,2
train,k5-3KuvCFms$_$0,20,False,20,20,20
train,k8NgVOCDYKM$_$10,48,True,48,48,48
train,k8NgVOCDYKM$_$19,21,False,21,21,21
train,k8NgVOCDYKM$_$2,11,False,11,11,11
train,kCQqLNiO0mk$_$11,44,False,44,44,44
train,kCQqLNiO0mk$_$12,15,False,15,15,15
train,kCQqLNiO0mk$_$15,47,False,47,47,47
train,kCQqLNiO0mk$_$17,41,False,41,41,41
train,kCQqLNiO0mk$_$6,23,False,23,23,23
train,kCQqLNiO0mk$_$8,31,False,31,31,31
train,kKMfsWrigTE$_$1,20,False,20,20,20
train,kKkZihSbxF4$_$2,25,False,25,25,18
train,kPn-t6NSxfQ$_$11,14,False,14,14,14
train,kPn-t6NSxfQ$_$14,48,True,48,48,48
train,kPn-t6NSxfQ$_$0,13,False,13,13,13
train,kPn-t6NSxfQ$_$4,48,True,48,48,48
train,kRs39SO-neY$_$17,48,True,48,48,48
train,kU6YY2z7z0I$_$10,14,False,14,14,14
train,kU6YY2z7z0I$_$5,21,False,21,21,21
train,kU6YY2z7z0I$_$4,12,False,12,12,12
train,kU6YY2z7z0I$_$9,5,False,5,5,5
train,kU6YY2z7z0I$_$8,7,False,7,7,7
train,kY64gXOapYk$_$0,34,False,34,34,34
train,kZfcQ4a0kx4$_$21,26,False,26,26,26
train,kZfcQ4a0kx4$_$0,28,False,28,28,28
train,kZfcQ4a0kx4$_$3,44,False,44,44,44
train,kZfcQ4a0kx4$_$8,31,False,31,31,31
train,kZfcQ4a0kx4$_$15,44,False,44,44,40
train,kcIGTPHEsNo$_$20,19,False,19,19,16
train,kcIGTPHEsNo$_$17,38,False,38,38,38
train,kcIGTPHEsNo$_$10,26,False,26,26,23
train,kddCewAsxfA$_$5,15,False,15,15,15
train,kf3fZcx8nIo$_$2,48,True,48,48,48
train,kh6eynD9OIk$_$10,8,False,8,8,8
train,kh6eynD9OIk$_$5,12,False,12,12,9
train,kh6eynD9OIk$_$6,9,False,9,9,8
train,kiR5zVo2zvU$_$24,34,False,34,34,34
train,kiR5zVo2zvU$_$14,13,False,13,13,13
train,kiR5zVo2zvU$_$17,48,True,48,48,48
train,kj63uF0RhW8$_$7,34,False,34,34,34
train,kjQAkrdbREk$_$1,29,False,29,29,29
train,kjQAkrdbREk$_$2,37,False,37,37,37
train,kqXpf26EL-s$_$11,11,False,11,11,3
train,kqXpf26EL-s$_$3,9,False,9,9,9
train,kqXpf26EL-s$_$5,7,False,7,7,0
train,krHZuqfXrPU$_$22,48,True,48,48,48
train,krHZuqfXrPU$_$28,21,False,21,21,21
train,krHZuqfXrPU$_$11,17,False,17,17,17
train,krHZuqfXrPU$_$13,28,False,28,28,28
train,ku-dtUqCm2o$_$1,21,False,21,21,21
train,kuQWPuhnlHs$_$5,48,True,48,48,48
train,kuQWPuhnlHs$_$6,45,False,45,45,45
train,kwkhYpCHWPw$_$6,13,False,13,13,13
train,kx544gnOZB0$_$0,13,False,13,13,13
train,kxcCxbsKx3w$_$2,36,False,36,36,36
train,kxcCxbsKx3w$_$8,10,False,10,10,10
train,ky7Q5onqxGw$_$7,21,False,21,21,21
train,kyPepNmxaj8$_$2,14,False,14,14,14
train,kz7ahNfXFsk$_$9,21,False,21,21,21
train,kzmaKnujN64$_$1,18,False,18,18,18
train,kzmaKnujN64$_$6,27,False,27,27,27
train,l-nM_U1qpko$_$2,11,False,11,11,11
train,l-nM_U1qpko$_$5,23,False,23,23,23
train,l5_DDqck4Rs$_$0,31,False,31,31,31
train,l8LTcZJ-_8k$_$17,7,False,7,7,0
train,l8LTcZJ-_8k$_$19,48,True,48,48,48
train,lEsFI5YJGDo$_$5,23,False,23,23,23
train,lEsFI5YJGDo$_$7,23,False,23,23,22
train,lEsFI5YJGDo$_$6,13,False,13,13,13
train,lTfsqoo-jKg$_$4,9,False,9,9,9
train,lTfsqoo-jKg$_$7,21,False,21,21,21
train,lUNNDDsm7R8$_$3,48,True,48,48,48
train,lWvaIexY2WU$_$0,33,False,33,33,33
train,laxadgca3Fo$_$0,19,False,19,19,19
train,lbx3eu8LUl8$_$4,14,False,14,14,14
train,ll10nEjTvGE$_$9,23,False,23,23,23
train,ll10nEjTvGE$_$8,17,False,17,17,17
train,lp9vkkimXqg$_$12,11,False,11,11,11
train,lp9vkkimXqg$_$15,16,False,16,16,16
train,lp9vkkimXqg$_$6,8,False,8,8,8
train,lpF-yBYou0s$_$5,15,False,15,15,15
train,lpF-yBYou0s$_$6,14,False,14,14,14
train,luQfWSfb1s0$_$13,26,False,26,26,26
train,luQfWSfb1s0$_$16,13,False,13,13,13
train,luQfWSfb1s0$_$4,24,False,24,24,0
train,luQfWSfb1s0$_$6,18,False,18,18,18
train,lzVA--tIse0$_$0,17,False,17,17,12
train,lzyVWNrkgbQ$_$9,37,False,37,37,37
train,m7SJs73SF8w$_$4,15,False,15,15,6
train,m8tzdtrgFUA$_$12,11,False,11,11,11
train,m8tzdtrgFUA$_$0,8,False,8,8,8
train,m8tzdtrgFUA$_$2,13,False,13,13,13
train,m8tzdtrgFUA$_$5,23,False,23,23,23
train,m8tzdtrgFUA$_$7,5,False,5,5,5
train,mHIvH6Nnrls$_$1,6,False,6,6,0
train,mI50zj8cTNw$_$1,19,False,19,19,19
train,mKP6TVuixWg$_$11,48,True,48,48,48
train,mKP6TVuixWg$_$18,15,False,15,15,15
train,mL2v-sODUZ8$_$11,48,True,48,48,48
train,mMeGgB9-hSE$_$10,17,False,17,17,17
train,mMeGgB9-hSE$_$13,32,False,32,32,32
train,mN1Z5xEOy10$_$4,8,False,8,8,3
train,mQTaEIrNxnQ$_$11,26,False,26,26,26
train,mRPIse3OO74$_$1,21,False,21,21,21
train,mRnEJOLkhp8$_$2,25,False,25,25,25
train,mSWwz7dXUP8$_$6,26,False,26,26,26
train,mW8eL4e7Wrg$_$14,19,False,19,19,19
train,mW8eL4e7Wrg$_$3,25,False,25,25,25
train,mW8eL4e7Wrg$_$2,20,False,20,20,20
train,mW8eL4e7Wrg$_$6,23,False,23,23,23
train,mW8eL4e7Wrg$_$15,21,False,21,21,21
train,maO6KmmgcB8$_$4,23,False,23,23,23
train,mgovo8VYtvk$_$24,48,True,48,48,47
train,mgovo8VYtvk$_$20,15,False,15,15,15
train,mgovo8VYtvk$_$22,19,False,19,19,10
train,mgovo8VYtvk$_$23,23,False,23,23,12
train,mgovo8VYtvk$_$29,16,False,16,16,16
train,mgovo8VYtvk$_$3,23,False,23,23,23
train,mgovo8VYtvk$_$8,42,False,42,42,42
train,mgovo8VYtvk$_$13,36,False,36,36,36
train,mgovo8VYtvk$_$12,42,False,42,42,42
train,mgovo8VYtvk$_$30,29,False,29,29,29
train,mgovo8VYtvk$_$37,10,False,10,10,10
train,mgovo8VYtvk$_$34,21,False,21,21,21
train,mgpoY1-110U$_$1,22,False,22,22,22
train,mgpoY1-110U$_$14,11,False,11,11,11
train,mkkoJ2iVbGs$_$0,14,False,14,14,14
train,mkkoJ2iVbGs$_$5,33,False,33,33,33
train,mkkoJ2iVbGs$_$4,14,False,14,14,14
train,mn8_HvzbN5c$_$5,48,True,48,48,48
train,mpfSRGHFY0g$_$3,17,False,17,17,17
train,mrQIrm6hYMQ$_$1,15,False,15,15,15
train,mrQIrm6hYMQ$_$2,37,False,37,37,37
train,muOYAxkG-Zo$_$15,25,False,25,25,25
train,muOYAxkG-Zo$_$6,20,False,20,20,20
train,mud6tEqFiEM$_$2,10,False,10,10,10
train,mud6tEqFiEM$_$5,16,False,16,16,16
train,mw_ZwML0SbY$_$0,48,True,48,48,48
train,mw_ZwML0SbY$_$2,35,False,35,35,35
train,mxFU6TrHChY$_$11,46,False,46,46,46
train,mxFU6TrHChY$_$0,17,False,17,17,17
train,mxFU6TrHChY$_$8,12,False,12,12,12
train,mxa4KXSz9rw$_$0,9,False,9,9,0
train,mxa4KXSz9rw$_$6,13,False,13,13,13
train,mzTHW2dtbs4$_$8,43,False,43,43,43
train,mziQcFSsdRI$_$4,19,False,19,19,19
train,n-sgVVTE9Io$_$0,14,False,14,14,14
train,n4xRx0J3rYQ$_$10,15,False,15,15,15
train,n4xRx0J3rYQ$_$0,16,False,16,16,0
train,n4xRx0J3rYQ$_$4,26,False,26,26,26
train,n5MU2-GFjo8$_$1,29,False,29,29,29
train,n7K5SpMrQt0$_$17,24,False,24,24,24
train,nD1R4UedEDo$_$10,22,False,22,22,22
train,nD1R4UedEDo$_$1,32,False,32,32,32
train,nD1R4UedEDo$_$2,22,False,22,22,22
train,nD1R4UedEDo$_$4,17,False,17,17,17
train,nDXKvarLEOM$_$3,8,False,8,8,8
train,nErOMpqvcRg$_$7,48,True,48,48,48
train,nHP7l5zAwGA$_$0,47,False,47,47,47
train,nHP7l5zAwGA$_$8,34,False,34,34,34
train,nISNBD3I95A$_$0,21,False,21,21,21
train,nKiC9sEP2vM$_$5,39,False,39,39,39
train,nM5S3xxNOlQ$_$10,24,False,24,24,24
train,nM5S3xxNOlQ$_$0,23,False,23,23,23
train,nM5S3xxNOlQ$_$3,25,False,25,25,25
train,nM5S3xxNOlQ$_$7,7,False,7,7,7
train,nM5S3xxNOlQ$_$9,5,False,5,5,5
train,nTBKtwqPIYw$_$7,12,False,12,12,12
train,ngp7s5Wvde0$_$11,19,False,19,19,19
train,ngp7s5Wvde0$_$3,30,False,30,30,30
train,ngp7s5Wvde0$_$8,31,False,31,31,31
train,npIVLL_fTf0$_$13,41,False,41,41,41
train,npIVLL_fTf0$_$12,38,False,38,38,38
train,npIVLL_fTf0$_$17,19,False,19,19,19
train,nsLACXjD4KU$_$3,27,False,27,27,8
train,nsLACXjD4KU$_$2,14,False,14,14,14
train,nw6Kf3AtCz4$_$21,16,False,16,16,16
train,nw6Kf3AtCz4$_$23,19,False,19,19,19
train,nw6Kf3AtCz4$_$28,18,False,18,18,18
train,nw6Kf3AtCz4$_$4,12,False,12,12,12
train,nw6Kf3AtCz4$_$8,13,False,13,13,12
train,nw6Kf3AtCz4$_$15,25,False,25,25,25
train,nw6Kf3AtCz4$_$18,8,False,8,8,8
train,nw6Kf3AtCz4$_$33,21,False,21,21,21
train,nz2vkMyqfeE$_$15,48,True,48,48,48
train,nz2vkMyqfeE$_$4,31,False,31,31,31
train,o2miCpS7Hwo$_$6,48,True,48,48,48
train,o4b7hjQwpv0$_$5,25,False,25,25,3
train,o4b7hjQwpv0$_$6,19,False,19,19,2
train,o4b7hjQwpv0$_$8,8,False,8,8,8
train,o63doZKEIds$_$1,10,False,10,10,10
train,o63doZKEIds$_$3,10,False,10,10,10
train,o63doZKEIds$_$9,9,False,9,9,9
train,oANUXY3xXKM$_$2,23,False,23,23,23
train,oCsrnIomHos$_$11,39,False,39,39,39
train,oDznO5w3v0U$_$3,19,False,19,19,19
train,oDznO5w3v0U$_$6,19,False,19,19,19
train,oGnKsroR0R0$_$13,8,False,8,8,8
train,oGnKsroR0R0$_$14,25,False,25,25,25
train,oHV99Y_EWfI$_$12,21,False,21,21,21
train,oHV99Y_EWfI$_$19,14,False,14,14,14
train,oK951Y2N_k0$_$1,13,False,13,13,13
train,oNCvb0F-c88$_$6,24,False,24,24,24
train,oOhxCwkZsUI$_$0,19,False,19,19,19
train,oPvUDLhTrjI$_$11,34,False,34,34,34
train,oPvUDLhTrjI$_$13,21,False,21,21,21
train,oVqBUyKvgdU$_$7,48,True,48,48,47
train,oW1OEsP7Dds$_$8,23,False,23,23,23
train,oW1OEsP7Dds$_$12,40,False,40,40,40
train,oWAyEzyp2xQ$_$15,37,False,37,37,37
train,obnOnuzb-Xw$_$1,11,False,11,11,11
train,ogGweZUAVtU$_$51,16,False,16,16,16
train,ogGweZUAVtU$_$20,17,False,17,17,17
train,ogGweZUAVtU$_$49,7,False,7,7,7
train,ogGweZUAVtU$_$46,11,False,11,11,11
train,ogGweZUAVtU$_$40,16,False,16,16,16
train,ogGweZUAVtU$_$7,11,False,11,11,11
train,ogGweZUAVtU$_$9,21,False,21,21,21
train,ogGweZUAVtU$_$38,21,False,21,21,21
train,ogGweZUAVtU$_$10,11,False,11,11,11
train,ogGweZUAVtU$_$17,14,False,14,14,14
train,ogGweZUAVtU$_$37,17,False,17,17,17
train,ogGweZUAVtU$_$36,9,False,9,9,9
train,ogGweZUAVtU$_$32,9,False,9,9,9
train,oj7A8mpuBeQ$_$11,17,False,17,17,17
train,oj7A8mpuBeQ$_$5,7,False,7,7,7
train,olcPEN9x5VY$_$2,14,False,14,14,14
train,olcPEN9x5VY$_$7,14,False,14,14,14
train,olcPEN9x5VY$_$9,9,False,9,9,9
train,olcPEN9x5VY$_$8,16,False,16,16,16
train,omBcvw7izuM$_$10,16,False,16,16,16
train,omBcvw7izuM$_$17,28,False,28,28,28
train,omBcvw7izuM$_$2,48,True,48,48,48
train,omBcvw7izuM$_$6,48,False,48,48,48
train,omHQ68k50XY$_$8,23,False,23,23,23
train,ouhCx4TgHlE$_$1,32,False,32,32,32
train,ouhCx4TgHlE$_$0,21,False,21,21,21
train,ouhCx4TgHlE$_$2,22,False,22,22,22
train,owT0_Xfu8a0$_$0,29,False,29,29,29
train,oyHKiX5YGDE$_$10,18,False,18,18,18
train,oyHKiX5YGDE$_$15,23,False,23,23,23
train,p18PVgfxook$_$3,30,False,30,30,30
train,p19Hsjx2xgI$_$8,13,False,13,13,13
train,p5LEk2u8tXk$_$13,14,False,14,14,14
train,p5LEk2u8tXk$_$4,12,False,12,12,12
train,pAclBdj20ZU$_$10,15,False,15,15,15
train,pAclBdj20ZU$_$0,19,False,19,19,19
train,pAclBdj20ZU$_$6,8,False,8,8,8
train,pAclBdj20ZU$_$8,9,False,9,9,9
train,pFh-SLxltms$_$14,19,False,19,19,19
train,pFh-SLxltms$_$23,14,False,14,14,14
train,pFh-SLxltms$_$16,21,False,21,21,21
train,pFh-SLxltms$_$1,23,False,23,23,23
train,pFh-SLxltms$_$9,20,False,20,20,20
train,pIMByitigYI$_$10,37,False,37,37,37
train,pU-MjERGTUk$_$6,48,True,48,48,25
train,pVzHaakhKAw$_$0,21,False,21,21,15
train,pVzHaakhKAw$_$5,46,False,46,46,43
train,pbFwuNCQlH8$_$3,24,False,24,24,24
train,pbFwuNCQlH8$_$7,12,False,12,12,12
train,pf-78LF4ORE$_$22,28,False,28,28,28
train,pfCPogxnUfw$_$26,26,False,26,26,26
train,pfCPogxnUfw$_$8,18,False,18,18,18
train,pjWLxORDDP4$_$2,12,False,12,12,12
train,pqAGD3ijMPw$_$9,39,False,39,39,39
train,pu1C7tmYHxI$_$2,34,False,34,34,34
train,puum3vabpb4$_$15,24,False,24,24,24
train,pvlmYjQdRmA$_$0,17,False,17,17,17
train,pwj9YeMJC08$_$15,18,False,18,18,18
train,q-0gu48ClF4$_$2,33,False,33,33,33
train,q1_knonj0Lw$_$17,24,False,24,24,24
train,q1_knonj0Lw$_$16,48,True,48,48,48
train,q1_knonj0Lw$_$4,11,False,11,11,11
train,q1_knonj0Lw$_$7,21,False,21,21,21
train,q3QUybiOYeU$_$0,28,False,28,28,24
train,q4hP2j7oewo$_$1,22,False,22,22,22
train,q7BxnIM2_z0$_$5,33,False,33,33,33
train,qEkFReBuwxc$_$20,27,False,27,27,27
train,qFppeQvdfxI$_$5,26,False,26,26,26
train,qFppeQvdfxI$_$7,13,False,13,13,13
train,qFppeQvdfxI$_$8,11,False,11,11,11
train,qJBQH14qtHc$_$26,18,False,18,18,18
train,qJZlp9uxoTU$_$10,6,False,6,6,6
train,qJZlp9uxoTU$_$17,30,False,30,30,30
train,qJZlp9uxoTU$_$18,19,False,19,19,19
train,qJh6x4wmmh8$_$0,24,False,24,24,24
train,qP4uuMI-JSk$_$3,48,True,48,48,48
train,qP4uuMI-JSk$_$4,15,False,15,15,15
train,qYJtbgLqizk$_$1,32,False,32,32,32
train,qd6YuFGcBGk$_$12,15,False,15,15,15
train,qd6YuFGcBGk$_$0,42,False,42,42,42
train,qjMyjLSORY4$_$20,35,False,35,35,35
train,qjMyjLSORY4$_$29,13,False,13,13,13
train,qjMyjLSORY4$_$1,33,False,33,33,33
train,qjMyjLSORY4$_$33,19,False,19,19,15
train,qjMyjLSORY4$_$2,21,False,21,21,21
train,qjMyjLSORY4$_$5,45,False,45,45,45
train,qkWdc-E6jGI$_$21,48,True,48,48,48
train,qkWdc-E6jGI$_$6,18,False,18,18,18
train,qlDT-bmIzQI$_$4,14,False,14,14,14
train,qlDiE1d45Bc$_$5,18,False,18,18,18
train,qpht9L3s9G4$_$3,20,False,20,20,20
train,qrI7XCKRFNk$_$3,35,False,35,35,35
train,qrI7XCKRFNk$_$5,19,False,19,19,17
train,qrI7XCKRFNk$_$4,36,False,36,36,32
train,qszy_WSRFUM$_$10,16,False,16,16,16
train,qvIhzmujTi8$_$14,48,True,48,48,48
train,qyJiDgtj6YE$_$4,32,False,32,32,32
train,r1erb5PSm1A$_$2,12,False,12,12,12
train,r4ul1wl_1T8$_$9,24,False,24,24,24
train,r8OPmbZZlpE$_$3,26,False,26,26,26
train,r917wP1qsL4$_$6,19,False,19,19,19
train,rApOTQgFW6Y$_$6,19,False,19,19,19
train,rB6WmWvvyxg$_$1,14,False,14,14,14
train,rB6WmWvvyxg$_$3,23,False,23,23,17
train,rB6WmWvvyxg$_$2,22,False,22,22,20
train,rB6WmWvvyxg$_$8,17,False,17,17,11
train,rBWeo_rEdcU$_$6,25,False,25,25,25
train,rBWeo_rEdcU$_$8,13,False,13,13,13
train,rC7qKZMKa0U$_$0,27,False,27,27,27
train,rCQYq4T8SEI$_$7,46,False,46,46,46
train,rCQYq4T8SEI$_$0,26,False,26,26,26
train,rEWQW_ibDwg$_$7,26,False,26,26,26
train,rFHIApgUtoI$_$1,21,False,21,21,21
train,rFHIApgUtoI$_$5,48,True,48,48,48
train,rLHJ_ebXCHQ$_$3,11,False,11,11,11
train,raQ9Pcgo-II$_$3,18,False,18,18,18
train,rexJoy4RMdY$_$4,13,False,13,13,13
train,rsQRiALH5FU$_$11,46,False,46,46,46
train,rsQRiALH5FU$_$10,47,False,47,47,47
train,rsQRiALH5FU$_$4,33,False,33,33,33
train,rvQ2cRnroOU$_$20,19,False,19,19,19
train,rvQ2cRnroOU$_$2,22,False,22,22,22
train,rvQ2cRnroOU$_$9,24,False,24,24,24
train,rwe-hBNpzH8$_$1,14,False,14,14,14
train,rz4Ax6xfZHQ$_$8,15,False,15,15,15
train,s1Yo_MCiMPc$_$12,25,False,25,25,25
train,s1Yo_MCiMPc$_$5,25,False,25,25,25
train,s53UAEi7JEY$_$9,22,False,22,22,22
train,sC1NvtirijU$_$22,14,False,14,14,14
train,sC1NvtirijU$_$3,46,False,46,46,46
train,sC1NvtirijU$_$16,13,False,13,13,13
train,sC1NvtirijU$_$19,48,True,48,48,48
train,sFLTjqVS7AE$_$0,21,False,21,21,0
train,sFLTjqVS7AE$_$5,24,False,24,24,24
train,sFxUNO2HOKY$_$5,28,False,28,28,28
train,sIGAq2J4KKI$_$1,13,False,13,13,13
train,sKwPCpFtUUI$_$6,26,False,26,26,26
train,sLaTZtL0ZIk$_$5,24,False,24,24,24
train,sMnbpyFqrlE$_$15,19,False,19,19,19
train,sMnbpyFqrlE$_$0,36,False,36,36,36
train,sPxoGNvnVzg$_$5,10,False,10,10,10
train,sPxoGNvnVzg$_$7,6,False,6,6,0
train,sWsDAG6x9n0$_$3,34,False,34,34,34
train,skp_SpnIOCM$_$2,30,False,30,30,30
train,soqnBdPOwoo$_$4,24,False,24,24,24
train,srbrWyZRMCI$_$11,13,False,13,13,13
train,srbrWyZRMCI$_$1,12,False,12,12,12
train,srbrWyZRMCI$_$0,26,False,26,26,26
train,srbrWyZRMCI$_$5,48,True,48,48,48
train,srbrWyZRMCI$_$8,10,False,10,10,10
train,sw-smuVRByI$_$7,10,False,10,10,10
train,sw-smuVRByI$_$6,28,False,28,28,28
train,t0Wi5Nb6kbI$_$10,44,False,44,44,44
train,t4-ZulW5np4$_$1,32,False,32,32,32
train,t4-ZulW5np4$_$5,18,False,18,18,18
train,t7a3zECpT4k$_$17,42,False,42,42,42
train,tL8RzwWSmAE$_$0,30,False,30,30,30
train,tL8RzwWSmAE$_$2,21,False,21,21,21
train,tQk-eoA7JyE$_$5,23,False,23,23,23
train,tXxf6-CilNI$_$20,48,True,48,48,48
train,tXxf6-CilNI$_$21,15,False,15,15,15
train,tXxf6-CilNI$_$9,44,False,44,44,44
train,ta26Z2YEVMQ$_$0,16,False,16,16,16
train,ta26Z2YEVMQ$_$2,23,False,23,23,23
train,taCchyi5h68$_$3,18,False,18,18,18
train,taGs3-SMoYM$_$3,21,False,21,21,21
train,taGs3-SMoYM$_$4,48,True,48,48,48
train,tdIZZ9v0IGA$_$6,32,False,32,32,32
train,tdIZZ9v0IGA$_$8,20,False,20,20,20
train,tgrxA3CiBv0$_$7,29,False,29,29,28
train,tgrxA3CiBv0$_$8,37,False,37,37,37
train,tv8IhQZQuJI$_$12,22,False,22,22,22
train,tv8IhQZQuJI$_$5,18,False,18,18,18
train,tvE_DucE0_k$_$7,21,False,21,21,21
train,tw2xFbfgV4U$_$18,14,False,14,14,14
train,tw2xFbfgV4U$_$3,14,False,14,14,14
train,tw2xFbfgV4U$_$2,28,False,28,28,28
train,tw2xFbfgV4U$_$6,20,False,20,20,20
train,txjqbr6FoZs$_$7,48,True,48,48,48
train,u94VPxEIJPg$_$3,10,False,10,10,0
train,uAExKaLeOl8$_$13,30,False,30,30,30
train,uAExKaLeOl8$_$9,48,True,48,48,48
train,uAExKaLeOl8$_$8,14,False,14,14,14
train,uBgRo9tnv-I$_$0,9,False,9,9,2
train,uBgRo9tnv-I$_$6,27,False,27,27,1
train,uTWeng4h5eM$_$8,14,False,14,14,14
train,uU_3tbZ1zG8$_$14,21,False,21,21,21
train,uU_3tbZ1zG8$_$23,36,False,36,36,36
train,uU_3tbZ1zG8$_$1,19,False,19,19,19
train,uU_3tbZ1zG8$_$21,15,False,15,15,15
train,uXYAfpQUYVE$_$22,23,False,23,23,23
train,uXYAfpQUYVE$_$5,16,False,16,16,16
train,uXYAfpQUYVE$_$4,16,False,16,16,16
train,uYzZB4ccG1Q$_$24,10,False,10,10,10
train,uYzZB4ccG1Q$_$27,17,False,17,17,17
train,uYzZB4ccG1Q$_$5,9,False,9,9,9
train,uYzZB4ccG1Q$_$10,20,False,20,20,20
train,uYzZB4ccG1Q$_$15,11,False,11,11,11
train,uYzZB4ccG1Q$_$19,48,True,48,48,48
train,uYzZB4ccG1Q$_$30,27,False,27,27,27
train,ueCWy7aTmyo$_$14,32,False,32,32,32
train,ueCWy7aTmyo$_$3,22,False,22,22,22
train,ueCWy7aTmyo$_$5,28,False,28,28,28
train,uxHBEfIhY-E$_$2,9,False,9,9,9
train,uy9MGhVqCp8$_$5,21,False,21,21,21
train,uyOrVTq8Tjk$_$3,18,False,18,18,18
train,v1GKBjohgHc$_$2,30,False,30,30,30
train,v2DFe9X-jCY$_$22,30,False,30,30,30
train,v3l56fl6aJM$_$4,48,True,48,48,48
train,v5AAvrZuR2U$_$6,24,False,24,24,24
train,vCWpKubBbcw$_$1,31,False,31,31,31
train,vM3YB7LmMq4$_$28,11,False,11,11,11
train,vM3YB7LmMq4$_$41,10,False,10,10,10
train,vM3YB7LmMq4$_$8,33,False,33,33,33
train,vM3YB7LmMq4$_$38,48,True,48,48,48
train,vM3YB7LmMq4$_$13,10,False,10,10,10
train,vM3YB7LmMq4$_$33,25,False,25,25,25
train,vM3YB7LmMq4$_$37,48,False,48,48,48
train,vM3YB7LmMq4$_$50,5,False,5,5,3
train,vM7m581tHn0$_$3,15,False,15,15,15
train,vM7m581tHn0$_$4,10,False,10,10,10
train,vM9AH4EqCaA$_$2,31,False,31,31,28
train,vM9AH4EqCaA$_$6,23,False,23,23,23
train,vRhj2bLo1ho$_$5,22,False,22,22,22
train,vRhj2bLo1ho$_$8,12,False,12,12,12
train,vYOr36tdcpc$_$1,48,True,48,48,48
train,vYOr36tdcpc$_$0,38,False,38,38,38
train,vbVLgaP5IYU$_$0,21,False,21,21,21
train,vlnKSMw5v1o$_$6,23,False,23,23,15
train,vop7tN_K64I$_$14,19,False,19,19,19
train,vop7tN_K64I$_$17,33,False,33,33,33
train,vop7tN_K64I$_$1,29,False,29,29,29
train,vttEPA6Xffk$_$2,44,False,44,44,44
train,vwUBtNvjrU4$_$26,16,False,16,16,16
train,vwUBtNvjrU4$_$16,15,False,15,15,15
train,vwUBtNvjrU4$_$23,42,False,42,42,42
train,vwUBtNvjrU4$_$25,18,False,18,18,18
train,w-PFjo89Dpw$_$14,17,False,17,17,17
train,w-PFjo89Dpw$_$2,17,False,17,17,17
train,w-PFjo89Dpw$_$7,36,False,36,36,36
train,w1MxXu5D7ho$_$0,27,False,27,27,27
train,wCtZdAdoIm8$_$0,20,False,20,20,20
train,wEs7pJH2mqQ$_$1,13,False,13,13,9
train,wEs7pJH2mqQ$_$3,14,False,14,14,14
train,wEs7pJH2mqQ$_$7,17,False,17,17,5
train,wHQYmMZzyJY$_$24,12,False,12,12,12
train,wHQYmMZzyJY$_$10,22,False,22,22,22
train,wHQYmMZzyJY$_$20,12,False,12,12,12
train,wHQYmMZzyJY$_$18,23,False,23,23,23
train,wI7DDCRh4Nw$_$1,48,True,48,48,48
train,wI7DDCRh4Nw$_$2,26,False,26,26,26
train,wLj_gnNON7A$_$10,14,False,14,14,14
train,wLj_gnNON7A$_$12,36,False,36,36,36
train,wLj_gnNON7A$_$14,8,False,8,8,8
train,wLj_gnNON7A$_$5,34,False,34,34,34
train,wLj_gnNON7A$_$4,5,False,5,5,5
train,wMggOhhVouA$_$6,20,False,20,20,20
train,wNx1ZnQ0MDQ$_$9,15,False,15,15,15
train,wNx1ZnQ0MDQ$_$8,21,False,21,21,21
train,wNx1ZnQ0MDQ$_$4,29,False,29,29,29
train,wOKWTFYYMuk$_$9,48,True,48,48,48
train,wOjnqud5GBA$_$4,15,False,15,15,15
train,wR3zalLV_6c$_$5,28,False,28,28,28
train,wR3zalLV_6c$_$14,40,False,40,40,40
train,wRKVNiABc0w$_$12,16,False,16,16,16
train,wRKVNiABc0w$_$14,18,False,18,18,18
train,wRKVNiABc0w$_$1,19,False,19,19,19
train,w_qYZSVx2dM$_$13,26,False,26,26,26
train,w_qYZSVx2dM$_$12,27,False,27,27,27
train,w_qYZSVx2dM$_$9,14,False,14,14,14
train,wb7CfuiIZFQ$_$5,22,False,22,22,22
train,wd-LTpCtAzw$_$14,8,False,8,8,6
train,wd-LTpCtAzw$_$1,16,False,16,16,16
train,wd-LTpCtAzw$_$9,15,False,15,15,15
train,wdU-0bttAkc$_$3,36,False,36,36,17
train,werKCgZ5dFE$_$14,26,False,26,26,26
train,wfLrS6CdFs4$_$0,20,False,20,20,0
train,wgCSuviySwg$_$0,34,False,34,34,34
train,wj3ur4fsiN4$_$24,6,False,6,6,6
train,wj3ur4fsiN4$_$3,22,False,22,22,22
train,wj3ur4fsiN4$_$2,26,False,26,26,26
train,wj3ur4fsiN4$_$13,37,False,37,37,37
train,wj3ur4fsiN4$_$17,27,False,27,27,27
train,wrQVnClcNPM$_$11,12,False,12,12,12
train,wrQVnClcNPM$_$12,12,False,12,12,12
train,wrQVnClcNPM$_$16,16,False,16,16,16
train,wrQVnClcNPM$_$2,9,False,9,9,9
train,wrQVnClcNPM$_$5,20,False,20,20,20
train,wxxqXK9x-64$_$2,33,False,33,33,33
train,wz3nVBPVgIA$_$6,21,False,21,21,21
train,x92920ole0w$_$18,41,False,41,41,41
train,x9E8yaFCX0Y$_$5,28,False,28,28,28
train,x9E8yaFCX0Y$_$4,7,False,7,7,7
train,x9E8yaFCX0Y$_$7,14,False,14,14,14
train,xNYsfeSgDCQ$_$1,17,False,17,17,17
train,xNYsfeSgDCQ$_$4,33,False,33,33,33
train,xP81rX2ATLI$_$2,11,False,11,11,11
train,xP81rX2ATLI$_$6,28,False,28,28,28
train,xPhlDO-2Foc$_$2,29,False,29,29,29
train,xRJXYUZVdas$_$1,18,False,18,18,18
train,xTBBDx3DkXQ$_$10,22,False,22,22,22
train,xUz5cCA-oTo$_$14,25,False,25,25,25
train,xXIq7YPkdUQ$_$1,34,False,34,34,9
train,xXIq7YPkdUQ$_$2,14,False,14,14,0
train,xXIq7YPkdUQ$_$4,18,False,18,18,0
train,xYtNgq9eTlg$_$6,25,False,25,25,25
train,xZ1FrxU6hcg$_$23,24,False,24,24,24
train,xZ1FrxU6hcg$_$6,19,False,19,19,19
train,xaSf1d13WoY$_$13,16,False,16,16,16
train,xaSf1d13WoY$_$1,27,False,27,27,27
train,xaSf1d13WoY$_$4,14,False,14,14,14
train,xbl7bU5PGBs$_$0,23,False,23,23,21
train,xfP0bm6Z-7E$_$2,9,False,9,9,9
train,xge9aYTxxOA$_$0,15,False,15,15,15
train,xiRUWSUrGSg$_$0,38,False,38,38,38
train,xiRUWSUrGSg$_$4,20,False,20,20,20
train,xk4C4p5vHDk$_$12,40,False,40,40,40
train,xk4C4p5vHDk$_$1,28,False,28,28,28
train,xn9_4n4NpEw$_$10,14,False,14,14,14
train,xn9_4n4NpEw$_$5,22,False,22,22,22
train,xn9_4n4NpEw$_$7,13,False,13,13,13
train,xnNZyfhusAk$_$2,19,False,19,19,19
train,xomMHflvVDw$_$1,33,False,33,33,33
train,xomMHflvVDw$_$0,13,False,13,13,13
train,xomMHflvVDw$_$3,16,False,16,16,16
train,xomMHflvVDw$_$6,29,False,29,29,29
train,xu53lk4dhSc$_$13,22,False,22,22,22
train,xu53lk4dhSc$_$20,14,False,14,14,14
train,xu53lk4dhSc$_$14,17,False,17,17,17
train,xu53lk4dhSc$_$17,36,False,36,36,36
train,xu53lk4dhSc$_$9,26,False,26,26,26
train,xvnFF0FiyS4$_$6,5,False,5,5,5
train,xvnFF0FiyS4$_$8,7,False,7,7,7
train,xwNQ7QuXaps$_$5,48,True,48,48,48
train,xyOa9ivNrg4$_$0,10,False,10,10,10
train,y-nEcwAyQos$_$11,13,False,13,13,13
train,y-nEcwAyQos$_$4,24,False,24,24,24
train,yBGuxyO-ElM$_$2,23,False,23,23,23
train,yDIFWzOBjXc$_$22,20,False,20,20,20
train,yDIFWzOBjXc$_$23,18,False,18,18,18
train,yDIFWzOBjXc$_$40,23,False,23,23,23
train,yDIFWzOBjXc$_$13,21,False,21,21,21
train,yDIFWzOBjXc$_$15,35,False,35,35,35
train,yDIFWzOBjXc$_$19,29,False,29,29,29
train,yDIFWzOBjXc$_$30,17,False,17,17,17
train,yEtfjJOMMCs$_$21,15,False,15,15,15
train,yEtfjJOMMCs$_$3,10,False,10,10,10
train,yEtfjJOMMCs$_$4,22,False,22,22,22
train,yEtfjJOMMCs$_$7,7,False,7,7,6
train,yEtfjJOMMCs$_$11,39,False,39,39,39
train,yEtfjJOMMCs$_$15,48,True,48,48,48
train,yEtfjJOMMCs$_$14,21,False,21,21,21
train,yHtR71rx16I$_$3,20,False,20,20,20
train,yKdIZR5xfcc$_$11,29,False,29,29,29
train,yKdIZR5xfcc$_$12,34,False,34,34,34
train,yKdIZR5xfcc$_$4,19,False,19,19,19
train,yKdIZR5xfcc$_$7,7,False,7,7,7
train,yKdIZR5xfcc$_$9,20,False,20,20,20
train,yKdIZR5xfcc$_$8,35,False,35,35,35
train,yOQHOiswVjc$_$13,33,False,33,33,33
train,yOQHOiswVjc$_$15,48,True,48,48,48
train,yOQHOiswVjc$_$1,38,False,38,38,38
train,ySfHPyaDbqY$_$7,31,False,31,31,31
train,ygb8Cfxghbs$_$15,38,False,38,38,38
train,ygb8Cfxghbs$_$14,18,False,18,18,18
train,ygb8Cfxghbs$_$0,30,False,30,30,30
train,ygb8Cfxghbs$_$7,34,False,34,34,34
train,ymPQOY2O_nw$_$0,45,False,45,45,45
train,yp6Gd2NPwOU$_$6,41,False,41,41,41
train,yp6Gd2NPwOU$_$9,26,False,26,26,26
train,yrIXBklJ5YQ$_$1,23,False,23,23,7
train,yrIXBklJ5YQ$_$0,23,False,23,23,9
train,yrIXBklJ5YQ$_$3,12,False,12,12,12
train,yyToAEoUuek$_$3,17,False,17,17,17
train,z6E-ocntPo4$_$2,5,False,5,5,5
train,z6E-ocntPo4$_$4,20,False,20,20,20
train,z6E-ocntPo4$_$9,10,False,10,10,10
train,z6E-ocntPo4$_$8,6,False,6,6,6
train,z7FicxE_pMU$_$18,21,False,21,21,21
train,z7FicxE_pMU$_$7,48,True,48,48,48
train,z8bWG2z-bMM$_$1,12,False,12,12,12
train,z8bWG2z-bMM$_$5,14,False,14,14,14
train,zFTuwjr3xq0$_$4,34,False,34,34,11
train,zFuRNvfC4So$_$14,23,False,23,23,23
train,zFuRNvfC4So$_$7,48,True,48,48,48
train,zJWmmDk9fCE$_$0,29,False,29,29,29
train,zJWmmDk9fCE$_$10,13,False,13,13,13
train,zOHZDq2BvGo$_$0,48,True,48,48,48
train,zPskvGHHQtE$_$0,19,False,19,19,11
train,zR62DCEMWgs$_$0,48,True,48,48,47
train,zU2_X9lIcUM$_$2,17,False,17,17,17
train,zU2_X9lIcUM$_$5,37,False,37,37,37
train,zU2_X9lIcUM$_$4,29,False,29,29,29
train,zaTyjiyrHnk$_$6,14,False,14,14,14
train,zeQKU2L173M$_$5,30,False,30,30,30
train,zeQKU2L173M$_$9,48,True,48,48,48
train,zg-ZIxVsBbQ$_$0,25,False,25,25,18
train,zj4PzGtFwJM$_$1,26,False,26,26,26
train,zqkawTdHN5s$_$1,25,False,25,25,25
train,zrFZAofNGi4$_$10,20,False,20,20,20
train,zwTrXwi54us$_$12,33,False,33,33,33
train,zwTrXwi54us$_$0,16,False,16,16,16
train,zwTrXwi54us$_$9,48,True,48,48,46
valid,-UacrmKiTn4$_$7,26,False,26,26,26
valid,-qDkUB0GgYY$_$5,48,True,48,48,48
valid,0utROiKxejc$_$1,16,False,16,16,16
valid,0utROiKxejc$_$4,33,False,33,33,33
valid,0y022OlZ3W0$_$3,17,False,17,17,17
valid,0y022OlZ3W0$_$5,22,False,22,22,22
valid,0y022OlZ3W0$_$8,13,False,13,13,13
valid,101787$_$11,32,False,32,32,32
valid,101787$_$13,19,False,19,19,19
valid,101787$_$1,16,False,16,16,16
valid,101787$_$5,17,False,17,17,10
valid,101787$_$7,8,False,8,8,8
valid,101787$_$9,19,False,19,19,19
valid,102408$_$2,7,False,7,7,7
valid,102408$_$5,29,False,29,29,29
valid,102408$_$9,29,False,29,29,29
valid,102858$_$20,24,False,24,24,24
valid,102858$_$21,27,False,27,27,27
valid,102858$_$1,22,False,22,22,22
valid,102858$_$0,3,False,3,3,3
valid,102858$_$4,48,True,48,48,48
valid,102858$_$6,26,False,26,26,26
valid,102858$_$10,10,False,10,10,10
valid,102858$_$17,9,False,9,9,9
valid,102858$_$19,12,False,12,12,12
valid,112433$_$10,1,False,1,1,1
valid,112433$_$3,32,False,32,32,32
valid,112433$_$7,9,False,9,9,9
valid,112433$_$6,24,False,24,24,24
valid,117tQqLjza4$_$6,15,False,15,15,15
valid,11j7EfglCAs$_$2,24,False,24,24,16
valid,121128$_$10,15,False,15,15,15
valid,121128$_$1,29,False,29,29,29
valid,121128$_$0,11,False,11,11,11
valid,121128$_$5,7,False,7,7,7
valid,125344$_$0,48,True,48,48,14
valid,125676$_$0,13,False,13,13,13
valid,125676$_$4,27,False,27,27,27
valid,128059$_$11,38,False,38,38,38
valid,128059$_$12,16,False,16,16,15
valid,128059$_$2,14,False,14,14,14
valid,128059$_$7,48,True,48,48,48
valid,128059$_$6,48,True,48,48,48
valid,128059$_$9,22,False,22,22,22
valid,128763$_$12,18,False,18,18,18
valid,128763$_$3,24,False,24,24,24
valid,128763$_$2,12,False,12,12,12
valid,128763$_$5,10,False,10,10,10
valid,128763$_$7,16,False,16,16,16
valid,128763$_$8,8,False,8,8,8
valid,130456$_$11,34,False,34,34,34
valid,130456$_$3,19,False,19,19,14
valid,130456$_$5,11,False,11,11,11
valid,130456$_$4,23,False,23,23,23
valid,130456$_$7,8,False,8,8,8
valid,130456$_$6,33,False,33,33,33
valid,188343$_$13,42,False,42,42,42
valid,188343$_$12,30,False,30,30,30
valid,188343$_$5,20,False,20,20,20
valid,188343$_$9,30,False,30,30,30
valid,188343$_$8,21,False,21,21,21
valid,1HK7Nea0PFo$_$1,17,False,17,17,17
valid,216097$_$1,13,False,13,13,4
valid,216097$_$2,24,False,24,24,22
valid,216097$_$5,32,False,32,32,27
valid,216097$_$4,46,False,46,46,42
valid,216097$_$7,48,True,48,48,44
valid,216097$_$8,12,False,12,12,1
valid,223431$_$11,27,False,27,27,27
valid,223431$_$10,13,False,13,13,13
valid,223431$_$13,24,False,24,24,24
valid,223431$_$0,2,False,2,2,2
valid,223431$_$5,17,False,17,17,17
valid,225770$_$3,48,True,48,48,48
valid,225770$_$5,6,False,6,6,6
valid,225770$_$4,32,False,32,32,32
valid,225770$_$6,33,False,33,33,33
valid,236021$_$12,12,False,12,12,12
valid,236021$_$1,27,False,27,27,27
valid,236021$_$3,7,False,7,7,7
valid,236021$_$2,48,True,48,48,48
valid,236021$_$5,15,False,15,15,15
valid,236021$_$4,48,True,48,48,48
valid,237009$_$11,9,False,9,9,9
valid,237009$_$12,45,False,45,45,45
valid,237009$_$4,19,False,19,19,8
valid,237009$_$7,8,False,8,8,8
valid,237009$_$9,12,False,12,12,12
valid,241629$_$10,18,False,18,18,9
valid,241629$_$0,13,False,13,13,13
valid,241629$_$3,28,False,28,28,28
valid,241629$_$5,27,False,27,27,27
valid,241629$_$8,48,True,48,48,48
valid,243646$_$11,19,False,19,19,19
valid,243646$_$12,48,True,48,48,48
valid,243646$_$9,1,False,1,1,1
valid,243646$_$8,12,False,12,12,12
valid,247318$_$12,13,False,13,13,13
valid,247318$_$1,16,False,16,16,16
valid,247318$_$3,5,False,5,5,5
valid,247318$_$2,17,False,17,17,17
valid,247318$_$5,19,False,19,19,19
valid,247318$_$7,6,False,6,6,6
valid,247318$_$6,5,False,5,5,5
valid,252998$_$1,18,False,18,18,18
valid,252998$_$0,14,False,14,14,14
valid,252998$_$5,41,False,41,41,41
valid,252998$_$4,48,True,48,48,48
valid,252998$_$7,37,False,37,37,35
valid,252998$_$8,11,False,11,11,11
valid,257247$_$10,8,False,8,8,8
valid,257247$_$12,19,False,19,19,19
valid,257247$_$2,18,False,18,18,18
valid,258654$_$1,48,True,48,48,48
valid,258654$_$3,48,True,48,48,48
valid,258654$_$4,15,False,15,15,15
valid,266791$_$24,16,False,16,16,16
valid,266791$_$20,36,False,36,36,36
valid,266791$_$21,48,True,48,48,48
valid,266791$_$23,34,False,34,34,34
valid,266791$_$29,3,False,3,3,3
valid,266791$_$3,19,False,19,19,19
valid,266791$_$5,32,False,32,32,32
valid,266791$_$4,13,False,13,13,13
valid,266791$_$6,36,False,36,36,36
valid,266791$_$8,11,False,11,11,11
valid,266791$_$11,11,False,11,11,11
valid,266791$_$14,26,False,26,26,26
valid,270254$_$23,17,False,17,17,17
valid,270254$_$0,18,False,18,18,18
valid,270254$_$6,32,False,32,32,29
valid,270254$_$8,24,False,24,24,24
valid,270254$_$11,6,False,6,6,6
valid,270254$_$14,10,False,10,10,10
valid,270254$_$16,15,False,15,15,15
valid,272624$_$10,48,True,48,48,48
valid,272624$_$13,37,False,37,37,37
valid,272624$_$12,22,False,22,22,22
valid,272624$_$16,48,True,48,48,48
valid,272624$_$18,36,False,36,36,36
valid,272624$_$2,46,False,46,46,46
valid,272624$_$6,35,False,35,35,35
valid,272624$_$9,47,False,47,47,47
valid,272624$_$8,43,False,43,43,43
valid,273539$_$3,30,False,30,30,30
valid,273539$_$2,3,False,3,3,3
valid,273539$_$9,46,False,46,46,46
valid,290546$_$3,23,False,23,23,23
valid,290546$_$5,33,False,33,33,33
valid,290546$_$7,48,False,48,48,48
valid,290546$_$6,8,False,8,8,8
valid,2S00zYaVrtc$_$10,18,False,18,18,18
valid,2S00zYaVrtc$_$12,17,False,17,17,17
valid,2S00zYaVrtc$_$20,16,False,16,16,16
valid,2S00zYaVrtc$_$17,18,False,18,18,18
valid,2S00zYaVrtc$_$5,25,False,25,25,25
valid,2S00zYaVrtc$_$4,20,False,20,20,20
valid,2Xt31_d0XEE$_$2,24,False,24,24,24
valid,31474$_$11,7,False,7,7,7
valid,31474$_$14,16,False,16,16,16
valid,31474$_$0,23,False,23,23,23
valid,31474$_$3,25,False,25,25,25
valid,31474$_$6,16,False,16,16,16
valid,31474$_$9,8,False,8,8,8
valid,31474$_$8,8,False,8,8,8
valid,32681$_$1,21,False,21,21,21
valid,32681$_$3,39,False,39,39,39
valid,32681$_$5,39,False,39,39,39
valid,32681$_$6,28,False,28,28,28
valid,33170$_$1,48,True,48,48,48
valid,33170$_$3,34,False,34,34,34
valid,33170$_$4,33,False,33,33,33
valid,3MFNIag0wNE$_$12,48,True,48,48,48
valid,3MFNIag0wNE$_$14,33,False,33,33,33
valid,3MFNIag0wNE$_$16,22,False,22,22,22
valid,3MFNIag0wNE$_$7,19,False,19,19,19
valid,3V2qm0rw920$_$11,20,False,20,20,20
valid,3V2qm0rw920$_$13,29,False,29,29,29
valid,3V2qm0rw920$_$3,15,False,15,15,15
valid,3j94B0pzSVs$_$12,12,False,12,12,12
valid,3j94B0pzSVs$_$17,22,False,22,22,22
valid,3j94B0pzSVs$_$1,34,False,34,34,34
valid,3j94B0pzSVs$_$0,30,False,30,30,30
valid,4cFeG2ydm9A$_$8,16,False,16,16,16
valid,4dV3slGSc60$_$10,22,False,22,22,22
valid,4dV3slGSc60$_$12,20,False,20,20,20
valid,4dV3slGSc60$_$22,48,True,48,48,1
valid,4dV3slGSc60$_$9,20,False,20,20,20
valid,4dV3slGSc60$_$8,24,False,24,24,24
valid,50103$_$3,45,False,45,45,45
valid,5B0PQx3Ep3k$_$5,28,False,28,28,28
valid,5O1W39o56gg$_$1,14,False,14,14,14
valid,5O1W39o56gg$_$2,16,False,16,16,16
valid,5O1W39o56gg$_$9,15,False,15,15,15
valid,5i6AgQSjXO4$_$3,19,False,19,19,14
valid,5i6AgQSjXO4$_$2,28,False,28,28,28
valid,5i6AgQSjXO4$_$6,9,False,9,9,9
valid,5kaCGzjYukM$_$0,34,False,34,34,34
valid,5kaCGzjYukM$_$3,27,False,27,27,27
valid,5kaCGzjYukM$_$2,36,False,36,36,36
valid,5kaCGzjYukM$_$5,32,False,32,32,32
valid,5kaCGzjYukM$_$7,48,False,48,48,48
valid,6KvG5VbLalY$_$9,37,False,37,37,37
valid,6ZA8I83x-oY$_$0,23,False,23,23,23
valid,6ZA8I83x-oY$_$2,48,True,48,48,48
valid,6hFiTU77Sm0$_$1,14,False,14,14,14
valid,6hFiTU77Sm0$_$2,16,False,16,16,16
valid,6uPGcKTpC4I$_$1,27,False,27,27,27
valid,6uPGcKTpC4I$_$2,31,False,31,31,31
valid,6uPGcKTpC4I$_$6,16,False,16,16,16
valid,70280$_$11,23,False,23,23,23
valid,70280$_$3,25,False,25,25,25
valid,70280$_$4,23,False,23,23,23
valid,70280$_$6,26,False,26,26,26
valid,75RGHaxmUK8$_$3,19,False,19,19,19
valid,75RGHaxmUK8$_$5,13,False,13,13,13
valid,7_K3F-lAv1k$_$2,43,False,43,43,43
valid,7r4vRxKLFCA$_$6,37,False,37,37,37
valid,80566$_$1,13,False,13,13,11
valid,80566$_$0,12,False,12,12,12
valid,80566$_$3,17,False,17,17,17
valid,80566$_$2,14,False,14,14,14
valid,80566$_$4,7,False,7,7,7
valid,80566$_$6,17,False,17,17,17
valid,80855$_$11,15,False,15,15,15
valid,80855$_$10,17,False,17,17,17
valid,80855$_$12,21,False,21,21,21
valid,80855$_$15,19,False,19,19,0
valid,80855$_$17,30,False,30,30,16
valid,80855$_$0,1,False,1,1,1
valid,80855$_$3,3,False,3,3,3
valid,80855$_$2,5,False,5,5,5
valid,80855$_$7,7,False,7,7,7
valid,80855$_$20,16,False,16,16,16
valid,830KzUc6CbU$_$0,18,False,18,18,18
valid,830KzUc6CbU$_$13,47,False,47,47,41
valid,84140$_$0,22,False,22,22,22
valid,84140$_$5,48,True,48,48,48
valid,89835$_$1,18,False,18,18,18
valid,89835$_$0,13,False,13,13,13
valid,89835$_$4,48,True,48,48,48
valid,89835$_$7,41,False,41,41,41
valid,8eaYvALnJ0o$_$1,24,False,24,24,24
valid,8eaYvALnJ0o$_$0,14,False,14,14,14
valid,8x_nCOh6Wmc$_$6,47,False,47,47,47
valid,96642$_$1,25,False,25,25,25
valid,96642$_$3,17,False,17,17,3
valid,96642$_$2,18,False,18,18,18
valid,96642$_$4,35,False,35,35,34
valid,99501$_$10,21,False,21,21,21
valid,99501$_$13,38,False,38,38,38
valid,99501$_$1,18,False,18,18,18
valid,99501$_$0,1,False,1,1,1
valid,99501$_$5,39,False,39,39,39
valid,99501$_$7,18,False,18,18,18
valid,9QI-9w_VdB4$_$0,24,False,24,24,24
valid,AG5EY8ZaFj4$_$3,17,False,17,17,17
valid,AG5EY8ZaFj4$_$15,26,False,26,26,26
valid,Arh2TKRi_mg$_$15,23,False,23,23,23
valid,Arh2TKRi_mg$_$14,22,False,22,22,22
valid,Arh2TKRi_mg$_$16,32,False,32,32,32
valid,Arh2TKRi_mg$_$19,21,False,21,21,21
valid,Arh2TKRi_mg$_$32,28,False,28,28,28
valid,Arh2TKRi_mg$_$28,16,False,16,16,16
valid,Arh2TKRi_mg$_$3,32,False,32,32,32
valid,AxNy9TeTLq8$_$0,38,False,38,38,38
valid,BSKAHXFYF_I$_$1,13,False,13,13,13
valid,BSKAHXFYF_I$_$3,32,False,32,32,2
valid,BSKAHXFYF_I$_$7,14,False,14,14,3
valid,BSKAHXFYF_I$_$8,16,False,16,16,16
valid,Baz0VVQ-E9E$_$10,9,False,9,9,9
valid,Baz0VVQ-E9E$_$1,12,False,12,12,12
valid,Baz0VVQ-E9E$_$5,7,False,7,7,7
valid,Baz0VVQ-E9E$_$7,18,False,18,18,18
valid,CJGuudyvA0Y$_$4,39,False,39,39,22
valid,CPjbogfLHR4$_$2,16,False,16,16,16
valid,CPjbogfLHR4$_$5,29,False,29,29,29
valid,DdUJojoFU_c$_$11,24,False,24,24,24
valid,DdUJojoFU_c$_$15,16,False,16,16,16
valid,DdUJojoFU_c$_$14,23,False,23,23,23
valid,DdUJojoFU_c$_$17,20,False,20,20,14
valid,DdUJojoFU_c$_$16,39,False,39,39,39
valid,DdUJojoFU_c$_$2,44,False,44,44,44
valid,DdUJojoFU_c$_$6,32,False,32,32,32
valid,DdUJojoFU_c$_$8,28,False,28,28,28
valid,DlbYiwOnTyk$_$1,20,False,20,20,20
valid,E8MuzHUhUHk$_$15,16,False,16,16,16
valid,E8MuzHUhUHk$_$14,18,False,18,18,18
valid,E8MuzHUhUHk$_$16,30,False,30,30,30
valid,E8MuzHUhUHk$_$2,26,False,26,26,26
valid,E8MuzHUhUHk$_$9,25,False,25,25,25
valid,EEjCkc82oyk$_$7,22,False,22,22,22
valid,EEjCkc82oyk$_$9,21,False,21,21,15
valid,EQxkXiWAm08$_$8,13,False,13,13,13
valid,ET1cU5_A2YM$_$1,24,False,24,24,24
valid,ET1cU5_A2YM$_$3,13,False,13,13,13
valid,ET1cU5_A2YM$_$6,20,False,20,20,20
valid,EmmuWoCUgXs$_$22,15,False,15,15,15
valid,EmmuWoCUgXs$_$7,34,False,34,34,34
valid,Es9MkKsMsjU$_$10,19,False,19,19,19
valid,Es9MkKsMsjU$_$12,36,False,36,36,36
valid,Es9MkKsMsjU$_$2,43,False,43,43,43
valid,Es9MkKsMsjU$_$7,36,False,36,36,36
valid,Ezn3p5FWF_U$_$4,45,False,45,45,35
valid,F1U26PLiXjM$_$1,21,False,21,21,21
valid,F6JV-K840EY$_$2,20,False,20,20,20
valid,FB_b1dm0SRY$_$10,26,False,26,26,26
valid,FB_b1dm0SRY$_$0,26,False,26,26,26
valid,FB_b1dm0SRY$_$6,13,False,13,13,13
valid,FB_b1dm0SRY$_$9,28,False,28,28,28
valid,FB_b1dm0SRY$_$8,20,False,20,20,20
valid,FxxJB8hBpyQ$_$1,21,False,21,21,21
valid,Fy0Uid9afM8$_$0,18,False,18,18,18
valid,Fy0Uid9afM8$_$3,19,False,19,19,19
valid,Fy0Uid9afM8$_$5,21,False,21,21,0
valid,Fy0Uid9afM8$_$4,9,False,9,9,9
valid,H1DpVwktfDQ$_$0,13,False,13,13,0
valid,HGicRLwgtkM$_$1,35,False,35,35,3
valid,HGicRLwgtkM$_$3,26,False,26,26,26
valid,HGicRLwgtkM$_$2,23,False,23,23,23
valid,HGicRLwgtkM$_$6,21,False,21,21,5
valid,HmXXW45eZL4$_$1,46,False,46,46,46
valid,HmXXW45eZL4$_$4,18,False,18,18,18
valid,IM6HW1HwHhM$_$11,25,False,25,25,25
valid,IM6HW1HwHhM$_$15,19,False,19,19,19
valid,IM6HW1HwHhM$_$17,25,False,25,25,25
valid,IUmxJNs2zaY$_$3,32,False,32,32,32
valid,IUmxJNs2zaY$_$2,19,False,19,19,19
valid,JAnRCQ9A0vI$_$1,48,True,48,48,4
valid,JAnRCQ9A0vI$_$0,10,False,10,10,10
valid,JAnRCQ9A0vI$_$3,45,False,45,45,45
valid,JAnRCQ9A0vI$_$2,48,True,48,48,48
valid,JAnRCQ9A0vI$_$5,25,False,25,25,0
valid,JAnRCQ9A0vI$_$4,14,False,14,14,14
valid,JAnRCQ9A0vI$_$8,48,True,48,48,48
valid,JOK1SSmPtFw$_$10,17,False,17,17,17
valid,JOK1SSmPtFw$_$13,18,False,18,18,18
valid,JOK1SSmPtFw$_$14,15,False,15,15,15
valid,JOK1SSmPtFw$_$16,15,False,15,15,15
valid,JOK1SSmPtFw$_$0,48,True,48,48,48
valid,JOK1SSmPtFw$_$5,26,False,26,26,26
valid,JOK1SSmPtFw$_$4,12,False,12,12,12
valid,JOK1SSmPtFw$_$8,14,False,14,14,14
valid,JPT38CA3sGI$_$1,18,False,18,18,18
valid,JPT38CA3sGI$_$0,16,False,16,16,16
valid,JPT38CA3sGI$_$5,16,False,16,16,8
valid,JVpF99zuQhA$_$0,22,False,22,22,22
valid,JVpF99zuQhA$_$2,27,False,27,27,27
valid,JVpF99zuQhA$_$4,15,False,15,15,15
valid,K0m1tO3Ybyc$_$15,14,False,14,14,14
valid,K0m1tO3Ybyc$_$8,32,False,32,32,32
valid,K8gp7ncdUl8$_$5,35,False,35,35,35
valid,KDjl2exStlI$_$10,15,False,15,15,15
valid,KDjl2exStlI$_$13,14,False,14,14,14
valid,KDjl2exStlI$_$5,16,False,16,16,16
valid,KDjl2exStlI$_$4,23,False,23,23,23
valid,KkKWFZZmmCM$_$1,28,False,28,28,28
valid,KpMCvUyQCXg$_$1,24,False,24,24,24
valid,KpMCvUyQCXg$_$3,13,False,13,13,13
valid,KpMCvUyQCXg$_$5,20,False,20,20,20
valid,L1eFHRQGFeg$_$2,42,False,42,42,42
valid,MCsvw5-7lVE$_$1,38,False,38,38,38
valid,MCsvw5-7lVE$_$2,23,False,23,23,23
valid,MCsvw5-7lVE$_$4,14,False,14,14,14
valid,MMpo2bDk-DU$_$10,18,False,18,18,18
valid,MMpo2bDk-DU$_$17,32,False,32,32,32
valid,MMpo2bDk-DU$_$16,20,False,20,20,20
valid,MMpo2bDk-DU$_$19,25,False,25,25,14
valid,MjaaudUc5-4$_$1,17,False,17,17,17
valid,MjaaudUc5-4$_$0,6,False,6,6,6
valid,MjaaudUc5-4$_$3,16,False,16,16,16
valid,MjaaudUc5-4$_$6,10,False,10,10,10
valid,MoQmPA7Q07Q$_$1,26,False,26,26,26
valid,MoQmPA7Q07Q$_$2,30,False,30,30,30
valid,N1X63d_jgmw$_$5,44,False,44,44,44
valid,N5xfBtD6rLY$_$7,9,False,9,9,0
valid,NoZsdSGnNpI$_$7,38,False,38,38,38
valid,Nrurc5sMUOE$_$5,47,False,47,47,47
valid,Nrurc5sMUOE$_$7,15,False,15,15,15
valid,Nrurc5sMUOE$_$8,37,False,37,37,37
valid,NzvNW7vP-Co$_$5,47,False,47,47,47
valid,NzvNW7vP-Co$_$4,16,False,16,16,16
valid,NzvNW7vP-Co$_$7,38,False,38,38,38
valid,OLP0nCKwU6k$_$6,47,False,47,47,47
valid,OrYBtyO0aPI$_$1,17,False,17,17,5
valid,OrYBtyO0aPI$_$4,6,False,6,6,6
valid,PboaYD5hlG8$_$10,18,False,18,18,18
valid,PboaYD5hlG8$_$3,17,False,17,17,17
valid,PboaYD5hlG8$_$2,16,False,16,16,16
valid,PboaYD5hlG8$_$7,35,False,35,35,35
valid,PboaYD5hlG8$_$9,32,False,32,32,32
valid,PboaYD5hlG8$_$8,33,False,33,33,33
valid,Pt-D0LUHDSc$_$2,25,False,25,25,12
valid,PwapK9d8IGk$_$4,45,False,45,45,45
valid,PyQrAYl1bFs$_$0,9,False,9,9,9
valid,PyQrAYl1bFs$_$3,14,False,14,14,14
valid,PyQrAYl1bFs$_$4,19,False,19,19,19
valid,Q4WzApjaCNI$_$0,13,False,13,13,0
valid,Q7S0tX4FUNA$_$4,18,False,18,18,18
valid,Q7S0tX4FUNA$_$7,10,False,10,10,0
valid,Q7S0tX4FUNA$_$8,15,False,15,15,15
valid,Qa6Yz62V-Yc$_$0,32,False,32,32,32
valid,QjcQx8_PQfw$_$10,24,False,24,24,24
valid,QjcQx8_PQfw$_$7,22,False,22,22,22
valid,QpchvHpGFc8$_$3,23,False,23,23,23
valid,RArhIHk4Qs4$_$13,12,False,12,12,12
valid,RArhIHk4Qs4$_$17,6,False,6,6,6
valid,RArhIHk4Qs4$_$16,20,False,20,20,20
valid,RArhIHk4Qs4$_$19,10,False,10,10,10
valid,RArhIHk4Qs4$_$1,36,False,36,36,36
valid,RArhIHk4Qs4$_$2,30,False,30,30,30
valid,RArhIHk4Qs4$_$7,14,False,14,14,14
valid,RArhIHk4Qs4$_$6,26,False,26,26,26
valid,RArhIHk4Qs4$_$8,8,False,8,8,8
valid,RArhIHk4Qs4$_$21,7,False,7,7,4
valid,ROcTx5VEn7o$_$11,35,False,35,35,35
valid,ROcTx5VEn7o$_$1,12,False,12,12,12
valid,ROcTx5VEn7o$_$5,24,False,24,24,24
valid,ROcTx5VEn7o$_$9,15,False,15,15,15
valid,RrGpzInAwCg$_$0,17,False,17,17,17
valid,RzOFxDk26p0$_$1,46,False,46,46,46
valid,RzOFxDk26p0$_$0,24,False,24,24,24
valid,SHa756SwGJQ$_$0,16,False,16,16,1
valid,SHa756SwGJQ$_$2,30,False,30,30,30
valid,SHa756SwGJQ$_$4,15,False,15,15,15
valid,SHa756SwGJQ$_$7,16,False,16,16,16
valid,SHa756SwGJQ$_$6,13,False,13,13,13
valid,TH32jop4FiI$_$15,22,False,22,22,22
valid,TH32jop4FiI$_$17,29,False,29,29,29
valid,TWszOxkOV0w$_$1,38,False,38,38,38
valid,TXCXFYIc3Yo$_$16,26,False,26,26,26
valid,TXCXFYIc3Yo$_$2,20,False,20,20,20
valid,TXCXFYIc3Yo$_$7,41,False,41,41,41
valid,TXCXFYIc3Yo$_$6,21,False,21,21,21
valid,TYJzg5IJN8o$_$11,48,True,48,48,48
valid,TYJzg5IJN8o$_$10,28,False,28,28,28
valid,TYJzg5IJN8o$_$14,29,False,29,29,29
valid,TYJzg5IJN8o$_$0,30,False,30,30,30
valid,TYJzg5IJN8o$_$4,33,False,33,33,33
valid,TYJzg5IJN8o$_$7,24,False,24,24,24
valid,Uc_6d-fkZEc$_$3,15,False,15,15,15
valid,UlTJmndbGHM$_$1,16,False,16,16,13
valid,UlTJmndbGHM$_$4,19,False,19,19,0
valid,VbV9S4svrTg$_$13,8,False,8,8,8
valid,VbV9S4svrTg$_$3,15,False,15,15,15
valid,VbV9S4svrTg$_$7,8,False,8,8,8
valid,VbV9S4svrTg$_$8,13,False,13,13,13
valid,VinxKpWioTo$_$1,48,True,48,48,48
valid,VinxKpWioTo$_$0,10,False,10,10,10
valid,VinxKpWioTo$_$3,28,False,28,28,28
valid,VinxKpWioTo$_$5,20,False,20,20,20
valid,ViyQVpGW05w$_$1,17,False,17,17,17
valid,ViyQVpGW05w$_$4,13,False,13,13,13
valid,ViyQVpGW05w$_$6,25,False,25,25,25
valid,Vuay0mVKkik$_$3,26,False,26,26,26
valid,WmQF5RmbsVQ$_$6,48,True,48,48,48
valid,Wrcf2xtqbkQ$_$9,28,False,28,28,28
valid,Wrcf2xtqbkQ$_$8,18,False,18,18,18
valid,WxajvjGKz7Y$_$0,11,False,11,11,11
valid,WxajvjGKz7Y$_$3,22,False,22,22,22
valid,WxajvjGKz7Y$_$6,32,False,32,32,32
valid,XIGpuL-Kkyk$_$12,28,False,28,28,11
valid,XIGpuL-Kkyk$_$0,13,False,13,13,0
valid,XIGpuL-Kkyk$_$4,21,False,21,21,21
valid,XIGpuL-Kkyk$_$7,7,False,7,7,0
valid,XaVYxIW0FDg$_$2,34,False,34,34,34
valid,XyP8bVmGX6M$_$4,18,False,18,18,18
valid,XzVapdEr_GY$_$3,33,False,33,33,33
valid,XzVapdEr_GY$_$4,37,False,37,37,37
valid,Y7h-S3cJ52o$_$0,11,False,11,11,11
valid,Y7qkyMyanjU$_$2,11,False,11,11,0
valid,Y7qkyMyanjU$_$4,13,False,13,13,0
valid,YbuG8xyUO-o$_$3,13,False,13,13,13
valid,YbuG8xyUO-o$_$2,15,False,15,15,15
valid,Z7L3V5bwzI0$_$2,27,False,27,27,27
valid,ZaoFHcbRM9g$_$3,29,False,29,29,29
valid,ZaoFHcbRM9g$_$2,9,False,9,9,9
valid,ZaoFHcbRM9g$_$5,14,False,14,14,14
valid,ZaoFHcbRM9g$_$9,6,False,6,6,6
valid,ZaoFHcbRM9g$_$8,8,False,8,8,8
valid,Zvisaa77Cng$_$1,18,False,18,18,18
valid,Zvisaa77Cng$_$5,16,False,16,16,16
valid,_7HVhnSYX1Y$_$26,16,False,16,16,16
valid,_7HVhnSYX1Y$_$12,19,False,19,19,19
valid,_7HVhnSYX1Y$_$14,10,False,10,10,10
valid,_7HVhnSYX1Y$_$19,13,False,13,13,13
valid,_7HVhnSYX1Y$_$31,13,False,13,13,13
valid,_7HVhnSYX1Y$_$3,23,False,23,23,23
valid,_BvNNdEkhZA$_$14,15,False,15,15,15
valid,_BvNNdEkhZA$_$19,32,False,32,32,32
valid,_BvNNdEkhZA$_$7,23,False,23,23,23
valid,_BvNNdEkhZA$_$6,28,False,28,28,28
valid,_BvNNdEkhZA$_$9,16,False,16,16,16
valid,_aZDaIfGfPo$_$1,45,False,45,45,45
valid,_aZDaIfGfPo$_$0,21,False,21,21,21
valid,_gr7o5ynhnw$_$13,34,False,34,34,34
valid,_gr7o5ynhnw$_$12,14,False,14,14,14
valid,_gr7o5ynhnw$_$15,48,True,48,48,48
valid,_gzYkdjNvPc$_$12,9,False,9,9,9
valid,_gzYkdjNvPc$_$17,17,False,17,17,17
valid,_gzYkdjNvPc$_$1,26,False,26,26,26
valid,_gzYkdjNvPc$_$3,16,False,16,16,16
valid,_gzYkdjNvPc$_$2,6,False,6,6,6
valid,_gzYkdjNvPc$_$5,16,False,16,16,16
valid,_gzYkdjNvPc$_$4,22,False,22,22,22
valid,_gzYkdjNvPc$_$6,18,False,18,18,18
valid,_gzYkdjNvPc$_$9,15,False,15,15,15
valid,a-WihYDk6vc$_$8,32,False,32,32,32
valid,a-WihYDk6vc$_$0,15,False,15,15,15
valid,aFhc2ddipoM$_$14,32,False,32,32,32
valid,aK5tRCXjUvU$_$0,16,False,16,16,16
valid,b-FX9NOVQOM$_$1,27,False,27,27,20
valid,b-FX9NOVQOM$_$4,30,False,30,30,18
valid,b1LEcg6z66g$_$0,24,False,24,24,24
valid,b1LEcg6z66g$_$4,30,False,30,30,30
valid,b1LEcg6z66g$_$8,24,False,24,24,24
valid,bAkUEnPoucg$_$3,33,False,33,33,33
valid,bNQkb4K5DX0$_$3,26,False,26,26,26
valid,bNQkb4K5DX0$_$7,21,False,21,21,21
valid,bWunvAd96zI$_$1,18,False,18,18,18
valid,bWunvAd96zI$_$2,33,False,33,33,33
valid,bWunvAd96zI$_$5,7,False,7,7,7
valid,bWunvAd96zI$_$4,17,False,17,17,17
valid,bj9e8w4vNxo$_$12,42,False,42,42,42
valid,bpvYdXVlgvc$_$1,10,False,10,10,10
valid,bpvYdXVlgvc$_$3,21,False,21,21,21
valid,bpvYdXVlgvc$_$4,14,False,14,14,14
valid,bpvYdXVlgvc$_$6,29,False,29,29,29
valid,c1a1y9ytHH0$_$0,27,False,27,27,23
valid,c1a1y9ytHH0$_$3,29,False,29,29,15
valid,c1a1y9ytHH0$_$7,22,False,22,22,18
valid,c5cB7AfVgcE$_$12,31,False,31,31,30
valid,c5cB7AfVgcE$_$5,37,False,37,37,37
valid,d8BR6hsvzoY$_$1,24,False,24,24,24
valid,d8BR6hsvzoY$_$0,7,False,7,7,7
valid,d8BR6hsvzoY$_$2,17,False,17,17,17
valid,d8BR6hsvzoY$_$5,10,False,10,10,10
valid,d8BR6hsvzoY$_$6,9,False,9,9,9
valid,d8BR6hsvzoY$_$9,17,False,17,17,17
valid,d8BR6hsvzoY$_$8,29,False,29,29,29
valid,dBWvtPeHpWM$_$4,5,False,5,5,5
valid,dEDbm2ubVRQ$_$0,12,False,12,12,12
valid,dEDbm2ubVRQ$_$3,33,False,33,33,33
valid,dEDbm2ubVRQ$_$8,16,False,16,16,16
valid,dt641WxonBI$_$1,10,False,10,10,10
valid,dt641WxonBI$_$3,24,False,24,24,24
valid,eOiC1kb17P4$_$0,48,True,48,48,48
valid,erNDEjQeox8$_$12,46,False,46,46,46
valid,ewBrNsyY82Q$_$4,32,False,32,32,32
valid,fWOIAxzBQFY$_$12,24,False,24,24,24
valid,fWOIAxzBQFY$_$5,16,False,16,16,16
valid,fWOIAxzBQFY$_$7,19,False,19,19,19
valid,f_ZJ7L14oYQ$_$11,40,False,40,40,40
valid,f_ZJ7L14oYQ$_$27,26,False,26,26,26
valid,f_ZJ7L14oYQ$_$21,22,False,22,22,22
valid,f_ZJ7L14oYQ$_$17,21,False,21,21,21
valid,f_ZJ7L14oYQ$_$9,29,False,29,29,29
valid,f_ZJ7L14oYQ$_$8,21,False,21,21,21
valid,ffrJ91swyq0$_$1,43,False,43,43,43
valid,g8Cl74tS3oY$_$2,33,False,33,33,33
valid,g8Cl74tS3oY$_$6,41,False,41,41,41
valid,gR4gM_WXesQ$_$10,24,False,24,24,24
valid,gR4gM_WXesQ$_$26,19,False,19,19,19
valid,gR4gM_WXesQ$_$20,38,False,38,38,38
valid,gR4gM_WXesQ$_$24,12,False,12,12,12
valid,gR4gM_WXesQ$_$18,31,False,31,31,31
valid,gR4gM_WXesQ$_$3,27,False,27,27,22
valid,gR4gM_WXesQ$_$4,20,False,20,20,20
valid,gR4gM_WXesQ$_$8,23,False,23,23,23
valid,gVqs4TzqySw$_$1,44,False,44,44,39
valid,gVqs4TzqySw$_$3,25,False,25,25,13
valid,gVqs4TzqySw$_$2,27,False,27,27,14
valid,gVqs4TzqySw$_$4,8,False,8,8,8
valid,goMtnNHQ_z4$_$1,16,False,16,16,16
valid,goMtnNHQ_z4$_$2,19,False,19,19,19
valid,goMtnNHQ_z4$_$13,21,False,21,21,21
valid,goMtnNHQ_z4$_$12,19,False,19,19,19
valid,hqzF4IDaIYE$_$0,25,False,25,25,25
valid,hqzF4IDaIYE$_$3,40,False,40,40,40
valid,hqzF4IDaIYE$_$2,29,False,29,29,29
valid,hqzF4IDaIYE$_$4,13,False,13,13,13
valid,hqzF4IDaIYE$_$6,9,False,9,9,9
valid,hvfaYsv7p8E$_$0,20,False,20,20,20
valid,iUXqlrui25c$_$10,32,False,32,32,32
valid,iUXqlrui25c$_$21,20,False,20,20,20
valid,iUXqlrui25c$_$23,25,False,25,25,25
valid,icbUzboLcDQ$_$0,21,False,21,21,21
valid,ioupaiAuRr0$_$5,29,False,29,29,29
valid,ioupaiAuRr0$_$4,40,False,40,40,40
valid,jICmfLeFymA$_$16,19,False,19,19,19
valid,jPrEKz1rAno$_$11,14,False,14,14,14
valid,jPrEKz1rAno$_$7,35,False,35,35,35
valid,jPrEKz1rAno$_$6,27,False,27,27,27
valid,k5ZOshC2LP4$_$1,31,False,31,31,31
valid,kbGhEJ4W44o$_$0,39,False,39,39,39
valid,kfsO4c0Ekes$_$7,27,False,27,27,26
valid,kvUb78Rdzdc$_$3,48,True,48,48,48
valid,lO87-4Kf0cQ$_$2,14,False,14,14,14
valid,lO87-4Kf0cQ$_$5,18,False,18,18,18
valid,lWf5hHRHIDs$_$11,13,False,13,13,13
valid,lawHYX5eB20$_$1,12,False,12,12,12
valid,lawHYX5eB20$_$2,23,False,23,23,23
valid,mHGaQ_nv9UY$_$13,48,True,48,48,48
valid,mHGaQ_nv9UY$_$14,26,False,26,26,26
valid,mHGaQ_nv9UY$_$17,29,False,29,29,29
valid,mHGaQ_nv9UY$_$22,48,True,48,48,48
valid,mHGaQ_nv9UY$_$5,33,False,33,33,33
valid,mHGaQ_nv9UY$_$4,27,False,27,27,27
valid,mLW-jn67gRE$_$20,40,False,40,40,37
valid,mLW-jn67gRE$_$17,41,False,41,41,41
valid,mLW-jn67gRE$_$1,14,False,14,14,14
valid,mLW-jn67gRE$_$3,21,False,21,21,21
valid,mLW-jn67gRE$_$5,23,False,23,23,23
valid,mLW-jn67gRE$_$6,35,False,35,35,35
valid,mLW-jn67gRE$_$9,13,False,13,13,13
valid,mjpCK2Edsv8$_$0,48,False,48,48,48
valid,nUZYqTRSGDw$_$4,25,False,25,25,25
valid,nyzIL6YAonY$_$5,14,False,14,14,14
valid,nyzIL6YAonY$_$6,37,False,37,37,37
valid,ooAF6I-fmTg$_$3,19,False,19,19,19
valid,ooAF6I-fmTg$_$5,16,False,16,16,16
valid,ooAF6I-fmTg$_$7,22,False,22,22,22
valid,pOrk7fl1AYo$_$1,22,False,22,22,22
valid,pOrk7fl1AYo$_$3,26,False,26,26,26
valid,pOrk7fl1AYo$_$2,10,False,10,10,10
valid,pOrk7fl1AYo$_$4,19,False,19,19,2
valid,q9yDL81QppI$_$1,23,False,23,23,23
valid,q9yDL81QppI$_$0,24,False,24,24,24
valid,q9yDL81QppI$_$2,25,False,25,25,25
valid,qK77ZmbqmOM$_$9,21,False,21,21,16
valid,qK77ZmbqmOM$_$0,32,False,32,32,32
valid,qY1sXq-YCHs$_$8,15,False,15,15,15
valid,qmMSumMloAs$_$1,30,False,30,30,30
valid,qmMSumMloAs$_$3,15,False,15,15,15
valid,qmMSumMloAs$_$2,41,False,41,41,41
valid,r13W4H8ZhqI$_$12,20,False,20,20,20
valid,r13W4H8ZhqI$_$1,42,False,42,42,42
valid,r13W4H8ZhqI$_$5,15,False,15,15,15
valid,r13W4H8ZhqI$_$8,27,False,27,27,27
valid,r5ijC2W9ddk$_$8,33,False,33,33,33
valid,r5ijC2W9ddk$_$0,15,False,15,15,15
valid,r9tgDqXEcuc$_$4,22,False,22,22,22
valid,rf0yDSeVEUA$_$1,48,True,48,48,48
valid,rf0yDSeVEUA$_$0,26,False,26,26,26
valid,rf0yDSeVEUA$_$3,48,True,48,48,48
valid,rojyUp4FPSg$_$26,48,True,48,48,48
valid,rojyUp4FPSg$_$20,32,False,32,32,32
valid,rojyUp4FPSg$_$21,13,False,13,13,13
valid,rojyUp4FPSg$_$23,7,False,7,7,7
valid,rojyUp4FPSg$_$5,27,False,27,27,27
valid,rojyUp4FPSg$_$7,45,False,45,45,45
valid,rojyUp4FPSg$_$9,26,False,26,26,26
valid,rojyUp4FPSg$_$10,14,False,14,14,14
valid,rojyUp4FPSg$_$12,7,False,7,7,7
valid,rojyUp4FPSg$_$16,12,False,12,12,12
valid,rojyUp4FPSg$_$18,17,False,17,17,17
valid,rojyUp4FPSg$_$37,21,False,21,21,21
valid,rojyUp4FPSg$_$36,6,False,6,6,6
valid,rojyUp4FPSg$_$34,34,False,34,34,34
valid,rojyUp4FPSg$_$32,7,False,7,7,7
valid,rwNlqh0k1j4$_$15,43,False,43,43,43
valid,rwNlqh0k1j4$_$3,17,False,17,17,17
valid,rwNlqh0k1j4$_$2,22,False,22,22,22
valid,rwNlqh0k1j4$_$7,32,False,32,32,32
valid,sC16n1k66io$_$2,32,False,32,32,32
valid,sC16n1k66io$_$16,12,False,12,12,12
valid,sPremsknoLM$_$1,6,False,6,6,0
valid,ssqiwP19JhM$_$10,39,False,39,39,39
valid,ssqiwP19JhM$_$2,22,False,22,22,22
valid,szic2IB9HB4$_$5,13,False,13,13,13
valid,tQ-CIfgj-Js$_$3,48,True,48,2,0
valid,tXQpm-nKxNA$_$5,19,False,19,19,19
valid,tXQpm-nKxNA$_$7,29,False,29,29,29
valid,uacdDoBtT1k$_$0,48,True,48,48,45
valid,uacdDoBtT1k$_$6,28,False,28,28,23
valid,unNY4zIk8MM$_$1,30,False,30,30,5
valid,unNY4zIk8MM$_$3,17,False,17,17,1
valid,unNY4zIk8MM$_$5,21,False,21,21,1
valid,unNY4zIk8MM$_$8,12,False,12,12,12
valid,uooIiW6dEyg$_$1,8,False,8,8,8
valid,uooIiW6dEyg$_$5,35,False,35,35,35
valid,v2Rr-EsJda8$_$0,10,False,10,10,3
valid,v2Rr-EsJda8$_$6,12,False,12,12,9
valid,v9gjg7TDlTA$_$0,16,False,16,16,16
valid,v9gjg7TDlTA$_$4,20,False,20,20,20
valid,vHzbn_YW76s$_$3,19,False,19,19,19
valid,vU0a4F36Ksw$_$13,31,False,31,31,31
valid,vU0a4F36Ksw$_$12,22,False,22,22,22
valid,vU0a4F36Ksw$_$17,16,False,16,16,16
valid,vU0a4F36Ksw$_$0,48,True,48,48,48
valid,vU0a4F36Ksw$_$3,6,False,6,6,6
valid,vU0a4F36Ksw$_$5,28,False,28,28,28
valid,vU0a4F36Ksw$_$7,19,False,19,19,19
valid,vU0a4F36Ksw$_$20,4,False,4,4,4
valid,vbr3EA8cJTI$_$0,19,False,19,19,19
valid,vbr3EA8cJTI$_$2,25,False,25,25,24
valid,vbr3EA8cJTI$_$7,22,False,22,22,22
valid,vbr3EA8cJTI$_$6,28,False,28,28,28
valid,wF8980oGklk$_$24,22,False,22,22,22
valid,wF8980oGklk$_$25,10,False,10,10,10
valid,wF8980oGklk$_$1,7,False,7,7,7
valid,wF8980oGklk$_$0,18,False,18,18,5
valid,wF8980oGklk$_$3,17,False,17,17,17
valid,wF8980oGklk$_$2,5,False,5,5,5
valid,wF8980oGklk$_$6,24,False,24,24,23
valid,wF8980oGklk$_$17,23,False,23,23,13
valid,wosolsrH3sM$_$6,48,True,48,48,48
valid,x-zGBp7axao$_$3,48,True,48,48,48
valid,x2lOwQaAn4g$_$4,18,False,18,18,14
valid,xUgAP84vsg4$_$15,21,False,21,21,13
valid,xUgAP84vsg4$_$4,22,False,22,22,22
valid,xUgAP84vsg4$_$8,10,False,10,10,10
valid,xivYoEUQ5sk$_$5,45,False,45,45,45
valid,xivYoEUQ5sk$_$4,26,False,26,26,26
valid,xjsaS-LeZ14$_$20,19,False,19,19,19
valid,xjsaS-LeZ14$_$14,19,False,19,19,12
valid,xjsaS-LeZ14$_$6,48,True,48,48,48
valid,y8HXGm1-Ecw$_$7,23,False,23,23,23
valid,y9FyTEyGy5Y$_$1,13,False,13,13,13
valid,zhE_68GMJIk$_$8,23,False,23,23,23
valid,zhE_68GMJIk$_$5,29,False,29,29,29
valid,zjYEBwXGD8I$_$13,38,False,38,38,38
valid,zjYEBwXGD8I$_$15,20,False,20,20,1
valid,zjYEBwXGD8I$_$0,11,False,11,11,11
valid,zjYEBwXGD8I$_$2,13,False,13,13,13
valid,zjYEBwXGD8I$_$4,40,False,40,40,0
valid,zjYEBwXGD8I$_$9,26,False,26,26,17
valid,zk2jTlAtvSU$_$3,32,False,32,32,31
test,-AUZQgSxyPQ$_$2,48,True,48,48,48
test,-HeZS2-Prhc$_$2,17,False,17,17,17
test,-MeTTeMJBNc$_$0,26,False,26,26,26
test,-RfYyzHpjk4$_$2,29,False,29,29,29
test,-s9qJ7ATP7w$_$2,23,False,23,23,7
test,-s9qJ7ATP7w$_$5,20,False,20,20,11
test,-s9qJ7ATP7w$_$6,5,False,5,5,0
test,-yRb-Jum7EQ$_$1,48,True,48,48,48
test,0K7dCp80n9c$_$6,32,False,32,32,32
test,0YiAKqU36KE$_$1,28,False,28,28,28
test,0YiAKqU36KE$_$0,31,False,31,31,31
test,0bxhZ-LIfZY$_$4,32,False,32,32,32
test,100178$_$15,8,False,8,8,8
test,10219$_$10,18,False,18,18,18
test,10219$_$1,25,False,25,25,18
test,10219$_$5,28,False,28,28,28
test,102213$_$2,25,False,25,25,25
test,102213$_$5,9,False,9,9,9
test,102213$_$7,48,True,48,48,48
test,102389$_$5,11,False,11,11,11
test,104741$_$0,18,False,18,18,18
test,104741$_$5,25,False,25,25,25
test,107585$_$12,48,True,48,48,48
test,107585$_$18,24,False,24,24,24
test,107585$_$1,48,True,48,48,48
test,108146$_$3,8,False,8,8,8
test,110565$_$1,21,False,21,21,21
test,110565$_$5,23,False,23,23,23
test,111881$_$11,4,False,4,4,4
test,111881$_$10,41,False,41,41,41
test,111881$_$15,17,False,17,17,17
test,111881$_$4,24,False,24,24,22
test,111881$_$7,24,False,24,24,24
test,111881$_$6,18,False,18,18,18
test,112425$_$10,48,True,48,48,48
test,112425$_$1,16,False,16,16,16
test,112425$_$7,26,False,26,26,26
test,112509$_$4,8,False,8,8,8
test,116213$_$3,5,False,5,5,5
test,121400$_$0,18,False,18,18,18
test,126872$_$11,4,False,4,4,4
test,130366$_$11,48,True,48,48,43
test,130366$_$2,6,False,6,6,6
test,130366$_$4,22,False,22,22,22
test,132028$_$7,48,True,48,48,48
test,135623$_$5,24,False,24,24,24
test,135623$_$8,14,False,14,14,14
test,136196$_$0,10,False,10,10,0
test,136196$_$9,26,False,26,26,26
test,136196$_$8,18,False,18,18,18
test,167521$_$17,11,False,11,11,11
test,167521$_$16,8,False,8,8,8
test,167521$_$5,14,False,14,14,14
test,190743$_$13,42,False,42,42,42
test,190743$_$17,29,False,29,29,29
test,190743$_$5,6,False,6,6,6
test,194299$_$14,9,False,9,9,9
test,194299$_$4,17,False,17,17,10
test,194299$_$9,26,False,26,26,26
test,198112$_$12,15,False,15,15,15
test,198112$_$0,20,False,20,20,11
test,198112$_$5,19,False,19,19,18
test,198112$_$9,35,False,35,35,21
test,198112$_$8,13,False,13,13,4
test,1HS2HcN2LDo$_$1,29,False,29,29,15
test,1HS2HcN2LDo$_$9,9,False,9,9,9
test,1S6ji_d4OLI$_$9,21,False,21,21,21
test,1jogeKX0wGw$_$4,16,False,16,16,16
test,1pl2FVdQWj0$_$2,48,True,48,48,48
test,200941$_$10,26,False,26,26,26
test,202826$_$10,14,False,14,14,14
test,202826$_$7,48,True,48,48,48
test,206585$_$3,48,False,48,48,48
test,208322$_$12,33,False,33,33,33
test,208592$_$2,9,False,9,9,9
test,208592$_$9,25,False,25,25,25
test,209758$_$15,10,False,10,10,10
test,209758$_$3,7,False,7,7,7
test,209758$_$5,25,False,25,25,25
test,20LfN8ENbhM$_$1,13,False,13,13,13
test,210259$_$11,30,False,30,30,30
test,210259$_$16,20,False,20,20,20
test,210259$_$0,26,False,26,26,26
test,210259$_$8,12,False,12,12,12
test,210433$_$0,44,False,44,44,33
test,210433$_$7,13,False,13,13,13
test,211875$_$4,19,False,19,19,19
test,211875$_$8,38,False,38,38,38
test,213327$_$6,26,False,26,26,20
test,213327$_$8,48,True,48,48,48
test,215318$_$12,31,False,31,31,14
test,221137$_$2,48,True,48,48,6
test,221137$_$5,45,False,45,45,45
test,221153$_$14,13,False,13,13,13
test,221153$_$16,6,False,6,6,6
test,221153$_$6,12,False,12,12,12
test,221153$_$20,17,False,17,17,17
test,22373$_$10,42,False,42,42,42
test,22373$_$1,10,False,10,10,4
test,22373$_$2,48,True,48,48,45
test,22373$_$7,43,False,43,43,22
test,224263$_$13,5,False,5,5,5
test,224263$_$14,30,False,30,30,30
test,224263$_$3,8,False,8,8,8
test,224370$_$3,8,False,8,8,8
test,224370$_$5,17,False,17,17,17
test,224370$_$11,13,False,13,13,13
test,224370$_$15,30,False,30,30,30
test,224631$_$5,35,False,35,35,35
test,226601$_$11,9,False,9,9,9
test,226601$_$18,18,False,18,18,18
test,226601$_$0,19,False,19,19,14
test,226640$_$9,13,False,13,13,13
test,22689$_$1,21,False,21,21,21
test,22689$_$0,48,True,48,48,31
test,234046$_$1,44,False,44,44,44
test,236442$_$3,13,False,13,13,13
test,23656$_$1,6,False,6,6,0
test,23656$_$0,14,False,14,14,14
test,23656$_$2,19,False,19,19,19
test,23656$_$7,25,False,25,25,23
test,23656$_$9,17,False,17,17,0
test,23656$_$15,29,False,29,29,0
test,237363$_$10,12,False,12,12,12
test,237363$_$4,9,False,9,9,9
test,238063$_$15,13,False,13,13,13
test,238063$_$17,11,False,11,11,11
test,238063$_$16,48,True,48,48,48
test,238063$_$7,14,False,14,14,14
test,24196$_$0,18,False,18,18,18
test,24196$_$3,10,False,10,10,10
test,243981$_$10,37,False,37,37,37
test,243981$_$1,31,False,31,31,31
test,243981$_$4,15,False,15,15,15
test,243981$_$6,22,False,22,22,22
test,24504$_$10,23,False,23,23,22
test,245582$_$11,36,False,36,36,36
test,245582$_$13,2,False,2,2,2
test,245582$_$16,13,False,13,13,13
test,245582$_$4,22,False,22,22,21
test,252097$_$12,20,False,20,20,20
test,252097$_$4,25,False,25,25,25
test,252912$_$13,48,True,48,48,48
test,257277$_$1,32,False,32,32,32
test,257277$_$3,48,True,48,48,48
test,257277$_$5,10,False,10,10,10
test,257534$_$4,19,False,19,19,19
test,267466$_$24,15,False,15,15,15
test,267466$_$44,11,False,11,11,11
test,267466$_$42,19,False,19,19,19
test,267466$_$9,10,False,10,10,10
test,267466$_$13,47,False,47,47,47
test,267466$_$38,38,False,38,38,38
test,267466$_$35,23,False,23,23,23
test,267466$_$34,19,False,19,19,19
test,267694$_$14,13,False,13,13,13
test,267694$_$16,6,False,6,6,6
test,267694$_$3,32,False,32,32,32
test,267694$_$5,12,False,12,12,12
test,267694$_$4,22,False,22,22,22
test,267694$_$7,7,False,7,7,7
test,267694$_$6,31,False,31,31,31
test,273207$_$0,5,False,5,5,0
test,273207$_$5,46,False,46,46,42
test,273207$_$7,10,False,10,10,7
test,273207$_$9,19,False,19,19,19
test,273250$_$20,23,False,23,23,23
test,273250$_$3,19,False,19,19,19
test,273250$_$7,30,False,30,30,30
test,273250$_$11,12,False,12,12,12
test,273250$_$12,14,False,14,14,14
test,273250$_$16,18,False,18,18,18
test,273250$_$19,4,False,4,4,4
test,275267$_$5,7,False,7,7,7
test,27v7Blr0vjw$_$0,23,False,23,23,23
test,27v7Blr0vjw$_$3,21,False,21,21,21
test,28006$_$22,18,False,18,18,18
test,28006$_$0,18,False,18,18,18
test,28006$_$5,22,False,22,22,22
test,28006$_$7,10,False,10,10,10
test,28006$_$13,19,False,19,19,19
test,28006$_$15,9,False,9,9,9
test,28006$_$17,13,False,13,13,13
test,28006$_$16,48,True,48,48,48
test,286943$_$5,27,False,27,27,27
test,29751$_$10,29,False,29,29,29
test,29751$_$1,22,False,22,22,22
test,29751$_$9,27,False,27,27,27
test,2BuFtglEcaY$_$11,21,False,21,21,12
test,2BuFtglEcaY$_$6,14,False,14,14,14
test,2ItiGjefTRA$_$3,36,False,36,36,36
test,2ItiGjefTRA$_$4,41,False,41,41,41
test,2W-U94hXuK0$_$3,43,False,43,43,43
test,2W-U94hXuK0$_$4,19,False,19,19,19
test,2fbBrB1nJEQ$_$0,28,False,28,28,6
test,2m58ShI1QSI$_$2,11,False,11,11,11
test,2vsgDSlJ9pU$_$0,17,False,17,17,17
test,2vsgDSlJ9pU$_$13,41,False,41,41,41
test,2ze94yo2aPo$_$0,48,True,48,48,48
test,2ze94yo2aPo$_$5,24,False,24,24,24
test,35694$_$10,5,False,5,5,5
test,35694$_$17,48,True,48,48,48
test,3At-BKm9eYk$_$5,28,False,28,28,21
test,3HyAaqre_Fk$_$2,28,False,28,28,28
test,3HyAaqre_Fk$_$6,27,False,27,27,27
test,3OYY5Tsz_2k$_$7,22,False,22,22,22
test,3REPHw7oLWo$_$13,48,True,48,48,48
test,3wHE78v9zr4$_$24,35,False,35,35,35
test,3wHE78v9zr4$_$7,25,False,25,25,25
test,3wHE78v9zr4$_$9,38,False,38,38,38
test,3wHE78v9zr4$_$12,12,False,12,12,12
test,41381$_$7,48,True,48,48,48
test,41381$_$8,12,False,12,12,12
test,424SXFTCFsA$_$3,26,False,26,26,26
test,424SXFTCFsA$_$2,13,False,13,13,13
test,424SXFTCFsA$_$4,18,False,18,18,18
test,46495$_$9,27,False,27,27,27
test,46615$_$1,48,True,48,48,30
test,4EDblUpJieU$_$7,33,False,33,33,33
test,53609$_$10,8,False,8,8,0
test,53609$_$13,24,False,24,24,10
test,53609$_$3,40,False,40,40,4
test,53609$_$7,30,False,30,30,15
test,53766$_$4,48,True,48,48,48
test,53766$_$9,48,True,48,48,48
test,56989$_$12,20,False,20,20,20
test,56989$_$5,9,False,9,9,9
test,56989$_$9,6,False,6,6,6
test,59673$_$4,29,False,29,29,29
test,59673$_$6,23,False,23,23,23
test,5eY4S1F62Z4$_$13,38,False,38,38,38
test,5eY4S1F62Z4$_$17,16,False,16,16,16
test,5fKPJPFqPho$_$2,15,False,15,15,15
test,5lrDS7LluCA$_$4,7,False,7,7,4
test,5pxFqJ5hKMU$_$2,21,False,21,21,21
test,5vwXp27bCLw$_$16,33,False,33,33,33
test,5xa0Ac2krGs$_$2,27,False,27,27,27
test,5xa0Ac2krGs$_$7,32,False,32,32,32
test,61531$_$3,10,False,10,10,10
test,61531$_$9,8,False,8,8,8
test,63951$_$1,31,False,31,31,31
test,67uKYi7mslE$_$3,23,False,23,23,23
test,67uKYi7mslE$_$4,19,False,19,19,19
test,69824$_$5,9,False,9,9,9
test,6EDoVEm16fU$_$13,30,False,30,30,30
test,6EDoVEm16fU$_$4,47,False,47,47,47
test,6EDoVEm16fU$_$6,22,False,22,22,22
test,6EJHA6IDLNk$_$3,29,False,29,29,29
test,6EJHA6IDLNk$_$4,23,False,23,23,23
test,6RFVsOWK1m4$_$7,27,False,27,27,27
test,6RFVsOWK1m4$_$9,26,False,26,26,26
test,6brtMLkjjYk$_$0,14,False,14,14,14
test,6gtfeIqGasE$_$0,26,False,26,26,26
test,6uoM8-9d0zA$_$4,18,False,18,18,18
test,79356$_$7,16,False,16,16,16
test,79356$_$9,16,False,16,16,16
test,7IxmlIwqigw$_$20,19,False,19,19,19
test,7IxmlIwqigw$_$16,21,False,21,21,21
test,7deoh0NoMs4$_$0,32,False,32,32,32
test,7f3ndBCx_JE$_$19,21,False,21,21,21
test,7mb8Y2AhXIY$_$6,25,False,25,25,25
test,83400$_$5,12,False,12,12,12
test,86c2OkQ3_U8$_$22,20,False,20,20,20
test,86c2OkQ3_U8$_$3,13,False,13,13,13
test,88791$_$15,7,False,7,7,0
test,88791$_$1,4,False,4,4,2
test,88791$_$2,2,False,2,2,2
test,8XZszYrUSCQ$_$0,18,False,18,18,18
test,8i7u3fl-hP8$_$0,9,False,9,9,9
test,8lfS97s2AKc$_$0,10,False,10,10,10
test,8lfS97s2AKc$_$7,13,False,13,13,13
test,8wNr-NQImFg$_$8,7,False,7,7,7
test,8wQhzezNcUY$_$1,18,False,18,18,18
test,8wQhzezNcUY$_$2,28,False,28,28,28
test,91844$_$10,11,False,11,11,11
test,91844$_$5,24,False,24,24,24
test,91844$_$7,15,False,15,15,15
test,91844$_$9,44,False,44,44,31
test,92291$_$1,48,True,48,48,48
test,92291$_$2,31,False,31,31,31
test,92291$_$5,31,False,31,31,31
test,92496$_$0,37,False,37,37,37
test,93iGT5oueTA$_$12,18,False,18,18,18
test,93iGT5oueTA$_$4,6,False,6,6,6
test,94481$_$2,4,False,4,4,4
test,94481$_$4,17,False,17,17,17
test,97ENTofrmNo$_$0,28,False,28,28,28
test,9GzFQBljNIY$_$0,6,False,6,6,6
test,9PzZSheh10U$_$24,28,False,28,28,28
test,9PzZSheh10U$_$23,26,False,26,26,26
test,9PzZSheh10U$_$5,48,True,48,48,48
test,9PzZSheh10U$_$19,6,False,6,6,6
test,9cYNT_YSo8o$_$2,39,False,39,39,38
test,9orb0lQnVW4$_$0,20,False,20,20,14
test,A1lFJXUpxZo$_$7,31,False,31,31,31
test,AB1PbMaW03s$_$13,19,False,19,19,0
test,AB1PbMaW03s$_$3,27,False,27,27,0
test,AB1PbMaW03s$_$8,21,False,21,21,0
test,AHiA9hohKr8$_$0,9,False,9,9,0
test,C5-cY1nPQ20$_$11,14,False,14,14,14
test,C5-cY1nPQ20$_$8,23,False,23,23,23
test,CKqDDh50gcU$_$14,18,False,18,18,18
test,CKqDDh50gcU$_$6,42,False,42,42,42
test,CO2YoTZbUr0$_$0,11,False,11,11,11
test,CO6n-skQJss$_$0,34,False,34,34,34
test,CO6n-skQJss$_$3,48,True,48,48,48
test,CU6U-gS76K4$_$20,48,True,48,48,48
test,CbRexsp1HKw$_$7,13,False,13,13,13
test,ChhZna-aBK4$_$10,40,False,40,40,40
test,ChhZna-aBK4$_$16,19,False,19,19,19
test,ChhZna-aBK4$_$8,48,True,48,48,48
test,DVAY-u_cJWU$_$5,30,False,30,30,30
test,DjcZrtcBZi4$_$10,25,False,25,25,24
test,DjcZrtcBZi4$_$8,24,False,24,24,23
test,DnBHq5I52LM$_$5,9,False,9,9,9
test,DtbT85s3i94$_$5,17,False,17,17,3
test,EMS14J0odIE$_$16,23,False,23,23,23
test,EO_5o9Gup6g$_$10,23,False,23,23,23
test,EO_5o9Gup6g$_$4,27,False,27,27,27
test,EO_5o9Gup6g$_$6,48,True,48,48,48
test,EyoMU2yoJPY$_$11,17,False,17,17,17
test,EyoMU2yoJPY$_$7,26,False,26,26,0
test,F2hc2FLOdhI$_$3,19,False,19,19,19
test,F2hc2FLOdhI$_$5,24,False,24,24,6
test,F8eQI8E-6q4$_$3,20,False,20,20,20
test,FHDVQkU-nGI$_$7,14,False,14,14,14
test,F_YaG_pvZrA$_$11,23,False,23,23,23
test,GAVpYuhMZAw$_$12,15,False,15,15,15
test,GAVpYuhMZAw$_$1,18,False,18,18,18
test,GAVpYuhMZAw$_$4,15,False,15,15,15
test,GAVpYuhMZAw$_$6,33,False,33,33,33
test,GK-Pprzh0t0$_$1,22,False,22,22,22
test,GKsjv42t284$_$1,30,False,30,30,30
test,GMa0cIAltnw$_$3,20,False,20,20,20
test,GNP0PFas12Y$_$4,19,False,19,19,19
test,HFPGeaEPy9o$_$0,19,False,19,19,19
test,HJTxq72GuMs$_$14,47,False,47,47,47
test,HMRqR-P68Ws$_$0,21,False,21,21,7
test,HR18U0yAlTc$_$10,23,False,23,23,23
test,HR18U0yAlTc$_$4,18,False,18,18,18
test,HR18U0yAlTc$_$9,22,False,22,22,22
test,HbaycY0VuZk$_$0,22,False,22,22,22
test,IHp8hd1jm6k$_$27,17,False,17,17,17
test,IHp8hd1jm6k$_$0,48,True,48,48,48
test,IHp8hd1jm6k$_$5,26,False,26,26,26
test,IHp8hd1jm6k$_$7,5,False,5,5,5
test,IHp8hd1jm6k$_$15,12,False,12,12,12
test,IIPYcCii7Sg$_$3,12,False,12,12,6
test,IRSxo_XXArg$_$12,48,True,48,48,48
test,IRSxo_XXArg$_$7,27,False,27,27,27
test,Iemw8vqt-54$_$13,20,False,20,20,13
test,Iemw8vqt-54$_$0,48,True,48,48,48
test,Iemw8vqt-54$_$9,27,False,27,27,27
test,JKueLneBoik$_$0,9,False,9,9,9
test,JKueLneBoik$_$4,8,False,8,8,8
test,JNhqI4JtPXA$_$3,25,False,25,25,25
test,JXYot3NDQn0$_$2,34,False,34,34,34
test,KB5hSnV1emg$_$3,30,False,30,30,30
test,Kn5eKHlPD0k$_$12,15,False,15,15,15
test,Kn99u05vlpA$_$5,33,False,33,33,33
test,L-7oRnbi9-w$_$3,25,False,25,25,25
test,L-a4Sh6iAcw$_$7,18,False,18,18,18
test,L-a4Sh6iAcw$_$9,37,False,37,37,37
test,LD3HYOwk1Bc$_$0,24,False,24,24,24
test,LJGL2sGvSS0$_$2,15,False,15,15,15
test,LJGL2sGvSS0$_$10,28,False,28,28,28
test,LJGL2sGvSS0$_$14,13,False,13,13,13
test,LJGL2sGvSS0$_$19,30,False,30,30,30
test,LcfubBagG6Q$_$1,18,False,18,18,7
test,LcfubBagG6Q$_$3,19,False,19,19,10
test,LyOq9mOEPuk$_$8,13,False,13,13,13
test,MHVrwCEWLPI$_$4,17,False,17,17,17
test,MHVrwCEWLPI$_$6,9,False,9,9,9
test,MHyW857u_X8$_$18,48,True,48,48,48
test,MZUr1DfYNNw$_$1,18,False,18,18,18
test,NIpuKcoJhGM$_$0,11,False,11,11,11
test,NVLPURuAVLU$_$2,36,False,36,36,36
test,NaWmaHwjElo$_$5,27,False,27,27,27
test,NiAjz4ciA60$_$1,33,False,33,33,29
test,NocexkPXja8$_$13,18,False,18,18,18
test,NocexkPXja8$_$4,38,False,38,38,38
test,O-b3DQg0QmA$_$1,11,False,11,11,11
test,OFia3dWgaoI$_$0,19,False,19,19,19
test,OFia3dWgaoI$_$6,12,False,12,12,12
test,OKJPFisBoPY$_$0,32,False,32,32,32
test,OORklkFql3k$_$10,34,False,34,34,34
test,OORklkFql3k$_$4,24,False,24,24,24
test,OWWHjP3pX9o$_$0,8,False,8,8,8
test,OWWHjP3pX9o$_$4,17,False,17,17,17
test,OXsTIPdytiw$_$0,21,False,21,21,21
test,OXsTIPdytiw$_$7,20,False,20,20,16
test,Oa2xVjzAMFc$_$9,29,False,29,29,29
test,OctOcfI4KSs$_$3,28,False,28,28,28
test,OctOcfI4KSs$_$7,34,False,34,34,34
test,P0UHzR4CmYg$_$1,18,False,18,18,18
test,P0UHzR4CmYg$_$3,21,False,21,21,21
test,P0UHzR4CmYg$_$4,35,False,35,35,35
test,P0UHzR4CmYg$_$8,22,False,22,22,22
test,P0UHzR4CmYg$_$11,17,False,17,17,17
test,PcqKFt1p3UQ$_$10,25,False,25,25,25
test,PzI6yY9Y2xQ$_$0,44,False,44,44,44
test,PzI6yY9Y2xQ$_$2,12,False,12,12,12
test,QBc7X5jj8oA$_$4,26,False,26,26,26
test,QCR7uyowjhM$_$10,8,False,8,8,8
test,QCR7uyowjhM$_$8,7,False,7,7,7
test,QIonRUsCqBs$_$1,44,False,44,44,44
test,Qfa1fY_07bQ$_$5,16,False,16,16,16
test,R9xTBw3MCWI$_$5,25,False,25,25,25
test,ROC2YI3tDsk$_$13,48,False,48,48,48
test,ROC2YI3tDsk$_$3,43,False,43,43,43
test,RVC8l5hf2Eg$_$13,33,False,33,33,33
test,RVC8l5hf2Eg$_$8,27,False,27,27,27
test,Rb1uzHNcYcA$_$4,15,False,15,15,15
test,RvmTZVNAAuQ$_$2,21,False,21,21,21
test,SKTyBOhDX6U$_$11,24,False,24,24,24
test,SKTyBOhDX6U$_$12,13,False,13,13,13
test,SKTyBOhDX6U$_$9,21,False,21,21,21
test,SYQ_zv8dWng$_$0,21,False,21,21,21
test,SYQ_zv8dWng$_$5,38,False,38,38,33
test,SYQ_zv8dWng$_$6,15,False,15,15,15
test,SYQ_zv8dWng$_$9,38,False,38,38,38
test,SZ7HK5ns6mE$_$11,23,False,23,23,23
test,Sq6DIhFxPqQ$_$4,13,False,13,13,13
test,SwT0gh0V8fI$_$10,20,False,20,20,20
test,SwT0gh0V8fI$_$19,26,False,26,26,26
test,SwT0gh0V8fI$_$5,20,False,20,20,20
test,TXiOSZdaLJ8$_$2,44,False,44,44,44
test,TcTGCIh6e5s$_$4,7,False,7,7,7
test,TxRtSItpGMo$_$4,12,False,12,12,12
test,U-KihZeIfKI$_$20,31,False,31,31,31
test,U-KihZeIfKI$_$1,17,False,17,17,17
test,U-KihZeIfKI$_$6,16,False,16,16,16
test,U-KihZeIfKI$_$15,43,False,43,43,43
test,U-KihZeIfKI$_$16,22,False,22,22,22
test,UiurP5k-f1A$_$4,27,False,27,27,27
test,UjqA6KVW2m8$_$0,6,False,6,6,6
test,UjqA6KVW2m8$_$3,8,False,8,8,0
test,UjqA6KVW2m8$_$2,5,False,5,5,5
test,UjqA6KVW2m8$_$4,20,False,20,20,19
test,UweZVaFqruU$_$1,23,False,23,23,23
test,UweZVaFqruU$_$5,39,False,39,39,39
test,V27mmEkN80g$_$0,18,False,18,18,18
test,VDkBM0ZG4q8$_$4,15,False,15,15,15
test,VDkBM0ZG4q8$_$7,15,False,15,15,0
test,VLQgw-88v4Q$_$2,31,False,31,31,31
test,VLQgw-88v4Q$_$6,25,False,25,25,25
test,VLQgw-88v4Q$_$8,41,False,41,41,12
test,VXy21GwGs8o$_$0,24,False,24,24,24
test,Vdf1McvE9ao$_$9,14,False,14,14,14
test,Vlas-mPydcg$_$17,38,False,38,38,38
test,Vlas-mPydcg$_$3,14,False,14,14,14
test,VsXGwSZazwA$_$4,21,False,21,21,21
test,VsXGwSZazwA$_$6,11,False,11,11,11
test,VwGPIUNayKM$_$1,17,False,17,17,17
test,VwGPIUNayKM$_$5,14,False,14,14,14
test,VwGPIUNayKM$_$8,11,False,11,11,1
test,W1CWpktWtTs$_$5,16,False,16,16,15
test,W1CWpktWtTs$_$9,17,False,17,17,17
test,WfNiQBXmPw8$_$3,14,False,14,14,14
test,WfNiQBXmPw8$_$5,17,False,17,17,17
test,WgI8IbJtXHw$_$0,24,False,24,24,24
test,X2Hs89fZ2-c$_$4,32,False,32,32,32
test,X6N7UEFJLNY$_$0,34,False,34,34,34
test,X6N7UEFJLNY$_$2,20,False,20,20,20
test,X6N7UEFJLNY$_$4,17,False,17,17,17
test,XDVit9ASVUg$_$2,14,False,14,14,14
test,XKyumlBmix8$_$0,30,False,30,30,30
test,XKyumlBmix8$_$2,8,False,8,8,0
test,XVWiAArXYpE$_$3,15,False,15,15,15
test,XVWiAArXYpE$_$4,18,False,18,18,18
test,XVWiAArXYpE$_$9,15,False,15,15,15
test,X_TusmBIlC0$_$5,20,False,20,20,20
test,Xa086gxLJ3Y$_$12,11,False,11,11,11
test,XrNaL-MTjXg$_$3,25,False,25,25,25
test,Xy57UpKRNEo$_$7,35,False,35,35,35
test,Y8dI1GTWCk4$_$6,14,False,14,14,0
test,YLK58srjhNI$_$3,44,False,44,44,44
test,YQZPnHZRp1w$_$1,6,False,6,6,6
test,YUNxD04EvfE$_$1,29,False,29,29,29
test,Z4iYSMMMycQ$_$4,48,True,48,48,48
test,ZKErPftd--w$_$6,25,False,25,25,25
test,ZKZ8UjaQQT4$_$7,34,False,34,34,34
test,ZS1Nb0OWYNE$_$11,22,False,22,22,22
test,ZS1Nb0OWYNE$_$15,30,False,30,30,30
test,ZS1Nb0OWYNE$_$5,8,False,8,8,8
test,ZS1Nb0OWYNE$_$9,17,False,17,17,17
test,ZcFzcd4ZoMg$_$4,10,False,10,10,10
test,ZeH7gZw94k0$_$1,16,False,16,16,16
test,ZtocGyL3Tfc$_$13,24,False,24,24,24
test,ZtocGyL3Tfc$_$10,29,False,29,29,29
test,ZtocGyL3Tfc$_$9,20,False,20,20,20
test,ZznoGQVwTtw$_$4,7,False,7,7,0
test,_1nvuNk7EFY$_$10,35,False,35,35,35
test,_OmWVs0-6UM$_$0,22,False,22,22,22
test,_on_E-ZWy0I$_$21,22,False,22,22,20
test,_on_E-ZWy0I$_$3,36,False,36,36,34
test,_on_E-ZWy0I$_$12,47,False,47,47,45
test,_q7DM8WkzAQ$_$3,43,False,43,43,43
test,a4PHWxILDp0$_$15,17,False,17,17,0
test,ahG9c_uaf8s$_$1,48,True,48,48,48
test,ahG9c_uaf8s$_$3,22,False,22,22,22
test,b92iw0OAnI4$_$7,45,False,45,45,45
test,bNQOeiAotbk$_$8,7,False,7,7,7
test,bdFCD-3BCRg$_$2,29,False,29,29,29
test,bdFCD-3BCRg$_$11,32,False,32,32,28
test,bdFCD-3BCRg$_$12,12,False,12,12,12
test,c5VEvmutmVg$_$13,18,False,18,18,18
test,c5VEvmutmVg$_$19,24,False,24,24,24
test,c5VEvmutmVg$_$0,38,False,38,38,38
test,c5zxqITn3ZM$_$5,17,False,17,17,17
test,c5zxqITn3ZM$_$6,48,True,48,48,48
test,c9hE1ghElrM$_$2,18,False,18,18,18
test,c9hE1ghElrM$_$4,7,False,7,7,7
test,cW-aX4dPVfk$_$4,16,False,16,16,6
test,cW-aX4dPVfk$_$11,25,False,25,25,9
test,cW-aX4dPVfk$_$32,24,False,24,24,6
test,cW-aX4dPVfk$_$30,7,False,7,7,0
test,cml9rShionM$_$3,17,False,17,17,17
test,d-Uw_uZyUys$_$1,48,True,48,48,47
test,d-Uw_uZyUys$_$6,48,True,48,48,48
test,dHk--ExZbHs$_$7,48,True,48,48,48
test,dR68gbeOWOc$_$1,37,False,37,37,37
test,dTcz1am1eUw$_$2,12,False,12,12,12
test,ddWHTdJz2O8$_$1,40,False,40,40,40
test,dlE05KC95uk$_$11,24,False,24,24,24
test,eE8Qr9fOvVA$_$2,14,False,14,14,1
test,eFV7iFPYZB4$_$12,6,False,6,6,0
test,eFV7iFPYZB4$_$14,8,False,8,8,8
test,eJfT7-dDqzA$_$3,16,False,16,16,16
test,eJfT7-dDqzA$_$2,13,False,13,13,13
test,eJfT7-dDqzA$_$7,14,False,14,14,14
test,eKQKEi2-0Ws$_$0,22,False,22,22,22
test,eQc5uI7FKCU$_$5,24,False,24,24,24
test,ey1lr8wFFDc$_$0,24,False,24,24,24
test,f-VdKweez2U$_$4,39,False,39,39,39
test,f8Puta8k8fU$_$1,11,False,11,11,11
test,fT6SrlsWV7M$_$12,27,False,27,27,27
test,fWAKek8jA5M$_$0,9,False,9,9,9
test,fWAKek8jA5M$_$3,9,False,9,9,9
test,fWAKek8jA5M$_$4,26,False,26,26,26
test,frCWtiam4tE$_$0,36,False,36,36,36
test,fsBzpr4k3rY$_$0,14,False,14,14,14
test,fz-MzQcOBwQ$_$1,33,False,33,33,33
test,gE7kUqMqQ9g$_$2,42,False,42,42,42
test,gJjkCPO7iXg$_$1,36,False,36,36,36
test,gJjkCPO7iXg$_$0,32,False,32,32,32
test,gLTxaEcx41E$_$2,16,False,16,16,16
test,gLTxaEcx41E$_$4,39,False,39,39,39
test,gLTxaEcx41E$_$7,48,True,48,48,48
test,gLTxaEcx41E$_$6,48,True,48,48,48
test,gcFECfN4BCU$_$23,17,False,17,17,17
test,gcFECfN4BCU$_$10,32,False,32,32,32
test,gcFECfN4BCU$_$15,37,False,37,37,37
test,gpn71-aKWwQ$_$2,28,False,28,28,28
test,h1ZZHUU4j0k$_$3,44,False,44,44,44
test,h1ZZHUU4j0k$_$4,32,False,32,32,32
test,h1ZZHUU4j0k$_$10,9,False,9,9,9
test,h1ZZHUU4j0k$_$13,32,False,32,32,32
test,iQDB_OkAQWs$_$4,31,False,31,31,31
test,iXiMifHNKPI$_$8,18,False,18,18,18
test,j1m6ctAgjsM$_$1,23,False,23,23,23
test,j1m6ctAgjsM$_$2,17,False,17,17,17
test,j1m6ctAgjsM$_$4,13,False,13,13,12
test,j1m6ctAgjsM$_$14,5,False,5,5,5
test,j1m6ctAgjsM$_$18,7,False,7,7,6
test,j1m6ctAgjsM$_$30,24,False,24,24,24
test,j1m6ctAgjsM$_$35,14,False,14,14,14
test,j1m6ctAgjsM$_$33,11,False,11,11,11
test,j1m6ctAgjsM$_$37,11,False,11,11,11
test,jXQmVFcOiUI$_$0,15,False,15,15,15
test,jj8aSNPHMw8$_$14,33,False,33,33,33
test,jj8aSNPHMw8$_$5,37,False,37,37,37
test,jqutn5ou8_0$_$6,41,False,41,41,41
test,jscKL5jS-SQ$_$17,23,False,23,23,23
test,kaudsLIvYC8$_$0,29,False,29,29,29
test,kg-W6-hP2Do$_$3,20,False,20,20,0
test,kpS4BXif_Sw$_$12,21,False,21,21,21
test,kpS4BXif_Sw$_$15,42,False,42,42,42
test,kpS4BXif_Sw$_$4,48,True,48,48,48
test,kpS4BXif_Sw$_$8,16,False,16,16,16
test,ktblaVOnFVE$_$4,21,False,21,21,21
test,l0vCKpk6Aes$_$24,36,False,36,36,36
test,l0vCKpk6Aes$_$12,18,False,18,18,18
test,l0vCKpk6Aes$_$19,18,False,18,18,18
test,l4oMbKDuW3Y$_$3,19,False,19,19,19
test,lD4xtQ6NpDY$_$2,5,False,5,5,5
test,lYwgLa4R5XQ$_$1,27,False,27,27,0
test,lkIe41StoGI$_$10,5,False,5,5,0
test,lkIe41StoGI$_$3,14,False,14,14,0
test,lkIe41StoGI$_$2,17,False,17,17,0
test,lkIe41StoGI$_$8,7,False,7,7,7
test,lwL4hjhkid4$_$1,13,False,13,13,0
test,lwL4hjhkid4$_$3,28,False,28,28,8
test,lwL4hjhkid4$_$6,20,False,20,20,20
test,m-7yRWZLwLY$_$0,28,False,28,28,28
test,mVnqP-vLpuo$_$0,9,False,9,9,9
test,mZ_8em_-CGc$_$7,46,False,46,46,46
test,mgsvwAVQAQo$_$4,33,False,33,33,33
test,mmg_eTDHjkk$_$5,8,False,8,8,8
test,mmg_eTDHjkk$_$8,17,False,17,17,17
test,mmg_eTDHjkk$_$15,13,False,13,13,13
test,mzAu5gxjE-w$_$2,48,True,48,48,47
test,nFTo-Lz4Fr8$_$1,26,False,26,26,26
test,nZFPKP9kBkw$_$4,32,False,32,32,32
test,namehdJxRIM$_$1,10,False,10,10,10
test,o2XbNJDpOlc$_$6,16,False,16,16,16
test,oBS-IW-BO00$_$3,25,False,25,25,25
test,oHff2W51wZ8$_$1,22,False,22,22,22
test,oHff2W51wZ8$_$2,18,False,18,18,18
test,oHff2W51wZ8$_$5,12,False,12,12,12
test,oPlnhc0DkcU$_$1,14,False,14,14,14
test,oZxMx8e0x2U$_$2,12,False,12,12,12
test,obGF3RfWQKE$_$24,16,False,16,16,16
test,obGF3RfWQKE$_$3,37,False,37,37,33
test,ossKC1VrusE$_$3,19,False,19,19,19
test,ossKC1VrusE$_$2,29,False,29,29,29
test,ozA7pRW4gFM$_$7,12,False,12,12,12
test,p4WmcxrXkc4$_$0,48,True,48,48,48
test,p7zuPEZgtY4$_$0,14,False,14,14,14
test,pIaEcqnzI-s$_$3,10,False,10,10,10
test,pIaEcqnzI-s$_$5,16,False,16,16,16
test,pIaEcqnzI-s$_$7,12,False,12,12,12
test,pIaEcqnzI-s$_$6,28,False,28,28,28
test,pQpy7RSfWzM$_$19,32,False,32,32,32
test,pQpy7RSfWzM$_$8,25,False,25,25,25
test,pSxte-ms0t8$_$33,35,False,35,35,35
test,pSxte-ms0t8$_$2,29,False,29,29,29
test,pSxte-ms0t8$_$7,18,False,18,18,18
test,pSxte-ms0t8$_$6,20,False,20,20,20
test,pZye4zFzk3o$_$2,18,False,18,18,18
test,pZye4zFzk3o$_$5,12,False,12,12,12
test,pnpFPX34Agk$_$2,10,False,10,10,3
test,q5M1God4M6Y$_$9,13,False,13,13,13
test,qDfSYz0PX9g$_$0,10,False,10,10,10
test,qDfSYz0PX9g$_$8,9,False,9,9,9
test,qEuJj4uW93E$_$1,14,False,14,14,14
test,qgC8_emxSIU$_$6,33,False,33,33,33
test,r46amqjpWgg$_$26,18,False,18,18,18
test,r46amqjpWgg$_$22,25,False,25,25,25
test,r46amqjpWgg$_$6,14,False,14,14,14
test,r46amqjpWgg$_$15,12,False,12,12,12
test,r46amqjpWgg$_$32,38,False,38,38,38
test,rcfnqiD0y8o$_$0,12,False,12,12,12
test,rhQB8e999-Q$_$10,45,False,45,45,45
test,rhQB8e999-Q$_$0,28,False,28,28,28
test,rhQB8e999-Q$_$5,30,False,30,30,30
test,rhQB8e999-Q$_$7,29,False,29,29,29
test,rhQB8e999-Q$_$8,15,False,15,15,15
test,svsbGQn389o$_$8,21,False,21,21,9
test,tC2KicUHB9Q$_$7,6,False,6,6,6
test,tNd3--lvSXE$_$6,33,False,33,33,33
test,teQqaAmqqx0$_$0,26,False,26,26,26
test,teQqaAmqqx0$_$3,32,False,32,32,32
test,tnWmVXZ87h0$_$0,34,False,34,34,34
test,tnWmVXZ87h0$_$3,20,False,20,20,20
test,ttfaZ8IIWCo$_$2,21,False,21,21,21
test,ttfaZ8IIWCo$_$5,24,False,24,24,24
test,ttfaZ8IIWCo$_$4,19,False,19,19,19
test,tymso_pAxhk$_$12,35,False,35,35,35
test,u9ZV8jb_-U0$_$0,30,False,30,30,30
test,um8WVjZMLUc$_$1,13,False,13,13,13
test,unOeTDc2rlY$_$27,21,False,21,21,21
test,unOeTDc2rlY$_$31,22,False,22,22,22
test,unOeTDc2rlY$_$29,27,False,27,27,27
test,uogwnZGb-iE$_$26,15,False,15,15,15
test,uogwnZGb-iE$_$21,25,False,25,25,25
test,uogwnZGb-iE$_$22,35,False,35,35,35
test,uogwnZGb-iE$_$28,29,False,29,29,29
test,uogwnZGb-iE$_$13,16,False,16,16,16
test,uogwnZGb-iE$_$6,16,False,16,16,16
test,vB_kZocHtYo$_$8,29,False,29,29,29
test,vGkIaClHKDg$_$6,24,False,24,24,24
test,vR90Pdx9wxs$_$3,48,True,48,48,48
test,v_8QeoNc4QY$_$5,14,False,14,14,14
test,veA6ECsGFxI$_$0,38,False,38,38,38
test,wC_1M7KIv9s$_$24,25,False,25,25,25
test,wC_1M7KIv9s$_$12,26,False,26,26,26
test,wC_1M7KIv9s$_$23,20,False,20,20,20
test,wC_1M7KIv9s$_$1,21,False,21,21,21
test,wC_1M7KIv9s$_$5,17,False,17,17,17
test,wC_1M7KIv9s$_$25,48,True,48,48,48
test,wC_1M7KIv9s$_$21,19,False,19,19,19
test,wHeZHLv9wGI$_$12,45,False,45,45,45
test,wnL3ld9bM2o$_$25,18,False,18,18,18
test,wnL3ld9bM2o$_$21,13,False,13,13,13
test,wnL3ld9bM2o$_$4,39,False,39,39,39
test,wnL3ld9bM2o$_$9,10,False,10,10,10
test,wnL3ld9bM2o$_$15,25,False,25,25,25
test,wnL3ld9bM2o$_$14,10,False,10,10,10
test,wznRBN1fWj4$_$0,15,False,15,15,15
test,wznRBN1fWj4$_$6,12,False,12,12,0
test,x0rLwBIocuI$_$7,42,False,42,42,42
test,xBE9YWYGjtk$_$7,20,False,20,20,20
test,xSCvspXYU9k$_$19,19,False,19,19,19
test,xSCvspXYU9k$_$7,16,False,16,16,16
test,xXXcgb9eZ9Y$_$7,16,False,16,16,16
test,xmLJHru6Z1M$_$12,19,False,19,19,19
test,xmLJHru6Z1M$_$14,30,False,30,30,30
test,xmLJHru6Z1M$_$8,23,False,23,23,16
test,xobMRm5Vs44$_$1,18,False,18,18,18
test,yCpHmPSshKY$_$1,17,False,17,17,17
test,yCpHmPSshKY$_$0,36,False,36,36,36
test,yLo-Jl8nBXU$_$11,35,False,35,35,35
test,yLo-Jl8nBXU$_$0,48,False,48,48,48
test,yLo-Jl8nBXU$_$6,20,False,20,20,20
test,ySblgk7T7eQ$_$12,28,False,28,28,28
test,ySblgk7T7eQ$_$0,14,False,14,14,14
test,ySblgk7T7eQ$_$4,19,False,19,19,19
test,ySblgk7T7eQ$_$9,43,False,43,43,43
test,yUqNp-poh9M$_$2,13,False,13,13,13
test,yUqNp-poh9M$_$9,10,False,10,10,10
test,ydzNAuqUAnc$_$6,31,False,31,31,20
test,yoDMh8FlHR8$_$0,20,False,20,20,20
test,yzCHa2qchpg$_$1,48,True,48,48,48
test,yzCHa2qchpg$_$2,14,False,14,14,14
test,z441aDJvAcU$_$20,26,False,26,26,26
test,z441aDJvAcU$_$21,19,False,19,19,19
test,z441aDJvAcU$_$22,32,False,32,32,32
test,zfZUOvZZTuk$_$1,14,False,14,14,14
test,zfZUOvZZTuk$_$8,16,False,16,16,16
test,zhNksSReaQk$_$27,8,False,8,8,8
test,zhNksSReaQk$_$44,19,False,19,19,19
test,zhNksSReaQk$_$28,12,False,12,12,12
test,zhNksSReaQk$_$1,23,False,23,23,23
test,zhNksSReaQk$_$4,12,False,12,12,12
test,zhNksSReaQk$_$15,7,False,7,7,7
test,zhNksSReaQk$_$36,16,False,16,16,16
attachment4,01,22,False,22,22,22
attachment4,02,19,False,19,19,19
attachment4,03,33,False,33,33,33
attachment4,04,26,False,26,26,26
attachment4,05,15,False,15,15,15
attachment4,06,35,False,35,35,35
attachment4,07,48,True,48,48,48
attachment4,08,11,False,11,11,11
attachment4,09,18,False,18,18,18
attachment4,10,30,False,30,30,30
attachment4,11,14,False,14,14,14
attachment4,12,42,False,42,42,42
attachment4,13,30,False,30,30,0
attachment4,14,35,False,35,35,35
attachment4,15,21,False,21,21,21
attachment4,16,11,False,11,11,11
attachment4,17,24,False,24,24,24
attachment4,18,48,True,48,48,48
attachment4,19,39,False,39,39,39
attachment4,20,43,False,43,43,43
