version,split,modality,dimension,mean,std,min,max,zero_ratio
aligned,train,audio,0,79.80256848306333,100.87185518305652,0.0,500.0,0.5477349042709867
aligned,train,audio,1,0.2377142857142857,0.4256832203430535,0.0,1.0,0.7622857142857142
aligned,train,audio,2,0.02917183151403464,0.04978557146615681,0.0,0.49790310859680176,0.5812547864506628
aligned,train,audio,3,0.11359742863830587,0.18861433095879143,0.0,0.891957700252533,0.5812547864506628
aligned,train,audio,4,0.18651498913957743,4.5128194784013385,-47.73226547241211,36.030433654785156,0.6017319587628865
aligned,train,audio,5,0.13563119587089892,0.23488781216802287,0.0,2.7409679889678955,0.5794108983799705
aligned,train,audio,6,0.05278687930032501,0.0618467176789454,0.0,0.46520569920539856,0.5503681885125185
aligned,train,audio,7,-0.13895884766860647,0.17035265412573133,-1.77967369556427,0.35731738805770874,0.5490721649484536
aligned,train,audio,8,0.6879272861754596,0.8317664322190674,0.0,2.496593713760376,0.5484653902798232
aligned,train,audio,9,0.2250326400647634,0.258610051040915,0.0,0.9482607841491699,0.5489425625920471
aligned,train,audio,10,0.12001914731153394,0.1719356378772363,0.0,0.9985317587852478,0.5475051546391753
aligned,train,audio,11,-3.5214018437971246,3.988237547894967,-20.417436599731445,0.0,0.5478703976435935
aligned,train,audio,12,0.8975675018521776,1.176363573422442,-2.6931216716766357,6.3223347663879395,0.5478703976435935
aligned,train,audio,13,-0.02457433561156889,0.44228910277646044,-3.503504991531372,4.006633758544922,0.5478703976435935
aligned,train,audio,14,0.14318010814257148,0.3555757605079329,-2.1646745204925537,2.828458547592163,0.5478703976435935
aligned,train,audio,15,-0.061444126512470706,0.24882288392457005,-2.086669921875,1.496049404144287,0.5478703976435935
aligned,train,audio,16,-0.024798516045843117,0.22832727690190155,-1.9841301441192627,1.607738733291626,0.5478703976435935
aligned,train,audio,17,-0.040386688935830674,0.1895558971841395,-1.6984926462173462,1.7034109830856323,0.5478703976435935
aligned,train,audio,18,-0.0015316879932602346,0.15896201393874645,-1.4131476879119873,1.483104944229126,0.5478703976435935
aligned,train,audio,19,0.0020768827770457628,0.14304383704784512,-1.4091246128082275,1.4595768451690674,0.5478703976435935
aligned,train,audio,20,0.018675043023659733,0.12623175832916694,-0.9760171175003052,1.3189611434936523,0.5478703976435935
aligned,train,audio,21,-0.018001323303452305,0.11519390089812062,-1.202113389968872,1.039729356765747,0.5478703976435935
aligned,train,audio,22,0.01196153399070521,0.10931216240245252,-1.191896915435791,1.1883052587509155,0.5478703976435935
aligned,train,audio,23,-0.02022843860968477,0.10487355697241897,-1.122173547744751,0.8732377886772156,0.5478703976435935
aligned,train,audio,24,0.017076927314135196,0.09584264330230459,-1.0089830160140991,1.326227068901062,0.5478703976435935
aligned,train,audio,25,-0.020578239170342096,0.09151109251575291,-0.8463215231895447,0.8454586863517761,0.5478703976435935
aligned,train,audio,26,0.006752699835922071,0.08371248075907979,-0.9573004841804504,0.992196798324585,0.5478703976435935
aligned,train,audio,27,-0.007580238301483819,0.07803315337980667,-0.8782461881637573,0.7785161733627319,0.5478703976435935
aligned,train,audio,28,0.013070400872722562,0.07448515751239966,-0.8525694608688354,0.8712940812110901,0.5478703976435935
aligned,train,audio,29,-0.011571499779301447,0.07197277498514794,-0.7676694989204407,0.9108917117118835,0.5478703976435935
aligned,train,audio,30,0.01027783007606674,0.0681616323261404,-0.7930743098258972,0.7420423030853271,0.5478703976435935
aligned,train,audio,31,-0.005732606634836719,0.06329384045960655,-0.6622382998466492,0.6085054874420166,0.5478703976435935
aligned,train,audio,32,0.007237858104679175,0.06106558400335452,-0.6086808443069458,0.8235164284706116,0.5478703976435935
aligned,train,audio,33,-0.006980772174000775,0.05796956925994263,-0.6428598761558533,0.6402561068534851,0.5478703976435935
aligned,train,audio,34,0.006941442847407831,0.0550580833476267,-0.47348031401634216,0.557292640209198,0.5478703976435935
aligned,train,audio,35,-0.005962814136225584,0.052895398354399215,-0.6163804531097412,0.6267641186714172,0.5478703976435935
aligned,train,audio,36,0.00023049564451110908,0.03487067269656352,-3.096919536590576,2.8778035640716553,0.9995228276877761
aligned,train,audio,37,0.0005211198676453449,0.05179548752265383,-3.1311426162719727,2.957166910171509,0.9983033873343151
aligned,train,audio,38,-4.3938116409961753e-05,0.04722592145338129,-3.106931209564209,3.0239338874816895,0.9983033873343151
aligned,train,audio,39,0.00047834205357670545,0.049994100717725476,-3.0918920040130615,3.139761209487915,0.9983033873343151
aligned,train,audio,40,0.0002076730124056634,0.05435357516970617,-3.123573064804077,3.1009459495544434,0.9527422680412371
aligned,train,audio,41,5.872434164751567e-05,0.05474560470772428,-3.103625774383545,3.1351921558380127,0.8820618556701031
aligned,train,audio,42,-0.00012497073183534899,0.06328875564775935,-3.131718635559082,3.1322200298309326,0.8008070692194403
aligned,train,audio,43,0.0009749091615313299,0.07433719490000555,-3.1298460960388184,3.1317195892333984,0.7157643593519882
aligned,train,audio,44,0.0051229017188242675,0.12347969969302328,-3.1107025146484375,3.112720489501953,0.6124712812960236
aligned,train,audio,45,0.013724131348329954,0.2885656432167974,-3.139047861099243,3.1362485885620117,0.5642179675994109
aligned,train,audio,46,0.03322016869669073,0.5309991830687899,-3.141573667526245,3.140580892562866,0.5504683357879234
aligned,train,audio,47,0.07148678267564301,0.7270206370148139,-3.1407246589660645,3.140671491622925,0.5488541973490427
aligned,train,audio,48,0.12550020278125554,0.9101896447246378,-3.141359567642212,3.141505002975464,0.5484889543446244
aligned,train,audio,49,0.15680624873804025,1.027952149143322,-3.1415815353393555,3.141498565673828,0.5484653902798232
aligned,train,audio,50,0.17558715389198187,1.1172349992554558,-3.14155650138855,3.1415669918060303,0.5484653902798232
aligned,train,audio,51,0.18324622486388964,1.1688520863356953,-3.1415858268737793,3.1414170265197754,0.5484653902798232
aligned,train,audio,52,0.19176131670268376,1.172672131723215,-3.1415700912475586,3.1413791179656982,0.5484653902798232
aligned,train,audio,53,0.1956641096819239,1.1524373748548984,-3.1414341926574707,3.141514778137207,0.5484653902798232
aligned,train,audio,54,0.20192348997379891,1.1365720457019697,-3.1415774822235107,3.141080617904663,0.5484653902798232
aligned,train,audio,55,0.21511752651658755,1.1380426097682743,-3.141477108001709,3.1414756774902344,0.5484653902798232
aligned,train,audio,56,0.2108938063361899,1.1423298545391178,-3.1414783000946045,3.1415512561798096,0.5484653902798232
aligned,train,audio,57,0.22425678261717308,1.1260894739452707,-3.14145565032959,3.141512393951416,0.5484653902798232
aligned,train,audio,58,0.20432900558404823,1.1297350087469848,-3.1411824226379395,3.1412272453308105,0.5484653902798232
aligned,train,audio,59,0.1487385247460516,1.1742252570957807,-3.141543388366699,3.1415746212005615,0.5484653902798232
aligned,train,audio,60,0.12460506244708887,1.199931076735031,-3.1414825916290283,3.1415789127349854,0.5484653902798232
aligned,train,audio,61,-0.14527824058349506,0.25642840359261704,-7.45979642868042,0.7486459016799927,0.5484653902798232
aligned,train,audio,62,-0.5412571109683147,0.6498027621454067,-3.4233052730560303,0.3932839334011078,0.5484653902798232
aligned,train,audio,63,-0.4557871476358324,0.5424349204675049,-2.4903347492218018,0.20136892795562744,0.5484653902798232
aligned,train,audio,64,-0.427699675073091,0.49737099127600115,-1.7806789875030518,0.17315822839736938,0.5484653902798232
aligned,train,audio,65,-0.3682867059760927,0.4219708267990757,-1.500117540359497,0.367424339056015,0.5484653902798232
aligned,train,audio,66,-0.31279708323140487,0.3574132288232233,-1.2831882238388062,0.6077210307121277,0.5484653902798232
aligned,train,audio,67,-0.26880433970991074,0.3094520010769702,-1.085460901260376,0.9510378837585449,0.5484653902798232
aligned,train,audio,68,-0.21762952490301832,0.261148707774368,-0.9135344624519348,0.9345912933349609,0.5484653902798232
aligned,train,audio,69,-0.1776599818270697,0.22654052517527049,-0.8097608089447021,0.891085684299469,0.5484653902798232
aligned,train,audio,70,-0.13946553371719547,0.19822207187588353,-0.8310291767120361,0.8119527697563171,0.5484653902798232
aligned,train,audio,71,-0.10501593501387661,0.17299773405197252,-0.6327791810035706,0.6969111561775208,0.5484653902798232
aligned,train,audio,72,-0.07757951031940183,0.1549854130790089,-0.7224530577659607,0.6462547779083252,0.5484653902798232
aligned,train,audio,73,-0.051232557421302644,0.13808648498421422,-0.5964615345001221,0.61435467004776,0.5484653902798232
aligned,train,vision,0,-0.9031225932035998,1.4598243118366234,-12.870599746704102,4.05079984664917,0.5721178203240059
aligned,train,vision,1,-0.5518053613819227,1.229257349814154,-13.809900283813477,5.631549835205078,0.5721178203240059
aligned,train,vision,2,-0.48983785498339444,1.0984300765660955,-12.150400161743164,4.946959972381592,0.5721178203240059
aligned,train,vision,3,-0.6839797597627256,1.7053279296745996,-14.52929973602295,10.160599708557129,0.5721178203240059
aligned,train,vision,4,-0.5833322191258974,1.1096608653167772,-12.003899574279785,4.533760070800781,0.5721178203240059
aligned,train,vision,5,-0.348221078042418,1.473550405899522,-18.01930046081543,4.024809837341309,0.5721178203240059
aligned,train,vision,6,-0.7785436305859865,1.4290096975354685,-15.194899559020996,3.231369972229004,0.5721178203240059
aligned,train,vision,7,-0.7388109741378353,1.4886550163793617,-13.284500122070312,8.511150360107422,0.5721178203240059
aligned,train,vision,8,-0.766457020228794,1.64458996628269,-18.499000549316406,3.265549898147583,0.5721178203240059
aligned,train,vision,9,-0.8464004314485334,1.6337143578474036,-15.585200309753418,4.590950012207031,0.5721178203240059
aligned,train,vision,10,0.03450987188213159,0.6923700064528399,-3.4421000480651855,5.171030044555664,0.5721178203240059
aligned,train,vision,11,-0.054158223672485184,0.6287588085247231,-3.6614999771118164,5.28331995010376,0.5721178203240059
aligned,train,vision,12,-0.1573293275164377,0.5570671487500763,-3.087290048599243,5.977640151977539,0.5721178203240059
aligned,train,vision,13,-0.4797940116035226,0.8063419887104483,-5.92080020904541,4.095699787139893,0.5721178203240059
aligned,train,vision,14,-0.35024815296540623,0.7681811890256106,-6.639949798583984,5.406449794769287,0.5721178203240059
aligned,train,vision,15,-0.25357332715415903,0.5465764118845365,-4.48475980758667,2.2578299045562744,0.5721178203240059
aligned,train,vision,16,-0.9110706304768204,1.3895480671709954,-9.782549858093262,4.1272101402282715,0.5721178203240059
aligned,train,vision,17,-0.1807314050743397,0.7047998604886224,-5.233029842376709,5.985310077667236,0.5721178203240059
aligned,train,vision,18,-0.2635204830858635,0.7246493523876685,-4.813409805297852,6.596779823303223,0.5721178203240059
aligned,train,vision,19,-0.37702614952756236,0.7038856242885132,-7.206960201263428,2.0822999477386475,0.5721178203240059
aligned,train,vision,20,-0.4407323706554783,0.7456076226402386,-5.369219779968262,2.918370008468628,0.5721178203240059
aligned,train,vision,21,-0.3886741149955631,0.7171135891858251,-7.76347017288208,2.4022998809814453,0.5721178203240059
aligned,train,vision,22,-0.645387650919701,1.3540668000487581,-16.216899871826172,2.2924399375915527,0.5721178203240059
aligned,train,vision,23,-0.2005658976384477,0.6096421770936048,-5.243840217590332,4.327509880065918,0.5721178203240059
aligned,train,vision,24,-0.3354978709637945,0.5548171649603443,-4.528910160064697,2.8775100708007812,0.5721178203240059
aligned,train,vision,25,-0.4884283702595786,0.9044707751901833,-7.797609806060791,2.7906999588012695,0.5721178203240059
aligned,train,vision,26,-0.019398636938718725,0.9663726929869563,-5.769889831542969,10.38230037689209,0.5721178203240059
aligned,train,vision,27,-0.15351134428495708,0.7510401167232258,-3.8902499675750732,9.231889724731445,0.5721178203240059
aligned,train,vision,28,-0.8730546709365816,1.336685300306595,-13.878999710083008,2.101639986038208,0.5721178203240059
aligned,train,vision,29,-0.10668466835519448,0.9979215321879852,-7.048530101776123,5.4037299156188965,0.5721178203240059
aligned,train,vision,30,0.11868306851053449,0.2899196649352423,0.0,1.0,0.5722061855670103
aligned,train,vision,31,0.2707187437802662,0.40360270595215886,0.0,0.9998779892921448,0.5722061855670103
aligned,train,vision,32,-0.34212763363840976,4.676791771010269,-37.746498107910156,20.701799392700195,0.5722061855670103
aligned,train,vision,33,-0.2340579810122147,5.9367187272365705,-30.106000900268555,29.028600692749023,0.5722061855670103
aligned,train,vision,34,0.08404809892815268,3.2905095993952727,-15.03849983215332,14.434499740600586,0.5722061855670103
aligned,train,text,0,0.09136032563073092,0.41986244998002203,-2.7120563983917236,2.520815134048462,0.0
aligned,train,text,1,-0.04310076008002454,0.3660585331135626,-2.0347394943237305,2.2843992710113525,0.0
aligned,train,text,2,0.22639961971641026,0.36857365808532416,-1.66657292842865,2.56480073928833,0.0
aligned,train,text,3,0.05390305379809968,0.30141346091564714,-1.7022966146469116,1.5225313901901245,0.0
aligned,train,text,4,0.14146691325310184,0.37087233486989857,-1.988410234451294,2.373711109161377,0.0
aligned,train,text,5,-0.138052625899605,0.3489396916958125,-1.960694670677185,1.8571412563323975,0.0
aligned,train,text,6,0.06507009804371432,0.3476189416998452,-2.091419219970703,2.2009153366088867,0.0
aligned,train,text,7,0.4670569790683698,0.471391990133393,-1.6100488901138306,3.4514172077178955,0.0
aligned,train,text,8,0.04146038291363569,0.37019870179384307,-2.1265857219696045,2.1008501052856445,0.0
aligned,train,text,9,-0.1553393676284377,0.37418755530747433,-2.00639009475708,1.6518256664276123,0.0
aligned,train,text,10,0.08579246409238482,0.3052388786328982,-1.4644250869750977,1.869879961013794,0.0
aligned,train,text,11,-0.09070239736086007,0.39602220152555184,-2.242157459259033,1.4896750450134277,0.0
aligned,train,text,12,0.007189397416986931,0.31818183017005836,-2.0272037982940674,1.86556875705719,0.0
aligned,train,text,13,0.2687287326631039,0.3817216167711442,-1.4747997522354126,2.851679801940918,0.0
aligned,train,text,14,-0.06272476621957383,0.3695520767420257,-2.3325276374816895,2.0903496742248535,0.0
aligned,train,text,15,0.16298612794904407,0.4360885536232479,-1.4443531036376953,2.485875129699707,0.0
aligned,train,text,16,0.09853742502375375,0.33532155051055296,-1.7391034364700317,1.8249232769012451,0.0
aligned,train,text,17,0.04474896867125568,0.33163676010340254,-1.722043752670288,1.664540410041809,0.0
aligned,train,text,18,-0.005224863457489369,0.3872736880882567,-2.6577749252319336,2.5594289302825928,0.0
aligned,train,text,19,0.19484156163582997,0.3919547783983665,-1.785603404045105,2.5521860122680664,0.0
aligned,train,text,20,0.02555003201657569,0.3796548762030295,-1.9011774063110352,2.101698160171509,0.0
aligned,train,text,21,0.04740539539774773,0.31033546946881807,-2.062224864959717,1.7324833869934082,0.0
aligned,train,text,22,-0.06992977758564894,0.3560844436868588,-2.367232322692871,1.7972712516784668,0.0
aligned,train,text,23,0.16299095767651944,0.45767685912293293,-1.3465664386749268,2.669239044189453,0.0
aligned,train,text,24,0.30568794126634996,0.3393328079622078,-1.178322196006775,2.4554824829101562,0.0
aligned,train,text,25,0.05461713241552042,0.37959417444276855,-1.9992090463638306,1.7875431776046753,0.0
aligned,train,text,26,-0.05820028200427369,0.3168116334869384,-1.615211009979248,1.5257850885391235,0.0
aligned,train,text,27,0.04139007078355867,0.34250252281394844,-2.209470510482788,2.269954204559326,0.0
aligned,train,text,28,-0.25989014279805067,0.3225598297825071,-1.9233884811401367,1.5170878171920776,0.0
aligned,train,text,29,-0.04256680402631524,0.3658949900931308,-2.262054204940796,1.7315329313278198,0.0
aligned,train,text,30,0.21861622042207812,0.40598625135441513,-1.711820125579834,2.4741406440734863,0.0
aligned,train,text,31,-0.04377756093018887,0.33975175382900696,-1.8377739191055298,1.9100453853607178,0.0
aligned,train,text,32,-0.054611605681852055,0.4215741065206276,-2.195733070373535,1.8432509899139404,0.0
aligned,train,text,33,-0.022179647233309733,0.40900307383531725,-2.425884485244751,2.004348039627075,0.0
aligned,train,text,34,-0.10958562940209884,0.40778521130090356,-2.480220317840576,2.204493999481201,0.0
aligned,train,text,35,-0.11755171358227642,0.38357543946268013,-2.0113472938537598,1.8288711309432983,0.0
aligned,train,text,36,-0.11649339258015727,0.3393010914711823,-2.4157986640930176,1.9398915767669678,0.0
aligned,train,text,37,-0.002627739166914978,0.35084539364083306,-1.9193629026412964,1.6774260997772217,0.0
aligned,train,text,38,-0.20869103747097822,0.3368082188446175,-2.1148812770843506,1.7805250883102417,0.0
aligned,train,text,39,-0.015269716247762601,0.3354466701236048,-2.0516915321350098,2.0621368885040283,0.0
aligned,train,text,40,-0.33489435960321695,0.42194521182508427,-2.8283679485321045,1.5725440979003906,0.0
aligned,train,text,41,-0.20313464146922172,0.33622323393535014,-2.190885066986084,1.4940319061279297,0.0
aligned,train,text,42,0.03138602087047604,0.34002353620117376,-2.1692745685577393,1.9003527164459229,0.0
aligned,train,text,43,-0.09496539075650681,0.38141293365293,-1.7710072994232178,2.0584332942962646,0.0
aligned,train,text,44,-0.23504403806961688,0.340969661351985,-2.2448441982269287,2.0047667026519775,0.0
aligned,train,text,45,-0.16689024483364773,0.3330419451395249,-2.199937582015991,1.3596235513687134,0.0
aligned,train,text,46,0.23712617848407538,0.6706614074692193,-4.974381923675537,2.817305564880371,0.0
aligned,train,text,47,-0.0636696770115857,0.3599639743010276,-2.270455837249756,1.832305908203125,0.0
aligned,train,text,48,-0.013075730753357526,0.41353228805515185,-2.0948660373687744,2.494281053543091,0.0
aligned,train,text,49,-0.15178844947142964,0.4150551854288026,-2.4522693157196045,1.8280490636825562,0.0
aligned,train,text,50,-0.2232879909806623,0.3906966099263141,-2.3418123722076416,1.7229801416397095,0.0
aligned,train,text,51,0.14399016698527758,0.34287671832787897,-1.9143964052200317,2.739250421524048,0.0
aligned,train,text,52,-0.06351036180234315,0.40697823588585114,-2.554020643234253,2.304734230041504,0.0
aligned,train,text,53,0.02559974855253684,0.3381242957272096,-2.047659397125244,1.736364722251892,0.0
aligned,train,text,54,0.1254198196425661,0.3285793615006108,-1.5238145589828491,2.05645489692688,0.0
aligned,train,text,55,0.2478435197531524,0.45765471677938274,-1.2730112075805664,2.354323387145996,0.0
aligned,train,text,56,-0.056458603735699074,0.3474545103066432,-2.2826626300811768,2.399996042251587,0.0
aligned,train,text,57,-0.33646657124777296,0.40072972556580533,-2.657487154006958,1.382207989692688,0.0
aligned,train,text,58,-0.36269314301059,0.3772238852134677,-2.51405668258667,1.5446633100509644,0.0
aligned,train,text,59,-0.08841607847149224,0.3384632319648174,-2.139737844467163,1.671656608581543,0.0
aligned,train,text,60,0.17738481236598147,0.3734442891160081,-1.854796051979065,2.1854734420776367,0.0
aligned,train,text,61,-0.10452754506308569,0.33034583738258455,-1.8192356824874878,1.8032130002975464,0.0
aligned,train,text,62,0.08053204854423063,0.3143063394574823,-1.6125874519348145,1.9312052726745605,0.0
aligned,train,text,63,-0.21505803569680593,0.412411645807907,-2.368607521057129,1.379725694656372,0.0
aligned,train,text,64,0.14579324025045176,0.35076064316131167,-1.9027974605560303,2.1227316856384277,0.0
aligned,train,text,65,0.053010600102909006,0.36088681981773024,-2.041027069091797,2.2909343242645264,0.0
aligned,train,text,66,0.16607570631047458,0.3979637432245728,-2.1632697582244873,1.9916712045669556,0.0
aligned,train,text,67,0.18406135079598215,0.40450654855128276,-1.5898298025131226,2.390388250350952,0.0
aligned,train,text,68,-0.40185621024604573,0.40568257513060935,-2.9165399074554443,1.5558584928512573,0.0
aligned,train,text,69,-0.008813535060097473,0.43766360248024283,-2.0344491004943848,1.9436414241790771,0.0
aligned,train,text,70,-0.19697789481552166,0.3765921700959351,-2.373075246810913,1.8931134939193726,0.0
aligned,train,text,71,-0.18607791331754955,0.3435993133684489,-1.9371168613433838,2.480164051055908,0.0
aligned,train,text,72,-0.14012713125521462,0.3629949412652799,-2.5350050926208496,2.062234401702881,0.0
aligned,train,text,73,-0.16812314303000958,0.377374375145262,-2.071019172668457,1.9011069536209106,0.0
aligned,train,text,74,-0.026347230253025166,0.42198931517386956,-2.145967960357666,1.6659622192382812,0.0
aligned,train,text,75,0.04325280849148405,0.35848953210814666,-2.0480899810791016,2.017568588256836,0.0
aligned,train,text,76,-0.01145634672948775,0.36260298147689823,-1.9840412139892578,1.7561582326889038,0.0
aligned,train,text,77,0.1262551153713456,0.3201224913388166,-1.5426384210586548,2.0824015140533447,0.0
aligned,train,text,78,0.05876443255623591,0.32730219565304586,-1.6712843179702759,2.0074679851531982,0.0
aligned,train,text,79,0.03166376866304778,0.34435140498668987,-1.7168666124343872,1.8943195343017578,0.0
aligned,train,text,80,-0.059638855895145476,0.36634750707162234,-2.5352840423583984,1.9569175243377686,0.0
aligned,train,text,81,0.31332841459730854,0.43338879103414074,-2.2083961963653564,2.6257596015930176,0.0
aligned,train,text,82,-0.01682664160360205,0.37879266528030586,-2.2407262325286865,1.9956175088882446,0.0
aligned,train,text,83,0.22313446449191585,0.39022126258697043,-1.3881927728652954,2.6189792156219482,0.0
aligned,train,text,84,0.05021685364651487,0.3388470412850455,-1.3993651866912842,1.9086496829986572,0.0
aligned,train,text,85,0.0378733722847586,0.3274386390776537,-1.763917088508606,1.9370131492614746,0.0
aligned,train,text,86,-0.03776310759640692,0.3574146713101713,-2.0908572673797607,1.7829610109329224,0.0
aligned,train,text,87,0.13530136092163525,0.35344948817826877,-1.8058018684387207,1.9636588096618652,0.0
aligned,train,text,88,-0.170718544011867,0.36535397664035957,-2.1622214317321777,1.8715780973434448,0.0
aligned,train,text,89,0.3441405646781847,0.4644877967317946,-2.074896812438965,3.2056596279144287,0.0
aligned,train,text,90,-0.044386122261446975,0.3356290487322008,-2.044405221939087,1.9884403944015503,0.0
aligned,train,text,91,-0.1557954705140947,0.3346391588579043,-2.2265353202819824,1.549156904220581,0.0
aligned,train,text,92,0.08268201379607458,0.34674711822689663,-1.8861948251724243,2.2340238094329834,0.0
aligned,train,text,93,0.09987082545856489,0.29213270039797895,-1.547118902206421,1.9229122400283813,0.0
aligned,train,text,94,0.16902194320360014,0.32787154270194946,-1.5813484191894531,1.9767091274261475,0.0
aligned,train,text,95,-0.22036855755173582,0.37680541459951983,-2.4904401302337646,1.995347261428833,0.0
aligned,train,text,96,0.09608352817394201,0.4465917953849412,-1.7413265705108643,2.290972948074341,0.0
aligned,train,text,97,-0.05474656483669531,0.2999838688823065,-1.832036018371582,1.696541666984558,0.0
aligned,train,text,98,-0.13572031419849317,0.3520836105032725,-2.0944905281066895,2.24253249168396,0.0
aligned,train,text,99,0.18183523039838,0.481208153703664,-1.575480341911316,2.625685930252075,0.0
aligned,train,text,100,0.00622373455758474,0.4103674678885377,-2.2838287353515625,2.3793187141418457,0.0
aligned,train,text,101,-0.46887308296304475,0.44140389548601866,-3.104144334793091,2.4600963592529297,0.0
aligned,train,text,102,0.013819572994477268,0.3451672183462331,-2.0092790126800537,1.9736305475234985,0.0
aligned,train,text,103,-0.03992302222655804,0.3849464172472012,-2.060203790664673,1.8723286390304565,0.0
aligned,train,text,104,-0.1329244510233183,0.3846371185747071,-2.136248826980591,1.8512983322143555,0.0
aligned,train,text,105,-0.055764499126218905,0.28051445262980745,-1.8644880056381226,1.6947202682495117,0.0
aligned,train,text,106,0.1841043154789966,0.32056996597184684,-1.5735394954681396,2.0732903480529785,0.0
aligned,train,text,107,-0.07055614270325833,0.41375722369494367,-2.1470189094543457,2.2269725799560547,0.0
aligned,train,text,108,0.005483519526695029,0.35949945027869484,-1.992328405380249,2.1493184566497803,0.0
aligned,train,text,109,0.14502399351545478,0.5611780089559518,-3.603813648223877,2.0305185317993164,0.0
aligned,train,text,110,-0.05696843997314462,0.3726154008306299,-1.9890557527542114,1.7227866649627686,0.0
aligned,train,text,111,-0.011268549453286078,0.36313931297599283,-2.0523085594177246,1.6020710468292236,0.0
aligned,train,text,112,0.004785746688560881,0.3385837025680797,-1.8964765071868896,2.0336036682128906,0.0
aligned,train,text,113,-0.13122121097213302,0.3437093968408739,-2.2092204093933105,1.5327190160751343,0.0
aligned,train,text,114,-0.17577077588623333,0.32739490662404963,-2.237658739089966,1.8433890342712402,0.0
aligned,train,text,115,0.12425114582773072,0.3695352470435258,-1.8929013013839722,2.1725642681121826,0.0
aligned,train,text,116,-0.0006826411272496511,0.341333588268329,-1.765054702758789,1.8013414144515991,0.0
aligned,train,text,117,-0.12907930206777377,0.35225904389090706,-2.179166555404663,1.7379776239395142,0.0
aligned,train,text,118,0.04855453282814824,0.3848221402239,-2.019859790802002,2.029057502746582,0.0
aligned,train,text,119,0.13389885518097475,0.33096832180403396,-1.8674101829528809,2.105184316635132,0.0
aligned,train,text,120,-0.0184054232937159,0.3870039847530064,-1.9123482704162598,1.9336304664611816,0.0
aligned,train,text,121,0.03728788027900308,0.3914434846156953,-2.208892822265625,2.0981192588806152,0.0
aligned,train,text,122,0.041512507646515366,0.32202158499547306,-1.819501519203186,2.33540940284729,0.0
aligned,train,text,123,0.4978773746271789,0.4482304037792325,-1.3142855167388916,2.7849795818328857,0.0
aligned,train,text,124,0.017620628148418836,0.3198005575491762,-1.8924643993377686,1.4697617292404175,0.0
aligned,train,text,125,0.03134771502347161,0.33382113445416445,-1.6824407577514648,1.849865436553955,0.0
aligned,train,text,126,-0.06277583601018784,0.33667162657962135,-1.898416519165039,1.7834817171096802,0.0
aligned,train,text,127,0.019691907704982012,0.4338159704574575,-1.6294866800308228,2.1371870040893555,0.0
aligned,train,text,128,-0.20274893884580247,0.34511204836574605,-2.22373628616333,1.7488045692443848,0.0
aligned,train,text,129,-0.3511762008514689,0.349977229145818,-2.08390474319458,1.7772272825241089,0.0
aligned,train,text,130,0.29912117114353143,0.3736731068126985,-1.8401798009872437,2.1803383827209473,0.0
aligned,train,text,131,0.3058812770861903,0.33345499258200806,-1.6008859872817993,1.9574192762374878,0.0
aligned,train,text,132,0.2197747846996859,0.3137317656507094,-1.5270920991897583,2.0583443641662598,0.0
aligned,train,text,133,-0.1542631667005735,0.4669758113267463,-2.710526466369629,1.5638314485549927,0.0
aligned,train,text,134,-0.1511542820272767,0.3587658553071299,-2.291689395904541,1.4430186748504639,0.0
aligned,train,text,135,0.013478350529000054,0.384313213546368,-2.564483404159546,2.8230550289154053,0.0
aligned,train,text,136,0.04882391071802387,0.33496286389679913,-1.9655896425247192,1.917490839958191,0.0
aligned,train,text,137,-0.20371510881625543,0.32977714744256076,-2.3966243267059326,1.7482502460479736,0.0
aligned,train,text,138,-0.03919281622100298,0.5013839659396121,-2.4804158210754395,2.0922276973724365,0.0
aligned,train,text,139,-0.12338402000848692,0.39645386751529227,-1.6174354553222656,1.9364402294158936,0.0
aligned,train,text,140,0.036116128294063465,0.36336972851667565,-2.093944549560547,1.9901326894760132,0.0
aligned,train,text,141,0.07798059327723747,0.42939930599200504,-2.6539692878723145,2.573167085647583,0.0
aligned,train,text,142,0.20368637832860972,0.6130968515535771,-3.8774538040161133,2.345705509185791,0.0
aligned,train,text,143,-0.017869119604108568,0.4094249512135549,-2.170987129211426,2.483703374862671,0.0
aligned,train,text,144,0.04123748667673681,0.3516083636360487,-1.6543800830841064,2.031282663345337,0.0
aligned,train,text,145,-0.07905784496888847,0.35619027564102496,-1.9188307523727417,1.991316556930542,0.0
aligned,train,text,146,-0.12286359326689558,0.4178367410931109,-1.7996406555175781,1.9254815578460693,0.0
aligned,train,text,147,-0.09023512469347846,0.3900515642858156,-2.013157367706299,1.9121979475021362,0.0
aligned,train,text,148,-0.08371123341107754,0.37741139872953716,-2.147613525390625,1.8889250755310059,0.0
aligned,train,text,149,0.02172141867666471,0.34961123285533086,-2.004664182662964,2.0891847610473633,0.0
aligned,train,text,150,0.010622078857642485,0.3978325222268205,-1.71466863155365,1.8728806972503662,0.0
aligned,train,text,151,0.2531263961099165,0.3998331712292958,-1.9462897777557373,1.9430861473083496,0.0
aligned,train,text,152,-0.09537443379061475,0.30729361437149805,-1.7983030080795288,1.9269555807113647,0.0
aligned,train,text,153,-0.3709481273941992,0.396950005919088,-2.348226547241211,1.9498066902160645,0.0
aligned,train,text,154,-0.022711120989195595,0.3422132617383467,-2.0251128673553467,1.9079424142837524,0.0
aligned,train,text,155,-0.02031904033427737,0.336385296136622,-1.994564414024353,1.7219706773757935,0.0
aligned,train,text,156,-0.2786161700368328,0.40430136109070197,-2.1614959239959717,1.8103686571121216,0.0
aligned,train,text,157,0.13886848454368309,0.33794551597739725,-1.979874849319458,2.051722288131714,0.0
aligned,train,text,158,-0.03372948765300423,0.37163151722763527,-2.1395819187164307,2.0372376441955566,0.0
aligned,train,text,159,0.15138782971446704,0.3086149942761343,-1.526742935180664,1.7083317041397095,0.0
aligned,train,text,160,0.35575780468717194,0.3617770780562516,-1.599194884300232,2.2463369369506836,0.0
aligned,train,text,161,-0.03161120661001362,0.3847505656014991,-2.1225435733795166,1.7141838073730469,0.0
aligned,train,text,162,-0.12566134375638832,0.3533007983979306,-1.8902473449707031,1.8405662775039673,0.0
aligned,train,text,163,0.2643299596703149,0.40319903493987846,-2.8767268657684326,2.8554084300994873,0.0
aligned,train,text,164,0.022694663319742205,0.3716393630978114,-2.0029678344726562,2.090418815612793,0.0
aligned,train,text,165,0.05252696298359069,0.3509314741940736,-2.0573441982269287,2.09313702583313,0.0
aligned,train,text,166,0.03114244934226851,0.3705439715693422,-2.0689635276794434,1.7853481769561768,0.0
aligned,train,text,167,0.37274664177676453,0.4224676241159696,-1.4623634815216064,2.447239875793457,0.0
aligned,train,text,168,-0.007346422636741567,0.3457216588145432,-1.8240537643432617,1.681602120399475,0.0
aligned,train,text,169,0.07839568679711736,0.40262732170832277,-2.004518747329712,2.188159704208374,0.0
aligned,train,text,170,-0.07346040754992411,0.3429271083773146,-2.023205041885376,1.7226067781448364,0.0
aligned,train,text,171,-0.0314952829666326,0.3652303640531554,-2.144648551940918,1.8013538122177124,0.0
aligned,train,text,172,0.568132778062396,0.39850844779293254,-1.0989741086959839,2.7054028511047363,0.0
aligned,train,text,173,-0.02626107046859605,0.3637641588749774,-1.860921859741211,1.6880757808685303,0.0
aligned,train,text,174,-0.06724233501212498,0.4281337875179629,-2.3503286838531494,2.3019869327545166,0.0
aligned,train,text,175,0.04934992263158879,0.3659256600071612,-2.192432403564453,1.7540125846862793,0.0
aligned,train,text,176,0.2001309163905735,0.36823163643273554,-1.8418629169464111,2.208850383758545,0.0
aligned,train,text,177,0.15169923613656075,0.3357363051750956,-1.9709806442260742,2.0275096893310547,0.0
aligned,train,text,178,0.10238020555527994,0.3508763187670995,-1.3082695007324219,2.081480026245117,0.0
aligned,train,text,179,0.055823969127744746,0.34134400725426906,-1.7087581157684326,1.9592971801757812,0.0
aligned,train,text,180,-0.5479353198663651,1.6179386413798658,-9.757555961608887,0.6111908555030823,0.0
aligned,train,text,181,0.2480283486656735,0.4313025341394136,-2.156754732131958,2.4912171363830566,0.0
aligned,train,text,182,0.06614665554384859,0.3349653877849869,-1.5583927631378174,2.2211201190948486,0.0
aligned,train,text,183,-0.15146358431620038,0.4368884197776692,-2.2917134761810303,2.7937917709350586,0.0
aligned,train,text,184,0.12000151102510946,0.35490092808765655,-2.38041353225708,2.597722291946411,0.0
aligned,train,text,185,-0.17736447905370517,0.3243011478715145,-2.32908034324646,1.5826843976974487,0.0
aligned,train,text,186,0.1604461234808846,0.40889253328800984,-2.204390525817871,2.5739693641662598,0.0
aligned,train,text,187,-0.18976042549114466,0.3563106448312359,-2.1590962409973145,1.649499773979187,0.0
aligned,train,text,188,0.07363441285556827,0.3643373449178327,-2.0797367095947266,2.1565544605255127,0.0
aligned,train,text,189,0.03468547346532367,0.38582848358478283,-1.810225248336792,2.0913028717041016,0.0
aligned,train,text,190,-0.25666576712113287,0.41155384549733964,-2.3038136959075928,2.1795432567596436,0.0
aligned,train,text,191,-0.24945296801014397,0.4134927337943299,-2.4706547260284424,1.9162415266036987,0.0
aligned,train,text,192,-0.15115101726682903,0.40466277921581273,-2.342820882797241,1.8531203269958496,5.891016200294551e-06
aligned,train,text,193,-0.07461467178638792,0.32593645458683496,-2.055475950241089,1.5373823642730713,0.0
aligned,train,text,194,0.07349287562084347,0.37207904136545555,-1.8149303197860718,2.023380994796753,0.0
aligned,train,text,195,-0.36356782755335804,0.3745677763147546,-2.4344096183776855,1.6015852689743042,0.0
aligned,train,text,196,-0.02136968414389716,0.3681653845909432,-2.2967545986175537,1.948899507522583,0.0
aligned,train,text,197,-0.0015086694341344931,0.42842628439786695,-2.5763609409332275,1.9546289443969727,0.0
aligned,train,text,198,-0.12401586410287899,0.4455078574040186,-2.2969205379486084,1.7038496732711792,0.0
aligned,train,text,199,0.01722872626255863,0.31669130385816835,-1.7620396614074707,1.8244574069976807,0.0
aligned,train,text,200,0.12999417105753835,0.3499213453455769,-2.0383694171905518,1.9681499004364014,0.0
aligned,train,text,201,-0.044119227919146,0.30653474627643573,-1.7009069919586182,1.5508923530578613,0.0
aligned,train,text,202,0.16929997485041048,0.35675471479422705,-2.065430164337158,2.087141275405884,0.0
aligned,train,text,203,0.09973073200821131,0.3286801745195741,-1.7448391914367676,1.8797438144683838,0.0
aligned,train,text,204,-0.10769310146381472,0.37564563240209714,-2.314096689224243,2.069103717803955,0.0
aligned,train,text,205,4.567253933081044e-05,0.7585956744918289,-2.392460584640503,4.660630702972412,0.0
aligned,train,text,206,0.16358416166361722,0.3190890985932968,-1.68970787525177,1.9811701774597168,0.0
aligned,train,text,207,-0.0129228777377393,0.30916828032143207,-1.7119803428649902,1.7325197458267212,0.0
aligned,train,text,208,-0.041589784787784,0.35791743584213126,-2.032838821411133,1.9910995960235596,0.0
aligned,train,text,209,0.11300611770575501,0.3434605076307018,-1.6402702331542969,1.8637244701385498,0.0
aligned,train,text,210,-0.24239448341213451,0.37940935132336506,-2.3301069736480713,1.5082591772079468,0.0
aligned,train,text,211,0.3532157427202883,0.37953462882693606,-1.5023714303970337,2.5189218521118164,0.0
aligned,train,text,212,-0.035688191662118694,0.3311498999408709,-2.1223833560943604,1.836687684059143,0.0
aligned,train,text,213,-0.005968729342798948,0.36258890540037414,-1.8843226432800293,1.9903860092163086,0.0
aligned,train,text,214,0.04340132128079703,0.332902881698579,-2.2288687229156494,1.8452671766281128,0.0
aligned,train,text,215,0.011190442819406165,0.30698030100373364,-1.7822202444076538,1.7685608863830566,0.0
aligned,train,text,216,0.044635922249028015,0.3087687062601346,-1.8819230794906616,1.460508942604065,0.0
aligned,train,text,217,-0.03905996501379933,0.3886178185937387,-2.3667330741882324,2.7612085342407227,0.0
aligned,train,text,218,-0.10166516996942054,0.37160681481460206,-2.041281223297119,2.0945417881011963,0.0
aligned,train,text,219,-0.0067794949877774,0.34671721017529433,-2.1234357357025146,1.5272815227508545,0.0
aligned,train,text,220,0.162665399395906,0.4047195651651922,-2.0129127502441406,2.138052225112915,0.0
aligned,train,text,221,-0.16605893219144952,0.32931545528459755,-1.66488778591156,2.0697262287139893,0.0
aligned,train,text,222,-0.19767048544706078,0.4314669937155599,-2.5169155597686768,1.5037755966186523,0.0
aligned,train,text,223,0.192538800793106,0.3243693141231654,-1.4283109903335571,2.0238864421844482,0.0
aligned,train,text,224,-0.12989495731828754,0.40680695206086,-2.2215981483459473,1.6717543601989746,0.0
aligned,train,text,225,0.2804113780225631,0.5550224466910852,-2.2790825366973877,3.6211206912994385,0.0
aligned,train,text,226,0.10694930891603759,0.35965954957577445,-2.072404146194458,2.15120005607605,0.0
aligned,train,text,227,-0.1765168807335604,0.41461018698222835,-2.01751971244812,1.5909465551376343,0.0
aligned,train,text,228,0.24286339396150544,0.3438874444525899,-1.8281763792037964,1.9654443264007568,0.0
aligned,train,text,229,0.11519932551918324,0.547150802658794,-2.420088529586792,2.7040112018585205,0.0
aligned,train,text,230,-0.07337953638123,0.3422314016780049,-1.6973071098327637,1.6447012424468994,0.0
aligned,train,text,231,-0.09096038375131028,0.38159979363933094,-2.332369327545166,2.1391873359680176,0.0
aligned,train,text,232,0.1755002432496497,0.41496176397663026,-1.582823634147644,2.3331024646759033,0.0
aligned,train,text,233,-0.03703980232546427,0.3573768493196227,-2.206592559814453,1.9293155670166016,0.0
aligned,train,text,234,-0.05425616519043389,0.3552417276531973,-2.1727333068847656,2.01521897315979,0.0
aligned,train,text,235,0.10946145985001733,0.3730252960761999,-1.7640050649642944,1.744787573814392,0.0
aligned,train,text,236,-0.11813740349369774,0.3942145624028787,-2.60365629196167,1.2815141677856445,0.0
aligned,train,text,237,-0.1828811441450126,0.32506523030915097,-2.039137601852417,1.7119667530059814,0.0
aligned,train,text,238,0.019122751872586045,0.3225238929781866,-1.6860820055007935,1.9046761989593506,0.0
aligned,train,text,239,-0.10442151670941373,0.32922799148193926,-2.16497802734375,1.4163955450057983,0.0
aligned,train,text,240,-0.24463796894541984,0.30060349888534366,-2.009773015975952,1.5899155139923096,0.0
aligned,train,text,241,0.18305860028773907,0.36243609282164513,-1.9464730024337769,2.53686261177063,0.0
aligned,train,text,242,0.14605741545308892,0.37118185848507407,-1.735679268836975,2.158374547958374,0.0
aligned,train,text,243,0.15942451012931183,0.3278352062870869,-1.4974931478500366,2.1281661987304688,0.0
aligned,train,text,244,0.0231618625852972,0.37110401436618545,-1.6267391443252563,2.6848745346069336,0.0
aligned,train,text,245,0.13199637815882953,0.32775650067456746,-1.6948904991149902,1.779606819152832,0.0
aligned,train,text,246,0.1350622818358846,0.4243159031418809,-1.7955442667007446,1.9105548858642578,0.0
aligned,train,text,247,-0.10096121775379764,0.3762630006317567,-2.01315975189209,1.8060989379882812,0.0
aligned,train,text,248,-0.0882587868795567,0.3780159000316442,-2.297020673751831,1.9011085033416748,0.0
aligned,train,text,249,-0.11019877023975172,0.3011953423706036,-2.2790515422821045,1.4725582599639893,0.0
aligned,train,text,250,-0.31946687423344566,0.3846951861687307,-2.4401936531066895,1.3859480619430542,0.0
aligned,train,text,251,-0.2942243505698109,0.513243521948809,-2.817340850830078,2.4031949043273926,0.0
aligned,train,text,252,-0.020287608899236472,0.3175768132985981,-2.0525054931640625,1.6157103776931763,0.0
aligned,train,text,253,-0.25076807165493165,0.3799635238324486,-2.3833425045013428,1.3513416051864624,0.0
aligned,train,text,254,0.038676222553111844,0.4173454782136024,-2.4295895099639893,2.261739492416382,0.0
aligned,train,text,255,-0.18308996086158352,0.3793686065326499,-2.2511017322540283,1.500506043434143,0.0
aligned,train,text,256,-0.20690569090056446,0.325860817195388,-2.138523578643799,1.5393059253692627,0.0
aligned,train,text,257,-0.0639207412897114,0.38408228961809754,-1.9633864164352417,1.7520159482955933,0.0
aligned,train,text,258,0.08234906236259527,0.3650310996168478,-2.0399904251098633,2.0551512241363525,0.0
aligned,train,text,259,-0.007536799834341645,0.33568597848168436,-1.7720407247543335,2.1457090377807617,0.0
aligned,train,text,260,0.14130660060215988,0.42335902037415385,-2.1967883110046387,2.6028010845184326,0.0
aligned,train,text,261,0.06067488764664254,0.33500813531751744,-1.6522279977798462,2.136065721511841,0.0
aligned,train,text,262,0.12111234123166513,0.41944391864543,-2.0752243995666504,2.305716037750244,0.0
aligned,train,text,263,-0.07268210812095163,0.35795115542173694,-1.7500863075256348,1.9725576639175415,0.0
aligned,train,text,264,-0.2658778293389657,0.42905346859308724,-2.3255300521850586,1.2137300968170166,0.0
aligned,train,text,265,-0.24195086922096048,0.4313679695589707,-2.6459405422210693,1.5163147449493408,0.0
aligned,train,text,266,0.014922729568207562,0.39782330419364553,-2.4037716388702393,2.319483518600464,0.0
aligned,train,text,267,0.05505884975785272,0.3555611159983443,-1.5607339143753052,2.124830961227417,0.0
aligned,train,text,268,0.029191356754481836,0.3429831098349543,-1.6461459398269653,2.1988565921783447,0.0
aligned,train,text,269,0.16385242030665345,0.3733838757532291,-1.7159823179244995,2.924994707107544,0.0
aligned,train,text,270,0.06547110616019618,0.34720516666033086,-1.893837332725525,1.9525270462036133,0.0
aligned,train,text,271,-0.06032000677142188,0.3472433467005934,-2.090883493423462,2.010363817214966,0.0
aligned,train,text,272,0.03620073034861489,0.3527543546162412,-2.0474658012390137,2.0578174591064453,0.0
aligned,train,text,273,0.3555245143413456,0.7128525396257077,-5.358422756195068,2.6148695945739746,0.0
aligned,train,text,274,-0.1349259811266708,0.3750042497979546,-2.338831663131714,1.6516934633255005,0.0
aligned,train,text,275,-0.16759296853143574,0.39689491902895024,-2.701958179473877,1.9774314165115356,0.0
aligned,train,text,276,0.22757915099711323,0.3000346067784842,-1.5789062976837158,1.8293920755386353,0.0
aligned,train,text,277,0.15295673672849167,0.32701043385844114,-1.8159099817276,2.0506467819213867,0.0
aligned,train,text,278,0.01013053949203943,0.33076708996539667,-1.8396823406219482,1.9180428981781006,0.0
aligned,train,text,279,-0.016063542947195066,0.39206730638586607,-2.560485601425171,2.1284501552581787,0.0
aligned,train,text,280,0.0028588675972463806,0.3749387196572306,-1.6650105714797974,2.0703015327453613,0.0
aligned,train,text,281,0.3317460015879585,0.41838921575141447,-1.521275520324707,2.841416835784912,0.0
aligned,train,text,282,-0.3595243313772294,0.38187122080467795,-2.516498565673828,1.8630181550979614,0.0
aligned,train,text,283,0.046664257785752526,0.32967709076141394,-1.5570746660232544,1.8809869289398193,0.0
aligned,train,text,284,0.12723480754017566,0.42974048456789005,-2.3102681636810303,1.6612588167190552,0.0
aligned,train,text,285,-0.17196423633238617,0.32613325142524396,-1.9642850160598755,1.667099118232727,0.0
aligned,train,text,286,0.011898944047152096,0.36651978634058696,-1.7223860025405884,2.09078311920166,0.0
aligned,train,text,287,-0.1091761869413117,0.5592805330247266,-2.8354873657226562,3.2242159843444824,0.0
aligned,train,text,288,-0.21131100553151258,0.3379735223481626,-2.0871143341064453,1.3394452333450317,0.0
aligned,train,text,289,-0.18263105444718203,0.37357767335555825,-2.2871994972229004,1.7781606912612915,0.0
aligned,train,text,290,-0.09229628713275903,0.31862866223319636,-2.776472806930542,1.5234588384628296,0.0
aligned,train,text,291,0.133973624723375,0.34330766027771487,-1.9263633489608765,1.9545605182647705,0.0
aligned,train,text,292,-0.12004196896058382,0.35343775265278166,-2.2678439617156982,1.5980784893035889,0.0
aligned,train,text,293,-0.17901872208068184,0.3571073149726525,-2.118906259536743,1.5922954082489014,0.0
aligned,train,text,294,0.37433982199894617,0.34734461054079313,-1.6812622547149658,2.221956968307495,0.0
aligned,train,text,295,-0.06415251914253774,0.31898816518480533,-1.7406357526779175,1.8214812278747559,0.0
aligned,train,text,296,0.16596247870137637,0.3313693601843282,-1.5216091871261597,1.7950259447097778,0.0
aligned,train,text,297,0.16379795934942404,0.3484495088692031,-1.8986303806304932,2.2658751010894775,0.0
aligned,train,text,298,0.08690449512461323,0.3742794473164385,-1.5629502534866333,2.565361738204956,0.0
aligned,train,text,299,-0.03439815528156985,0.3302047173000051,-1.954554796218872,1.7431856393814087,0.0
aligned,train,text,300,-0.08524999461347163,0.39467752880864576,-2.399193286895752,2.2104055881500244,0.0
aligned,train,text,301,-0.013728973872378052,0.41300285002848314,-2.489704132080078,1.8581959009170532,0.0
aligned,train,text,302,0.18303916846138915,0.36921225675849234,-1.8772464990615845,2.365678071975708,0.0
aligned,train,text,303,-0.005476667070347097,0.3732157865179124,-1.558240294456482,2.140188455581665,0.0
aligned,train,text,304,-0.03655162067403016,0.4930026899460415,-2.4650697708129883,2.058117389678955,0.0
aligned,train,text,305,0.13477528466235994,0.32610705070525753,-1.6146469116210938,2.0746192932128906,0.0
aligned,train,text,306,-0.01854617873826976,0.3269076940237789,-2.0003931522369385,1.7380831241607666,0.0
aligned,train,text,307,-0.19767813865877742,0.43915864574370445,-2.968249797821045,1.430151104927063,0.0
aligned,train,text,308,-5.041818143596135,1.9942268032321435,-7.089296817779541,4.965427398681641,0.0
aligned,train,text,309,-0.028701241502189934,0.3308723610775706,-1.9733989238739014,2.238795042037964,0.0
aligned,train,text,310,0.01112414861508866,0.3383034255276684,-2.04899263381958,2.1191213130950928,0.0
aligned,train,text,311,-0.1641992742072267,0.33284634702800825,-1.7884867191314697,1.7764219045639038,0.0
aligned,train,text,312,0.09238204658983909,0.3407020543929046,-1.4880515336990356,2.2332847118377686,0.0
aligned,train,text,313,-0.038898342599710985,0.33066401245125315,-1.8021056652069092,1.7987616062164307,0.0
aligned,train,text,314,0.061242867093593625,0.3760083229252434,-2.1691129207611084,2.0115811824798584,0.0
aligned,train,text,315,-0.12370503429667982,0.2930197790330331,-1.742391586303711,1.4750962257385254,0.0
aligned,train,text,316,-0.28045366247744535,0.38213532079004997,-2.6344404220581055,1.5031979084014893,0.0
aligned,train,text,317,-0.014644182258978245,0.3263123577702613,-1.9967726469039917,1.7394150495529175,0.0
aligned,train,text,318,0.05780674700745119,0.42187064897443716,-1.953570008277893,2.079616069793701,0.0
aligned,train,text,319,-0.15238184171478333,0.3427592937374827,-2.0882391929626465,1.3434020280838013,0.0
aligned,train,text,320,0.15412469825413028,0.35810617891230423,-1.6028043031692505,2.257324695587158,0.0
aligned,train,text,321,0.12586598264616922,0.34802762022459277,-1.7453359365463257,2.352783203125,0.0
aligned,train,text,322,0.13274194000922526,0.3408929688604938,-1.7350831031799316,2.2587802410125732,0.0
aligned,train,text,323,-0.026582807366161528,0.4114785011443431,-2.255164384841919,1.887434482574463,0.0
aligned,train,text,324,0.15413883369638748,0.3823169018176765,-2.442922592163086,2.4346415996551514,0.0
aligned,train,text,325,-0.2324920300315621,0.36272832704473623,-2.206949234008789,1.8133494853973389,0.0
aligned,train,text,326,-0.15728199337467835,0.3325520754577705,-2.02254319190979,1.574974536895752,0.0
aligned,train,text,327,0.4139687541802585,0.41749018825664475,-1.378539800643921,2.5655698776245117,0.0
aligned,train,text,328,-0.18321797277066248,0.35796767143581276,-1.968048095703125,2.2031145095825195,0.0
aligned,train,text,329,-0.2392461031053451,0.38514669328869394,-2.4948647022247314,1.8763036727905273,0.0
aligned,train,text,330,0.18090975996052,0.34139269117790627,-1.8480082750320435,1.7565847635269165,0.0
aligned,train,text,331,-0.043532849835344375,0.31785943603736944,-2.248210906982422,1.4379808902740479,0.0
aligned,train,text,332,0.20185171337634195,0.3946221294499229,-1.297046184539795,2.464416027069092,0.0
aligned,train,text,333,0.33702420197058586,0.4635901562879143,-2.3058183193206787,2.9823145866394043,0.0
aligned,train,text,334,-0.06066031455403312,0.4070510305957904,-2.340573310852051,1.6479498147964478,0.0
aligned,train,text,335,0.045377263527093675,0.3486214555133898,-1.748116374015808,1.8809282779693604,0.0
aligned,train,text,336,-0.26490372644065274,0.3914888881812571,-2.348191261291504,1.6352298259735107,0.0
aligned,train,text,337,-0.06353155784795009,0.3442416000443356,-1.8915035724639893,2.07829213142395,0.0
aligned,train,text,338,-0.08179536819618212,0.377329363791879,-2.246802806854248,2.137145757675171,0.0
aligned,train,text,339,-0.12204411950801802,0.3542544100568909,-2.285027265548706,1.510308027267456,0.0
aligned,train,text,340,0.03386572636932749,0.31930198399916226,-1.4544885158538818,1.9182277917861938,0.0
aligned,train,text,341,0.08923782548940136,0.37407145144327175,-2.096182107925415,2.7485411167144775,0.0
aligned,train,text,342,0.09320785721664938,0.3353496078916986,-1.7903515100479126,1.9560000896453857,0.0
aligned,train,text,343,-0.059539980078085884,0.3031034757841723,-1.8904246091842651,1.7210983037948608,0.0
aligned,train,text,344,-0.016361875906202597,0.32492592183616986,-2.22822642326355,1.650485634803772,0.0
aligned,train,text,345,-0.2565714715320359,0.35504679351165086,-2.378840923309326,1.2382527589797974,0.0
aligned,train,text,346,0.00721399907696449,0.5013421425885248,-2.2680535316467285,2.1857073307037354,0.0
aligned,train,text,347,-0.06615831251425698,0.35995719444837215,-2.233848810195923,2.0332367420196533,0.0
aligned,train,text,348,0.07043621170464821,0.4064803379900703,-1.9386309385299683,1.8280688524246216,0.0
aligned,train,text,349,-0.2040614697758948,0.4737810829944028,-2.7492611408233643,1.753122329711914,0.0
aligned,train,text,350,-0.018952014543390416,0.3263566004095109,-1.945217251777649,1.8304754495620728,0.0
aligned,train,text,351,-0.08709357011929396,0.3823005136150217,-2.425631523132324,2.050203323364258,0.0
aligned,train,text,352,0.33373961603555924,0.5809477565698123,-1.433555245399475,3.0909581184387207,0.0
aligned,train,text,353,-0.17153837994085583,0.32925563387432394,-2.0341439247131348,2.1824419498443604,0.0
aligned,train,text,354,0.07350697553046981,0.4186339520630205,-2.044166088104248,2.0930850505828857,0.0
aligned,train,text,355,-0.1215818627276163,0.3775046151587886,-2.281231641769409,1.7115943431854248,0.0
aligned,train,text,356,0.08517757983048158,0.31835755331937327,-1.6651827096939087,1.9050860404968262,0.0
aligned,train,text,357,0.1727371560491413,0.3025910111543266,-1.9876289367675781,1.8508186340332031,0.0
aligned,train,text,358,0.240606261597148,0.3595941642764638,-1.5825152397155762,2.233351469039917,0.0
aligned,train,text,359,0.03260322185768712,0.34915948179396844,-1.8335003852844238,2.005876302719116,0.0
aligned,train,text,360,-0.11177353575954074,0.40975153557417326,-2.2863729000091553,2.056657552719116,0.0
aligned,train,text,361,-0.12782956205380858,0.33279608816720246,-2.216977596282959,1.5608782768249512,0.0
aligned,train,text,362,-0.0356843894960164,0.3474475035747875,-2.0081286430358887,1.8528574705123901,0.0
aligned,train,text,363,0.009331659885586976,0.3375643642510752,-1.656379222869873,1.846243143081665,0.0
aligned,train,text,364,0.19868680307984526,0.384200656730944,-1.6225004196166992,2.3691012859344482,0.0
aligned,train,text,365,0.35179339621653055,0.3975878783284825,-1.5140973329544067,2.559206962585449,0.0
aligned,train,text,366,-0.13111029602205504,0.332707834913344,-2.045384168624878,1.5207270383834839,0.0
aligned,train,text,367,-0.24654621897479834,0.36449230893801704,-2.3558833599090576,1.675719141960144,0.0
aligned,train,text,368,0.08632160338589343,0.36452793987934673,-2.0136709213256836,2.0600829124450684,0.0
aligned,train,text,369,-0.11478728295996955,0.3337115963632467,-1.8772345781326294,1.6588456630706787,0.0
aligned,train,text,370,-0.2464176561411728,0.4056118570560324,-2.4189293384552,1.6281908750534058,0.0
aligned,train,text,371,-0.006693752016361929,0.34597499223828476,-1.999183177947998,1.6969835758209229,0.0
aligned,train,text,372,-0.14461621293969815,0.4176077428674091,-1.991026759147644,2.196420192718506,0.0
aligned,train,text,373,-0.028333285354733444,0.4274951458725041,-2.2600464820861816,1.6943855285644531,0.0
aligned,train,text,374,-0.18486122556195345,0.507100007967158,-3.502117872238159,1.5282102823257446,0.0
aligned,train,text,375,-0.19082832182724363,0.4451808372796874,-2.6102020740509033,2.0072455406188965,0.0
aligned,train,text,376,0.1440347296307179,0.3480716278713869,-1.8277695178985596,1.9565110206604004,0.0
aligned,train,text,377,0.10330949970564102,0.33003670711167005,-1.9799184799194336,2.1519412994384766,0.0
aligned,train,text,378,-0.006972926650207286,0.30174807574056317,-1.9046902656555176,1.8815653324127197,0.0
aligned,train,text,379,-0.029148132712054936,0.4828761699103327,-2.1266236305236816,2.653352737426758,0.0
aligned,train,text,380,-0.16309305828140394,0.387715805839541,-2.2998688220977783,2.346996545791626,0.0
aligned,train,text,381,-0.57867894777412,0.40757167271874317,-4.006462574005127,1.2463788986206055,0.0
aligned,train,text,382,-0.00033735419316587636,0.3335544399622003,-2.1154024600982666,1.7990303039550781,0.0
aligned,train,text,383,-0.02643501824357263,0.41246212874121085,-2.3429489135742188,1.7398099899291992,0.0
aligned,train,text,384,-0.06509391790662448,0.37467243102700043,-1.7088556289672852,2.001749277114868,0.0
aligned,train,text,385,-0.07456391818711701,0.3384934453085065,-1.805125117301941,1.7901076078414917,0.0
aligned,train,text,386,0.1125361081297744,0.3411620980939629,-1.8877404928207397,1.929215669631958,0.0
aligned,train,text,387,-0.002359782601288343,0.3870532930161144,-2.2138495445251465,2.6004345417022705,0.0
aligned,train,text,388,-0.11620143331999895,0.4264216133120923,-2.341893434524536,1.9897468090057373,0.0
aligned,train,text,389,-0.16291034456935544,0.37544627262099073,-2.4853603839874268,1.5757704973220825,0.0
aligned,train,text,390,0.01907417739043355,0.37343848678360547,-2.2187387943267822,1.9285919666290283,0.0
aligned,train,text,391,0.056665134894599886,0.3838967454011001,-2.357825517654419,1.9297261238098145,0.0
aligned,train,text,392,-0.05305869067177061,0.3206656805773403,-2.02732515335083,1.8210108280181885,0.0
aligned,train,text,393,-0.22098744363175357,0.37311509402876103,-2.4414453506469727,1.7735981941223145,0.0
aligned,train,text,394,0.045179086488744295,0.36891671775127294,-2.320946455001831,2.0321927070617676,0.0
aligned,train,text,395,-0.07089995205278793,0.4245738941850981,-2.1774723529815674,2.023833990097046,0.0
aligned,train,text,396,-0.11973053952422821,0.341660261501521,-2.031155824661255,1.7960078716278076,0.0
aligned,train,text,397,-0.15855257975490042,0.4664854299101083,-2.779402017593384,1.5872793197631836,0.0
aligned,train,text,398,0.25868733319950693,0.3796852238762188,-1.775591254234314,2.2596347332000732,0.0
aligned,train,text,399,0.13389752976155245,0.3682054276481045,-2.082505941390991,2.191096544265747,0.0
aligned,train,text,400,0.16378603613531334,0.3330027183792695,-1.499098539352417,2.1766247749328613,0.0
aligned,train,text,401,0.1459183023022474,0.31706370451138033,-1.58229398727417,2.289062738418579,0.0
aligned,train,text,402,0.3132497350799142,0.4313432923766655,-1.692793607711792,2.3344273567199707,0.0
aligned,train,text,403,0.0011866864209366477,0.37361237828388344,-2.2493679523468018,1.8737199306488037,0.0
aligned,train,text,404,0.2841552530528871,0.31229282632736227,-1.854457139968872,2.010503053665161,0.0
aligned,train,text,405,-0.12280018140843059,0.3747901114553457,-2.2912824153900146,1.635877251625061,0.0
aligned,train,text,406,0.08464927344972786,0.33811906253718915,-1.8935641050338745,2.1776702404022217,0.0
aligned,train,text,407,-0.05035449203170715,0.3304442581588995,-2.04168701171875,1.6589022874832153,0.0
aligned,train,text,408,0.005235762673642745,0.4459692336808471,-2.0591835975646973,2.4431369304656982,0.0
aligned,train,text,409,-0.03561758487891071,0.37492996732965794,-2.206472396850586,1.98906409740448,0.0
aligned,train,text,410,0.22245609589136275,0.43396697723707295,-1.5431658029556274,2.461036205291748,0.0
aligned,train,text,411,-0.0007583683959053437,0.3462760201798381,-1.7821723222732544,2.036600112915039,0.0
aligned,train,text,412,0.09502206606240134,0.38236758473789334,-2.4946062564849854,1.92753267288208,0.0
aligned,train,text,413,-0.015179586382497744,0.3551245469061208,-1.9754714965820312,2.1934702396392822,0.0
aligned,train,text,414,-0.3688987312566308,0.36184740731892406,-2.365891933441162,1.4152030944824219,0.0
aligned,train,text,415,0.060301628013269014,0.3222539853213301,-1.6486982107162476,1.8594437837600708,0.0
aligned,train,text,416,0.12325173087538781,0.3476382400246155,-1.93351149559021,1.9486852884292603,0.0
aligned,train,text,417,-0.0262913178252454,0.33028882122841685,-1.9031561613082886,1.8745944499969482,0.0
aligned,train,text,418,0.2450738697822956,0.3437114509449147,-1.554062008857727,2.332970380783081,0.0
aligned,train,text,419,-0.3293654198726291,0.4192201756987263,-2.592539072036743,1.7254693508148193,0.0
aligned,train,text,420,0.33107609394044835,0.40054035313301595,-1.4889671802520752,2.769232749938965,0.0
aligned,train,text,421,-0.08563756020360562,0.39826541720754033,-2.3118693828582764,1.582393765449524,0.0
aligned,train,text,422,-0.09621463568701748,0.37231408838013086,-2.322411060333252,1.9093942642211914,0.0
aligned,train,text,423,-0.19104143906146595,0.33724700342768615,-2.1979587078094482,2.0167229175567627,0.0
aligned,train,text,424,0.11788112788837243,0.363728208115189,-1.6838711500167847,2.438086986541748,0.0
aligned,train,text,425,0.3239434988895357,0.4123695629598836,-1.5434441566467285,2.5232038497924805,0.0
aligned,train,text,426,0.01299410737064888,0.30225362144776385,-1.8016926050186157,1.957059383392334,5.891016200294551e-06
aligned,train,text,427,-0.015285002382167661,0.3332036783706913,-1.9640562534332275,1.9640700817108154,0.0
aligned,train,text,428,-0.10461927216237792,0.3321161492103213,-2.5519492626190186,1.637373685836792,0.0
aligned,train,text,429,0.3974495343412019,0.3797923745600519,-1.2539421319961548,2.5440850257873535,0.0
aligned,train,text,430,-0.29967544342015645,0.3674561509450549,-2.2721359729766846,1.4832357168197632,0.0
aligned,train,text,431,-0.07045321432608063,0.4004348979965138,-2.228639602661133,1.7123103141784668,0.0
aligned,train,text,432,-0.35364183459050175,0.47580911561643685,-3.049154758453369,2.024758815765381,0.0
aligned,train,text,433,0.0006532564413115184,0.28712062316227627,-1.733575463294983,1.9054299592971802,0.0
aligned,train,text,434,-0.12402805032719075,0.3293584570906102,-2.252502918243408,1.5020569562911987,0.0
aligned,train,text,435,-0.1078379107395925,0.4072100446388303,-2.3108203411102295,2.572021722793579,0.0
aligned,train,text,436,-0.03517835171093892,0.3714182135117477,-1.9616162776947021,2.0812785625457764,0.0
aligned,train,text,437,0.014865329124340692,0.31325704922710185,-1.6844913959503174,2.0503270626068115,0.0
aligned,train,text,438,-0.032554158879419315,0.34184611323429154,-1.91978919506073,1.813414454460144,0.0
aligned,train,text,439,0.003962567647847735,0.37683215674458653,-2.0925745964050293,1.5815390348434448,0.0
aligned,train,text,440,-0.13622750961863941,0.32694950702656345,-2.0305495262145996,1.728219985961914,0.0
aligned,train,text,441,0.09892858834485681,0.4256576567658365,-2.162584066390991,2.377598285675049,0.0
aligned,train,text,442,0.08316492441160514,0.331148233191198,-1.9602683782577515,1.7035796642303467,0.0
aligned,train,text,443,0.014955755943463997,0.32850680912474106,-1.7503482103347778,1.7220672369003296,0.0
aligned,train,text,444,-0.04754492496612409,0.34553264804708245,-2.3761165142059326,1.9893664121627808,0.0
aligned,train,text,445,-0.1798753163558767,0.44844281220256316,-2.6722376346588135,1.625999093055725,0.0
aligned,train,text,446,0.0230153667139375,0.39120857934712866,-2.8927059173583984,2.0942327976226807,0.0
aligned,train,text,447,0.055098191554925575,0.36912784984674346,-1.7339544296264648,2.1896607875823975,0.0
aligned,train,text,448,0.20168305576495024,0.3780306237490633,-1.8928486108779907,2.1432714462280273,0.0
aligned,train,text,449,0.18457278743841643,0.34254989530549135,-1.5066560506820679,2.040144681930542,0.0
aligned,train,text,450,-0.04616708285733509,0.36355505277611927,-1.8642528057098389,1.7299995422363281,0.0
aligned,train,text,451,-0.04970002802428467,0.369286182880874,-2.1698849201202393,2.3077023029327393,0.0
aligned,train,text,452,0.025559169609741538,0.4487466374897983,-2.630931854248047,2.935189723968506,0.0
aligned,train,text,453,0.23719884403750513,0.36932671487013563,-1.4899890422821045,2.3162429332733154,0.0
aligned,train,text,454,-0.0949891425982798,0.40056000423195925,-2.3654234409332275,2.345449447631836,0.0
aligned,train,text,455,0.13162955084431022,0.3922834184065609,-2.0420241355895996,2.287003755569458,0.0
aligned,train,text,456,-0.11596052422926423,0.3320148689276183,-1.9666012525558472,1.7469812631607056,0.0
aligned,train,text,457,0.1918369489742775,0.3333429194865482,-1.7058112621307373,2.4471242427825928,0.0
aligned,train,text,458,-0.041649918049244714,0.4274587325432689,-2.160107374191284,1.5788136720657349,0.0
aligned,train,text,459,-0.17926756441405534,0.37567903343079356,-2.316042184829712,1.545539379119873,0.0
aligned,train,text,460,-0.016992218506274217,0.3468374249289,-1.9017906188964844,1.6609550714492798,0.0
aligned,train,text,461,-0.0345901761090874,0.49132272387511183,-2.232814311981201,1.5855532884597778,0.0
aligned,train,text,462,-0.040782701472777856,0.39901948051280517,-2.1118826866149902,2.352557897567749,0.0
aligned,train,text,463,0.014108000685610371,0.36885216300689316,-2.0192365646362305,2.655482053756714,0.0
aligned,train,text,464,0.2086590027236167,0.34858705875299956,-1.4642579555511475,2.386503219604492,0.0
aligned,train,text,465,-0.03294875423353445,0.30495532735792286,-1.6399941444396973,1.4801257848739624,0.0
aligned,train,text,466,-0.006197464322174772,0.3682042990621806,-1.7336540222167969,2.060457468032837,0.0
aligned,train,text,467,-0.2504094013845293,0.4381210069502084,-2.7277042865753174,1.562788963317871,0.0
aligned,train,text,468,0.15073178888312014,0.34847648821094906,-1.6226179599761963,1.9523811340332031,0.0
aligned,train,text,469,0.004833487753576664,0.3668466261116858,-1.916351318359375,2.1039862632751465,0.0
aligned,train,text,470,0.14274202905205766,0.4804853319465028,-2.865372657775879,2.567412853240967,0.0
aligned,train,text,471,0.1961251621366107,0.3159114779584389,-1.5941067934036255,1.780867099761963,0.0
aligned,train,text,472,0.0676942628271801,0.39733497414871605,-2.0423223972320557,1.9444737434387207,0.0
aligned,train,text,473,0.3428730982733734,0.42378148433677976,-2.068296194076538,2.6930813789367676,0.0
aligned,train,text,474,-0.09494214370439655,0.3090029274821407,-1.8108413219451904,1.465457797050476,0.0
aligned,train,text,475,-0.0461032176020477,0.34798235683404366,-1.8169469833374023,1.5218896865844727,0.0
aligned,train,text,476,-0.2146901641962981,0.3481483115565994,-2.103149175643921,1.690474033355713,0.0
aligned,train,text,477,0.14799314902018376,0.36510248954032687,-2.185425043106079,2.226184606552124,0.0
aligned,train,text,478,0.05907613332674939,0.4901334371719856,-2.354973793029785,1.9992187023162842,0.0
aligned,train,text,479,-0.09821529884283076,0.36776162932196316,-1.8113420009613037,1.9521615505218506,0.0
aligned,train,text,480,-0.08511643580609551,0.36959215246847293,-1.8967158794403076,2.3934614658355713,0.0
aligned,train,text,481,-0.12125854525281958,0.4066837347920183,-1.9701451063156128,1.7815804481506348,0.0
aligned,train,text,482,-0.06593053176080937,0.3267389734096134,-1.7752954959869385,1.6359196901321411,0.0
aligned,train,text,483,0.20991927023914494,0.40083214253151217,-1.800565242767334,2.7584245204925537,0.0
aligned,train,text,484,-0.02253060444846848,0.32172917558356734,-1.6404657363891602,2.1914968490600586,0.0
aligned,train,text,485,-0.19675500864495005,0.37600382261470777,-2.1500816345214844,1.754542589187622,0.0
aligned,train,text,486,-0.08177842824507796,0.351968273990987,-1.976960301399231,1.859595775604248,0.0
aligned,train,text,487,0.1220942312451148,0.38442744594998784,-1.747269868850708,2.90061354637146,0.0
aligned,train,text,488,0.05578140893314529,0.28759383671293925,-1.6998214721679688,1.6450332403182983,0.0
aligned,train,text,489,-0.27151369389315,0.3596546167172106,-2.113492965698242,1.8028063774108887,0.0
aligned,train,text,490,-0.07257928194811593,0.37330326467140124,-2.363471508026123,1.7646613121032715,0.0
aligned,train,text,491,-0.20766524475820594,0.3662004032971715,-2.1601293087005615,1.7764103412628174,0.0
aligned,train,text,492,0.23528492035254814,0.33101904100717733,-1.6234313249588013,2.174030065536499,0.0
aligned,train,text,493,0.10381499324503063,0.3816747398368395,-2.2025880813598633,2.255181312561035,0.0
aligned,train,text,494,-0.06477391239309982,0.4104866246571639,-1.9412143230438232,2.151329278945923,0.0
aligned,train,text,495,-0.07700307052618165,0.3308438017215126,-2.2196314334869385,1.668864130973816,0.0
aligned,train,text,496,0.014802969986498795,0.3281891341407247,-1.7438589334487915,1.6518912315368652,0.0
aligned,train,text,497,0.21010676483809948,0.36113209327187384,-1.5657737255096436,1.9795773029327393,0.0
aligned,train,text,498,-0.007811858061860166,0.4568849139111801,-2.9279894828796387,2.123314142227173,0.0
aligned,train,text,499,0.1965180369845217,0.36481501021541857,-1.4289358854293823,2.5107202529907227,0.0
aligned,train,text,500,-0.13285613188225454,0.3566626960141452,-2.185471773147583,1.7251503467559814,0.0
aligned,train,text,501,-0.15027988520431412,0.3523700099841938,-2.3940677642822266,1.7411606311798096,0.0
aligned,train,text,502,-0.1916949555342674,0.40899757418097865,-2.312816858291626,1.3019005060195923,0.0
aligned,train,text,503,-0.21205081336762596,0.3796507158647423,-2.6619389057159424,1.4617401361465454,0.0
aligned,train,text,504,0.21222069729326878,0.3209219637572681,-1.4472289085388184,2.2204856872558594,0.0
aligned,train,text,505,-0.20741745230107841,0.4806821598288913,-3.4885611534118652,2.3878061771392822,0.0
aligned,train,text,506,0.12825562755623626,0.3138211058683422,-1.6754112243652344,1.8111822605133057,0.0
aligned,train,text,507,0.10254599993250749,0.3387731274482276,-1.5169934034347534,2.2426249980926514,0.0
aligned,train,text,508,0.06472255416321451,0.4047997710039959,-1.908570647239685,2.190979480743408,0.0
aligned,train,text,509,-0.09142926491110069,0.4238098770791879,-2.145407199859619,1.836561918258667,0.0
aligned,train,text,510,-0.21618609736107058,0.34596607548347696,-2.1769118309020996,1.6560064554214478,0.0
aligned,train,text,511,0.07534806248420556,0.3059271877725046,-1.4844112396240234,1.8124324083328247,0.0
aligned,train,text,512,0.041511129874203884,0.3674682853214752,-2.125253915786743,2.102245569229126,0.0
aligned,train,text,513,-0.1166474476823575,0.32794540469051464,-2.023472309112549,1.877594232559204,0.0
aligned,train,text,514,0.15151529391869267,0.33458885533324717,-1.8216661214828491,2.1606273651123047,0.0
aligned,train,text,515,0.17364290472039945,0.3728641967633763,-1.5297492742538452,2.147134304046631,0.0
aligned,train,text,516,-0.12529080303498324,0.408793106381694,-2.4635841846466064,2.266535520553589,0.0
aligned,train,text,517,0.1153379478378438,0.3088804680527013,-1.4628732204437256,2.5392284393310547,0.0
aligned,train,text,518,-0.13644390168082687,0.41939279136192875,-2.392677068710327,1.5627707242965698,0.0
aligned,train,text,519,-0.24931614266213067,0.30553127694598076,-2.0382635593414307,1.3247803449630737,0.0
aligned,train,text,520,-0.22617922685994316,0.3987719761084557,-2.6745376586914062,1.905295491218567,0.0
aligned,train,text,521,-0.1153332921204559,0.3603293272889219,-1.8934803009033203,1.6690349578857422,0.0
aligned,train,text,522,-0.04225099142038693,0.40486653033259784,-1.8790802955627441,2.1190202236175537,0.0
aligned,train,text,523,-0.05457087516628853,0.46033784593886945,-2.1486692428588867,2.072498083114624,0.0
aligned,train,text,524,0.05717368342552954,0.31396618009156035,-1.5533863306045532,1.8057277202606201,0.0
aligned,train,text,525,-0.10523068197349165,0.33393721128554393,-2.335296869277954,1.5665091276168823,0.0
aligned,train,text,526,-0.09468575812153113,0.4060829806307749,-2.7807371616363525,1.6872591972351074,0.0
aligned,train,text,527,0.017327561167646055,0.3849058544304786,-1.8703663349151611,1.840524435043335,0.0
aligned,train,text,528,-0.22542824982588394,0.3741150105669396,-2.4096720218658447,1.7485859394073486,0.0
aligned,train,text,529,-0.2226507541917865,0.33635925173132575,-2.1755855083465576,1.4189364910125732,0.0
aligned,train,text,530,0.1192537639516355,0.3422280427505142,-1.6709121465682983,2.0328829288482666,0.0
aligned,train,text,531,-0.024665845669136658,0.33414262620081636,-1.8061414957046509,1.840527892112732,0.0
aligned,train,text,532,-0.2588044418774776,0.4306267213024626,-2.8241751194000244,1.4692622423171997,0.0
aligned,train,text,533,-0.02978497044671881,0.4129366322854257,-2.497800350189209,1.9976309537887573,0.0
aligned,train,text,534,-0.18947065303694396,0.38592096787015306,-2.520491600036621,2.0358803272247314,0.0
aligned,train,text,535,-0.14232882544447137,0.4295206067493213,-2.0157220363616943,1.9007258415222168,0.0
aligned,train,text,536,-0.1896357360167075,0.4394168587141991,-2.4152679443359375,1.770865559577942,0.0
aligned,train,text,537,-0.14580846634807837,0.3290283160401517,-2.11514949798584,1.7487651109695435,0.0
aligned,train,text,538,-0.0035504664272859978,0.3662653419100902,-2.0826117992401123,1.7619191408157349,0.0
aligned,train,text,539,-0.18231969465282424,0.5283577579424016,-2.8631057739257812,1.4197492599487305,0.0
aligned,train,text,540,0.1056988081775485,0.36247737426185483,-1.7364649772644043,2.1057467460632324,0.0
aligned,train,text,541,0.10931656991325,0.3341834846519169,-1.8101919889450073,1.719807744026184,0.0
aligned,train,text,542,-0.03937838705915502,0.4017885813981819,-2.1264193058013916,2.137385606765747,0.0
aligned,train,text,543,0.07607582296013478,0.3810101503515986,-1.9543603658676147,2.127213716506958,0.0
aligned,train,text,544,-0.14557078496756276,0.43661059296970417,-2.303156614303589,2.6685783863067627,0.0
aligned,train,text,545,0.014710486090200266,0.41559544211822225,-2.3732645511627197,1.7574992179870605,0.0
aligned,train,text,546,-0.02429201648523688,0.36690528597718025,-2.2687759399414062,1.847283959388733,0.0
aligned,train,text,547,-0.04974907630741245,0.3423531117864034,-1.9378496408462524,1.7848387956619263,0.0
aligned,train,text,548,-0.13082602968687995,0.39463752350815606,-2.2874186038970947,1.6860078573226929,0.0
aligned,train,text,549,-0.10744529047333985,0.3858933035233422,-1.8184645175933838,2.0869321823120117,0.0
aligned,train,text,550,-0.18981229160777643,0.4109017077237458,-2.2719762325286865,1.846542477607727,0.0
aligned,train,text,551,-0.13268900024280808,0.35226574758727447,-1.9595444202423096,1.7913092374801636,0.0
aligned,train,text,552,0.06976565533427628,0.35637720881031876,-1.7923105955123901,2.223085880279541,0.0
aligned,train,text,553,-0.052802528088750515,0.394572252846088,-2.312013864517212,2.1488099098205566,0.0
aligned,train,text,554,-0.05049147822459082,0.3311936321087541,-2.1343581676483154,1.9949803352355957,0.0
aligned,train,text,555,0.2958764616257956,0.4032616149184965,-1.954619288444519,2.123081922531128,0.0
aligned,train,text,556,-0.04962416976143295,0.42923607913870326,-2.206376314163208,1.9439396858215332,0.0
aligned,train,text,557,0.24607290169745902,0.4035581132428565,-2.355410575866699,2.1882472038269043,0.0
aligned,train,text,558,-0.06605601752991068,0.3972315343661114,-2.7516040802001953,2.1237635612487793,0.0
aligned,train,text,559,-0.11257911181825711,0.3382345941669596,-2.1546010971069336,1.8127859830856323,0.0
aligned,train,text,560,-0.15843530823977797,0.3472526244339495,-2.2146265506744385,1.5696144104003906,0.0
aligned,train,text,561,-0.19007756775383877,0.3213631812545803,-2.177464246749878,1.4782435894012451,0.0
aligned,train,text,562,0.09430239197418686,0.3737042291944349,-1.700674057006836,2.420628309249878,0.0
aligned,train,text,563,-0.4033849936890716,0.45736535676691875,-3.4878573417663574,1.8015565872192383,0.0
aligned,train,text,564,-0.24865470186561697,0.3800515679309055,-2.3829903602600098,1.5974799394607544,0.0
aligned,train,text,565,-0.0413692103252144,0.38113975090661817,-2.1550800800323486,2.011087656021118,0.0
aligned,train,text,566,-0.07427674410218957,0.320066654143736,-1.8609631061553955,1.6595590114593506,0.0
aligned,train,text,567,0.010848710847105035,0.378356590772508,-1.94064462184906,2.3247463703155518,0.0
aligned,train,text,568,-0.051155498425798585,0.2919076359353095,-1.8916033506393433,1.4829519987106323,0.0
aligned,train,text,569,-0.03929685531348945,0.39410429997693736,-2.4178709983825684,2.0273425579071045,0.0
aligned,train,text,570,-0.08777311522920722,0.3940829670594385,-1.7616419792175293,1.944944977760315,0.0
aligned,train,text,571,0.052227311511695476,0.36032072848913477,-1.6199915409088135,2.1312918663024902,0.0
aligned,train,text,572,0.0192530471569089,0.35461301747003326,-1.7773010730743408,1.9868385791778564,0.0
aligned,train,text,573,0.08169655524341277,0.30011338231223383,-1.8170444965362549,1.9387226104736328,0.0
aligned,train,text,574,-0.09252185945360974,0.35014616704153523,-1.7341012954711914,1.9721778631210327,0.0
aligned,train,text,575,0.06653882589734356,0.4104083805703759,-1.750849962234497,2.3579511642456055,0.0
aligned,train,text,576,0.10174647069058555,0.3320877350363478,-2.1412065029144287,1.9176667928695679,0.0
aligned,train,text,577,-0.11266541063451978,0.4395799444391442,-2.450518846511841,1.6720949411392212,0.0
aligned,train,text,578,-0.0900627162744715,0.4207348601158213,-1.9385625123977661,2.3299403190612793,0.0
aligned,train,text,579,-0.05039705689353471,0.3860275744986439,-2.4569637775421143,1.8505369424819946,0.0
aligned,train,text,580,0.16158145763501194,0.34305869740155914,-1.654738187789917,2.0979394912719727,0.0
aligned,train,text,581,-0.026811703048481857,0.41000531472904644,-2.2868597507476807,2.0302817821502686,0.0
aligned,train,text,582,-0.02279815370609246,0.40452970939022087,-2.0194144248962402,2.116870403289795,0.0
aligned,train,text,583,0.005919304016061314,0.31441768834923495,-1.634819746017456,2.3739688396453857,0.0
aligned,train,text,584,-0.0797620488879146,0.40213355560931285,-2.7236289978027344,1.8307015895843506,0.0
aligned,train,text,585,-0.3838089752036074,0.42130401305040077,-2.4442672729492188,1.449146032333374,0.0
aligned,train,text,586,0.034982245495891275,0.4240257118097098,-2.081366539001465,2.39323353767395,0.0
aligned,train,text,587,-0.2405838202129726,0.4082111217371167,-2.5537705421447754,1.8069781064987183,0.0
aligned,train,text,588,-0.014222143302533078,0.47158084094585956,-1.9926263093948364,2.9969635009765625,0.0
aligned,train,text,589,0.2125152462399311,0.3627898462270194,-2.128389596939087,2.2709081172943115,0.0
aligned,train,text,590,0.02407858331810919,0.38277756470345403,-2.789360761642456,2.4802000522613525,0.0
aligned,train,text,591,-0.11172562133002922,0.3445505264991101,-2.2155933380126953,1.6710907220840454,0.0
aligned,train,text,592,0.14100491433850706,0.3830262595927103,-2.0170416831970215,2.7449257373809814,0.0
aligned,train,text,593,-0.2549987315891039,0.32762700019948715,-2.302137851715088,1.6924890279769897,0.0
aligned,train,text,594,-0.11352253489067918,0.31572075995862126,-1.9209688901901245,1.6447926759719849,0.0
aligned,train,text,595,0.14650819019617756,0.41895997824660575,-1.2582015991210938,2.3155734539031982,0.0
aligned,train,text,596,-0.17158146810565358,0.3418559551643825,-2.1671154499053955,1.8027263879776,0.0
aligned,train,text,597,-0.05350355522351035,0.39998760340267225,-2.072897434234619,1.96932852268219,0.0
aligned,train,text,598,0.06144042301175784,0.36276095665301644,-1.5088930130004883,2.270047426223755,0.0
aligned,train,text,599,0.11146509511872511,0.3495913870906728,-1.8568509817123413,2.014296054840088,0.0
aligned,train,text,600,-0.028762394450517134,0.317164416013927,-1.9266152381896973,1.7030285596847534,0.0
aligned,train,text,601,0.28250729547934783,0.4223662159642209,-2.2193691730499268,3.480868339538574,0.0
aligned,train,text,602,0.08547671899996116,0.37801733354348876,-2.636697769165039,2.116560220718384,0.0
aligned,train,text,603,0.06930762130953645,0.3221621063983737,-1.8794835805892944,1.9619817733764648,0.0
aligned,train,text,604,0.3556093216092272,0.49720431793729425,-1.7434701919555664,2.720623254776001,0.0
aligned,train,text,605,0.09256355062527075,0.3296275617413156,-1.7627160549163818,1.9805843830108643,0.0
aligned,train,text,606,-0.10405679293920661,0.45630748630398577,-2.4160265922546387,2.9481630325317383,0.0
aligned,train,text,607,0.03970664338036187,0.3327206220141354,-1.4644871950149536,2.103492498397827,0.0
aligned,train,text,608,-0.05636627662297755,0.3395033781630646,-2.05289363861084,1.631072759628296,0.0
aligned,train,text,609,0.08346866329460897,0.40723431024535905,-2.3456554412841797,2.1677510738372803,0.0
aligned,train,text,610,0.1988733228027645,0.3144019754137225,-1.921957015991211,2.284353733062744,0.0
aligned,train,text,611,0.01397929259959131,0.3832272532544804,-1.610276699066162,2.0567667484283447,0.0
aligned,train,text,612,-0.04597876625359936,0.3251172211276924,-2.0885167121887207,1.7633776664733887,0.0
aligned,train,text,613,0.22349992170005992,0.3474509939229841,-1.5976351499557495,1.8454519510269165,0.0
aligned,train,text,614,0.16683996744711357,0.2874790037651869,-1.443544626235962,1.901523470878601,0.0
aligned,train,text,615,-0.2417148596670517,0.3819585315022425,-2.309342622756958,1.5421550273895264,0.0
aligned,train,text,616,0.17157032600210345,0.36275219681266085,-1.7767819166183472,2.4589669704437256,1.1782032400589102e-05
aligned,train,text,617,0.24412917808952722,0.3851484423770736,-2.790447473526001,2.790602922439575,0.0
aligned,train,text,618,-0.1185196833471289,0.35407026602028824,-2.0865135192871094,1.7617995738983154,0.0
aligned,train,text,619,-0.22557313620459304,0.3598233072103788,-2.3009042739868164,1.42095148563385,0.0
aligned,train,text,620,0.3178779457756627,0.38978757695544447,-1.0152029991149902,2.434851884841919,0.0
aligned,train,text,621,0.3955305248907327,0.37988993764177775,-1.2344255447387695,2.701327323913574,0.0
aligned,train,text,622,-0.3674112401097486,0.4198156876205575,-2.5511019229888916,1.8992000818252563,0.0
aligned,train,text,623,-0.22284177783293999,0.3596224438416556,-2.282965660095215,1.8302459716796875,0.0
aligned,train,text,624,0.16164714716476922,0.34448565214063737,-2.0989441871643066,2.087940216064453,0.0
aligned,train,text,625,-0.30292134748989596,0.3598631375356845,-2.008939743041992,1.8005237579345703,0.0
aligned,train,text,626,-0.1114882253916915,0.3389142088484441,-2.0820977687835693,2.1702277660369873,0.0
aligned,train,text,627,0.1198796141096041,0.31732561962842276,-1.7404171228408813,1.819526195526123,0.0
aligned,train,text,628,0.16136091659247426,0.34148798096039396,-2.063775062561035,1.8872359991073608,0.0
aligned,train,text,629,-0.13173340525266347,0.37849181259691883,-2.226212739944458,2.1751153469085693,0.0
aligned,train,text,630,0.35212535440807663,0.3620889440909543,-1.1362800598144531,2.236119031906128,0.0
aligned,train,text,631,0.0008043096117422928,0.33276952271554444,-2.072514772415161,1.7083176374435425,0.0
aligned,train,text,632,0.09836987732609787,0.34425028230653654,-1.8918148279190063,1.862101435661316,0.0
aligned,train,text,633,0.23296177136906818,0.37865967716969673,-1.8436102867126465,2.322422981262207,0.0
aligned,train,text,634,-0.2785866451167086,0.3549798558767269,-2.233710527420044,1.767719030380249,0.0
aligned,train,text,635,0.031469735269134366,0.3584411025346787,-1.999781847000122,1.6116561889648438,0.0
aligned,train,text,636,0.05586546310165757,0.36456883472548723,-1.7807124853134155,2.4968514442443848,0.0
aligned,train,text,637,0.31424520943825174,0.42167293436013603,-2.0267279148101807,2.5357301235198975,0.0
aligned,train,text,638,0.049992766539663606,0.3506345003764047,-1.9117202758789062,1.5880117416381836,0.0
aligned,train,text,639,0.3530005679000635,0.40372409159735195,-1.6789464950561523,2.640778064727783,0.0
aligned,train,text,640,-0.055104640770950446,0.405167518228719,-2.023611068725586,1.6144424676895142,0.0
aligned,train,text,641,0.2798058651380984,0.3466722724982708,-1.1807647943496704,2.1105618476867676,0.0
aligned,train,text,642,-0.017151248573304315,0.41262364695601417,-2.0430636405944824,1.7443543672561646,0.0
aligned,train,text,643,-0.1408213191530139,0.33431185617928383,-2.0729820728302,1.4140329360961914,0.0
aligned,train,text,644,0.14782028097685135,0.38733140214168826,-1.970776081085205,2.2182772159576416,0.0
aligned,train,text,645,0.014944320537972872,0.4066161205262944,-1.8507153987884521,2.299781560897827,0.0
aligned,train,text,646,0.03942383301806731,0.4209120572050595,-1.9126660823822021,2.1995558738708496,0.0
aligned,train,text,647,0.07018168761221821,0.4014399372182993,-1.8159682750701904,2.0826663970947266,0.0
aligned,train,text,648,-0.015203312173244353,0.34244813122283696,-1.9640029668807983,1.9818331003189087,0.0
aligned,train,text,649,0.08791854212791912,0.3568157807747866,-1.661685585975647,1.9596279859542847,0.0
aligned,train,text,650,0.16617992671040355,0.47994736304908825,-2.5613536834716797,2.9545810222625732,0.0
aligned,train,text,651,0.3555000826951462,0.3930890177267961,-1.2361868619918823,2.6421170234680176,0.0
aligned,train,text,652,0.10368281677734814,0.36061529162959133,-1.7189536094665527,2.8323841094970703,0.0
aligned,train,text,653,0.06075129148513298,0.31453757676137284,-1.7074538469314575,2.1375880241394043,0.0
aligned,train,text,654,0.07198418002048938,0.317823651645825,-1.6844929456710815,1.806485891342163,0.0
aligned,train,text,655,-0.08434608074693511,0.368794153440438,-1.841831922531128,1.988685131072998,0.0
aligned,train,text,656,0.29905101574724746,0.48608841203044323,-1.2737584114074707,2.6073453426361084,0.0
aligned,train,text,657,0.21012273516942678,0.4371049459792014,-1.8115687370300293,2.558375120162964,0.0
aligned,train,text,658,-0.0014334216082032456,0.33777614327398775,-2.002225399017334,1.872711420059204,0.0
aligned,train,text,659,0.13403664306645585,0.3535992593957226,-1.8347214460372925,2.2804455757141113,0.0
aligned,train,text,660,-0.05096913697374148,0.359157323671583,-2.371190071105957,2.0957610607147217,0.0
aligned,train,text,661,-0.11343694878337748,0.4167557953086434,-2.7018537521362305,2.9018185138702393,0.0
aligned,train,text,662,0.20358099750418418,0.389883850588935,-1.8524240255355835,2.227794885635376,0.0
aligned,train,text,663,0.1996369885056772,0.3950887225334738,-2.246249198913574,2.9505927562713623,0.0
aligned,train,text,664,0.20546374696956204,0.33440145058080045,-1.4926115274429321,2.321981906890869,0.0
aligned,train,text,665,0.1668569163946114,0.31459708914476814,-1.5069535970687866,1.8252941370010376,0.0
aligned,train,text,666,-0.023504747686509883,0.37291427935729804,-2.0768322944641113,2.2030227184295654,0.0
aligned,train,text,667,0.3756626034170301,0.6263325685790131,-4.0222063064575195,2.5096042156219482,0.0
aligned,train,text,668,0.1328965413224649,0.34527672565004375,-1.78699791431427,2.1785213947296143,0.0
aligned,train,text,669,0.02457119623627596,0.3433965378235574,-1.9221733808517456,1.793296456336975,0.0
aligned,train,text,670,0.16575823736838657,0.39100979715034606,-1.431198000907898,2.37931752204895,0.0
aligned,train,text,671,-0.23056776781136304,0.43565291905787074,-2.4737632274627686,1.485955834388733,0.0
aligned,train,text,672,-0.035634501653760454,0.3275539588418797,-1.845030426979065,2.2211947441101074,0.0
aligned,train,text,673,0.14323680074198586,0.35280563369750695,-1.7477978467941284,2.399311065673828,0.0
aligned,train,text,674,0.10270825484459767,0.3684277267987838,-1.9267083406448364,2.073622465133667,0.0
aligned,train,text,675,-0.164677341725979,0.39142282947187795,-2.235454559326172,1.7073657512664795,0.0
aligned,train,text,676,-0.07879994831571907,0.3467217124086665,-1.9479573965072632,2.142019033432007,0.0
aligned,train,text,677,0.03728015200162803,0.33357935220429585,-1.720158338546753,1.8028281927108765,0.0
aligned,train,text,678,0.024819983327379985,0.3714656128803849,-2.0430216789245605,2.2327775955200195,0.0
aligned,train,text,679,0.12990917760036086,0.3654066845071562,-2.056523084640503,2.163114547729492,0.0
aligned,train,text,680,-0.08111116463944469,0.39623350493420983,-2.455904006958008,2.103997230529785,0.0
aligned,train,text,681,0.009819254030403578,0.4267387151201104,-2.3149306774139404,2.056739568710327,0.0
aligned,train,text,682,-0.0904428861692043,0.35807385949175335,-2.1070525646209717,1.9431957006454468,0.0
aligned,train,text,683,0.27964525897914494,0.3666929218283702,-1.8697236776351929,2.4829673767089844,0.0
aligned,train,text,684,0.05122952745999697,0.3617099820254436,-2.124925374984741,2.072435140609741,0.0
aligned,train,text,685,-0.006736670258788279,0.3757747699787055,-2.0906219482421875,2.28092622756958,0.0
aligned,train,text,686,-0.16669864628582765,0.34312567052191023,-2.171110153198242,1.7403759956359863,0.0
aligned,train,text,687,0.03796963255182018,0.41380341996638015,-2.5294132232666016,2.485895872116089,5.891016200294551e-06
aligned,train,text,688,0.11745244453669648,0.3765164696950304,-2.2296142578125,1.90166437625885,0.0
aligned,train,text,689,-0.03082063734869367,0.3478446930196911,-2.480989694595337,1.7954381704330444,0.0
aligned,train,text,690,-0.2829991375639588,0.3439345526936424,-2.3058454990386963,1.394527554512024,0.0
aligned,train,text,691,-0.19017026587902117,0.3498214734682239,-2.0639328956604004,1.7360479831695557,0.0
aligned,train,text,692,0.06688820111041063,0.4967141331063445,-2.017394781112671,2.250925064086914,0.0
aligned,train,text,693,-0.3241063964554549,0.4178030154746105,-2.4442262649536133,2.0394680500030518,0.0
aligned,train,text,694,0.02558741288560831,0.3290807052352095,-1.7399513721466064,1.8440468311309814,0.0
aligned,train,text,695,-0.048219657061509075,0.3747829632312862,-2.386063575744629,1.799384355545044,0.0
aligned,train,text,696,-0.01994685509335661,0.3798477747502157,-2.27323317527771,2.210749387741089,0.0
aligned,train,text,697,-0.17975976659713616,0.3353192951691196,-2.1411399841308594,1.6096656322479248,0.0
aligned,train,text,698,0.012083923999313403,0.34144110153832125,-2.1084282398223877,1.955379843711853,0.0
aligned,train,text,699,-0.23822251579670212,0.34379280005199664,-1.8041787147521973,1.7697912454605103,0.0
aligned,train,text,700,-0.12442242575782476,0.4381143998350887,-2.398369312286377,2.9724907875061035,0.0
aligned,train,text,701,-0.16132884882239074,0.38098026840671834,-2.3504843711853027,1.9472072124481201,0.0
aligned,train,text,702,0.12997297503697153,0.35995223156453826,-1.6472291946411133,1.9966299533843994,0.0
aligned,train,text,703,-0.30929490193950676,0.3599175912167024,-2.0009102821350098,1.8005356788635254,0.0
aligned,train,text,704,0.18134619117393233,0.4141398316688344,-1.4890429973602295,2.2431480884552,0.0
aligned,train,text,705,0.16391153702014352,0.3325434905563523,-1.5327616930007935,2.0248494148254395,0.0
aligned,train,text,706,0.2900158938413516,0.36078727787779835,-1.6772747039794922,2.2907657623291016,0.0
aligned,train,text,707,-0.008977064092274596,0.347968134010761,-2.0778346061706543,1.6862177848815918,0.0
aligned,train,text,708,0.17957803981042905,0.3710880123903999,-2.0186851024627686,2.3439226150512695,0.0
aligned,train,text,709,-0.09004570936631076,0.3923057425093373,-2.0548291206359863,2.220538377761841,0.0
aligned,train,text,710,-0.002562997527124253,0.36041619216209153,-1.9415850639343262,1.6032049655914307,0.0
aligned,train,text,711,0.27501708111854956,0.35827854109022966,-1.6902519464492798,2.347954511642456,0.0
aligned,train,text,712,-0.12173057329948767,0.38181438292748227,-1.949344515800476,1.942013144493103,0.0
aligned,train,text,713,0.09389166751022784,0.3304839701792135,-1.639512300491333,1.9625498056411743,0.0
aligned,train,text,714,0.03607955985232661,0.356682268065638,-2.2048842906951904,1.7097744941711426,0.0
aligned,train,text,715,-0.006901815378509012,0.4463904239864162,-2.066318988800049,2.411803722381592,0.0
aligned,train,text,716,-0.28463461190837386,0.39046799703268725,-2.6284799575805664,1.8665019273757935,0.0
aligned,train,text,717,-0.07741325535187402,0.3686772418153241,-2.4465785026550293,1.6675528287887573,0.0
aligned,train,text,718,0.1412507816571331,0.3727311837709161,-2.073359727859497,2.3017096519470215,0.0
aligned,train,text,719,0.32439918586862343,0.3625543331954797,-1.335732102394104,2.3043689727783203,0.0
aligned,train,text,720,-0.46773646272386427,0.6291026149285216,-4.026831150054932,1.036095380783081,0.0
aligned,train,text,721,0.20240418889080394,0.3389714833451408,-1.8873858451843262,1.9182571172714233,0.0
aligned,train,text,722,-0.16325852213942052,0.3539066867303008,-2.3899834156036377,1.8361668586730957,0.0
aligned,train,text,723,-0.00048572069123409284,0.34685080474452873,-2.110617160797119,2.165847063064575,0.0
aligned,train,text,724,0.127260994793219,0.33271349604817674,-1.9161843061447144,1.8192393779754639,0.0
aligned,train,text,725,0.0002892406551833971,0.3687684791516217,-2.1659486293792725,2.006455659866333,0.0
aligned,train,text,726,0.021773601479971004,0.3909840200139885,-1.8897696733474731,1.7897701263427734,0.0
aligned,train,text,727,-0.05864537877162619,0.46694000020478965,-2.370129108428955,2.6404926776885986,0.0
aligned,train,text,728,-0.15214126639324893,0.33864714072838925,-2.1362433433532715,1.4212241172790527,0.0
aligned,train,text,729,-0.1874598389228858,0.35735133694514887,-2.207054853439331,1.5594186782836914,0.0
aligned,train,text,730,-0.02740867356859718,0.31305104103969145,-2.0031578540802,1.6746035814285278,0.0
aligned,train,text,731,0.2674291071132681,0.3689125333259197,-1.7517709732055664,2.4712743759155273,0.0
aligned,train,text,732,-0.180598547707988,0.340150690037597,-2.1150569915771484,1.691437840461731,0.0
aligned,train,text,733,0.05435578029946217,0.36348473910247814,-2.3312325477600098,2.2491378784179688,0.0
aligned,train,text,734,-0.05587564559256732,0.3669603870711244,-1.8739522695541382,2.0192599296569824,0.0
aligned,train,text,735,0.27390223380291234,0.3667595968246441,-1.349482536315918,2.7585256099700928,0.0
aligned,train,text,736,-0.15611452065401646,0.34782509293710134,-2.3900599479675293,2.1761958599090576,0.0
aligned,train,text,737,-0.017738037433584986,0.38687245460136804,-2.2528319358825684,1.889992117881775,0.0
aligned,train,text,738,-0.07930354489076921,0.363691232615595,-2.4506442546844482,2.197608709335327,0.0
aligned,train,text,739,0.13552983429445303,0.3412730350348796,-1.799331784248352,2.070915699005127,0.0
aligned,train,text,740,0.008870738253277206,0.37375775146921536,-1.967620611190796,2.473508358001709,0.0
aligned,train,text,741,0.00602510813125224,0.35698438838915875,-2.1622562408447266,2.247400999069214,0.0
aligned,train,text,742,-0.04626518612860843,0.35870484197180574,-2.2909984588623047,1.9776667356491089,0.0
aligned,train,text,743,-0.16099828802995023,0.39525920658550306,-2.437659978866577,1.7818952798843384,0.0
aligned,train,text,744,-0.03709476646697574,0.3736064300639175,-1.9049973487854004,2.1398069858551025,0.0
aligned,train,text,745,-0.029191559732936884,0.33817410481229104,-1.994378685951233,2.0935275554656982,0.0
aligned,train,text,746,-0.0941546997281617,0.38118269822476725,-2.2322604656219482,1.5828899145126343,0.0
aligned,train,text,747,-0.17122702593698724,0.3454818313037733,-1.9804877042770386,1.8038252592086792,0.0
aligned,train,text,748,0.06439042813306749,0.39692911287209814,-1.911171317100525,2.261168956756592,0.0
aligned,train,text,749,0.03475422280116092,0.36132641970719176,-1.8336375951766968,2.2597837448120117,0.0
aligned,train,text,750,-0.05231904335453865,0.4312289712739491,-2.500122547149658,2.339944362640381,0.0
aligned,train,text,751,-0.24245390134044156,0.41630932895330114,-2.235992431640625,1.8162333965301514,0.0
aligned,train,text,752,0.14803531527455582,1.228080205582377,-9.978325843811035,2.6919138431549072,0.0
aligned,train,text,753,-0.032300956522176294,0.36342722161472796,-2.0567731857299805,2.0220701694488525,0.0
aligned,train,text,754,-0.09288431981326917,0.34935942124060904,-1.9537078142166138,1.6286616325378418,5.891016200294551e-06
aligned,train,text,755,-0.12373498179293368,0.34466095023743404,-2.1217780113220215,1.466838002204895,0.0
aligned,train,text,756,-0.1730807281669136,0.42882671121199123,-2.068385601043701,2.3883354663848877,0.0
aligned,train,text,757,-0.08426362442980151,0.40151507691509264,-2.2808289527893066,1.565993070602417,0.0
aligned,train,text,758,0.019522262423923336,0.37248058879253376,-2.191753387451172,2.0040903091430664,0.0
aligned,train,text,759,-0.20023120024551216,0.3162025516648629,-1.8702137470245361,1.6206480264663696,0.0
aligned,train,text,760,-0.04178156321071121,0.3264165858790037,-1.8111408948898315,2.5801451206207275,0.0
aligned,train,text,761,-0.17360320357302414,0.32000580950294644,-1.9239648580551147,1.4759788513183594,0.0
aligned,train,text,762,-0.07342285625569368,0.3251513727132411,-1.9111305475234985,1.7644537687301636,0.0
aligned,train,text,763,0.009318397511647184,0.35371535757759753,-1.9496746063232422,1.7491573095321655,0.0
aligned,train,text,764,0.024701789930594513,0.3229419690178889,-2.014758348464966,1.9808627367019653,0.0
aligned,train,text,765,-0.033307128026011636,0.3675014827908954,-1.7426522970199585,1.5855482816696167,0.0
aligned,train,text,766,0.1443466842458947,0.3631413338657267,-1.8088239431381226,2.4789493083953857,0.0
aligned,train,text,767,0.015372737680469943,0.372872283403432,-2.156095266342163,2.133692502975464,0.0
aligned,valid,audio,0,81.53171703296704,99.31721180811266,0.0,499.0,0.5296703296703297
aligned,valid,audio,1,0.23090659340659342,0.42141278875700433,0.0,1.0,0.7690934065934066
aligned,valid,audio,2,0.031184128478895425,0.051889525574847,0.0,0.3346661925315857,0.565989010989011
aligned,valid,audio,3,0.1210039139665497,0.19360649946101,0.0,0.8681234121322632,0.565989010989011
aligned,valid,audio,4,0.3801524495807538,4.525304026759416,-44.918243408203125,34.99821853637695,0.5899175824175824
aligned,valid,audio,5,0.13184951150369587,0.22364210666317477,0.0,2.341857433319092,0.5643131868131868
aligned,valid,audio,6,0.054379750216107275,0.062025943792832355,0.0,0.7938563823699951,0.5325
aligned,valid,audio,7,-0.14748810146051375,0.23053062636878885,-19.264436721801758,0.24999722838401794,0.5304395604395604
aligned,valid,audio,8,0.7211525009449694,0.8422971828119414,0.0,2.4965806007385254,0.5296703296703297
aligned,valid,audio,9,0.23470095896540763,0.2598585023755403,0.0,0.9198585748672485,0.5297252747252748
aligned,valid,audio,10,0.12246379359038086,0.17080418528514768,0.0,0.9926223754882812,0.5297252747252748
aligned,valid,audio,11,-3.6998766840355737,4.048155173953883,-21.02374267578125,0.0,0.5295054945054946
aligned,valid,audio,12,0.9206916593131689,1.178675052920694,-1.9527173042297363,5.399641513824463,0.5295054945054946
aligned,valid,audio,13,-0.002346747298997398,0.4250160578491024,-3.080314874649048,2.4784953594207764,0.5295054945054946
aligned,valid,audio,14,0.14468955143176432,0.34211786692811963,-1.7742170095443726,2.359663486480713,0.5295054945054946
aligned,valid,audio,15,-0.054318094788571684,0.24999524998815087,-1.8817687034606934,0.9717971682548523,0.5295054945054946
aligned,valid,audio,16,-0.020376907388737372,0.2299425789745026,-1.4500181674957275,1.3158373832702637,0.5295054945054946
aligned,valid,audio,17,-0.03815102694258088,0.19609857463324873,-1.6757299900054932,1.0432169437408447,0.5295054945054946
aligned,valid,audio,18,0.0037732921070160593,0.166644886437031,-1.3735953569412231,1.4211430549621582,0.5295054945054946
aligned,valid,audio,19,0.0026779244918562544,0.14242645799763642,-1.0046995878219604,1.4182106256484985,0.5295054945054946
aligned,valid,audio,20,0.021804709510925373,0.1303565642687561,-0.9287222623825073,0.9005128741264343,0.5295054945054946
aligned,valid,audio,21,-0.020264041394900362,0.11901479630433338,-0.9698053598403931,0.8679594993591309,0.5295054945054946
aligned,valid,audio,22,0.01560083850148489,0.10970730594366748,-0.6611158847808838,0.8777907490730286,0.5295054945054946
aligned,valid,audio,23,-0.02326768951289768,0.10517272691967416,-0.8138291835784912,0.5819292664527893,0.5295054945054946
aligned,valid,audio,24,0.020327541608213512,0.09681757093075803,-0.6926116943359375,0.6988182663917542,0.5295054945054946
aligned,valid,audio,25,-0.02484433297318353,0.09582319125838018,-0.8402406573295593,0.52289217710495,0.5295054945054946
aligned,valid,audio,26,0.010012025846295552,0.08457037136980379,-0.6248210668563843,0.6593360304832458,0.5295054945054946
aligned,valid,audio,27,-0.012071174173779847,0.07743304947458282,-0.6564239859580994,0.6218130588531494,0.5295054945054946
aligned,valid,audio,28,0.013526861539453209,0.07487099253646548,-0.7122008800506592,0.6062127351760864,0.5295054945054946
aligned,valid,audio,29,-0.01345542766960939,0.07181077002020547,-0.6604628562927246,0.638412594795227,0.5295054945054946
aligned,valid,audio,30,0.010470845598208283,0.06743329517302404,-0.6271470785140991,0.5267162322998047,0.5295054945054946
aligned,valid,audio,31,-0.0033076474066209547,0.06422204155397573,-0.4526520073413849,0.7285242676734924,0.5295054945054946
aligned,valid,audio,32,0.006324185283540049,0.06354209999885016,-0.7906342148780823,0.46014541387557983,0.5295054945054946
aligned,valid,audio,33,-0.006192751530708127,0.0593063003201092,-0.49579623341560364,0.6963550448417664,0.5295054945054946
aligned,valid,audio,34,0.004415745461535263,0.05595221264292084,-0.4360077977180481,0.45108842849731445,0.5295054945054946
aligned,valid,audio,35,-0.005496548805666678,0.05264457418654776,-0.4857645034790039,0.46667933464050293,0.5295054945054946
aligned,valid,audio,36,5.443857013373278e-06,0.00034235187366651784,0.0,0.028928084298968315,0.9996703296703296
aligned,valid,audio,37,-0.00037302484777759483,0.039225669488113124,-3.120154857635498,2.6668407917022705,0.9966208791208792
aligned,valid,audio,38,0.00040551584906622267,0.03995211698385551,-2.6785080432891846,3.0833561420440674,0.9966208791208792
aligned,valid,audio,39,-3.674572936298708e-05,0.035365532450705665,-2.650561809539795,2.9627082347869873,0.9966208791208792
aligned,valid,audio,40,0.0002067628545754909,0.037727995884519125,-3.0507776737213135,3.0860135555267334,0.9379395604395604
aligned,valid,audio,41,0.0006430863008900104,0.03976278222607315,-3.0902981758117676,3.1090123653411865,0.8614835164835165
aligned,valid,audio,42,0.0008905918922105883,0.0445297077967236,-2.5379860401153564,2.939188003540039,0.7789285714285714
aligned,valid,audio,43,0.0018224190273485577,0.065373690166741,-3.1261518001556396,2.214625358581543,0.6825549450549451
aligned,valid,audio,44,0.0051290143320775975,0.11406109951312796,-3.0904407501220703,2.82853364944458,0.5846703296703297
aligned,valid,audio,45,0.014311404308382725,0.26944337700482796,-3.13258695602417,3.0914218425750732,0.5372252747252747
aligned,valid,audio,46,0.04352784143348593,0.49155114607308387,-3.1405582427978516,3.140077829360962,0.5301373626373627
aligned,valid,audio,47,0.08711048518707534,0.7059545451303529,-3.132554054260254,3.1268205642700195,0.5296703296703297
aligned,valid,audio,48,0.1286471496617368,0.96379440273785,-3.141284704208374,3.1410934925079346,0.5296703296703297
aligned,valid,audio,49,0.18034668818194874,1.0720155301727692,-3.139782667160034,3.141533136367798,0.5296703296703297
aligned,valid,audio,50,0.19066477789553768,1.133399407216881,-3.1412346363067627,3.138871908187866,0.5296703296703297
aligned,valid,audio,51,0.23568289256785926,1.172283757782864,-3.1415910720825195,3.1409268379211426,0.5296703296703297
aligned,valid,audio,52,0.20418118543917574,1.164131598351817,-3.1415467262268066,3.141336679458618,0.5296703296703297
aligned,valid,audio,53,0.19320214576389505,1.1775042219847973,-3.1413588523864746,3.141385793685913,0.5296703296703297
aligned,valid,audio,54,0.2101060259921288,1.1765100553675707,-3.1409153938293457,3.141582727432251,0.5296703296703297
aligned,valid,audio,55,0.21131783832957507,1.1614565920449855,-3.1413564682006836,3.141256093978882,0.5296703296703297
aligned,valid,audio,56,0.21665349792159938,1.1403595219859708,-3.141018867492676,3.1413280963897705,0.5296703296703297
aligned,valid,audio,57,0.24266612009765454,1.1497131902324407,-3.1412508487701416,3.141490936279297,0.5296703296703297
aligned,valid,audio,58,0.2085132285304584,1.1404740570832972,-3.141425609588623,3.140923261642456,0.5296703296703297
aligned,valid,audio,59,0.13472469344536456,1.2070765111122066,-3.1406173706054688,3.1410248279571533,0.5296703296703297
aligned,valid,audio,60,0.1465119822755934,1.231629483188901,-3.141392707824707,3.1411001682281494,0.5296703296703297
aligned,valid,audio,61,-0.1434156164467536,0.2523972177277198,-2.1055221557617188,0.8093352913856506,0.5296703296703297
aligned,valid,audio,62,-0.5525697776649926,0.6404760988285896,-3.1785473823547363,0.10560764372348785,0.5296703296703297
aligned,valid,audio,63,-0.4632882081171796,0.5312340432111443,-2.423557996749878,0.06706107407808304,0.5296703296703297
aligned,valid,audio,64,-0.4354056700228702,0.48844374444066596,-1.7248648405075073,0.07509745657444,0.5296703296703297
aligned,valid,audio,65,-0.378474969132434,0.41866916380206537,-1.3142505884170532,0.024464862421154976,0.5296703296703297
aligned,valid,audio,66,-0.3254272014120429,0.3577211495619702,-1.150685429573059,0.2989689111709595,0.5296703296703297
aligned,valid,audio,67,-0.2822919586071245,0.31100230805072004,-1.0073240995407104,0.7078366279602051,0.5296703296703297
aligned,valid,audio,68,-0.23165629588526718,0.26354779393420763,-0.8812944889068604,0.9051008820533752,0.5296703296703297
aligned,valid,audio,69,-0.19053288300828966,0.22825708392610208,-0.8342686891555786,0.81207674741745,0.5296703296703297
aligned,valid,audio,70,-0.1497479374780502,0.1988567988368236,-0.8271352052688599,0.7098779082298279,0.5296703296703297
aligned,valid,audio,71,-0.1138576344974273,0.17489511159434115,-0.633574366569519,0.7033202052116394,0.5296703296703297
aligned,valid,audio,72,-0.08492670202750142,0.15682148301186108,-0.555908739566803,0.7865093946456909,0.5296703296703297
aligned,valid,audio,73,-0.05784978145492402,0.13969341112265474,-0.630540668964386,0.7269549369812012,0.5296703296703297
aligned,valid,vision,0,-0.8727427444290395,1.3705196296781836,-11.329099655151367,2.3664400577545166,0.5551648351648352
aligned,valid,vision,1,-0.5095925824567585,1.1288765385345039,-15.3193998336792,3.617959976196289,0.5551648351648352
aligned,valid,vision,2,-0.530802910933076,1.0612508974072528,-9.309089660644531,4.735459804534912,0.5551648351648352
aligned,valid,vision,3,-0.7369597010070974,1.7052014507546729,-11.498299598693848,8.049810409545898,0.5551648351648352
aligned,valid,vision,4,-0.6366736063163674,1.1402098446177205,-8.270990371704102,3.1215500831604004,0.5551648351648352
aligned,valid,vision,5,-0.19746065840063318,1.3867909353430636,-16.499900817871094,4.092470169067383,0.5551648351648352
aligned,valid,vision,6,-0.7748214872772151,1.3450243306753633,-14.3016996383667,3.3036398887634277,0.5551648351648352
aligned,valid,vision,7,-0.7434415579840054,1.4907044879756168,-12.939299583435059,5.141449928283691,0.5551648351648352
aligned,valid,vision,8,-0.686125881242742,1.5049130127425125,-16.997100830078125,3.2344300746917725,0.5551648351648352
aligned,valid,vision,9,-0.7738944322069411,1.503243785383196,-15.01360034942627,3.0444300174713135,0.5551648351648352
aligned,valid,vision,10,-0.025530785591974144,0.6440697685711279,-3.3966400623321533,5.0135698318481445,0.5551648351648352
aligned,valid,vision,11,-0.0881411659592945,0.5999849223728575,-3.7970499992370605,3.7989699840545654,0.5551648351648352
aligned,valid,vision,12,-0.2094063570928781,0.5431807069809349,-3.4593698978424072,4.2360100746154785,0.5551648351648352
aligned,valid,vision,13,-0.5119325892302363,0.8586187918342976,-4.917409896850586,4.048389911651611,0.5551648351648352
aligned,valid,vision,14,-0.40847677045831693,0.8153214700750027,-4.727570056915283,4.186930179595947,0.5551648351648352
aligned,valid,vision,15,-0.2918879026210058,0.5846192666592599,-3.223289966583252,2.19950008392334,0.5551648351648352
aligned,valid,vision,16,-0.9761852190341893,1.376107238534202,-7.404950141906738,3.0181798934936523,0.5551648351648352
aligned,valid,vision,17,-0.21503176076925648,0.6633693860655726,-3.981110095977783,5.009049892425537,0.5551648351648352
aligned,valid,vision,18,-0.2956622530092344,0.7353240720381214,-4.033130168914795,6.20619010925293,0.5551648351648352
aligned,valid,vision,19,-0.36594074646880803,0.6741941845614097,-5.383820056915283,1.5658600330352783,0.5551648351648352
aligned,valid,vision,20,-0.45000774988129166,0.73242425471313,-5.0903401374816895,2.86683988571167,0.5551648351648352
aligned,valid,vision,21,-0.3838231414017309,0.6938011444599764,-5.972360134124756,2.105520009994507,0.5551648351648352
aligned,valid,vision,22,-0.5686526601880302,1.2380299788472346,-14.86240005493164,2.175220012664795,0.5551648351648352
aligned,valid,vision,23,-0.21347935201903206,0.6062567014145037,-3.7127299308776855,2.8406999111175537,0.5551648351648352
aligned,valid,vision,24,-0.34355952207356466,0.5685465159971308,-3.1840898990631104,1.8865100145339966,0.5551648351648352
aligned,valid,vision,25,-0.4550738828394054,0.8533065331697772,-8.861040115356445,1.7682199478149414,0.5551648351648352
aligned,valid,vision,26,-0.0976997769918298,0.950965604156686,-4.509640216827393,8.974639892578125,0.5551648351648352
aligned,valid,vision,27,-0.1830248105913613,0.7621571563402382,-3.4943900108337402,7.395549774169922,0.5551648351648352
aligned,valid,vision,28,-0.8433397783043268,1.3116080488534754,-10.338800430297852,1.7971800565719604,0.5551648351648352
aligned,valid,vision,29,-0.13507669138352207,1.0038807973804502,-9.563719749450684,5.114830017089844,0.5551648351648352
aligned,valid,vision,30,0.12031191376037896,0.29203731509917746,0.0,1.0,0.5558241758241759
aligned,valid,vision,31,0.2720074600472877,0.40283420478558374,0.0,0.999862015247345,0.5558241758241759
aligned,valid,vision,32,0.02177260034775827,4.493406245039312,-30.58169937133789,21.52039909362793,0.5558241758241759
aligned,valid,vision,33,-0.45745780258058255,6.280227697959754,-26.10460090637207,26.221500396728516,0.5558241758241759
aligned,valid,vision,34,0.23898078716331148,3.3503955791587328,-15.340100288391113,13.219300270080566,0.5558241758241759
aligned,valid,text,0,0.09216415391621502,0.42548046610362217,-2.00559663772583,2.1982131004333496,0.0
aligned,valid,text,1,-0.045984362126430395,0.3629975871897811,-1.896551251411438,1.8019031286239624,0.0
aligned,valid,text,2,0.2232286949149732,0.37312436797617915,-1.5870381593704224,2.403697967529297,0.0
aligned,valid,text,3,0.05503020091959695,0.30164666180752203,-1.6593844890594482,1.3059097528457642,0.0
aligned,valid,text,4,0.15254473614076583,0.37660430611893997,-1.5566226243972778,2.5436582565307617,0.0
aligned,valid,text,5,-0.14473749012138776,0.3603021741278575,-1.8924380540847778,1.653716802597046,0.0
aligned,valid,text,6,0.061612571917632905,0.34953922154901806,-1.5653440952301025,2.2297747135162354,0.0
aligned,valid,text,7,0.4662573526690683,0.47729037572885824,-1.0954644680023193,2.917759418487549,0.0
aligned,valid,text,8,0.04320978104643483,0.3755577398981144,-2.2668893337249756,1.7044377326965332,0.0
aligned,valid,text,9,-0.14880126186513476,0.3789705792827332,-2.0892059803009033,1.4825999736785889,0.0
aligned,valid,text,10,0.08942099277851182,0.3116880293531461,-1.5839824676513672,1.9615753889083862,0.0
aligned,valid,text,11,-0.10555743685752092,0.401587256692396,-1.9186686277389526,1.3374332189559937,0.0
aligned,valid,text,12,0.013166641066654248,0.3255157605150487,-2.0070323944091797,1.317927598953247,0.0
aligned,valid,text,13,0.24642381560986165,0.38081562674551894,-1.416758418083191,2.511561393737793,0.0
aligned,valid,text,14,-0.0706944866545382,0.37068563807029997,-1.8725241422653198,1.5532007217407227,0.0
aligned,valid,text,15,0.16529941652911706,0.44154929825161826,-1.645776629447937,2.368828535079956,0.0
aligned,valid,text,16,0.09060732772769,0.3357891350972138,-1.6179051399230957,1.783287763595581,0.0
aligned,valid,text,17,0.0440769507357298,0.3359648687660866,-1.5633589029312134,1.7695066928863525,0.0
aligned,valid,text,18,0.003598535046656872,0.39183721086628287,-2.5645458698272705,1.9079877138137817,0.0
aligned,valid,text,19,0.20020213497665731,0.39064455704225576,-1.226717472076416,2.2424161434173584,0.0
aligned,valid,text,20,0.022156913775776686,0.3767133148854364,-1.9867204427719116,2.101094961166382,0.0
aligned,valid,text,21,0.03844213875309963,0.3202838336147191,-1.8061336278915405,1.784814715385437,0.0
aligned,valid,text,22,-0.05695185327753399,0.3554224614933316,-2.2090041637420654,1.4743088483810425,0.0
aligned,valid,text,23,0.17566641569603234,0.4536392113395902,-1.2005285024642944,2.452089309692383,0.0
aligned,valid,text,24,0.31525133874635775,0.34244286134608914,-1.0899142026901245,1.9745806455612183,0.0
aligned,valid,text,25,0.04189167144508766,0.3794870572289701,-2.1333320140838623,1.587906837463379,0.0
aligned,valid,text,26,-0.034671427082516006,0.31999163428783495,-1.621736764907837,1.367004156112671,0.0
aligned,valid,text,27,0.04717084966390138,0.34744497450974643,-1.7593021392822266,1.7299760580062866,0.0
aligned,valid,text,28,-0.26068584817830104,0.32845585576451797,-1.8024975061416626,1.4117491245269775,0.0
aligned,valid,text,29,-0.04348972749292523,0.367675451746096,-1.941908597946167,1.5816012620925903,0.0
aligned,valid,text,30,0.2308418031894745,0.40991592283659983,-1.6199135780334473,2.3245344161987305,0.0
aligned,valid,text,31,-0.03988793786144355,0.33939538039074535,-1.563797950744629,1.620158314704895,0.0
aligned,valid,text,32,-0.057003949243744204,0.41951411078556394,-1.948091983795166,1.7539546489715576,0.0
aligned,valid,text,33,-0.03732870445095494,0.4089981363367965,-1.8922183513641357,1.58366060256958,0.0
aligned,valid,text,34,-0.09454228609810574,0.4047784054754392,-1.9148153066635132,1.9015998840332031,0.0
aligned,valid,text,35,-0.10049457239375992,0.38221903224757,-1.6353683471679688,1.5984870195388794,0.0
aligned,valid,text,36,-0.10022093597031966,0.3415369777222733,-2.136697769165039,1.648031234741211,0.0
aligned,valid,text,37,0.008680718366343241,0.34917722235891097,-1.790501356124878,1.5190268754959106,0.0
aligned,valid,text,38,-0.20816957777194617,0.34125828568966127,-1.956946611404419,1.5293463468551636,0.0
aligned,valid,text,39,-0.006586762452395735,0.33756983176687,-1.4863492250442505,1.7711461782455444,0.0
aligned,valid,text,40,-0.35794849480399965,0.43227119718973384,-2.7584228515625,1.4976011514663696,0.0
aligned,valid,text,41,-0.21022142413361408,0.3347447539465008,-2.2546119689941406,1.4738937616348267,0.0
aligned,valid,text,42,0.02398647848373422,0.33857866808483783,-2.381380319595337,1.8269007205963135,0.0
aligned,valid,text,43,-0.10388480410675753,0.37998049121470767,-1.8773508071899414,1.6418389081954956,0.0
aligned,valid,text,44,-0.24495500400048364,0.34220571053837506,-2.126441240310669,1.4632282257080078,0.0
aligned,valid,text,45,-0.17862802640667982,0.3339860185961413,-2.28121018409729,1.3803659677505493,0.0
aligned,valid,text,46,0.2308059929718601,0.6806588044737961,-4.715950965881348,2.9113001823425293,0.0
aligned,valid,text,47,-0.06971317049191854,0.36493996035184867,-2.219609498977661,1.7143584489822388,0.0
aligned,valid,text,48,-0.0026891825607066955,0.4145095941673114,-1.8995264768600464,2.1357033252716064,0.0
aligned,valid,text,49,-0.1421769258068813,0.42300147121244663,-2.351957321166992,1.7549294233322144,0.0
aligned,valid,text,50,-0.2492549759477817,0.3954300258125335,-2.378328323364258,1.6286336183547974,0.0
aligned,valid,text,51,0.1499433227600325,0.34927848130557904,-1.5045890808105469,2.047365665435791,0.0
aligned,valid,text,52,-0.07413481432033682,0.40867114594465653,-2.0200014114379883,2.1478233337402344,0.0
aligned,valid,text,53,0.018806417928522473,0.3430480380056861,-1.9258378744125366,1.4208555221557617,0.0
aligned,valid,text,54,0.12828357356651635,0.3279131567550194,-1.2349945306777954,1.742621660232544,0.0
aligned,valid,text,55,0.26481038118267414,0.45764698476307575,-1.127311110496521,2.3828299045562744,0.0
aligned,valid,text,56,-0.0592718335027406,0.354431375018987,-1.8930281400680542,1.9052492380142212,0.0
aligned,valid,text,57,-0.3545553313757058,0.39819475954129946,-2.4404850006103516,1.4384689331054688,0.0
aligned,valid,text,58,-0.36724119630732266,0.3896943011680584,-2.2089004516601562,1.232650637626648,0.0
aligned,valid,text,59,-0.10536956091483052,0.3381749319638282,-1.9529591798782349,1.5225276947021484,0.0
aligned,valid,text,60,0.17226584601640743,0.37693730815523413,-1.7521133422851562,2.12367844581604,0.0
aligned,valid,text,61,-0.09978713168885436,0.3365992413068655,-1.5976524353027344,1.5741746425628662,0.0
aligned,valid,text,62,0.06183918809651264,0.3161931542581594,-1.4363337755203247,1.5637315511703491,0.0
aligned,valid,text,63,-0.22965287013465518,0.4100993175509185,-2.2271976470947266,1.0112805366516113,0.0
aligned,valid,text,64,0.14593328788717902,0.35656110334751817,-1.5655838251113892,1.9893265962600708,0.0
aligned,valid,text,65,0.053174725954912114,0.35448529290492364,-1.550064206123352,1.9359838962554932,0.0
aligned,valid,text,66,0.15129947032163638,0.39759232850387977,-1.9212676286697388,1.921791911125183,0.0
aligned,valid,text,67,0.19901612735465987,0.4126068060124929,-1.4487532377243042,2.6581883430480957,0.0
aligned,valid,text,68,-0.41190162687045573,0.4101224964352648,-2.425150156021118,1.3371895551681519,0.0
aligned,valid,text,69,-0.015830103924354362,0.4381495478225242,-1.9408535957336426,1.9897736310958862,0.0
aligned,valid,text,70,-0.21129785083308508,0.38906604946629786,-2.007096529006958,1.5876277685165405,0.0
aligned,valid,text,71,-0.17634567757697447,0.34470488852400616,-1.8257942199707031,1.790851354598999,0.0
aligned,valid,text,72,-0.13330616615784283,0.3616700101244072,-2.6043381690979004,1.9330123662948608,0.0
aligned,valid,text,73,-0.16948209747185952,0.37302307280388386,-1.8215463161468506,1.6406782865524292,0.0
aligned,valid,text,74,-0.029520149772799993,0.4147245141899552,-1.9894137382507324,1.6809585094451904,0.0
aligned,valid,text,75,0.07031432002117591,0.3657563954800484,-1.708388090133667,1.9472932815551758,0.0
aligned,valid,text,76,-0.020894905897727297,0.3658005879241431,-1.8873393535614014,1.4335269927978516,0.0
aligned,valid,text,77,0.12464549627313698,0.3153233056503667,-1.339805006980896,1.9691011905670166,0.0
aligned,valid,text,78,0.057960900855864715,0.33003890819056053,-1.5713423490524292,1.9747329950332642,0.0
aligned,valid,text,79,0.024637216136453078,0.3466287499407361,-2.0668227672576904,1.6690950393676758,0.0
aligned,valid,text,80,-0.06577643738691132,0.36385099132735543,-2.248286008834839,1.395898461341858,0.0
aligned,valid,text,81,0.3181417069132798,0.43275271568977264,-1.763004183769226,2.363576650619507,0.0
aligned,valid,text,82,-0.03472931539854751,0.378661605157669,-2.4424352645874023,2.655604124069214,0.0
aligned,valid,text,83,0.23562922259017435,0.40063956056152894,-1.6212222576141357,2.284642457962036,0.0
aligned,valid,text,84,0.061742807104569544,0.3388991567128961,-1.3234848976135254,1.7504589557647705,0.0
aligned,valid,text,85,0.046025213098593545,0.3327415826102785,-1.4254838228225708,1.8121906518936157,0.0
aligned,valid,text,86,-0.02300253006245859,0.35993123885375633,-2.0464439392089844,1.894500970840454,0.0
aligned,valid,text,87,0.12590637961082712,0.35723500982956224,-2.028170347213745,1.735325813293457,0.0
aligned,valid,text,88,-0.16381906744839808,0.3725425246014302,-2.2969493865966797,1.5992906093597412,0.0
aligned,valid,text,89,0.35819694391093576,0.4681090843981742,-1.5702979564666748,2.6536505222320557,0.0
aligned,valid,text,90,-0.036842925905193724,0.33809461965277116,-2.286787509918213,1.766535758972168,0.0
aligned,valid,text,91,-0.15309520533103702,0.3385779705288742,-1.9345488548278809,1.872256875038147,0.0
aligned,valid,text,92,0.09608168016730265,0.3578335202606986,-1.54787278175354,2.044954538345337,0.0
aligned,valid,text,93,0.09635839331534353,0.29564992414248636,-1.5801928043365479,1.9147539138793945,0.0
aligned,valid,text,94,0.17462138922803186,0.3254183721264595,-1.5225718021392822,2.0441932678222656,0.0
aligned,valid,text,95,-0.20940112754549053,0.3757394928672984,-2.0298521518707275,1.543878436088562,0.0
aligned,valid,text,96,0.12733531873545273,0.4396018847204463,-1.3312876224517822,2.0732064247131348,0.0
aligned,valid,text,97,-0.058651893020333766,0.30408868110245074,-1.6489099264144897,1.636908769607544,0.0
aligned,valid,text,98,-0.12134898420425828,0.3618313047878268,-2.0679986476898193,2.08575701713562,0.0
aligned,valid,text,99,0.18378916856698477,0.4744599301310297,-1.5510109663009644,2.4777464866638184,0.0
aligned,valid,text,100,0.00881508206334579,0.40062983560952387,-1.8604258298873901,2.894672155380249,0.0
aligned,valid,text,101,-0.4551462759277118,0.4409112088336317,-2.6426167488098145,2.1446237564086914,0.0
aligned,valid,text,102,0.0012947838545705264,0.3497399670330755,-1.7125660181045532,1.98629891872406,0.0
aligned,valid,text,103,-0.03898177366389043,0.3999178080889559,-1.9737621545791626,1.7580780982971191,0.0
aligned,valid,text,104,-0.1397025769272471,0.3818846836744075,-2.006340980529785,1.6622977256774902,0.0
aligned,valid,text,105,-0.06768995871237776,0.2841556716451691,-1.4359079599380493,1.4453266859054565,0.0
aligned,valid,text,106,0.17557856607179229,0.3309293378937163,-1.5001075267791748,2.1373796463012695,0.0
aligned,valid,text,107,-0.06446574995846867,0.41297123529328683,-1.6596550941467285,2.2843525409698486,0.0
aligned,valid,text,108,-0.008428823437879455,0.3576741709044735,-1.669446349143982,1.875195026397705,0.0
aligned,valid,text,109,0.14759724050964956,0.5654574042508381,-3.345107316970825,2.00384259223938,0.0
aligned,valid,text,110,-0.0460274717914309,0.3806977130209981,-1.71022367477417,1.8431549072265625,0.0
aligned,valid,text,111,-0.027637112085543737,0.3668655690492844,-2.035571336746216,1.4793155193328857,0.0
aligned,valid,text,112,0.004400178649204343,0.34466214186194327,-1.662339687347412,1.95159113407135,0.0
aligned,valid,text,113,-0.13139043355406682,0.3500283097344115,-2.0274717807769775,1.625380516052246,0.0
aligned,valid,text,114,-0.1891192378786106,0.32845391089122583,-1.8693807125091553,1.551245927810669,0.0
aligned,valid,text,115,0.13927774693422879,0.3777190000944847,-1.424293041229248,1.9726885557174683,0.0
aligned,valid,text,116,0.00038590879231348513,0.34204746915306755,-1.7024081945419312,1.5569994449615479,0.0
aligned,valid,text,117,-0.13408297314948228,0.35490454524890747,-2.0053703784942627,2.2145042419433594,0.0
aligned,valid,text,118,0.03159321910343491,0.39043739805325395,-1.870070219039917,1.8017685413360596,0.0
aligned,valid,text,119,0.1466732156404184,0.33076888157845,-1.3448137044906616,2.145214080810547,0.0
aligned,valid,text,120,-0.011071074666854527,0.3896374457606228,-1.6823829412460327,1.8180590867996216,0.0
aligned,valid,text,121,0.05647380321603882,0.3970008280844461,-2.1251494884490967,1.7274374961853027,0.0
aligned,valid,text,122,0.04403278048344374,0.328285547841714,-1.4884520769119263,1.7325361967086792,0.0
aligned,valid,text,123,0.4840848056236691,0.44582051823188534,-1.6416441202163696,2.959427833557129,0.0
aligned,valid,text,124,-0.0047337667864061645,0.31603493457275456,-1.632509708404541,1.3903613090515137,0.0
aligned,valid,text,125,0.03206323689121016,0.33605674996541907,-1.50693941116333,1.940871238708496,0.0
aligned,valid,text,126,-0.04752504247302128,0.33863534103765786,-2.1616709232330322,1.8227875232696533,0.0
aligned,valid,text,127,0.04815710004555013,0.4306437321272573,-1.5792516469955444,1.8897463083267212,0.0
aligned,valid,text,128,-0.1852438411283931,0.34654643047359834,-2.2749826908111572,1.5151689052581787,0.0
aligned,valid,text,129,-0.35327916923746633,0.35235125481988216,-2.310570001602173,1.5077954530715942,0.0
aligned,valid,text,130,0.29559458438471437,0.37923198412528997,-1.5218814611434937,2.0333359241485596,0.0
aligned,valid,text,131,0.2966306346404167,0.33511159712386435,-1.4041975736618042,2.0146589279174805,0.0
aligned,valid,text,132,0.2222372392037625,0.3192300473100777,-1.179818868637085,1.87802255153656,0.0
aligned,valid,text,133,-0.15147873327284436,0.4695653036506821,-2.2684133052825928,1.3015692234039307,0.0
aligned,valid,text,134,-0.15133481464451076,0.3586393675046656,-2.0848782062530518,1.1009438037872314,0.0
aligned,valid,text,135,0.0158047464815388,0.38664163315216904,-2.0584957599639893,2.1807332038879395,0.0
aligned,valid,text,136,0.043578534579457165,0.34328736997221954,-1.5000511407852173,1.8801194429397583,0.0
aligned,valid,text,137,-0.20001811881501363,0.329715587609411,-2.1239705085754395,1.1675819158554077,0.0
aligned,valid,text,138,-0.050655782404713905,0.49471782225970057,-2.388909101486206,1.2938822507858276,0.0
aligned,valid,text,139,-0.10961312107578083,0.3972527688752977,-1.4228878021240234,1.5233840942382812,0.0
aligned,valid,text,140,0.02984827251046906,0.3646824714504951,-1.8765860795974731,1.8595038652420044,0.0
aligned,valid,text,141,0.048801306043668384,0.43415062490961276,-2.475790500640869,2.458970785140991,0.0
aligned,valid,text,142,0.22404886798595416,0.6140761331923785,-3.7287325859069824,2.5449156761169434,0.0
aligned,valid,text,143,-0.037028404689562804,0.41460591764246907,-1.901172161102295,2.308182716369629,0.0
aligned,valid,text,144,0.06035763360405146,0.3528121586112966,-1.3275784254074097,2.1466872692108154,0.0
aligned,valid,text,145,-0.07380454984370742,0.3610814669277837,-1.4549355506896973,2.058677911758423,0.0
aligned,valid,text,146,-0.1123308199159494,0.42089775325217693,-1.7739259004592896,1.8266854286193848,0.0
aligned,valid,text,147,-0.08159035475663635,0.39294626776618086,-2.0427799224853516,2.0976333618164062,0.0
aligned,valid,text,148,-0.09663548214320135,0.37544704561025916,-1.831291913986206,1.7585875988006592,0.0
aligned,valid,text,149,0.036944097861760186,0.3577497104405345,-1.6602423191070557,2.2490434646606445,0.0
aligned,valid,text,150,0.030062107493676205,0.3999628147097494,-1.5438278913497925,1.8398666381835938,0.0
aligned,valid,text,151,0.24582455458385605,0.39380733647551375,-1.9312641620635986,1.9209654331207275,0.0
aligned,valid,text,152,-0.10016532222064888,0.3089267881976791,-1.6140215396881104,1.2899813652038574,0.0
aligned,valid,text,153,-0.3446464659632849,0.3922451375018306,-2.317016363143921,1.3200764656066895,0.0
aligned,valid,text,154,-0.026067822458846802,0.34134615462655105,-1.6897836923599243,1.5053765773773193,0.0
aligned,valid,text,155,-0.011216306211426854,0.3377232775535845,-1.7818340063095093,1.4189543724060059,0.0
aligned,valid,text,156,-0.2699265743376544,0.4103759639294919,-2.1904258728027344,1.6397173404693604,0.0
aligned,valid,text,157,0.15180601761072546,0.34369579792751154,-1.3956142663955688,2.278886556625366,0.0
aligned,valid,text,158,-0.054084716713936117,0.37582706036792135,-2.436873435974121,1.8578869104385376,0.0
aligned,valid,text,159,0.15482738610877717,0.31219546624905,-1.3141580820083618,1.601270318031311,0.0
aligned,valid,text,160,0.358571308042808,0.3660310945459156,-1.5755773782730103,1.9200979471206665,0.0
aligned,valid,text,161,-0.04012973443287742,0.3884550894715295,-1.926176905632019,1.4714462757110596,0.0
aligned,valid,text,162,-0.13761527417675376,0.3532248705586195,-1.780326008796692,1.5767806768417358,0.0
aligned,valid,text,163,0.26966638687604033,0.4062144848232535,-1.6864641904830933,2.628640651702881,0.0
aligned,valid,text,164,0.022874189365020656,0.37906180684085683,-1.7960715293884277,2.021610736846924,0.0
aligned,valid,text,165,0.079314345813735,0.3627865383387352,-2.1474878787994385,2.1175427436828613,0.0
aligned,valid,text,166,0.015288487127374418,0.3726772077912471,-2.132389783859253,1.5896251201629639,0.0
aligned,valid,text,167,0.3728600891339746,0.42273230463404804,-1.3381812572479248,2.6041533946990967,0.0
aligned,valid,text,168,-0.010678337682089718,0.35344440203418914,-1.9251853227615356,1.57986319065094,0.0
aligned,valid,text,169,0.09598143094091338,0.3927376086371741,-2.032050848007202,1.8201172351837158,0.0
aligned,valid,text,170,-0.06961740321797001,0.3467224353895286,-1.8235864639282227,1.672302007675171,0.0
aligned,valid,text,171,-0.029689796893488985,0.3715627741594089,-2.203965425491333,1.909788966178894,0.0
aligned,valid,text,172,0.5628153062153577,0.39426515091708564,-0.9145710468292236,2.4496936798095703,0.0
aligned,valid,text,173,-0.04131023421859276,0.3642135071362392,-1.7940750122070312,1.4593830108642578,0.0
aligned,valid,text,174,-0.06447715043878326,0.4392427723093508,-2.2303266525268555,2.1284372806549072,0.0
aligned,valid,text,175,0.054936015989866804,0.35981721764250485,-1.9200528860092163,1.4723519086837769,0.0
aligned,valid,text,176,0.17204501123740695,0.36647909507817666,-1.561790943145752,1.8542916774749756,0.0
aligned,valid,text,177,0.1550625078871355,0.3352875340250987,-1.5694040060043335,1.8954161405563354,0.0
aligned,valid,text,178,0.11517549167586756,0.35166157190256114,-1.4931373596191406,1.8956897258758545,0.0
aligned,valid,text,179,0.055691188660317234,0.34783115104576884,-1.6416369676589966,1.8171943426132202,0.0
aligned,valid,text,180,-0.5671745981691548,1.6562943134183088,-9.62683391571045,0.570135235786438,0.0
aligned,valid,text,181,0.25276234936782743,0.42731277925165506,-2.011204719543457,2.181781053543091,0.0
aligned,valid,text,182,0.06874955908786813,0.3365926365612518,-1.353049874305725,2.1044182777404785,0.0
aligned,valid,text,183,-0.13519231676968368,0.44546593143917435,-2.0362141132354736,2.382546901702881,0.0
aligned,valid,text,184,0.11783503946042262,0.360780810858445,-1.9689435958862305,2.212057590484619,0.0
aligned,valid,text,185,-0.18797474456828211,0.3300050487056138,-2.1835687160491943,1.3488261699676514,0.0
aligned,valid,text,186,0.1510329467305852,0.4204436469348903,-2.0787746906280518,2.5833473205566406,0.0
aligned,valid,text,187,-0.20553149610196858,0.36148148705008076,-2.5059244632720947,1.489642858505249,0.0
aligned,valid,text,188,0.056874734369045186,0.36594517529651155,-1.8531842231750488,1.8418900966644287,0.0
aligned,valid,text,189,0.017563177773135378,0.38623224416399965,-1.683102011680603,1.851088047027588,0.0
aligned,valid,text,190,-0.23604923581955237,0.4092616952809304,-2.475947141647339,2.1155693531036377,0.0
aligned,valid,text,191,-0.2341360851387483,0.4099855856197885,-2.3461501598358154,2.028329849243164,0.0
aligned,valid,text,192,-0.1522080436261284,0.4065614958501049,-2.057459592819214,1.7179203033447266,0.0
aligned,valid,text,193,-0.06777011227404048,0.3271764602882532,-1.8618391752243042,1.5258512496948242,0.0
aligned,valid,text,194,0.0773616017776306,0.37063724014895455,-1.682222604751587,1.8584588766098022,0.0
aligned,valid,text,195,-0.3521155219216022,0.3776074466831434,-2.462942361831665,1.5419961214065552,0.0
aligned,valid,text,196,-0.024204751878048058,0.36687025975786414,-2.0254733562469482,1.7966021299362183,0.0
aligned,valid,text,197,0.014682311698651085,0.4310463489528931,-2.4123382568359375,2.055346965789795,0.0
aligned,valid,text,198,-0.14908661892618422,0.44291918171022177,-2.2664854526519775,1.3892085552215576,0.0
aligned,valid,text,199,0.016973421197118504,0.3138956303761622,-1.7781176567077637,1.8745431900024414,0.0
aligned,valid,text,200,0.12171479387004133,0.3575901038953521,-1.7258013486862183,1.8439899682998657,0.0
aligned,valid,text,201,-0.03565449466284078,0.3057582636523193,-1.664259910583496,1.4941853284835815,0.0
aligned,valid,text,202,0.15312918698798947,0.362478622299155,-1.5317652225494385,1.9952352046966553,0.0
aligned,valid,text,203,0.0953692631343134,0.3351118931099513,-1.8158562183380127,1.7080060243606567,0.0
aligned,valid,text,204,-0.11816657742945948,0.373613459597272,-1.9486547708511353,2.363710641860962,0.0
aligned,valid,text,205,-0.020922206323696197,0.763734196772203,-2.1263535022735596,4.626781940460205,0.0
aligned,valid,text,206,0.16170122842329995,0.32705733888701616,-1.583248496055603,1.7416796684265137,0.0
aligned,valid,text,207,-0.025975587227289657,0.31261372419405353,-1.6322697401046753,1.4933452606201172,0.0
aligned,valid,text,208,-0.041559238385173725,0.35960726252966513,-1.8100473880767822,1.6858659982681274,0.0
aligned,valid,text,209,0.10496748495795816,0.3380546683033267,-1.607970118522644,1.919927716255188,0.0
aligned,valid,text,210,-0.23411709463524447,0.37959025994312406,-2.245457172393799,1.351091742515564,0.0
aligned,valid,text,211,0.34616863973684364,0.38381862557612834,-1.629209280014038,2.277292251586914,0.0
aligned,valid,text,212,-0.026819890962995505,0.32894271507495926,-1.7568992376327515,1.7423346042633057,0.0
aligned,valid,text,213,-0.00817990291444073,0.37093248905914455,-1.7291889190673828,1.8944717645645142,0.0
aligned,valid,text,214,0.051816251005211096,0.3335940102474499,-1.9436485767364502,1.513859748840332,0.0
aligned,valid,text,215,0.026485707176040735,0.3074428408256822,-1.552994728088379,1.5365536212921143,0.0
aligned,valid,text,216,0.033581290809376226,0.31344392950196126,-1.5745038986206055,1.5858006477355957,0.0
aligned,valid,text,217,-0.043151257356915336,0.3911691308668157,-2.131655693054199,1.7058871984481812,0.0
aligned,valid,text,218,-0.09697112950547547,0.3719749427559138,-2.0185985565185547,1.686006784439087,0.0
aligned,valid,text,219,-0.03455562938712179,0.34567338941521164,-1.5854096412658691,1.530900001525879,0.0
aligned,valid,text,220,0.16927478628785728,0.4062678601542746,-1.8925927877426147,2.0690314769744873,0.0
aligned,valid,text,221,-0.15911015718663624,0.33712337770467915,-1.577864646911621,1.7308753728866577,0.0
aligned,valid,text,222,-0.20321301411632653,0.42988948615385536,-2.652432918548584,1.5762630701065063,0.0
aligned,valid,text,223,0.2009431936742564,0.3238400434075668,-1.172601342201233,2.158177137374878,0.0
aligned,valid,text,224,-0.12044285379667449,0.40039969889400673,-2.4874985218048096,1.6723134517669678,0.0
aligned,valid,text,225,0.297604892312723,0.5645210554337161,-2.1481940746307373,3.150932550430298,0.0
aligned,valid,text,226,0.1069666753643305,0.36333025614586845,-1.7579259872436523,2.082533121109009,0.0
aligned,valid,text,227,-0.16958651872750904,0.41860086901362015,-2.2845866680145264,1.8932642936706543,0.0
aligned,valid,text,228,0.2320766998450323,0.34945694374530983,-1.8522496223449707,1.9336738586425781,0.0
aligned,valid,text,229,0.15301592500579247,0.5433741563720006,-2.4856464862823486,2.7223336696624756,0.0
aligned,valid,text,230,-0.05865615669714676,0.33960353608570526,-2.0314958095550537,1.8159939050674438,0.0
aligned,valid,text,231,-0.11017231629061215,0.3878377524420303,-2.088205099105835,1.923537254333496,0.0
aligned,valid,text,232,0.17477765600289127,0.40957605715042605,-1.3248628377914429,2.299424648284912,0.0
aligned,valid,text,233,-0.046069697398210395,0.35647805201888394,-2.0200819969177246,1.988568902015686,0.0
aligned,valid,text,234,-0.06178001435146063,0.35216922713284926,-1.8310571908950806,2.04183292388916,0.0
aligned,valid,text,235,0.10451304152165283,0.37342098119405814,-1.735680341720581,1.585891604423523,0.0
aligned,valid,text,236,-0.13627931701616836,0.40828937674423643,-2.5503406524658203,1.3332600593566895,0.0
aligned,valid,text,237,-0.19001539262681993,0.32823509998528355,-1.8350030183792114,1.3525950908660889,0.0
aligned,valid,text,238,0.03807111353147775,0.33139898563387865,-1.8383944034576416,2.0838232040405273,0.0
aligned,valid,text,239,-0.12695382556233267,0.33101021203752934,-1.9533047676086426,1.261376976966858,0.0
aligned,valid,text,240,-0.23776367529904327,0.29654164465241256,-1.792373776435852,1.1758335828781128,0.0
aligned,valid,text,241,0.20582142669194223,0.3616156348597309,-1.3688600063323975,2.139785051345825,0.0
aligned,valid,text,242,0.1349631697138014,0.3731192018345896,-1.53006911277771,2.1822891235351562,0.0
aligned,valid,text,243,0.1569827218340188,0.3258767731470116,-1.2624127864837646,1.981005311012268,0.0
aligned,valid,text,244,0.02960516076462067,0.3752742186710935,-1.6096701622009277,1.8613786697387695,0.0
aligned,valid,text,245,0.1133486454780367,0.3292996610780503,-1.7179384231567383,1.8170299530029297,0.0
aligned,valid,text,246,0.12380566398597803,0.4162455604389481,-1.871416449546814,1.7302849292755127,0.0
aligned,valid,text,247,-0.09548601181317981,0.3749859079483006,-1.6938769817352295,1.5351183414459229,0.0
aligned,valid,text,248,-0.08292097923540316,0.38201544454306885,-2.014789342880249,1.45991051197052,0.0
aligned,valid,text,249,-0.10548338035940305,0.30104844554533905,-1.7765326499938965,1.386793851852417,0.0
aligned,valid,text,250,-0.3143936887032936,0.38073202563620123,-2.1660099029541016,1.422905445098877,0.0
aligned,valid,text,251,-0.29802582822207896,0.5192294578676281,-2.6072754859924316,2.8691132068634033,0.0
aligned,valid,text,252,-0.020382893561887053,0.3253536374965505,-1.7956405878067017,1.4994343519210815,0.0
aligned,valid,text,253,-0.2668069623355948,0.3834641278657672,-2.1264266967773438,1.144544243812561,0.0
aligned,valid,text,254,0.0456393624035703,0.419063629512266,-2.4537441730499268,2.232797145843506,0.0
aligned,valid,text,255,-0.19185950672540528,0.38539776137320286,-1.9893085956573486,1.4142156839370728,0.0
aligned,valid,text,256,-0.18870836578463052,0.3317116123171177,-2.0154523849487305,1.2566595077514648,0.0
aligned,valid,text,257,-0.05020234505061935,0.38597112047592624,-1.854042410850525,1.6522523164749146,0.0
aligned,valid,text,258,0.0646682228073273,0.3701107502602365,-1.8323487043380737,1.5982694625854492,0.0
aligned,valid,text,259,-0.01969080256968532,0.33658090225645393,-1.5299618244171143,1.5879203081130981,0.0
aligned,valid,text,260,0.15762919948113938,0.42661786104034743,-1.8544265031814575,3.0588912963867188,0.0
aligned,valid,text,261,0.07427553565538192,0.3378355236682753,-1.4189958572387695,1.89203941822052,0.0
aligned,valid,text,262,0.12073488778178836,0.41974375221915106,-1.9120440483093262,2.3776121139526367,0.0
aligned,valid,text,263,-0.06204595872600164,0.35874916165516246,-1.4720163345336914,1.9674502611160278,0.0
aligned,valid,text,264,-0.28442085764642067,0.4278612810796727,-2.291412353515625,1.1022372245788574,0.0
aligned,valid,text,265,-0.26487239284062203,0.4436601448555059,-2.494415044784546,1.3161849975585938,0.0
aligned,valid,text,266,0.018609481714256516,0.3966513712176422,-2.0897035598754883,1.8996610641479492,0.0
aligned,valid,text,267,0.06141878428822895,0.35910341331982276,-1.5434609651565552,1.9808064699172974,0.0
aligned,valid,text,268,0.02951106921236535,0.3421774363903214,-1.6044995784759521,2.0446012020111084,0.0
aligned,valid,text,269,0.15106286460428836,0.37942092639491504,-1.7806029319763184,2.0854692459106445,0.0
aligned,valid,text,270,0.044703050121603596,0.3452480978762182,-1.92376708984375,1.7156293392181396,0.0
aligned,valid,text,271,-0.07454836119214524,0.3522901360733332,-2.0542092323303223,1.6039849519729614,0.0
aligned,valid,text,272,0.03634188943909696,0.35942724810026205,-1.687406063079834,1.7820441722869873,0.0
aligned,valid,text,273,0.35938891833555975,0.7135740276173894,-5.220471382141113,2.21295428276062,0.0
aligned,valid,text,274,-0.15707064743726873,0.3840262614243797,-2.619683027267456,1.574180006980896,0.0
aligned,valid,text,275,-0.16755331449348806,0.3946959391340626,-2.0426530838012695,1.624914288520813,0.0
aligned,valid,text,276,0.22101871088965908,0.3054947337793259,-1.2711331844329834,1.7505912780761719,0.0
aligned,valid,text,277,0.15902159259446239,0.33361694702376055,-1.4067237377166748,1.9357705116271973,0.0
aligned,valid,text,278,0.004815492902160878,0.32653992860125136,-1.7174699306488037,1.830863356590271,0.0
aligned,valid,text,279,-0.03557959249396655,0.395336711041163,-1.935928225517273,1.7900470495224,0.0
aligned,valid,text,280,0.012286162645770954,0.3739038504236464,-1.342113971710205,1.8768056631088257,0.0
aligned,valid,text,281,0.3358821182377166,0.42310725163928814,-1.9295299053192139,2.5085556507110596,0.0
aligned,valid,text,282,-0.35460731468675144,0.38509672846713844,-2.1645188331604004,1.5014350414276123,0.0
aligned,valid,text,283,0.05787826144392346,0.3315119946940892,-1.5619490146636963,1.552742600440979,0.0
aligned,valid,text,284,0.11699999752935472,0.43100863230644526,-2.505762815475464,1.4019685983657837,0.0
aligned,valid,text,285,-0.18764947617667022,0.3279280794434241,-1.943825602531433,1.7368669509887695,0.0
aligned,valid,text,286,0.022208685202275882,0.3683394390059587,-1.732770323753357,1.7987674474716187,0.0
aligned,valid,text,287,-0.10615430980194156,0.571608085952169,-2.136784076690674,3.199225902557373,0.0
aligned,valid,text,288,-0.20869591826153408,0.3433640004807486,-1.8549944162368774,1.3237205743789673,0.0
aligned,valid,text,289,-0.1835885676417428,0.3774664302767446,-2.169327735900879,1.3442503213882446,0.0
aligned,valid,text,290,-0.08652695644245186,0.3232565297022151,-1.8827083110809326,1.3511296510696411,0.0
aligned,valid,text,291,0.12389422207057559,0.3462810544832074,-2.3957598209381104,1.7418475151062012,0.0
aligned,valid,text,292,-0.12471377603203099,0.35142365088022115,-2.071803331375122,1.7846333980560303,0.0
aligned,valid,text,293,-0.18834520910656755,0.3561730382738642,-2.05487060546875,1.5512495040893555,0.0
aligned,valid,text,294,0.36610276286794735,0.3547389210433554,-1.6080992221832275,2.290133237838745,0.0
aligned,valid,text,295,-0.037666863899800805,0.3215394887079231,-1.7582740783691406,1.6252965927124023,0.0
aligned,valid,text,296,0.1594300529280176,0.33931147697603053,-1.3457844257354736,1.706878900527954,0.0
aligned,valid,text,297,0.18144865926007156,0.3549562324430575,-1.4846811294555664,1.8129055500030518,0.0
aligned,valid,text,298,0.10973045748842696,0.38111335765503274,-1.403762936592102,2.105767250061035,0.0
aligned,valid,text,299,-0.02522185077343218,0.3307182739726753,-2.016979932785034,1.524492621421814,0.0
aligned,valid,text,300,-0.10019094289126959,0.39996393258266844,-2.297528028488159,1.8460495471954346,0.0
aligned,valid,text,301,-0.030861931957079324,0.418014793937766,-2.1434943675994873,2.0468931198120117,0.0
aligned,valid,text,302,0.1765196185964313,0.3748080053222358,-1.7727423906326294,1.886364459991455,0.0
aligned,valid,text,303,-0.00040462368930393197,0.37524728537522084,-1.3830398321151733,2.1623432636260986,0.0
aligned,valid,text,304,-0.05575138137780723,0.4879286242333012,-2.2508206367492676,2.3152453899383545,0.0
aligned,valid,text,305,0.144573788292051,0.3283242433723298,-1.4888458251953125,2.0384774208068848,0.0
aligned,valid,text,306,-0.029444800335146324,0.33305179699686027,-1.9207520484924316,1.461877703666687,0.0
aligned,valid,text,307,-0.2135527264456083,0.4460924864209251,-2.5391509532928467,1.3200626373291016,0.0
aligned,valid,text,308,-5.001398580737494,2.0172304115520094,-7.082085132598877,4.166059494018555,0.0
aligned,valid,text,309,-0.028856261837255252,0.3341560738704696,-1.8998461961746216,1.8470240831375122,0.0
aligned,valid,text,310,0.00727218265141166,0.3366971260406598,-1.8089936971664429,1.7683236598968506,0.0
aligned,valid,text,311,-0.14693131837290252,0.3382537376403609,-1.8319324254989624,1.4438005685806274,0.0
aligned,valid,text,312,0.10797706687505675,0.3391735240655281,-1.2247439622879028,1.888227105140686,0.0
aligned,valid,text,313,-0.03516186097810802,0.33498046166751605,-1.6939988136291504,1.7847166061401367,0.0
aligned,valid,text,314,0.06564361503439864,0.3791862583144639,-1.891705870628357,1.9523855447769165,0.0
aligned,valid,text,315,-0.13273205610810893,0.29703753900575014,-1.8727142810821533,1.1247105598449707,0.0
aligned,valid,text,316,-0.28313813763019785,0.3858070227497516,-2.3099818229675293,1.2541917562484741,0.0
aligned,valid,text,317,-0.0021215941509805047,0.3303353044978041,-1.6787443161010742,1.7909168004989624,0.0
aligned,valid,text,318,0.04810810227307829,0.42233916815498224,-2.0972070693969727,1.7783924341201782,0.0
aligned,valid,text,319,-0.1599514305411971,0.3458055232720254,-2.028454065322876,1.371503472328186,0.0
aligned,valid,text,320,0.14546351597255486,0.3565941211350427,-1.51548433303833,2.020375967025757,0.0
aligned,valid,text,321,0.13238669726654764,0.34617944178291027,-1.6394182443618774,1.8901880979537964,0.0
aligned,valid,text,322,0.13259419002602194,0.33882330796738297,-1.553704857826233,1.913830280303955,0.0
aligned,valid,text,323,-0.014466740421254884,0.41875209619372633,-2.2424256801605225,1.773055911064148,0.0
aligned,valid,text,324,0.18261699049508423,0.3809622158997199,-2.39703369140625,1.895890474319458,0.0
aligned,valid,text,325,-0.23940379466825668,0.3620992721049513,-2.0150530338287354,1.5026118755340576,0.0
aligned,valid,text,326,-0.15509258522212013,0.3363435009154645,-1.9287116527557373,1.5568290948867798,0.0
aligned,valid,text,327,0.41799187595546655,0.422114327086737,-1.0766997337341309,2.384716749191284,0.0
aligned,valid,text,328,-0.17339221989582446,0.3542054527876692,-1.8841512203216553,1.650200366973877,0.0
aligned,valid,text,329,-0.2606915423704393,0.387947098608145,-2.304990530014038,1.871840238571167,0.0
aligned,valid,text,330,0.1654215131379705,0.3380453854918473,-1.4432145357131958,1.6377151012420654,0.0
aligned,valid,text,331,-0.05179086007505328,0.3180084080507559,-1.788659691810608,1.411036491394043,0.0
aligned,valid,text,332,0.22224488968326414,0.40044150706939047,-1.3022291660308838,2.0425519943237305,0.0
aligned,valid,text,333,0.34380256061391024,0.4633312780562373,-2.158818244934082,2.803701877593994,0.0
aligned,valid,text,334,-0.08328651898688955,0.40980316864888594,-2.220923662185669,2.015016794204712,0.0
aligned,valid,text,335,0.029508754030161233,0.34767737539450105,-1.5890824794769287,1.608066439628601,0.0
aligned,valid,text,336,-0.26071662004888674,0.3969561488736018,-2.1133005619049072,1.5346732139587402,0.0
aligned,valid,text,337,-0.06412878566513677,0.34377720357104297,-1.6463619470596313,2.2639822959899902,0.0
aligned,valid,text,338,-0.057814007896090765,0.37400574545541587,-1.8847845792770386,1.84149968624115,0.0
aligned,valid,text,339,-0.1098523761303379,0.3562693284605971,-1.9938167333602905,1.4073036909103394,0.0
aligned,valid,text,340,0.026030746049524007,0.322140344172391,-1.3446123600006104,1.7025256156921387,0.0
aligned,valid,text,341,0.09574271590593475,0.38034409092624977,-2.2288520336151123,2.7487142086029053,0.0
aligned,valid,text,342,0.09455752809826223,0.33230210071331556,-1.4539986848831177,1.7340315580368042,0.0
aligned,valid,text,343,-0.061686536464789,0.30774482851711715,-1.8480278253555298,1.4559639692306519,0.0
aligned,valid,text,344,-0.013508188438212889,0.3242584983607417,-1.6396870613098145,1.4835472106933594,0.0
aligned,valid,text,345,-0.25901895485173626,0.3577841284657508,-1.9647786617279053,1.1116522550582886,0.0
aligned,valid,text,346,-0.013590991742074858,0.5000755773151512,-2.1252036094665527,1.8714215755462646,0.0
aligned,valid,text,347,-0.06335895573557866,0.36381806652469434,-2.042677879333496,1.5861567258834839,0.0
aligned,valid,text,348,0.07050501401096092,0.3956918294053136,-1.9314947128295898,1.8698525428771973,0.0
aligned,valid,text,349,-0.20077004099448958,0.4770284781148246,-3.090305805206299,1.4927295446395874,0.0
aligned,valid,text,350,-0.028552391038245552,0.3319615090884897,-1.5074336528778076,1.9074571132659912,0.0
aligned,valid,text,351,-0.09519923579653951,0.38979508593634093,-2.496528387069702,1.6787892580032349,0.0
aligned,valid,text,352,0.3548570477941002,0.5830911753830632,-1.0062544345855713,2.6611833572387695,0.0
aligned,valid,text,353,-0.16015386925764627,0.332578906183879,-1.7573736906051636,1.547519564628601,0.0
aligned,valid,text,354,0.0709518252799267,0.4179425131397064,-2.1409454345703125,1.8195520639419556,0.0
aligned,valid,text,355,-0.11493253977549682,0.3809932292379596,-2.293679714202881,1.7714821100234985,0.0
aligned,valid,text,356,0.08679869036927082,0.3235509504293801,-1.558140754699707,1.6913025379180908,0.0
aligned,valid,text,357,0.16706561948203452,0.3110290022328256,-1.567182183265686,2.198910713195801,0.0
aligned,valid,text,358,0.23336869619669046,0.3652385220958078,-1.7145546674728394,1.9888843297958374,0.0
aligned,valid,text,359,0.05065499190067115,0.34882109313311244,-2.1600341796875,2.3248021602630615,0.0
aligned,valid,text,360,-0.10825015811285434,0.4124550657964993,-2.1275906562805176,1.839261531829834,0.0
aligned,valid,text,361,-0.1292022209033718,0.3273076773994634,-1.8550591468811035,1.4672393798828125,0.0
aligned,valid,text,362,-0.04825316893970492,0.3538219071128308,-2.023346185684204,1.6334863901138306,0.0
aligned,valid,text,363,0.017536647455142503,0.3412606304821575,-1.5237317085266113,1.7652273178100586,0.0
aligned,valid,text,364,0.2111009641039789,0.38521498830681866,-1.206531047821045,2.0838632583618164,0.0
aligned,valid,text,365,0.3483451119466598,0.4097688445851063,-1.6046148538589478,2.321383237838745,0.0
aligned,valid,text,366,-0.1314742225470088,0.3407218886009773,-1.978484869003296,1.5149543285369873,0.0
aligned,valid,text,367,-0.25340263565848736,0.3696516891150875,-2.5978498458862305,1.772778034210205,0.0
aligned,valid,text,368,0.0872696827881161,0.36661207246788136,-1.516264796257019,2.1138827800750732,0.0
aligned,valid,text,369,-0.13308223296318888,0.33585328172269063,-1.7751924991607666,1.4146430492401123,0.0
aligned,valid,text,370,-0.25010705365681674,0.40677452615163606,-2.441678047180176,1.2692726850509644,0.0
aligned,valid,text,371,-0.004875311477897832,0.35064974458907805,-1.8149091005325317,1.4037163257598877,0.0
aligned,valid,text,372,-0.13983238764485897,0.4177184293951576,-2.115476131439209,2.0325050354003906,0.0
aligned,valid,text,373,-0.06743970190203022,0.4250464698364989,-2.340933084487915,1.3460347652435303,0.0
aligned,valid,text,374,-0.19870495625981385,0.5056996354085324,-3.244509696960449,1.516641616821289,0.0
aligned,valid,text,375,-0.18242583288744624,0.4462283660843377,-2.440025806427002,1.7489194869995117,0.0
aligned,valid,text,376,0.1354431122213162,0.34897244473417893,-1.618631362915039,1.7581689357757568,0.0
aligned,valid,text,377,0.09157562106765889,0.3257705971752854,-1.8564499616622925,1.5761854648590088,0.0
aligned,valid,text,378,0.0009664169656225368,0.30495331153407995,-1.683408260345459,1.6668872833251953,0.0
aligned,valid,text,379,0.003103650427669041,0.4799331819528405,-1.9300053119659424,2.2045764923095703,0.0
aligned,valid,text,380,-0.1824111916003544,0.392370831735419,-2.439216375350952,1.3756014108657837,0.0
aligned,valid,text,381,-0.5812300126309824,0.41414885822761915,-3.833927869796753,1.1479086875915527,0.0
aligned,valid,text,382,-0.00790688578389933,0.33683390088549015,-1.6767069101333618,1.8496218919754028,0.0
aligned,valid,text,383,-0.05566211609722494,0.4127036837284447,-2.5065383911132812,1.6976382732391357,0.0
aligned,valid,text,384,-0.03740184312916596,0.3774199420221684,-1.5889084339141846,1.740709662437439,0.0
aligned,valid,text,385,-0.08367013397872203,0.3348807109747178,-1.5695288181304932,1.8396869897842407,0.0
aligned,valid,text,386,0.11844428584628207,0.3433056323884825,-1.7150521278381348,2.206184148788452,0.0
aligned,valid,text,387,-0.019656168519651036,0.390470050405568,-2.368253231048584,2.4681472778320312,0.0
aligned,valid,text,388,-0.12846141116898302,0.4284665904659154,-1.9325155019760132,1.5602434873580933,0.0
aligned,valid,text,389,-0.16238724405260674,0.3813707227275377,-2.1777725219726562,1.5119389295578003,0.0
aligned,valid,text,390,0.016909993926452083,0.38370798204667206,-1.7392652034759521,2.009885311126709,0.0
aligned,valid,text,391,0.04408966299990745,0.38140970740005037,-1.9927713871002197,1.6303174495697021,0.0
aligned,valid,text,392,-0.054180681914709004,0.326732439826377,-1.726546287536621,1.4940249919891357,0.0
aligned,valid,text,393,-0.2149170876905363,0.3778611075553846,-2.452012062072754,1.2334376573562622,0.0
aligned,valid,text,394,0.05212651817711418,0.37555324320474953,-1.8083313703536987,1.921726942062378,0.0
aligned,valid,text,395,-0.03477347091010325,0.42877182100462696,-2.097952127456665,1.813843846321106,0.0
aligned,valid,text,396,-0.1313438680157792,0.3373942812063522,-1.7861826419830322,1.2936683893203735,0.0
aligned,valid,text,397,-0.16845078158028587,0.47094898166692717,-2.4544384479522705,1.395000696182251,0.0
aligned,valid,text,398,0.2620043992824023,0.37892292382969395,-1.5177031755447388,2.057694911956787,0.0
aligned,valid,text,399,0.14178551602822084,0.36952476621086244,-1.480880618095398,2.186162233352661,0.0
aligned,valid,text,400,0.16722569832788106,0.33743168657895695,-1.5584585666656494,1.6735138893127441,0.0
aligned,valid,text,401,0.14331868091500927,0.3245596356434293,-1.4797778129577637,2.266880989074707,0.0
aligned,valid,text,402,0.2871489689691289,0.42566614639292094,-1.6204400062561035,2.0431079864501953,0.0
aligned,valid,text,403,-0.002273041725281503,0.379384789223459,-2.1049787998199463,1.8276071548461914,0.0
aligned,valid,text,404,0.2875477015081496,0.31411781186341986,-1.3380300998687744,1.741076111793518,0.0
aligned,valid,text,405,-0.12940756089893263,0.3774317454732893,-2.219639301300049,1.6594352722167969,0.0
aligned,valid,text,406,0.08501065971639396,0.34671454768462673,-1.6786067485809326,1.9720771312713623,0.0
aligned,valid,text,407,-0.05036937662963192,0.33004509659163345,-1.5856404304504395,1.6541544198989868,0.0
aligned,valid,text,408,0.005806315603082652,0.4491594319101139,-1.9764158725738525,2.277043104171753,0.0
aligned,valid,text,409,-0.029145949891573944,0.38482380580354625,-2.0089128017425537,2.221230983734131,0.0
aligned,valid,text,410,0.22771175316325132,0.4407611503124913,-1.2367280721664429,2.3554160594940186,0.0
aligned,valid,text,411,0.0006648491593691838,0.3487850815667531,-1.710282802581787,1.9226510524749756,0.0
aligned,valid,text,412,0.08964536635281907,0.3825825905578112,-1.7661643028259277,2.0291452407836914,0.0
aligned,valid,text,413,-0.0022337264647697107,0.3587343456271302,-1.7266725301742554,2.02340030670166,0.0
aligned,valid,text,414,-0.3694112035056965,0.36544556112521603,-2.16054368019104,1.3094907999038696,0.0
aligned,valid,text,415,0.050385879891883624,0.3309992574685704,-1.6712106466293335,1.640244722366333,0.0
aligned,valid,text,416,0.13463627422969163,0.349221899028099,-2.196464776992798,1.6996698379516602,0.0
aligned,valid,text,417,-0.009542785119316489,0.3340408370836321,-1.6164413690567017,1.6412521600723267,0.0
aligned,valid,text,418,0.22988041151499192,0.3479703028993437,-1.4853488206863403,2.087928295135498,0.0
aligned,valid,text,419,-0.338448932548706,0.4222806098730293,-2.594542980194092,1.6075247526168823,0.0
aligned,valid,text,420,0.31509794895959364,0.40184912309579285,-1.5457887649536133,2.228610038757324,0.0
aligned,valid,text,421,-0.09404503982493674,0.3981326586474241,-2.365924596786499,1.4105570316314697,0.0
aligned,valid,text,422,-0.09496708889209134,0.3744213628129405,-1.9922066926956177,1.552372694015503,0.0
aligned,valid,text,423,-0.18004017007168752,0.3399484065154131,-1.863392949104309,1.5287672281265259,0.0
aligned,valid,text,424,0.12030981946777511,0.3609564293183407,-1.5939555168151855,2.0629987716674805,0.0
aligned,valid,text,425,0.33839886658203244,0.4116790049341933,-1.2004157304763794,2.349947929382324,0.0
aligned,valid,text,426,0.020992868850756036,0.30120046838354214,-1.5784841775894165,1.4884616136550903,0.0
aligned,valid,text,427,-0.010709709105418309,0.3391345304867298,-1.9092715978622437,1.885718584060669,0.0
aligned,valid,text,428,-0.10490453626029193,0.3416929106145054,-1.9234602451324463,1.3618824481964111,0.0
aligned,valid,text,429,0.39569702142656393,0.3838721744854206,-1.0957536697387695,2.282381296157837,0.0
aligned,valid,text,430,-0.30237722761529895,0.3713245109992739,-2.3077774047851562,1.4339295625686646,0.0
aligned,valid,text,431,-0.07007844640185115,0.396008539796249,-1.9416698217391968,1.7007511854171753,0.0
aligned,valid,text,432,-0.3557268438326543,0.47132725981768003,-2.7659690380096436,1.8683710098266602,0.0
aligned,valid,text,433,-0.015404688061117758,0.2904050978145068,-1.6418458223342896,1.7486807107925415,0.0
aligned,valid,text,434,-0.13331370270828932,0.33170939848756065,-1.7723326683044434,1.5698646306991577,0.0
aligned,valid,text,435,-0.09574354961834296,0.40858574753857496,-2.047252893447876,2.67167067527771,0.0
aligned,valid,text,436,-0.029319103587774138,0.376643581103125,-1.9093610048294067,1.8473104238510132,0.0
aligned,valid,text,437,0.013881627247991184,0.3155849836797166,-1.8683629035949707,1.8054769039154053,0.0
aligned,valid,text,438,-0.030447880097071302,0.34606038228641917,-2.0469610691070557,1.4756932258605957,0.0
aligned,valid,text,439,-0.00757622366430811,0.37692688963299403,-1.9435862302780151,1.3258891105651855,0.0
aligned,valid,text,440,-0.1485099081315131,0.3324957050092907,-2.0775647163391113,1.4802708625793457,0.0
aligned,valid,text,441,0.11451233640241508,0.42579998144309766,-1.99953293800354,2.427687168121338,0.0
aligned,valid,text,442,0.0961754973819684,0.3361383677227956,-1.5118612051010132,1.8389792442321777,0.0
aligned,valid,text,443,0.02762931733861998,0.3279450889751435,-1.5346324443817139,1.7576167583465576,0.0
aligned,valid,text,444,-0.03196032265973902,0.34759933956418054,-1.7547909021377563,2.1981091499328613,0.0
aligned,valid,text,445,-0.1747571427244079,0.4486978376019104,-2.4252912998199463,1.490053415298462,0.0
aligned,valid,text,446,0.02683505123035962,0.39718838630882636,-3.007094621658325,1.800747036933899,0.0
aligned,valid,text,447,0.038464873998251915,0.36753819467146964,-1.503783941268921,1.83000648021698,0.0
aligned,valid,text,448,0.20342009824669952,0.37700633164413255,-1.772100806236267,1.8933093547821045,0.0
aligned,valid,text,449,0.19673270445583121,0.35032512111726455,-1.2747067213058472,2.3931632041931152,0.0
aligned,valid,text,450,-0.0439915316632519,0.3719226068654183,-2.049818992614746,2.011601209640503,0.0
aligned,valid,text,451,-0.0502924978001821,0.3724081457666639,-2.5454154014587402,2.0171287059783936,0.0
aligned,valid,text,452,0.02575473167815829,0.45546785925629196,-2.450761556625366,2.5725598335266113,0.0
aligned,valid,text,453,0.23537469863199825,0.37202318291311115,-1.4127246141433716,2.1189961433410645,0.0
aligned,valid,text,454,-0.09801959068340424,0.41136521706120677,-2.137050151824951,2.059868335723877,0.0
aligned,valid,text,455,0.1142130467082773,0.3935160238264427,-2.0652916431427,1.87250816822052,0.0
aligned,valid,text,456,-0.11433326583273791,0.3365121954251652,-1.855482578277588,1.4424787759780884,0.0
aligned,valid,text,457,0.19055771818693476,0.33598590868348205,-1.4351537227630615,1.8287606239318848,0.0
aligned,valid,text,458,-0.031976528589685374,0.42623308734693915,-2.0266342163085938,1.379157543182373,0.0
aligned,valid,text,459,-0.18373864539781237,0.3822530397174817,-2.333184003829956,1.3033552169799805,0.0
aligned,valid,text,460,-0.028236678399946438,0.3529738876052519,-1.8984646797180176,1.815663456916809,0.0
aligned,valid,text,461,-0.06478905298665248,0.4888932054985602,-2.1025779247283936,1.3960444927215576,0.0
aligned,valid,text,462,-0.020169421611046727,0.4043888647213888,-1.7654873132705688,2.1914498805999756,0.0
aligned,valid,text,463,0.014882806031197146,0.3760692474840017,-1.9126161336898804,2.1773574352264404,0.0
aligned,valid,text,464,0.2066171586103763,0.3538328139778104,-1.5088292360305786,2.155107259750366,0.0
aligned,valid,text,465,-0.0336937190520137,0.3063814611517273,-1.6643584966659546,1.2169816493988037,0.0
aligned,valid,text,466,-0.014828815436563813,0.3633605432372451,-1.5918267965316772,1.656700611114502,0.0
aligned,valid,text,467,-0.27805654627885057,0.433344960810266,-2.4455058574676514,1.2845343351364136,0.0
aligned,valid,text,468,0.1446532492651246,0.35486189148311115,-1.5695257186889648,1.70253324508667,0.0
aligned,valid,text,469,0.01789109702048066,0.36995992853988363,-1.6879167556762695,1.979128360748291,0.0
aligned,valid,text,470,0.13648010279236178,0.4878080606617452,-2.647303342819214,2.3876523971557617,0.0
aligned,valid,text,471,0.17966179532536233,0.31588623507925545,-1.1872944831848145,1.745316505432129,0.0
aligned,valid,text,472,0.04641649531882389,0.398586592331146,-2.0115678310394287,1.8485735654830933,0.0
aligned,valid,text,473,0.361443663948717,0.43128299315418084,-1.3353056907653809,2.3500750064849854,0.0
aligned,valid,text,474,-0.09683345853747637,0.31228015029058825,-1.6778239011764526,1.1832307577133179,0.0
aligned,valid,text,475,-0.04659117544376916,0.3482294129414947,-1.6568971872329712,1.5809506177902222,0.0
aligned,valid,text,476,-0.21244128643412266,0.3519634970889945,-1.9566115140914917,1.5267966985702515,0.0
aligned,valid,text,477,0.1621754252282227,0.36638260396431666,-1.8946130275726318,1.9309911727905273,0.0
aligned,valid,text,478,0.04049258704527517,0.48111551879546305,-2.082028388977051,1.8050262928009033,0.0
aligned,valid,text,479,-0.10276228157486153,0.36701396872350406,-1.7384532690048218,1.9553594589233398,0.0
aligned,valid,text,480,-0.0775919266038953,0.37556628013209153,-1.9988154172897339,2.1473660469055176,0.0
aligned,valid,text,481,-0.14120641938523276,0.40635813533186865,-1.902662992477417,1.617210030555725,0.0
aligned,valid,text,482,-0.06477441897151408,0.32593431053709687,-1.6635663509368896,1.4208238124847412,0.0
aligned,valid,text,483,0.2050725726283841,0.4051636461270511,-1.3918309211730957,2.2774767875671387,0.0
aligned,valid,text,484,-0.002411955458695417,0.31951633562552445,-1.4725472927093506,1.635866403579712,0.0
aligned,valid,text,485,-0.18955853891662727,0.3736777096063918,-1.9624793529510498,1.783557415008545,0.0
aligned,valid,text,486,-0.08766716390643474,0.35838534795595556,-1.8187627792358398,1.512521505355835,0.0
aligned,valid,text,487,0.11509445052440431,0.38958447733490015,-2.039841890335083,2.336923122406006,0.0
aligned,valid,text,488,0.04956387585694556,0.2906804340098611,-1.7122139930725098,1.5499800443649292,0.0
aligned,valid,text,489,-0.27510923297612694,0.3669506487403092,-1.9718027114868164,1.5983611345291138,0.0
aligned,valid,text,490,-0.07788786108039478,0.3685943658771322,-2.134860038757324,1.4797463417053223,0.0
aligned,valid,text,491,-0.20007463293862632,0.37116217587514067,-2.330375909805298,1.7172771692276,0.0
aligned,valid,text,492,0.23097170920945337,0.33189479870834293,-1.5802491903305054,1.8878179788589478,0.0
aligned,valid,text,493,0.09790324239566882,0.3904207412833202,-1.8049333095550537,2.1653666496276855,0.0
aligned,valid,text,494,-0.051475939142394934,0.40775101130274505,-1.888256549835205,1.9232393503189087,0.0
aligned,valid,text,495,-0.07320929764979775,0.33312926024097095,-1.9764845371246338,1.2715200185775757,0.0
aligned,valid,text,496,0.006130982635512048,0.3357104162820756,-1.8060132265090942,1.519993782043457,0.0
aligned,valid,text,497,0.19826268664203012,0.35844277801859503,-1.488781213760376,1.7458735704421997,0.0
aligned,valid,text,498,-0.020455726286253105,0.4604017304423401,-2.429697036743164,1.6959149837493896,0.0
aligned,valid,text,499,0.19599820561261827,0.37194894618672963,-1.1873136758804321,2.185802936553955,0.0
aligned,valid,text,500,-0.13231861979101917,0.36511329304325735,-2.3012540340423584,1.5574469566345215,0.0
aligned,valid,text,501,-0.14714118677242607,0.358727030387764,-1.9727262258529663,1.7757415771484375,0.0
aligned,valid,text,502,-0.2186432625814904,0.4099408633822348,-2.2866196632385254,1.2322964668273926,0.0
aligned,valid,text,503,-0.2146335189007632,0.38102191304240285,-2.9225966930389404,1.1275498867034912,0.0
aligned,valid,text,504,0.20239511151558082,0.32099794998820214,-1.3892555236816406,2.1177358627319336,0.0
aligned,valid,text,505,-0.1988743475726345,0.4833218944605152,-2.6838574409484863,1.9929347038269043,0.0
aligned,valid,text,506,0.11812311278277456,0.3167506920370898,-1.326741337776184,1.7144954204559326,0.0
aligned,valid,text,507,0.1017780091050388,0.3402104631620937,-1.2384670972824097,2.1078379154205322,0.0
aligned,valid,text,508,0.06944959122800155,0.4091309337277374,-1.453795313835144,2.0771737098693848,0.0
aligned,valid,text,509,-0.08067241234115739,0.4292261470589593,-2.270993709564209,1.7084810733795166,0.0
aligned,valid,text,510,-0.22203183363007567,0.34727634096927135,-1.899075984954834,1.4976067543029785,0.0
aligned,valid,text,511,0.06716446861573547,0.3054818616981822,-1.3013602495193481,1.8733625411987305,0.0
aligned,valid,text,512,0.031114020496862686,0.3729825033449084,-1.995300054550171,1.9449584484100342,0.0
aligned,valid,text,513,-0.0993841152611076,0.3325295419977019,-1.8349213600158691,1.8384677171707153,0.0
aligned,valid,text,514,0.14712623987582277,0.3386698388236328,-1.6901315450668335,2.1276183128356934,0.0
aligned,valid,text,515,0.16251561749102242,0.37289282695947434,-1.623339056968689,1.9601657390594482,0.0
aligned,valid,text,516,-0.12001209773348419,0.4079717917562728,-2.273625135421753,2.1267638206481934,0.0
aligned,valid,text,517,0.11627746575344405,0.31005372164851996,-1.1803661584854126,1.6695600748062134,0.0
aligned,valid,text,518,-0.1428598338327176,0.41686176755824716,-2.323729991912842,1.5675411224365234,0.0
aligned,valid,text,519,-0.24627561694850306,0.30923112477039155,-2.0343821048736572,1.1301755905151367,0.0
aligned,valid,text,520,-0.2310957047818638,0.402756831101414,-2.6121277809143066,1.8091850280761719,0.0
aligned,valid,text,521,-0.10292594239189914,0.36046422291793134,-1.727560043334961,1.6162279844284058,0.0
aligned,valid,text,522,-0.03522304877850539,0.4088222703548554,-1.8783061504364014,2.1565587520599365,0.0
aligned,valid,text,523,-0.07858461509376846,0.45316644841937254,-2.132322072982788,1.9031751155853271,0.0
aligned,valid,text,524,0.039542135252607066,0.31745138318656163,-1.4150317907333374,1.6872613430023193,0.0
aligned,valid,text,525,-0.11253343109307544,0.3367319070700997,-1.7442607879638672,1.4601742029190063,0.0
aligned,valid,text,526,-0.09716505617281974,0.4116129517696462,-2.6408777236938477,1.6721194982528687,0.0
aligned,valid,text,527,0.04444503189640697,0.3772272447360275,-1.7104907035827637,1.8898829221725464,0.0
aligned,valid,text,528,-0.2477023960171513,0.37982141294305255,-2.2276804447174072,1.52837073802948,0.0
aligned,valid,text,529,-0.21187201275252915,0.33749768772541344,-1.851650595664978,1.4530428647994995,0.0
aligned,valid,text,530,0.12420372765101902,0.35229214281915605,-1.8090176582336426,2.6200098991394043,0.0
aligned,valid,text,531,-0.018123300693248613,0.3361443893373157,-1.6682640314102173,1.6995314359664917,0.0
aligned,valid,text,532,-0.2504004646098538,0.4314716792013334,-2.5914716720581055,2.1145405769348145,0.0
aligned,valid,text,533,-0.03167741218192892,0.4166617735082462,-2.5906481742858887,1.8138892650604248,0.0
aligned,valid,text,534,-0.17332315038125912,0.388309550231749,-1.7093262672424316,2.126852512359619,0.0
aligned,valid,text,535,-0.12302713159228686,0.4306708501921664,-1.895171880722046,1.6188461780548096,0.0
aligned,valid,text,536,-0.2032026756635693,0.4392483354027554,-2.2321813106536865,1.6417211294174194,0.0
aligned,valid,text,537,-0.15181398701504803,0.3289292299896281,-1.9837998151779175,1.3953802585601807,0.0
aligned,valid,text,538,-0.01013741272256024,0.36519582888097957,-2.063915967941284,1.6389336585998535,0.0
aligned,valid,text,539,-0.20440453601008343,0.5334263387766203,-3.0224833488464355,1.3932873010635376,0.0
aligned,valid,text,540,0.11290300530258689,0.37006661855870376,-1.5321319103240967,2.28295636177063,0.0
aligned,valid,text,541,0.10422218947180106,0.33785099520235706,-1.7562185525894165,1.9250530004501343,0.0
aligned,valid,text,542,-0.049851437800430824,0.40733548661188634,-1.9491857290267944,1.9937621355056763,0.0
aligned,valid,text,543,0.08199302464295505,0.380405575004365,-1.5765599012374878,2.051497220993042,0.0
aligned,valid,text,544,-0.13455851293087087,0.441046718637951,-2.2619097232818604,1.908594012260437,0.0
aligned,valid,text,545,-0.008734307805604588,0.4161873391154792,-2.2922465801239014,1.545121431350708,0.0
aligned,valid,text,546,-0.003020009347288818,0.362014335699742,-1.8054200410842896,1.6795473098754883,0.0
aligned,valid,text,547,-0.049628129801776895,0.3437228033482266,-1.7298282384872437,1.6250392198562622,0.0
aligned,valid,text,548,-0.14744843738864863,0.39752193061502755,-2.1039891242980957,1.9006692171096802,0.0
aligned,valid,text,549,-0.09654307281189715,0.38709343986663536,-1.5958606004714966,1.637905240058899,0.0
aligned,valid,text,550,-0.18696001061284404,0.40512805637729854,-1.974586844444275,1.719627022743225,0.0
aligned,valid,text,551,-0.12953705064440657,0.35096139441441027,-1.9439363479614258,1.4974274635314941,0.0
aligned,valid,text,552,0.06906472564741437,0.3623545553750885,-1.3916873931884766,1.7593635320663452,0.0
aligned,valid,text,553,-0.04461253517169178,0.39722037018798595,-2.078540802001953,1.879668116569519,0.0
aligned,valid,text,554,-0.0640697809649442,0.33244625242140496,-2.2135465145111084,1.7538350820541382,0.0
aligned,valid,text,555,0.29665644162868765,0.40504608677670684,-1.392298936843872,2.153167247772217,0.0
aligned,valid,text,556,-0.05459026743465994,0.42195451337939666,-2.175227165222168,2.050096273422241,0.0
aligned,valid,text,557,0.25101381956384733,0.40389107606319413,-1.8616386651992798,1.9843932390213013,0.0
aligned,valid,text,558,-0.06413402638267623,0.39939927799297403,-2.459920883178711,1.898880124092102,0.0
aligned,valid,text,559,-0.09887713103501412,0.33729303238066777,-1.6523350477218628,1.7205758094787598,0.0
aligned,valid,text,560,-0.14826956870717478,0.3508671488824706,-2.076171875,1.4345351457595825,0.0
aligned,valid,text,561,-0.18727747984071885,0.3244777009058879,-1.9797452688217163,1.450828194618225,0.0
aligned,valid,text,562,0.0839618382370867,0.37340569404711327,-1.3801871538162231,2.136103630065918,0.0
aligned,valid,text,563,-0.3933041572372255,0.4510100390321905,-3.2070765495300293,1.946210265159607,0.0
aligned,valid,text,564,-0.2354211500148125,0.38487199368256175,-2.121199369430542,1.4271498918533325,0.0
aligned,valid,text,565,-0.056960419734203065,0.38280989826912054,-2.0458052158355713,1.9017622470855713,0.0
aligned,valid,text,566,-0.07511195133716524,0.3218204855181183,-1.6496105194091797,1.5599232912063599,0.0
aligned,valid,text,567,0.0013439861917868257,0.3849621086417844,-1.8006476163864136,2.067214250564575,0.0
aligned,valid,text,568,-0.04924736850153,0.2913409198438279,-1.4854670763015747,1.267825722694397,0.0
aligned,valid,text,569,-0.0605063214204095,0.3891311858731029,-2.0484485626220703,1.805416226387024,0.0
aligned,valid,text,570,-0.0836029268821681,0.3977792881021992,-1.8917518854141235,1.8188399076461792,0.0
aligned,valid,text,571,0.0635796470320937,0.36125656191176186,-1.4508919715881348,1.9905353784561157,0.0
aligned,valid,text,572,0.014276159404480196,0.3547985535063269,-1.6573708057403564,1.7774673700332642,0.0
aligned,valid,text,573,0.07992115749414641,0.30420690195245687,-1.6113461256027222,1.5623846054077148,0.0
aligned,valid,text,574,-0.09074655074001914,0.35455002982881284,-1.7092772722244263,1.755623459815979,0.0
aligned,valid,text,575,0.07922466787130951,0.41324699020442607,-1.604003667831421,2.107259511947632,0.0
aligned,valid,text,576,0.0911291533968524,0.32831499696076694,-1.753005862236023,1.935089111328125,0.0
aligned,valid,text,577,-0.12790845849141888,0.4354111858973835,-2.1457085609436035,1.4281672239303589,0.0
aligned,valid,text,578,-0.0870506655900345,0.4179659476618597,-1.8739415407180786,1.76220703125,0.0
aligned,valid,text,579,-0.04471859882507668,0.3906727493415903,-2.0189552307128906,1.9612821340560913,0.0
aligned,valid,text,580,0.16918066389454467,0.34077967636631823,-1.3783879280090332,1.9093471765518188,0.0
aligned,valid,text,581,-0.030352897847091758,0.41634781881523497,-2.159426212310791,1.8628699779510498,0.0
aligned,valid,text,582,-0.010193301200007016,0.4066069371007558,-1.9532235860824585,1.987182378768921,0.0
aligned,valid,text,583,0.011182493519467804,0.3124745445383269,-1.5408892631530762,1.9686298370361328,0.0
aligned,valid,text,584,-0.07554185726567283,0.39610298720431697,-2.023740768432617,1.3340215682983398,0.0
aligned,valid,text,585,-0.38523887964290476,0.42675713463921794,-2.2423810958862305,1.117695927619934,0.0
aligned,valid,text,586,0.025345912909744164,0.42756303879532703,-1.9563062191009521,2.6253936290740967,0.0
aligned,valid,text,587,-0.23870892292111512,0.4108964597000245,-2.520282030105591,1.5117722749710083,0.0
aligned,valid,text,588,-0.03732563371017862,0.4743884830078871,-1.766181230545044,2.8496501445770264,0.0
aligned,valid,text,589,0.21076108504149418,0.3673168019509176,-1.707125186920166,2.0368213653564453,0.0
aligned,valid,text,590,0.013227290300918477,0.38120806639270255,-1.865655779838562,1.7085541486740112,0.0
aligned,valid,text,591,-0.10927173865575261,0.3464561814104356,-1.711703896522522,1.4735386371612549,0.0
aligned,valid,text,592,0.14776798533813024,0.3889169588005793,-2.0461533069610596,2.289832830429077,0.0
aligned,valid,text,593,-0.25421613915971797,0.3309601984974945,-2.174823760986328,1.4660191535949707,0.0
aligned,valid,text,594,-0.11803513889254716,0.3202613382084797,-1.8101015090942383,1.5150998830795288,0.0
aligned,valid,text,595,0.16962062997743488,0.4211560828673915,-1.2014634609222412,2.1825110912323,0.0
aligned,valid,text,596,-0.17941559623789993,0.3481997012595888,-2.0801382064819336,1.4810209274291992,0.0
aligned,valid,text,597,-0.05232058700266202,0.4032767706336221,-1.960893988609314,1.7276102304458618,0.0
aligned,valid,text,598,0.06914163137026193,0.3695890845772442,-1.5574864149093628,2.0246293544769287,0.0
aligned,valid,text,599,0.1109833545960578,0.35907538602931194,-1.7725805044174194,2.173560619354248,0.0
aligned,valid,text,600,-0.03421353061517168,0.32019152858245925,-1.7337855100631714,1.5142019987106323,0.0
aligned,valid,text,601,0.275334074507841,0.43299312402478135,-1.7301355600357056,3.2938857078552246,0.0
aligned,valid,text,602,0.07098543461545237,0.3822740969929906,-2.1772992610931396,1.7990796566009521,0.0
aligned,valid,text,603,0.06414054340882493,0.32688756510646594,-1.8017574548721313,1.8471577167510986,0.0
aligned,valid,text,604,0.38002384044388615,0.5002377811630746,-1.1958338022232056,2.7002131938934326,0.0
aligned,valid,text,605,0.085994176686112,0.33104221392767025,-1.725395679473877,1.763363242149353,0.0
aligned,valid,text,606,-0.08677889839194045,0.4491905173328407,-2.5522665977478027,2.608577013015747,0.0
aligned,valid,text,607,0.0616130283887365,0.3368885783604628,-1.3567302227020264,2.290102481842041,0.0
aligned,valid,text,608,-0.05674204483404397,0.3407995807749709,-1.878608226776123,1.67291259765625,0.0
aligned,valid,text,609,0.09484104222531052,0.41030321128415986,-2.346066951751709,1.9659490585327148,0.0
aligned,valid,text,610,0.19400981931809008,0.31011177020725256,-1.4005454778671265,2.184243679046631,0.0
aligned,valid,text,611,0.02890244686965841,0.3876811372167401,-1.306230068206787,2.1269264221191406,0.0
aligned,valid,text,612,-0.06844272575740304,0.3327697507564796,-1.968554973602295,1.6367416381835938,0.0
aligned,valid,text,613,0.20597623249331673,0.3456778451340628,-1.4661493301391602,1.602635383605957,0.0
aligned,valid,text,614,0.17011821421612935,0.29539351450066315,-1.243931770324707,1.548228144645691,0.0
aligned,valid,text,615,-0.25234988462476693,0.3853631863409593,-2.2230453491210938,1.5209819078445435,0.0
aligned,valid,text,616,0.18136798498806656,0.36495188767200903,-1.7107899188995361,1.9867408275604248,0.0
aligned,valid,text,617,0.2463752773725351,0.38614328331305364,-2.3766121864318848,2.938753366470337,0.0
aligned,valid,text,618,-0.1292074832952694,0.35757263501021186,-1.9208309650421143,1.9544790983200073,0.0
aligned,valid,text,619,-0.22336596570204134,0.35262317983193747,-2.006946563720703,1.3389440774917603,0.0
aligned,valid,text,620,0.3284470629865038,0.3934360355910706,-1.3122992515563965,2.4604392051696777,0.0
aligned,valid,text,621,0.4008118452383512,0.38379078328674543,-1.1494550704956055,2.2756028175354004,0.0
aligned,valid,text,622,-0.38289490376824287,0.4284380786529632,-2.235265016555786,1.7860798835754395,0.0
aligned,valid,text,623,-0.22921345326988088,0.3627861074582917,-2.0417492389678955,1.469644546508789,0.0
aligned,valid,text,624,0.14977105086367415,0.3478315512083214,-1.7047044038772583,1.9004731178283691,0.0
aligned,valid,text,625,-0.2946837173191483,0.36120419732968584,-1.780271053314209,1.8102471828460693,0.0
aligned,valid,text,626,-0.09853469968497099,0.3469406025283029,-1.8454350233078003,1.6679608821868896,0.0
aligned,valid,text,627,0.12164490884011304,0.31723562921774084,-1.3944809436798096,1.741469383239746,0.0
aligned,valid,text,628,0.15651228611085022,0.33797319627029926,-1.6487177610397339,1.9021648168563843,0.0
aligned,valid,text,629,-0.1263082971321521,0.3805118789680272,-1.8336621522903442,2.203134298324585,0.0
aligned,valid,text,630,0.36379864916010957,0.36502951878840434,-1.5729485750198364,2.2604868412017822,0.0
aligned,valid,text,631,-0.016094081401697023,0.32669108504714117,-1.6344428062438965,1.4435186386108398,0.0
aligned,valid,text,632,0.08045269618875214,0.35211700139428886,-1.6644477844238281,1.8458962440490723,0.0
aligned,valid,text,633,0.2454752665385604,0.3836868029404769,-1.2878587245941162,1.9729892015457153,0.0
aligned,valid,text,634,-0.2564859633384129,0.36055536570428376,-2.136525869369507,1.3922419548034668,0.0
aligned,valid,text,635,0.01979176710344401,0.36076148516271683,-1.8327842950820923,1.565552830696106,0.0
aligned,valid,text,636,0.04932756148759726,0.36404052426492806,-2.0307631492614746,2.1414361000061035,0.0
aligned,valid,text,637,0.3040308031284348,0.41595347923376275,-1.7934074401855469,2.260697603225708,0.0
aligned,valid,text,638,0.03217933865005642,0.3581981586820559,-1.7723827362060547,1.577413558959961,0.0
aligned,valid,text,639,0.35584047218252507,0.40574115672344596,-1.492196798324585,2.5809736251831055,0.0
aligned,valid,text,640,-0.050002766546721644,0.4061706699797472,-1.9720453023910522,1.537926197052002,0.0
aligned,valid,text,641,0.28036599461836764,0.3480059072588576,-1.0770347118377686,1.9876905679702759,0.0
aligned,valid,text,642,-0.026481045852539995,0.4091306377980084,-2.0591957569122314,1.5533256530761719,0.0
aligned,valid,text,643,-0.14381719275395602,0.3321518767568476,-1.9771647453308105,1.4712722301483154,0.0
aligned,valid,text,644,0.13572947425545184,0.381296057995933,-1.8753539323806763,1.9253100156784058,0.0
aligned,valid,text,645,0.026487360575829972,0.40634698086684534,-1.8423916101455688,2.299516439437866,0.0
aligned,valid,text,646,0.04447873534644944,0.4158444004750958,-1.5595645904541016,1.9853930473327637,0.0
aligned,valid,text,647,0.07677938130185274,0.40125617889717347,-1.7953976392745972,2.040031671524048,0.0
aligned,valid,text,648,-0.02111981819619189,0.34047916983575804,-1.6773446798324585,1.589337944984436,0.0
aligned,valid,text,649,0.09948974118372272,0.35905694769525076,-1.607620120048523,1.854000210762024,0.0
aligned,valid,text,650,0.1654495548864233,0.4878848425782957,-2.090345621109009,2.7825121879577637,0.0
aligned,valid,text,651,0.3510968630014827,0.3952477626874199,-0.9555275440216064,2.472487449645996,0.0
aligned,valid,text,652,0.1201085131468282,0.36126304833324113,-1.5097317695617676,2.006922960281372,0.0
aligned,valid,text,653,0.059785195539633816,0.31591914468599525,-1.2381454706192017,1.843388557434082,0.0
aligned,valid,text,654,0.05906259295581789,0.3198325344919806,-1.4708287715911865,1.533348798751831,0.0
aligned,valid,text,655,-0.07358992978966293,0.3620917916333593,-1.7995455265045166,1.64212965965271,0.0
aligned,valid,text,656,0.31457687845105653,0.48206732541582364,-1.100342869758606,2.471101999282837,0.0
aligned,valid,text,657,0.198093946110777,0.4342769779379337,-1.7427692413330078,2.3031041622161865,0.0
aligned,valid,text,658,0.020581379341585868,0.33675646934659065,-1.4704418182373047,1.8933069705963135,0.0
aligned,valid,text,659,0.12614297115080222,0.35951563280232923,-1.3829574584960938,2.2920336723327637,0.0
aligned,valid,text,660,-0.05091036903047627,0.35470909621105257,-1.8784983158111572,1.9870682954788208,0.0
aligned,valid,text,661,-0.08518011691222725,0.421025810787293,-2.0286386013031006,2.3924760818481445,0.0
aligned,valid,text,662,0.20996456116586948,0.3951585698420287,-1.5047338008880615,2.1031041145324707,0.0
aligned,valid,text,663,0.19449752376716747,0.4007940813627433,-2.3727173805236816,2.371083974838257,0.0
aligned,valid,text,664,0.19759726931586616,0.3361935045547188,-1.8780490159988403,2.143893241882324,0.0
aligned,valid,text,665,0.1757272819868688,0.32279228314129055,-1.3516318798065186,1.8260021209716797,0.0
aligned,valid,text,666,-0.01608125914901413,0.3709537457796485,-2.1434032917022705,1.9314223527908325,0.0
aligned,valid,text,667,0.38088584951749377,0.6253889795790635,-3.878321886062622,2.40588641166687,0.0
aligned,valid,text,668,0.14460187398547122,0.34646945172543003,-1.678646206855774,1.9154492616653442,0.0
aligned,valid,text,669,0.027244469433009705,0.343641331873832,-1.670138955116272,1.4914062023162842,0.0
aligned,valid,text,670,0.1710894792451994,0.393255842456225,-1.4549791812896729,2.182098627090454,0.0
aligned,valid,text,671,-0.255281449315371,0.43790459220654343,-2.1803243160247803,1.3317533731460571,0.0
aligned,valid,text,672,-0.034804625240906786,0.33018510879008656,-1.6978070735931396,1.5708847045898438,0.0
aligned,valid,text,673,0.11470866794621183,0.3534864589067021,-1.312685489654541,1.7169616222381592,0.0
aligned,valid,text,674,0.11884720465833587,0.3675063524913094,-1.8406651020050049,1.875348448753357,0.0
aligned,valid,text,675,-0.16144031750918417,0.38605231918771243,-2.0223727226257324,1.5404999256134033,0.0
aligned,valid,text,676,-0.0896729489685942,0.34651569308619623,-1.9768987894058228,1.5220211744308472,0.0
aligned,valid,text,677,0.04114977883783957,0.33604375500991146,-1.5153850317001343,1.7127175331115723,0.0
aligned,valid,text,678,0.03109517422752905,0.37235968747537246,-1.808582067489624,1.8755968809127808,0.0
aligned,valid,text,679,0.13226228708590657,0.3681041684117583,-1.790606141090393,2.213815212249756,0.0
aligned,valid,text,680,-0.09620041594891758,0.3989519902496896,-2.227295160293579,2.1335015296936035,0.0
aligned,valid,text,681,-0.00520588343343851,0.4215854922705175,-2.216107130050659,1.7378113269805908,0.0
aligned,valid,text,682,-0.08227680786129005,0.36271679945608354,-2.011431932449341,1.417458176612854,0.0
aligned,valid,text,683,0.28444529879103914,0.3669462059764957,-1.4358056783676147,2.065751314163208,0.0
aligned,valid,text,684,0.06390562662404481,0.36519816310332803,-1.9973881244659424,2.105652332305908,0.0
aligned,valid,text,685,-0.018281317387431203,0.37992553827665376,-2.1100144386291504,1.447496771812439,0.0
aligned,valid,text,686,-0.1639423676098538,0.338367094942457,-1.876703143119812,1.5165045261383057,0.0
aligned,valid,text,687,0.05087246963130003,0.41272203901673743,-1.9904550313949585,2.036644697189331,0.0
aligned,valid,text,688,0.11869502309484632,0.3754881875460335,-1.9716378450393677,1.7246638536453247,0.0
aligned,valid,text,689,-0.035264280226419344,0.35537827506119274,-1.801207423210144,2.2167816162109375,0.0
aligned,valid,text,690,-0.28347681834240274,0.35652408020648413,-2.1604835987091064,1.1307777166366577,0.0
aligned,valid,text,691,-0.193861208488566,0.3562323365635006,-2.240978479385376,1.6601589918136597,0.0
aligned,valid,text,692,0.03231269867811864,0.48598844798063456,-2.076082944869995,2.1947216987609863,0.0
aligned,valid,text,693,-0.30603353723453786,0.4206437892655211,-2.4451351165771484,1.703751564025879,0.0
aligned,valid,text,694,0.027884992218504732,0.3313376262801321,-1.5466500520706177,1.627259612083435,0.0
aligned,valid,text,695,-0.03908069841072455,0.37910068198892005,-1.8087981939315796,1.7235749959945679,0.0
aligned,valid,text,696,-0.01533179105126432,0.39324541388887974,-2.3927760124206543,1.9435914754867554,0.0
aligned,valid,text,697,-0.1881893831562343,0.33976660627869765,-2.0207293033599854,1.1391085386276245,0.0
aligned,valid,text,698,0.01941809388512111,0.3503001190575246,-2.117069721221924,1.9903579950332642,0.0
aligned,valid,text,699,-0.21847558181661253,0.3505261155368253,-1.7813241481781006,1.6562139987945557,0.0
aligned,valid,text,700,-0.09222645517121386,0.4413454038657212,-2.1443896293640137,2.6365647315979004,0.0
aligned,valid,text,701,-0.14521600361258447,0.3863276932896426,-2.39155912399292,1.6206096410751343,0.0
aligned,valid,text,702,0.1104717313760257,0.37226788152604984,-1.5036137104034424,1.8622394800186157,0.0
aligned,valid,text,703,-0.2780475174404353,0.36165907662457414,-2.1320130825042725,1.3987040519714355,0.0
aligned,valid,text,704,0.20247432257632142,0.41135258440956746,-1.4738179445266724,2.2852251529693604,0.0
aligned,valid,text,705,0.17680858878985528,0.3282664872695805,-1.4424821138381958,1.7791824340820312,0.0
aligned,valid,text,706,0.30188392905416067,0.362282849355817,-1.3637267351150513,2.2556662559509277,0.0
aligned,valid,text,707,-0.013030463635523619,0.34756631399595894,-2.056777238845825,1.5397826433181763,0.0
aligned,valid,text,708,0.16880615613216043,0.3698642326027122,-1.8189125061035156,2.1728878021240234,0.0
aligned,valid,text,709,-0.10375437067954668,0.3942359163825969,-2.0502285957336426,1.8761017322540283,0.0
aligned,valid,text,710,-0.013099927638816023,0.36796619506585704,-1.7662084102630615,1.4638631343841553,0.0
aligned,valid,text,711,0.2544003306890091,0.3549578161705245,-1.4781982898712158,1.902380108833313,0.0
aligned,valid,text,712,-0.11908460525761276,0.38396931744930235,-1.792634129524231,1.716265320777893,0.0
aligned,valid,text,713,0.09364343447979172,0.3320158624899397,-1.4799073934555054,1.7292331457138062,0.0
aligned,valid,text,714,0.033557266429895635,0.36002215994179765,-1.5734037160873413,1.5095641613006592,0.0
aligned,valid,text,715,0.01112518466435946,0.449756669498429,-2.295898675918579,2.6794958114624023,0.0
aligned,valid,text,716,-0.2699864588081223,0.3907980023663514,-2.718108892440796,1.591652512550354,0.0
aligned,valid,text,717,-0.08874528853396711,0.36755033215216715,-2.046693801879883,1.7278391122817993,0.0
aligned,valid,text,718,0.1553966763950782,0.38272864098167536,-2.122480869293213,2.0763955116271973,0.0
aligned,valid,text,719,0.310576196728328,0.36451491355230087,-1.2176737785339355,2.0857481956481934,0.0
aligned,valid,text,720,-0.4687606853866888,0.6379464380303932,-3.92537784576416,1.042641282081604,0.0
aligned,valid,text,721,0.18283398526936503,0.34546575707043004,-1.506125569343567,1.8341140747070312,0.0
aligned,valid,text,722,-0.16401982017682742,0.3562285362512237,-2.3494644165039062,1.7411670684814453,0.0
aligned,valid,text,723,0.00031447583502465553,0.35196348030511726,-1.927047848701477,1.7441186904907227,0.0
aligned,valid,text,724,0.12991400828283117,0.3359629568916123,-1.380098819732666,1.845301628112793,0.0
aligned,valid,text,725,0.008508702313532582,0.3762422236519365,-2.1581778526306152,1.928982138633728,0.0
aligned,valid,text,726,0.006387185189299859,0.3922618706992074,-1.8063104152679443,1.428175449371338,0.0
aligned,valid,text,727,-0.04772603842839189,0.46389094183624424,-1.9845125675201416,2.6693270206451416,0.0
aligned,valid,text,728,-0.15814626238759158,0.3402976499177599,-1.8632315397262573,1.4546027183532715,0.0
aligned,valid,text,729,-0.18892072203369545,0.3560021729716483,-2.1707265377044678,1.442765235900879,0.0
aligned,valid,text,730,-0.022652474341614704,0.3142125866764658,-1.8701719045639038,1.779919981956482,0.0
aligned,valid,text,731,0.2709421541458917,0.3706326643540477,-1.6998233795166016,2.2925350666046143,0.0
aligned,valid,text,732,-0.18362247622175307,0.3496341844406188,-1.7540929317474365,1.4378119707107544,0.0
aligned,valid,text,733,0.06094182978435368,0.3670654948431661,-1.9449024200439453,1.9266248941421509,0.0
aligned,valid,text,734,-0.038549194563958014,0.36482001530241415,-1.525940179824829,1.6484687328338623,0.0
aligned,valid,text,735,0.2714897905235885,0.3688465184048077,-1.1133170127868652,2.247809410095215,0.0
aligned,valid,text,736,-0.14149488104767144,0.35985572116974873,-1.8975341320037842,1.964361548423767,0.0
aligned,valid,text,737,-0.02740836315604111,0.3844502119944961,-1.9145328998565674,1.6856679916381836,0.0
aligned,valid,text,738,-0.06607794260771198,0.3664227024412199,-2.18829345703125,1.8815661668777466,0.0
aligned,valid,text,739,0.12806923069873477,0.34290506104006874,-1.2984319925308228,2.0212655067443848,0.0
aligned,valid,text,740,0.012702668850095225,0.3710904915148535,-1.63557767868042,2.1372740268707275,0.0
aligned,valid,text,741,0.013052942825425008,0.35504642268222747,-1.861890435218811,1.7547926902770996,0.0
aligned,valid,text,742,-0.04186073853245394,0.35834601256994536,-2.020982503890991,1.6702241897583008,0.0
aligned,valid,text,743,-0.17427294990221795,0.3948583488868052,-2.1102707386016846,1.523142695426941,0.0
aligned,valid,text,744,-0.07184963557684979,0.3763372565962454,-2.1910879611968994,1.951749563217163,0.0
aligned,valid,text,745,-0.014834148291764515,0.340719034125529,-2.060885190963745,1.70107102394104,0.0
aligned,valid,text,746,-0.09183616016615326,0.38584446260467287,-2.3369638919830322,1.5268574953079224,0.0
aligned,valid,text,747,-0.16335252998033437,0.3487428375450582,-1.9347280263900757,1.707119345664978,0.0
aligned,valid,text,748,0.06962108386265994,0.397887055200628,-1.8316943645477295,2.079625368118286,0.0
aligned,valid,text,749,0.04651361072569021,0.3587832336471616,-1.6284103393554688,2.2560343742370605,0.0
aligned,valid,text,750,-0.040477335328891216,0.42609517783829026,-2.2838528156280518,2.018151044845581,0.0
aligned,valid,text,751,-0.23755171511063844,0.41537731173797016,-2.1489388942718506,1.5388286113739014,0.0
aligned,valid,text,752,0.16768828895434246,1.2273668148636867,-9.845565795898438,2.6410183906555176,0.0
aligned,valid,text,753,-0.03180675681946533,0.3755155844035541,-1.9967517852783203,1.9732533693313599,0.0
aligned,valid,text,754,-0.08355005100517211,0.35529464258528154,-1.706068992614746,1.4109148979187012,0.0
aligned,valid,text,755,-0.1014549623586872,0.3401114735884927,-1.8467133045196533,1.4274890422821045,0.0
aligned,valid,text,756,-0.16067132692415637,0.4316953463906968,-2.3015315532684326,2.3727269172668457,0.0
aligned,valid,text,757,-0.10308564755111257,0.4082496826784283,-1.9994302988052368,1.6888118982315063,0.0
aligned,valid,text,758,0.0012924180685409477,0.3611328512091062,-1.8694511651992798,1.8837337493896484,0.0
aligned,valid,text,759,-0.19956355908312476,0.3183022478970539,-1.7681748867034912,1.6075598001480103,0.0
aligned,valid,text,760,-0.038084073546189035,0.32567206597757586,-2.001676321029663,2.0764825344085693,0.0
aligned,valid,text,761,-0.16951238827534265,0.32696166828221196,-1.909167766571045,1.468453049659729,0.0
aligned,valid,text,762,-0.07331737353405045,0.32398461792277883,-1.6881579160690308,1.5981686115264893,0.0
aligned,valid,text,763,-0.0006531373099782146,0.3641321126470596,-1.911351203918457,2.019343614578247,0.0
aligned,valid,text,764,0.031229469890969776,0.31748342864212503,-1.9988194704055786,1.5662128925323486,0.0
aligned,valid,text,765,-0.05097146178654569,0.354675044527225,-1.5680416822433472,1.6485767364501953,0.0
aligned,valid,text,766,0.1462677386557622,0.3615514305145212,-1.5805119276046753,2.0906143188476562,0.0
aligned,valid,text,767,0.02242183798350967,0.3752811450133933,-2.1433591842651367,1.8811475038528442,0.0
aligned,test,audio,0,81.66690508940853,101.83426064261407,0.0,500.0,0.536423658872077
aligned,test,audio,1,0.24173314993122422,0.4281334303176435,0.0,1.0,0.7582668500687758
aligned,test,audio,2,0.030659820087776735,0.05106883581225024,0.0,0.3057379722595215,0.5738927097661624
aligned,test,audio,3,0.1169886234535342,0.19020618503516723,0.0,0.8773412108421326,0.5738927097661624
aligned,test,audio,4,0.24522211622165596,4.6570457226599276,-50.873077392578125,30.85598373413086,0.5990371389270976
aligned,test,audio,5,0.13442537999539128,0.22774945201135477,0.0,2.5405542850494385,0.5714167812929849
aligned,test,audio,6,0.05419436141192667,0.062235290761091265,0.0,0.388733446598053,0.539009628610729
aligned,test,audio,7,-0.1490712634361787,0.22650079635595807,-16.058809280395508,0.3206639289855957,0.5379367262723521
aligned,test,audio,8,0.708278833512099,0.8383928144423444,0.0,2.496636152267456,0.5371664374140303
aligned,test,audio,9,0.2311305815088044,0.25945940972267045,0.0,0.9333152770996094,0.5372214580467676
aligned,test,audio,10,0.12326782287194486,0.17232650753616302,0.0,0.9985706210136414,0.5363136176066025
aligned,test,audio,11,-3.6594451496263316,4.053992547649836,-25.88969612121582,0.0,0.5363411279229711
aligned,test,audio,12,0.942740166369128,1.2010299697083213,-3.151167869567871,5.657676696777344,0.5363411279229711
aligned,test,audio,13,-0.02472078319731258,0.4605419830623233,-3.480947256088257,2.19739031791687,0.5363411279229711
aligned,test,audio,14,0.16483358004705279,0.3490615648560293,-1.9041759967803955,2.326833724975586,0.5363411279229711
aligned,test,audio,15,-0.06267691944078141,0.24961243307716338,-2.550808906555176,1.1917043924331665,0.5363411279229711
aligned,test,audio,16,-0.02701603559207054,0.22668218757851472,-1.644489049911499,1.3274013996124268,0.5363411279229711
aligned,test,audio,17,-0.041351918528580354,0.19764446798360324,-1.6059881448745728,1.599932312965393,0.5363411279229711
aligned,test,audio,18,-0.002957341973107867,0.16728031815339736,-1.5390461683273315,1.0871050357818604,0.5363411279229711
aligned,test,audio,19,0.004967409862590292,0.1402651004458195,-1.5650604963302612,1.315018653869629,0.5363411279229711
aligned,test,audio,20,0.02091244900640954,0.1281865947346272,-1.2491846084594727,0.8977683782577515,0.5363411279229711
aligned,test,audio,21,-0.018820576267597266,0.11506920087576943,-1.0250674486160278,0.9537174105644226,0.5363411279229711
aligned,test,audio,22,0.014944801225341047,0.10870033704205387,-0.7481285929679871,0.9616127014160156,0.5363411279229711
aligned,test,audio,23,-0.02286963487365933,0.10922350315884034,-0.8675532937049866,1.4572731256484985,0.5363411279229711
aligned,test,audio,24,0.018107995215300904,0.09693301432901058,-0.7383708357810974,0.7834514379501343,0.5363411279229711
aligned,test,audio,25,-0.023409759345436078,0.09387553122780959,-0.7626490592956543,0.9330136179924011,0.5363411279229711
aligned,test,audio,26,0.0077626319024706545,0.0837634748874149,-0.5293840765953064,0.7807394862174988,0.5363411279229711
aligned,test,audio,27,-0.009395375714413973,0.07869574287694825,-0.6101851463317871,0.5389007925987244,0.5363411279229711
aligned,test,audio,28,0.014079953893771965,0.07663593525738521,-0.6312111020088196,0.644772469997406,0.5363411279229711
aligned,test,audio,29,-0.010065295297753858,0.06933169325796933,-0.5394996404647827,0.6152492165565491,0.5363411279229711
aligned,test,audio,30,0.008078605894091121,0.06531844560424686,-0.45555728673934937,0.5002203583717346,0.5363411279229711
aligned,test,audio,31,-0.005631014809240567,0.06333949994619426,-0.90776127576828,0.4901845157146454,0.5363411279229711
aligned,test,audio,32,0.008013204619386398,0.06035391781618594,-0.4298553168773651,0.7109968066215515,0.5363411279229711
aligned,test,audio,33,-0.008644055604076707,0.05636504020686966,-0.4110497534275055,0.4165378212928772,0.5363411279229711
aligned,test,audio,34,0.007904832261805822,0.05438762873060452,-0.38809943199157715,0.45947954058647156,0.5363411279229711
aligned,test,audio,35,-0.006455459668616395,0.0512894374763621,-0.5403439998626709,0.5066443681716919,0.5363411279229711
aligned,test,audio,36,-4.537409730960181e-06,0.0023935656978101563,-0.19706696271896362,0.3207050859928131,0.9994773039889959
aligned,test,audio,37,0.0008497665132653845,0.042854975145271576,-0.1311054527759552,2.7950520515441895,0.9973314993122421
aligned,test,audio,38,0.0002157262400709582,0.04751675781192884,-3.121264934539795,2.982961416244507,0.9973314993122421
aligned,test,audio,39,0.0006790490693414193,0.048990430841712194,-3.0818686485290527,3.0444653034210205,0.9973314993122421
aligned,test,audio,40,0.00027099762195803123,0.04485342532664319,-2.753732204437256,2.8797194957733154,0.943878954607978
aligned,test,audio,41,0.000968286766499253,0.04754973367430066,-0.5731275081634521,3.0292983055114746,0.8754883081155433
aligned,test,audio,42,0.0002696158079614816,0.050422214580631966,-3.1010372638702393,2.893693447113037,0.7909215955983494
aligned,test,audio,43,0.001549314483541675,0.06385029457305776,-3.051407814025879,3.0997202396392822,0.7009353507565337
aligned,test,audio,44,0.0037551380149409247,0.11142034243066018,-3.118180751800537,3.0866658687591553,0.6052819807427785
aligned,test,audio,45,0.012177928981515465,0.2735851780240884,-3.1095147132873535,3.042598009109497,0.551554332874828
aligned,test,audio,46,0.04047982302893825,0.5469788084685362,-3.1287989616394043,3.141545534133911,0.5383493810178817
aligned,test,audio,47,0.08825228128147362,0.7221218194538799,-3.1386559009552,3.1405351161956787,0.5371664374140303
aligned,test,audio,48,0.15261685694731733,0.8996415397865279,-3.1414101123809814,3.140392303466797,0.5371664374140303
aligned,test,audio,49,0.17650426533215582,1.0211834157286097,-3.141458749771118,3.1409592628479004,0.5371664374140303
aligned,test,audio,50,0.18643093912500666,1.1086710308873464,-3.141018867492676,3.1410202980041504,0.5371664374140303
aligned,test,audio,51,0.19102652723008842,1.19132453754273,-3.1410365104675293,3.1400935649871826,0.5371664374140303
aligned,test,audio,52,0.21998229975620762,1.1988077951570688,-3.1407322883605957,3.141526699066162,0.5371664374140303
aligned,test,audio,53,0.21697333567191743,1.1546258913571308,-3.140939235687256,3.1411519050598145,0.5371664374140303
aligned,test,audio,54,0.21713139421006003,1.142872366032318,-3.1402640342712402,3.1408309936523438,0.5371664374140303
aligned,test,audio,55,0.21607877467909117,1.135215961600994,-3.141324520111084,3.1413793563842773,0.5371664374140303
aligned,test,audio,56,0.20207182084823438,1.1439037569941266,-3.1409480571746826,3.1414079666137695,0.5371664374140303
aligned,test,audio,57,0.20478065461193837,1.1360651891799463,-3.14057993888855,3.141491174697876,0.5371664374140303
aligned,test,audio,58,0.21237141504811446,1.152552618313268,-3.1411521434783936,3.1396188735961914,0.5371664374140303
aligned,test,audio,59,0.17391781271770074,1.1634775753083457,-3.141587495803833,3.141465187072754,0.5371664374140303
aligned,test,audio,60,0.0921710886912885,1.2140876231330466,-3.1398589611053467,3.1411001682281494,0.5371664374140303
aligned,test,audio,61,-0.1437500325026218,0.2555626245919225,-7.1587419509887695,0.6956724524497986,0.5371664374140303
aligned,test,audio,62,-0.5518084423843332,0.6501296990894603,-3.2626521587371826,0.03849290683865547,0.5371664374140303
aligned,test,audio,63,-0.46717016828881014,0.5452155646328206,-2.5826480388641357,0.04016692191362381,0.5371664374140303
aligned,test,audio,64,-0.43663812893029513,0.4988239917535095,-1.7726269960403442,0.08058734238147736,0.5371664374140303
aligned,test,audio,65,-0.37548026445593824,0.4223885285214629,-1.354370355606079,0.12052341550588608,0.5371664374140303
aligned,test,audio,66,-0.3205917876689733,0.35778368724150583,-1.1107066869735718,0.30305370688438416,0.5371664374140303
aligned,test,audio,67,-0.2743478502871549,0.3082904758851819,-0.9472499489784241,0.7834312915802002,0.5371664374140303
aligned,test,audio,68,-0.2224808462911475,0.26097603730656727,-0.8521794676780701,0.9919689893722534,0.5371664374140303
aligned,test,audio,69,-0.1814570924489042,0.2281103906420758,-0.7774366140365601,0.8721104860305786,0.5371664374140303
aligned,test,audio,70,-0.14187234449786662,0.20116919441454215,-0.7871975302696228,0.7790380716323853,0.5371664374140303
aligned,test,audio,71,-0.1075708066192478,0.17792970322103685,-0.6215104460716248,0.6494510769844055,0.5371664374140303
aligned,test,audio,72,-0.07897856029009642,0.16050985784659325,-0.6407215595245361,0.6250375509262085,0.5371664374140303
aligned,test,audio,73,-0.0533785938870088,0.1427162282229969,-0.5337893962860107,0.5783276557922363,0.5371664374140303
aligned,test,vision,0,-0.9478122659744956,1.4982876030370624,-11.376399993896484,2.6239500045776367,0.564484181568088
aligned,test,vision,1,-0.5590120475637883,1.2617814074032871,-11.686100006103516,3.6488699913024902,0.564484181568088
aligned,test,vision,2,-0.4653614260174796,1.0907312139020322,-8.517339706420898,4.813910007476807,0.564484181568088
aligned,test,vision,3,-0.5633922412215728,1.624638325888668,-10.696599960327148,8.805219650268555,0.564484181568088
aligned,test,vision,4,-0.5576596287310809,1.047500927414212,-7.057350158691406,3.152369976043701,0.564484181568088
aligned,test,vision,5,-0.3855333316005849,1.5492116050960891,-15.347299575805664,3.888390064239502,0.564484181568088
aligned,test,vision,6,-0.7937972193844597,1.4445614512016642,-12.977999687194824,2.7883200645446777,0.564484181568088
aligned,test,vision,7,-0.7555886311929991,1.48792871516054,-11.246800422668457,6.050419807434082,0.564484181568088
aligned,test,vision,8,-0.848694952026467,1.7524966802752981,-15.75160026550293,3.1179800033569336,0.564484181568088
aligned,test,vision,9,-0.9162246137231929,1.7042352212701903,-13.168499946594238,2.796880006790161,0.564484181568088
aligned,test,vision,10,0.0262926842146604,0.7014635391988447,-2.577430009841919,5.591370105743408,0.564484181568088
aligned,test,vision,11,-0.03957298279962018,0.6180515157362652,-3.1438000202178955,5.167610168457031,0.564484181568088
aligned,test,vision,12,-0.19223232978755037,0.5558536267179872,-2.939389944076538,3.7929599285125732,0.564484181568088
aligned,test,vision,13,-0.46849118406741136,0.7985797553857491,-4.444230079650879,4.631519794464111,0.564484181568088
aligned,test,vision,14,-0.3147069285659979,0.7563179227587875,-5.166329860687256,3.9767000675201416,0.564484181568088
aligned,test,vision,15,-0.24885348353888587,0.5342846758389265,-3.0993399620056152,2.153130054473877,0.564484181568088
aligned,test,vision,16,-0.9204306785093527,1.4152607409162752,-8.129289627075195,3.0682098865509033,0.564484181568088
aligned,test,vision,17,-0.1396505564210785,0.6662114786180087,-4.467840194702148,5.162749767303467,0.564484181568088
aligned,test,vision,18,-0.21297453406693004,0.7152070758760938,-4.1290202140808105,6.05394983291626,0.564484181568088
aligned,test,vision,19,-0.377955534711463,0.717000354737254,-7.051400184631348,1.5085599422454834,0.564484181568088
aligned,test,vision,20,-0.4265962968401604,0.7408002965981717,-5.095200061798096,2.4670300483703613,0.564484181568088
aligned,test,vision,21,-0.40149414982316595,0.7282568537719991,-7.062339782714844,2.439879894256592,0.564484181568088
aligned,test,vision,22,-0.7316759149181913,1.4914397585506802,-13.617199897766113,1.8545299768447876,0.564484181568088
aligned,test,vision,23,-0.1848946293612868,0.5982940560630368,-3.7127299308776855,4.113920211791992,0.564484181568088
aligned,test,vision,24,-0.3586971218059304,0.5785519680229204,-3.6401400566101074,2.145979881286621,0.564484181568088
aligned,test,vision,25,-0.4968710225215695,0.9358850841980259,-8.246540069580078,1.8100999593734741,0.564484181568088
aligned,test,vision,26,-0.005218643341447431,0.9962820792084315,-7.692699909210205,8.37893009185791,0.564484181568088
aligned,test,vision,27,-0.163819191693424,0.7573877709409055,-5.3775200843811035,7.953750133514404,0.564484181568088
aligned,test,vision,28,-0.876005518487898,1.3422261752103992,-10.35509967803955,1.71642005443573,0.564484181568088
aligned,test,vision,29,-0.12450145908695517,1.059641907484191,-7.256120204925537,4.928770065307617,0.564484181568088
aligned,test,vision,30,0.10554949699951005,0.2693394602147014,0.0,1.0,0.5645392022008253
aligned,test,vision,31,0.2665191342790479,0.3983691212331573,0.0,0.9999529719352722,0.5645392022008253
aligned,test,vision,32,-0.17397852202665548,4.538347065577242,-29.1875,20.16349983215332,0.5645392022008253
aligned,test,vision,33,-0.013648927049430958,5.699849677222304,-25.894899368286133,27.900800704956055,0.5645392022008253
aligned,test,vision,34,0.13147056304987398,3.220501967223406,-15.520299911499023,13.748700141906738,0.5645392022008253
aligned,test,text,0,0.08426362288722504,0.42040179458711746,-2.4780445098876953,2.3929991722106934,0.0
aligned,test,text,1,-0.05377693413150852,0.3653799932037446,-1.8687926530838013,1.7404054403305054,0.0
aligned,test,text,2,0.21438045323105143,0.37071259355022795,-1.6602286100387573,1.8814257383346558,0.0
aligned,test,text,3,0.06002897126359309,0.3046938226842247,-1.7859152555465698,1.3759688138961792,0.0
aligned,test,text,4,0.14557015823863928,0.37557060119863367,-1.8486870527267456,2.2767906188964844,0.0
aligned,test,text,5,-0.13076365787020924,0.35196187434868026,-1.8541322946548462,1.7202861309051514,0.0
aligned,test,text,6,0.05718712592679377,0.3486956664192999,-1.928321361541748,1.9006892442703247,0.0
aligned,test,text,7,0.4678596492222878,0.46648937342973607,-1.463323712348938,2.902057647705078,0.0
aligned,test,text,8,0.03280869622239548,0.3780785203949662,-1.9690426588058472,1.9402241706848145,0.0
aligned,test,text,9,-0.17454464269830158,0.3785063489664498,-1.9452265501022339,1.4227873086929321,0.0
aligned,test,text,10,0.09027092681175412,0.3029650226690734,-1.3341256380081177,1.5577399730682373,0.0
aligned,test,text,11,-0.09834416019459968,0.3982317688902538,-2.0883612632751465,1.6194167137145996,0.0
aligned,test,text,12,-0.005579091193233879,0.32246220925259567,-2.207075595855713,1.396854281425476,0.0
aligned,test,text,13,0.26358562343963965,0.38148103071858924,-1.2020487785339355,2.6494312286376953,0.0
aligned,test,text,14,-0.05967862545548486,0.36666912176643546,-2.262024164199829,1.7854477167129517,0.0
aligned,test,text,15,0.17583019370097858,0.4460479462865096,-1.4932351112365723,2.422701358795166,0.0
aligned,test,text,16,0.10480830769673018,0.33094701506187874,-1.6082502603530884,1.726556658744812,0.0
aligned,test,text,17,0.03867396636834007,0.3325116189591564,-1.6028177738189697,1.5827139616012573,0.0
aligned,test,text,18,-0.007103493675715104,0.3956262758380074,-2.7785441875457764,2.1848816871643066,0.0
aligned,test,text,19,0.20695225156089125,0.3926069617442232,-1.4520262479782104,2.4653515815734863,0.0
aligned,test,text,20,0.01554086181851414,0.38473983378756665,-2.106823444366455,1.8456343412399292,0.0
aligned,test,text,21,0.04342659199372077,0.3168129299443588,-1.6638823747634888,1.8122384548187256,0.0
aligned,test,text,22,-0.05476011417810632,0.36047621999998675,-1.9175602197647095,1.4954476356506348,0.0
aligned,test,text,23,0.17695260252993159,0.4634639439987283,-1.21431565284729,2.7131593227386475,0.0
aligned,test,text,24,0.31468401040309885,0.3409210128988285,-1.1224491596221924,2.159728527069092,0.0
aligned,test,text,25,0.0424765728590331,0.3820843166090359,-1.9162453413009644,1.7948962450027466,0.0
aligned,test,text,26,-0.04818214572448555,0.31790501377812236,-1.7092903852462769,1.6507691144943237,0.0
aligned,test,text,27,0.036001794308659706,0.3471644768941915,-1.8059529066085815,1.7313121557235718,0.0
aligned,test,text,28,-0.2559033035468489,0.3217211148721035,-1.6343824863433838,1.3084734678268433,0.0
aligned,test,text,29,-0.03972593495220028,0.3675412008641717,-1.963161587715149,1.8316878080368042,0.0
aligned,test,text,30,0.22416767034402946,0.40375995408505233,-1.5754057168960571,2.5732781887054443,0.0
aligned,test,text,31,-0.031901692743816684,0.3411588031132804,-1.4110560417175293,1.6192716360092163,0.0
aligned,test,text,32,-0.0728177991619864,0.42649940725808544,-2.1445183753967285,1.7884471416473389,0.0
aligned,test,text,33,-0.03009447029155091,0.4111763898287512,-2.198512077331543,1.395799160003662,0.0
aligned,test,text,34,-0.09568752746573013,0.40771551426284103,-1.755657434463501,2.3345813751220703,0.0
aligned,test,text,35,-0.11149026329499737,0.3856960262464016,-1.7870465517044067,1.8837875127792358,0.0
aligned,test,text,36,-0.1161793820515398,0.34191844465020527,-1.811479091644287,1.6650055646896362,0.0
aligned,test,text,37,-0.0035857951713846345,0.3479161104069092,-1.8592467308044434,1.5018494129180908,0.0
aligned,test,text,38,-0.2106733378373276,0.3353298944373942,-1.9888502359390259,1.2884002923965454,0.0
aligned,test,text,39,-0.018020435687374874,0.3410649840883024,-1.6409395933151245,1.7630770206451416,0.0
aligned,test,text,40,-0.3385876273360754,0.4304812839441009,-2.628600835800171,1.17252779006958,0.0
aligned,test,text,41,-0.21182687046482873,0.3388917077708835,-2.21085786819458,1.405090093612671,0.0
aligned,test,text,42,0.020829333473698964,0.3373329338899916,-1.837266445159912,1.6438541412353516,0.0
aligned,test,text,43,-0.09844857005533113,0.3837009102488553,-1.8519175052642822,1.8832448720932007,0.0
aligned,test,text,44,-0.2292407135511691,0.3482968719285629,-2.0898494720458984,2.195507764816284,0.0
aligned,test,text,45,-0.16177655238020228,0.3364006391332924,-2.194272756576538,1.3514493703842163,0.0
aligned,test,text,46,0.23521434235195673,0.6732744124988047,-4.5742669105529785,2.810368061065674,0.0
aligned,test,text,47,-0.05949511911859031,0.3633750894736812,-1.965842843055725,1.6673041582107544,0.0
aligned,test,text,48,-0.008139662110596444,0.42210289224806924,-1.7835499048233032,2.4394192695617676,0.0
aligned,test,text,49,-0.15041278682249448,0.4222027394003469,-2.2732129096984863,1.7745147943496704,0.0
aligned,test,text,50,-0.23278810931215937,0.39021043539399647,-2.4300081729888916,1.5479496717453003,0.0
aligned,test,text,51,0.14609929468375124,0.3452022468691557,-1.6145485639572144,1.9547443389892578,0.0
aligned,test,text,52,-0.0610499769847384,0.41388667186488465,-1.9484065771102905,1.9146766662597656,0.0
aligned,test,text,53,0.01828962544758165,0.3441439957906527,-1.5364934206008911,1.611624002456665,0.0
aligned,test,text,54,0.13783350468440267,0.3279107150009991,-1.294206976890564,1.7139050960540771,0.0
aligned,test,text,55,0.25101441852578016,0.4622068560770399,-1.2958683967590332,2.306396007537842,0.0
aligned,test,text,56,-0.06310822328297995,0.35360154105930386,-2.313985586166382,1.75932776927948,0.0
aligned,test,text,57,-0.3437542363642068,0.4011212504290832,-2.238717555999756,1.3921301364898682,0.0
aligned,test,text,58,-0.36555098504327577,0.38189843413787544,-2.281010389328003,1.1589452028274536,0.0
aligned,test,text,59,-0.10202547490740249,0.3420142536568443,-1.7525310516357422,1.5508981943130493,0.0
aligned,test,text,60,0.17820646462344567,0.37631669723836814,-1.9489717483520508,2.016453981399536,0.0
aligned,test,text,61,-0.11139510569783975,0.3303101307381723,-1.7203298807144165,1.6641305685043335,0.0
aligned,test,text,62,0.0778128433805036,0.3113154665277276,-1.5821974277496338,1.5209262371063232,0.0
aligned,test,text,63,-0.22211833994128477,0.4137575232391752,-2.095302104949951,1.2677112817764282,0.0
aligned,test,text,64,0.14398090143115394,0.35331770931094614,-1.4728845357894897,2.0346014499664307,0.0
aligned,test,text,65,0.05140758322359689,0.36251453150258917,-1.6684823036193848,2.211704969406128,0.0
aligned,test,text,66,0.16349519107356267,0.40232508916357984,-1.4677350521087646,1.9447073936462402,0.0
aligned,test,text,67,0.18513139360657338,0.411375339264918,-1.5465790033340454,2.2619171142578125,2.751031636863824e-05
aligned,test,text,68,-0.401231719818699,0.40765049745337023,-2.320343255996704,1.407336711883545,0.0
aligned,test,text,69,-0.008229462964048076,0.4393076655306011,-2.1620163917541504,1.8862608671188354,0.0
aligned,test,text,70,-0.20791433474774046,0.3795374154327015,-1.9633859395980835,1.5943596363067627,0.0
aligned,test,text,71,-0.1893505902364184,0.3440907818913456,-2.1402337551116943,2.2190256118774414,0.0
aligned,test,text,72,-0.1396145400793344,0.365291290246111,-2.2289929389953613,2.013744354248047,0.0
aligned,test,text,73,-0.17069852859391593,0.37631258365302395,-1.9565907716751099,1.6544229984283447,0.0
aligned,test,text,74,-0.04637998998161288,0.429809561156394,-2.144275665283203,1.923377275466919,0.0
aligned,test,text,75,0.031107595337880198,0.3591212907254449,-1.7744733095169067,1.726996660232544,0.0
aligned,test,text,76,-0.011653121353487037,0.3657971558571541,-2.025346279144287,1.6208233833312988,0.0
aligned,test,text,77,0.13790202045170116,0.3201930897830164,-1.3230253458023071,1.5848444700241089,0.0
aligned,test,text,78,0.05289444092435678,0.3311910707926045,-1.6119283437728882,1.9221603870391846,0.0
aligned,test,text,79,0.02479173258859075,0.3454763176527818,-1.6380974054336548,1.7811994552612305,0.0
aligned,test,text,80,-0.054133234765570214,0.365347895553961,-1.965065836906433,2.008439302444458,0.0
aligned,test,text,81,0.3189240169850533,0.4289589928517531,-1.955024242401123,2.6570258140563965,0.0
aligned,test,text,82,-0.029899825506025036,0.37479593156734226,-1.9193462133407593,2.20961856842041,0.0
aligned,test,text,83,0.2244715967590689,0.3874367066216201,-1.3389337062835693,2.515717029571533,0.0
aligned,test,text,84,0.043157350235660925,0.33539727989662765,-1.6804801225662231,1.6715480089187622,0.0
aligned,test,text,85,0.043991537908607124,0.33297618447488286,-1.8387795686721802,1.7832436561584473,0.0
aligned,test,text,86,-0.013302073969673544,0.36420645763214016,-1.8515161275863647,1.9189121723175049,0.0
aligned,test,text,87,0.12941690150867416,0.35636111172174567,-1.6090271472930908,1.7062143087387085,0.0
aligned,test,text,88,-0.1752291795277284,0.36811070854335376,-2.1358120441436768,1.5730725526809692,0.0
aligned,test,text,89,0.354228834785685,0.4707358773688904,-1.8004509210586548,3.108147621154785,0.0
aligned,test,text,90,-0.05167407904622213,0.3344343085760598,-1.879231333732605,1.6428861618041992,0.0
aligned,test,text,91,-0.16507255726771883,0.33665830266741753,-2.0830607414245605,1.4658681154251099,0.0
aligned,test,text,92,0.0833334797422467,0.35045129011508186,-1.7626594305038452,2.18800687789917,0.0
aligned,test,text,93,0.11136443675129304,0.29755121597862577,-1.4814643859863281,1.7374171018600464,0.0
aligned,test,text,94,0.16445577713224058,0.3296139263362155,-1.3287156820297241,1.8701201677322388,0.0
aligned,test,text,95,-0.21173845513035866,0.381259443186284,-2.098731279373169,1.4102684259414673,0.0
aligned,test,text,96,0.11276950631044713,0.45006514851930546,-1.475966215133667,2.5042731761932373,0.0
aligned,test,text,97,-0.05095247813765641,0.30271776721423,-1.580186128616333,1.6264026165008545,0.0
aligned,test,text,98,-0.13481474258940784,0.3519634865661825,-1.9116225242614746,2.0541927814483643,0.0
aligned,test,text,99,0.18644024582277405,0.4886627848897377,-1.8314987421035767,2.4564831256866455,0.0
aligned,test,text,100,0.02623305868803225,0.41386821584452343,-2.027330160140991,2.0422897338867188,0.0
aligned,test,text,101,-0.452228707954431,0.43966749058439514,-3.0205445289611816,1.7077823877334595,0.0
aligned,test,text,102,0.022702129369158365,0.34638390450951867,-2.1816678047180176,1.889712929725647,0.0
aligned,test,text,103,-0.05299953622100401,0.3857881042956684,-2.17626690864563,2.0558254718780518,0.0
aligned,test,text,104,-0.12854330215567245,0.3820545670022713,-1.9168254137039185,2.011092185974121,0.0
aligned,test,text,105,-0.0703030002656991,0.2799305533866386,-1.5416531562805176,1.2584341764450073,0.0
aligned,test,text,106,0.1840793112042825,0.32734862021305966,-1.6217995882034302,1.846985936164856,0.0
aligned,test,text,107,-0.07243033233281876,0.4155922892748893,-2.482175588607788,2.237870693206787,0.0
aligned,test,text,108,-0.007607290641272741,0.36178544599900875,-1.7800278663635254,1.9629936218261719,0.0
aligned,test,text,109,0.13817930428254863,0.5585548358972188,-3.393742322921753,2.0292370319366455,0.0
aligned,test,text,110,-0.04743705160782623,0.37604708824474,-1.7877212762832642,1.635719895362854,0.0
aligned,test,text,111,-0.017086708747578127,0.3643008323486565,-2.0081746578216553,1.269727110862732,0.0
aligned,test,text,112,0.003193916129793823,0.34061530881471963,-1.5669689178466797,1.9201112985610962,0.0
aligned,test,text,113,-0.12934476408766687,0.34428542883229085,-1.9609547853469849,1.5913039445877075,0.0
aligned,test,text,114,-0.16560435314758834,0.3237382670718519,-1.8461933135986328,1.4264318943023682,0.0
aligned,test,text,115,0.1390138022620564,0.37327643635912006,-1.640838623046875,2.06317400932312,0.0
aligned,test,text,116,0.004906848211615171,0.3446729706358578,-1.761765956878662,1.7573997974395752,0.0
aligned,test,text,117,-0.1240864421964778,0.3583017168317473,-1.9026767015457153,1.9687610864639282,0.0
aligned,test,text,118,0.04582670172812235,0.3898413532864936,-1.8305346965789795,1.6867589950561523,0.0
aligned,test,text,119,0.12193197086789073,0.33102709041530576,-1.569968819618225,1.7722476720809937,0.0
aligned,test,text,120,-0.018296553207589557,0.38604728902637153,-1.5725767612457275,1.8834142684936523,0.0
aligned,test,text,121,0.04446629702675949,0.3989806080415748,-1.6863608360290527,1.9672071933746338,0.0
aligned,test,text,122,0.026116007778395168,0.32466425814179484,-1.5043485164642334,1.894853949546814,0.0
aligned,test,text,123,0.5049984169727322,0.44898802635342555,-1.1349343061447144,3.0306010246276855,0.0
aligned,test,text,124,0.011133186086330772,0.32132785459066243,-1.8694616556167603,1.4547148942947388,0.0
aligned,test,text,125,0.02891358672019909,0.33561280639588853,-1.6325452327728271,1.8886864185333252,0.0
aligned,test,text,126,-0.05912828888817136,0.3428817750817033,-1.757808804512024,1.9128339290618896,0.0
aligned,test,text,127,0.02002040864866127,0.4382612304478235,-1.4245738983154297,1.8849197626113892,0.0
aligned,test,text,128,-0.2061557711705955,0.34509655429850944,-2.089784622192383,1.6016141176223755,0.0
aligned,test,text,129,-0.3508773071590447,0.3509658798355175,-2.061689853668213,1.4036664962768555,0.0
aligned,test,text,130,0.2967664889271398,0.37249159662788667,-1.3638063669204712,2.3246161937713623,0.0
aligned,test,text,131,0.3021284987175859,0.3351784656404854,-1.17062509059906,1.8390591144561768,0.0
aligned,test,text,132,0.19084608243213405,0.30995221591537947,-1.1003608703613281,1.8802860975265503,0.0
aligned,test,text,133,-0.15804601203926943,0.46881037436159956,-2.45801043510437,1.2356384992599487,0.0
aligned,test,text,134,-0.15142995207558962,0.357451036994867,-2.1647815704345703,1.0821200609207153,0.0
aligned,test,text,135,0.01927710969477605,0.38903911936784885,-2.142460823059082,2.1896095275878906,0.0
aligned,test,text,136,0.05529250561125177,0.337524252101831,-1.4516041278839111,1.7436238527297974,0.0
aligned,test,text,137,-0.19584900651585715,0.32720323354939307,-1.9075530767440796,1.3266469240188599,0.0
aligned,test,text,138,-0.03851547253042705,0.4935875949589189,-2.4182016849517822,1.4038017988204956,0.0
aligned,test,text,139,-0.10929234100759358,0.40234177316783154,-1.6773061752319336,2.090639114379883,0.0
aligned,test,text,140,0.04370277850563283,0.36525710791912264,-2.038754463195801,1.8397585153579712,0.0
aligned,test,text,141,0.05291726377405139,0.4296111244679321,-2.1286067962646484,1.7459694147109985,0.0
aligned,test,text,142,0.22724427405068398,0.6134979688988773,-3.719670295715332,2.75447416305542,0.0
aligned,test,text,143,-0.02196357204165038,0.41648378551400267,-1.8091316223144531,2.329627752304077,0.0
aligned,test,text,144,0.058398629418309096,0.3519687693878046,-1.859480619430542,2.0368475914001465,0.0
aligned,test,text,145,-0.07104802417111528,0.353834645357305,-1.5147101879119873,1.8883689641952515,0.0
aligned,test,text,146,-0.12222627717376452,0.426308727899315,-1.9968125820159912,1.747678518295288,0.0
aligned,test,text,147,-0.08144489250085643,0.38984043297043103,-2.1966774463653564,1.8969132900238037,0.0
aligned,test,text,148,-0.08468188568611502,0.3791367641701353,-1.8507814407348633,1.8651542663574219,0.0
aligned,test,text,149,0.01960597066288145,0.35243399296286143,-1.6427615880966187,1.7838865518569946,0.0
aligned,test,text,150,0.014524203400169864,0.4000515558549748,-1.5858309268951416,1.8352140188217163,0.0
aligned,test,text,151,0.2394836103549788,0.4010586759270442,-1.6885449886322021,1.8012326955795288,0.0
aligned,test,text,152,-0.08491857915430072,0.3036806397527943,-1.7673128843307495,1.627336025238037,0.0
aligned,test,text,153,-0.351902574332536,0.39389344194796816,-2.130222797393799,1.5221232175827026,0.0
aligned,test,text,154,-0.030137457721898693,0.3433693758750439,-1.7227964401245117,1.4321850538253784,0.0
aligned,test,text,155,-0.02097770292993425,0.3352296809800598,-1.7747026681900024,1.816630482673645,0.0
aligned,test,text,156,-0.28893954689022633,0.4039761884168501,-2.241044282913208,1.6617538928985596,0.0
aligned,test,text,157,0.14822797824389095,0.3439646808635204,-1.3869737386703491,1.8089959621429443,0.0
aligned,test,text,158,-0.024716002884970407,0.3723019403698118,-1.9075710773468018,1.8118443489074707,0.0
aligned,test,text,159,0.15748463458045958,0.3091106388956185,-1.4140899181365967,1.5468157529830933,0.0
aligned,test,text,160,0.35393183270026063,0.35898656926859324,-1.7756901979446411,2.123774290084839,0.0
aligned,test,text,161,-0.035449258350092085,0.3909253400034294,-2.281111240386963,1.5655325651168823,0.0
aligned,test,text,162,-0.11206850929303605,0.3558274275018354,-1.6358808279037476,1.782691240310669,0.0
aligned,test,text,163,0.27216024736513833,0.40873736355492846,-1.5640981197357178,2.308896780014038,0.0
aligned,test,text,164,0.02941377303848732,0.3775478033942827,-1.7658452987670898,1.7086493968963623,0.0
aligned,test,text,165,0.056162975956948455,0.3578653435247092,-2.2382936477661133,2.054378032684326,0.0
aligned,test,text,166,0.03083532102012743,0.38122802239118075,-2.0290157794952393,1.8063772916793823,0.0
aligned,test,text,167,0.37232201734334847,0.42116577764129265,-1.1213455200195312,2.231191635131836,0.0
aligned,test,text,168,-0.009085742334900565,0.3448140485851872,-2.007880449295044,1.5362107753753662,0.0
aligned,test,text,169,0.08718018739457349,0.40541334571105775,-1.5727741718292236,2.086052417755127,0.0
aligned,test,text,170,-0.059731413094708606,0.3428040195058134,-1.7840946912765503,1.5278934240341187,0.0
aligned,test,text,171,-0.035483146015979974,0.36990330034690283,-2.287612199783325,1.5453565120697021,0.0
aligned,test,text,172,0.5646830709911678,0.4006282392292134,-0.8694027662277222,2.4162824153900146,0.0
aligned,test,text,173,-0.01581228463056701,0.36682242709133966,-1.6934480667114258,1.9359880685806274,0.0
aligned,test,text,174,-0.0637356669708902,0.43465663360300444,-2.2798233032226562,1.8876410722732544,0.0
aligned,test,text,175,0.037404659499287445,0.3646345525552429,-1.8036344051361084,1.5488476753234863,0.0
aligned,test,text,176,0.18452561353021998,0.36253471107329954,-1.6025179624557495,1.9180940389633179,0.0
aligned,test,text,177,0.15439110235553208,0.3363824346321626,-1.6392738819122314,1.9178194999694824,0.0
aligned,test,text,178,0.0833175567996674,0.342879987397685,-1.4771313667297363,1.6866017580032349,0.0
aligned,test,text,179,0.05394303932242823,0.3408069368858639,-1.8853365182876587,1.5435196161270142,0.0
aligned,test,text,180,-0.5571768282357977,1.6137102008528785,-9.705915451049805,0.5349226593971252,0.0
aligned,test,text,181,0.24789947572077126,0.4302159629145298,-1.8408750295639038,2.188971996307373,0.0
aligned,test,text,182,0.06943249756542061,0.3391506961460142,-1.4224814176559448,2.1461446285247803,0.0
aligned,test,text,183,-0.14068589176265253,0.4383871483603798,-2.1205708980560303,1.9295629262924194,0.0
aligned,test,text,184,0.11640305053376102,0.3547507900959596,-1.9573203325271606,2.0721194744110107,0.0
aligned,test,text,185,-0.18849383251052323,0.3283766227664428,-1.9952009916305542,1.3060792684555054,0.0
aligned,test,text,186,0.14515013443585356,0.40829829125203215,-1.952937364578247,2.3325061798095703,0.0
aligned,test,text,187,-0.18566379458475038,0.35894553443225213,-2.094352960586548,1.3637443780899048,0.0
aligned,test,text,188,0.06338492636431772,0.3691812242860621,-1.7505364418029785,1.866908073425293,0.0
aligned,test,text,189,0.027691256352002123,0.38434794772789915,-1.5304847955703735,1.7947300672531128,0.0
aligned,test,text,190,-0.23925734678711205,0.4116020268440667,-2.23441219329834,1.912454605102539,0.0
aligned,test,text,191,-0.25319079404028116,0.41733120589327644,-2.0827434062957764,1.9127568006515503,0.0
aligned,test,text,192,-0.15098076784141629,0.4034092855101173,-2.2751293182373047,1.7028998136520386,0.0
aligned,test,text,193,-0.08104328771188254,0.3292589490416559,-1.7409366369247437,1.546613097190857,0.0
aligned,test,text,194,0.07464908032840761,0.3763010044201628,-1.509127140045166,1.8690533638000488,0.0
aligned,test,text,195,-0.367547739657485,0.37373163483949334,-2.3605473041534424,1.1907099485397339,0.0
aligned,test,text,196,-0.010416922341004792,0.3714356359806989,-1.9167906045913696,2.001189947128296,0.0
aligned,test,text,197,0.001681580268861175,0.4309066454508648,-2.3830718994140625,1.6900792121887207,0.0
aligned,test,text,198,-0.12773590040337449,0.44225694713398056,-2.216548204421997,1.4258562326431274,0.0
aligned,test,text,199,0.006259611540229317,0.32088214424933864,-1.4161266088485718,1.5623154640197754,0.0
aligned,test,text,200,0.12782902237637664,0.3557669151918731,-1.7170547246932983,2.0359702110290527,0.0
aligned,test,text,201,-0.06333797753712948,0.31064692467942595,-1.450941562652588,1.6278598308563232,0.0
aligned,test,text,202,0.1708880211843339,0.35806418962954295,-1.4506148099899292,2.101350784301758,0.0
aligned,test,text,203,0.10158906004313467,0.325322154289362,-1.6153451204299927,1.9183300733566284,0.0
aligned,test,text,204,-0.09630301112362902,0.3805186536499654,-1.843817114830017,1.8729060888290405,0.0
aligned,test,text,205,-0.0025697561723924405,0.755242912384797,-2.11630916595459,4.494733810424805,0.0
aligned,test,text,206,0.15667547034435333,0.32008989128064264,-1.6057889461517334,1.8742982149124146,0.0
aligned,test,text,207,-0.01588326283926567,0.3122682676578957,-1.9595935344696045,1.3593007326126099,0.0
aligned,test,text,208,-0.041185584080545165,0.3596363212993186,-1.8833937644958496,1.703156590461731,0.0
aligned,test,text,209,0.10766157223811011,0.34852914535275487,-1.7611202001571655,2.120720148086548,0.0
aligned,test,text,210,-0.24020914289099837,0.3793271929591925,-1.9582030773162842,1.4250506162643433,0.0
aligned,test,text,211,0.33442194772891937,0.38263682458246234,-1.5820903778076172,2.218062400817871,0.0
aligned,test,text,212,-0.03460686216917417,0.33319438904253673,-2.0350942611694336,1.7398042678833008,0.0
aligned,test,text,213,-0.0052984994757495196,0.36972471984936894,-2.139209270477295,2.060213565826416,0.0
aligned,test,text,214,0.04162262185773924,0.33259404490931443,-1.7982646226882935,1.6271722316741943,0.0
aligned,test,text,215,0.0031062237943485483,0.3066377941007088,-1.5069011449813843,1.6405830383300781,0.0
aligned,test,text,216,0.05155047923808167,0.3106097056862523,-1.4599082469940186,1.5604017972946167,0.0
aligned,test,text,217,-0.04572784140644572,0.38559653009636724,-2.1553564071655273,1.8939151763916016,0.0
aligned,test,text,218,-0.10623350116720184,0.3757665741276541,-1.7769834995269775,1.6724399328231812,0.0
aligned,test,text,219,-0.0029642215137532625,0.3500311540308432,-1.8531279563903809,1.3744690418243408,0.0
aligned,test,text,220,0.16563837240474424,0.4034351526434395,-1.6840490102767944,1.8844738006591797,0.0
aligned,test,text,221,-0.1658931965923047,0.3319151003521747,-1.4536651372909546,1.8209235668182373,0.0
aligned,test,text,222,-0.1970424702110991,0.4257033820743916,-2.4324798583984375,1.4659408330917358,0.0
aligned,test,text,223,0.2044286600567152,0.32138033856916765,-1.1073733568191528,2.0153427124023438,0.0
aligned,test,text,224,-0.12472719359481925,0.406995713163446,-1.829349160194397,1.5114105939865112,0.0
aligned,test,text,225,0.2843067814854513,0.5588833747022791,-2.185405969619751,3.064157247543335,0.0
aligned,test,text,226,0.10049105372689818,0.3575110125169947,-1.7279245853424072,2.1342482566833496,0.0
aligned,test,text,227,-0.1845908346949491,0.4210491149575628,-2.491943120956421,1.5167486667633057,0.0
aligned,test,text,228,0.22293609101412384,0.34668933779214023,-1.4796122312545776,2.0354888439178467,0.0
aligned,test,text,229,0.13544145213750874,0.5532359216399345,-2.3642711639404297,2.4756665229797363,0.0
aligned,test,text,230,-0.06238533631981731,0.34907143190117795,-1.937945008277893,1.6351715326309204,0.0
aligned,test,text,231,-0.09786265654425345,0.38034330271951006,-2.1307408809661865,1.846134066581726,0.0
aligned,test,text,232,0.17343614604359972,0.40736820157344283,-1.4242713451385498,2.4678397178649902,0.0
aligned,test,text,233,-0.037882062821992336,0.3585773227104671,-1.9851317405700684,1.8621619939804077,0.0
aligned,test,text,234,-0.06216042100214893,0.3554041250241352,-2.2915003299713135,2.0091447830200195,0.0
aligned,test,text,235,0.10771197221266231,0.3771693930329852,-1.5881035327911377,1.6542189121246338,0.0
aligned,test,text,236,-0.12722843850795001,0.39802216983254274,-2.239330291748047,1.4763665199279785,0.0
aligned,test,text,237,-0.1928614515592914,0.32203084895369355,-1.9620405435562134,1.7637182474136353,0.0
aligned,test,text,238,0.028840690705274452,0.33002197690218893,-1.8241077661514282,1.864078164100647,0.0
aligned,test,text,239,-0.11738158687308656,0.33004086966462415,-1.988593339920044,1.4703984260559082,0.0
aligned,test,text,240,-0.24930239356249734,0.304586674411254,-1.757326602935791,1.3111546039581299,0.0
aligned,test,text,241,0.17624122096994568,0.3641071066788001,-1.5289738178253174,2.5897462368011475,0.0
aligned,test,text,242,0.14513188180248504,0.37131413365921156,-1.541027545928955,2.500936269760132,0.0
aligned,test,text,243,0.15693035995913093,0.33032774959048145,-1.6663384437561035,1.7618207931518555,0.0
aligned,test,text,244,0.024639708882856198,0.36891019748918785,-1.518080234527588,1.9192519187927246,0.0
aligned,test,text,245,0.1240930888222779,0.3311212670920512,-1.2967665195465088,1.6221247911453247,0.0
aligned,test,text,246,0.14139552185457954,0.4242600140070586,-1.6901887655258179,1.8076378107070923,0.0
aligned,test,text,247,-0.10680929513558479,0.37490486176550997,-1.9704978466033936,1.6023167371749878,0.0
aligned,test,text,248,-0.07508885427971243,0.38345910324304977,-2.189894199371338,1.9219863414764404,0.0
aligned,test,text,249,-0.10640430387442591,0.3010779017302423,-1.6287593841552734,1.2554903030395508,0.0
aligned,test,text,250,-0.33747550561475825,0.38256209891748577,-2.332056760787964,1.1203323602676392,0.0
aligned,test,text,251,-0.29307826322827496,0.520039356624983,-2.4747915267944336,2.5907464027404785,0.0
aligned,test,text,252,-0.012543056551597632,0.3199157447506125,-1.871873378753662,1.5351454019546509,0.0
aligned,test,text,253,-0.26493105084754454,0.3780949150356454,-2.3948118686676025,1.208274483680725,0.0
aligned,test,text,254,0.030988103440428533,0.41306817372953536,-2.2323052883148193,2.2696471214294434,0.0
aligned,test,text,255,-0.19011960802320518,0.37970288311874395,-2.1819095611572266,1.5166329145431519,0.0
aligned,test,text,256,-0.19215176968798145,0.32392932647731976,-1.8350460529327393,1.1368544101715088,0.0
aligned,test,text,257,-0.07329446791276013,0.38560890468368175,-1.7336418628692627,1.7803739309310913,0.0
aligned,test,text,258,0.08235164286783977,0.36964904472629445,-1.822424054145813,1.5928267240524292,0.0
aligned,test,text,259,-0.023150966025048552,0.33544345124682684,-1.5948902368545532,1.6004490852355957,0.0
aligned,test,text,260,0.14643280236032552,0.4286889035322404,-2.002450704574585,2.6210498809814453,0.0
aligned,test,text,261,0.06482034093094413,0.3311210592798727,-1.604625940322876,2.0355281829833984,0.0
aligned,test,text,262,0.10691225790665927,0.4190270691624126,-1.9483511447906494,2.3144919872283936,0.0
aligned,test,text,263,-0.07136949665280778,0.36369534445970075,-1.4237697124481201,1.8555066585540771,0.0
aligned,test,text,264,-0.26014931466917224,0.42868911996507775,-2.1763100624084473,1.1722477674484253,0.0
aligned,test,text,265,-0.2684969099332288,0.4400281721270086,-2.4236724376678467,1.3126214742660522,0.0
aligned,test,text,266,0.012441237570085093,0.3979043796735849,-2.040499448776245,2.208468198776245,0.0
aligned,test,text,267,0.05558138296330934,0.3533860489506108,-1.7354341745376587,1.94010591506958,0.0
aligned,test,text,268,0.04133755762006401,0.33614063609893563,-1.3291376829147339,1.8179007768630981,0.0
aligned,test,text,269,0.1580969764789287,0.37806892430156114,-1.7373565435409546,2.537142276763916,0.0
aligned,test,text,270,0.07725059520314861,0.3463112594155077,-1.7818570137023926,1.6694214344024658,0.0
aligned,test,text,271,-0.05484051293010684,0.34497971714585285,-2.2011044025421143,1.861769676208496,0.0
aligned,test,text,272,0.04365985715508133,0.35460229248500863,-1.7719330787658691,1.790358304977417,0.0
aligned,test,text,273,0.3612170870179897,0.7086201914288716,-5.2860236167907715,2.312694787979126,0.0
aligned,test,text,274,-0.12724230543398996,0.37477265997541115,-2.2262351512908936,1.6018414497375488,0.0
aligned,test,text,275,-0.16066311353553686,0.39257321585242955,-2.125576972961426,1.5253559350967407,0.0
aligned,test,text,276,0.23027382815597475,0.3056278946824477,-1.3781367540359497,1.7938612699508667,0.0
aligned,test,text,277,0.15982097757754501,0.3339555429089094,-1.822203278541565,1.950871229171753,0.0
aligned,test,text,278,0.006916393670519274,0.3242486303452278,-1.645923376083374,1.5469937324523926,0.0
aligned,test,text,279,-0.02000735819309007,0.39076015370629164,-2.0962235927581787,1.8055177927017212,0.0
aligned,test,text,280,0.008069172490290795,0.37654585982520933,-1.2710076570510864,1.937454104423523,0.0
aligned,test,text,281,0.32972222583663063,0.4166849712724882,-1.3306456804275513,2.369159698486328,0.0
aligned,test,text,282,-0.35461943928731354,0.37934202233019054,-2.1696197986602783,1.7505316734313965,0.0
aligned,test,text,283,0.058155921555061454,0.33202289892451403,-1.98014235496521,2.049525260925293,0.0
aligned,test,text,284,0.12202610618382323,0.42651062388427746,-2.1620748043060303,1.6235913038253784,0.0
aligned,test,text,285,-0.16655332590926034,0.3317149246845213,-1.990494966506958,1.4669303894042969,0.0
aligned,test,text,286,0.017843584324331873,0.37195759259319333,-1.69636070728302,2.144681453704834,0.0
aligned,test,text,287,-0.10936037763717496,0.5689874451553044,-2.062404155731201,2.723980188369751,0.0
aligned,test,text,288,-0.20927333113118657,0.33930668678274134,-2.0615651607513428,1.2862247228622437,0.0
aligned,test,text,289,-0.1798189601607549,0.3751709003838802,-2.139970302581787,1.4284247159957886,0.0
aligned,test,text,290,-0.10049448674657424,0.31724084242530703,-1.7804144620895386,1.4948468208312988,0.0
aligned,test,text,291,0.11680500607133075,0.34709789571367644,-1.855051875114441,1.6737353801727295,0.0
aligned,test,text,292,-0.13013712446029815,0.3578041768536557,-2.01175856590271,1.6652581691741943,0.0
aligned,test,text,293,-0.18973247941245197,0.3567278142481963,-1.8408876657485962,1.2561993598937988,0.0
aligned,test,text,294,0.378655732837243,0.3512833254695679,-1.538006067276001,2.1466619968414307,0.0
aligned,test,text,295,-0.04693255384766498,0.3185953687598351,-1.593291163444519,1.6469720602035522,0.0
aligned,test,text,296,0.15247203073954976,0.3327761484715657,-1.2381558418273926,1.827021837234497,0.0
aligned,test,text,297,0.16919262006694383,0.34675345018029163,-1.5440082550048828,1.9292093515396118,0.0
aligned,test,text,298,0.08973596448983172,0.37640774553275785,-1.5217275619506836,2.179412841796875,0.0
aligned,test,text,299,-0.027553980435876296,0.327049579882327,-1.8301761150360107,1.613614797592163,0.0
aligned,test,text,300,-0.08931272004850137,0.4045014565650521,-2.5193285942077637,1.961333990097046,0.0
aligned,test,text,301,-0.010745386169836479,0.42086924994157926,-2.2072720527648926,1.4564818143844604,0.0
aligned,test,text,302,0.18161716818020382,0.37006594005303933,-1.74836003780365,2.0432546138763428,0.0
aligned,test,text,303,-0.004032511789981978,0.37533839791177087,-1.301236629486084,1.85533607006073,0.0
aligned,test,text,304,-0.04020264398629433,0.49067687746242206,-2.7139172554016113,1.7185732126235962,0.0
aligned,test,text,305,0.14458379890323916,0.3321984208885624,-1.501895785331726,1.9896854162216187,0.0
aligned,test,text,306,-0.013450183847142791,0.3276525780569514,-1.5491069555282593,1.7333506345748901,0.0
aligned,test,text,307,-0.203403393003034,0.4439619080763707,-2.340503215789795,1.4561113119125366,0.0
aligned,test,text,308,-5.0190755028436485,1.9980249745173677,-7.069908142089844,5.553917407989502,0.0
aligned,test,text,309,-0.0297279509388556,0.333637759123832,-1.7811750173568726,1.9755547046661377,0.0
aligned,test,text,310,0.01117129753421905,0.338163336244038,-1.7138662338256836,1.8268136978149414,0.0
aligned,test,text,311,-0.15893221814800926,0.33395818026999613,-1.8261901140213013,1.425336480140686,0.0
aligned,test,text,312,0.09874103918061829,0.3418001414276365,-1.3490771055221558,2.012324810028076,0.0
aligned,test,text,313,-0.04161252168036659,0.3295449076025095,-1.6941570043563843,1.542698621749878,0.0
aligned,test,text,314,0.05582608761852594,0.38323044967237596,-1.792006015777588,1.9784406423568726,0.0
aligned,test,text,315,-0.11963582780437629,0.29056704096433195,-1.8545241355895996,0.9883251786231995,0.0
aligned,test,text,316,-0.28792216601972426,0.38489633171408083,-2.343165636062622,1.291081190109253,0.0
aligned,test,text,317,-0.01702576777655657,0.3270353313088492,-2.005643129348755,1.5599241256713867,0.0
aligned,test,text,318,0.054027349630209325,0.4240105032574378,-1.935458779335022,1.9219695329666138,0.0
aligned,test,text,319,-0.14814642723547256,0.33979745789964133,-2.072854995727539,1.1422028541564941,0.0
aligned,test,text,320,0.15619483145607183,0.3545167668783062,-1.4013816118240356,2.3208742141723633,0.0
aligned,test,text,321,0.12576287798071087,0.3505791029746869,-1.4654484987258911,1.9291646480560303,0.0
aligned,test,text,322,0.13827107958721083,0.3466268049598106,-1.294132113456726,2.182154417037964,0.0
aligned,test,text,323,-0.025451176868754206,0.40930044077064703,-2.2061755657196045,1.7235075235366821,0.0
aligned,test,text,324,0.1618228997980876,0.3896098689230866,-2.023073196411133,2.1984522342681885,0.0
aligned,test,text,325,-0.2258987318151765,0.3647700745444996,-2.094865083694458,1.5184311866760254,0.0
aligned,test,text,326,-0.14704905613903288,0.3356645835618125,-1.7054890394210815,1.6551215648651123,0.0
aligned,test,text,327,0.41395745286700075,0.419409247767075,-1.121580958366394,2.3490421772003174,0.0
aligned,test,text,328,-0.17504144419368967,0.3565550645096097,-1.8490357398986816,1.4962234497070312,0.0
aligned,test,text,329,-0.2534278678471553,0.38662238092657014,-2.426968812942505,1.3787752389907837,0.0
aligned,test,text,330,0.18434122212876808,0.34139109547957364,-1.4740593433380127,1.6700518131256104,0.0
aligned,test,text,331,-0.04697504169142394,0.31897053678053494,-2.002004623413086,1.4282046556472778,0.0
aligned,test,text,332,0.20888657370318328,0.39399236271693683,-1.2747070789337158,2.1500322818756104,0.0
aligned,test,text,333,0.33291637141600844,0.4724393602878464,-1.7428874969482422,3.296473264694214,0.0
aligned,test,text,334,-0.058485193758270354,0.40811530754379116,-2.6714649200439453,1.667268991470337,0.0
aligned,test,text,335,0.035688324455525555,0.35455563561416387,-1.6116315126419067,1.5982673168182373,0.0
aligned,test,text,336,-0.2661893525709394,0.39194137481464336,-2.1940197944641113,1.8278194665908813,0.0
aligned,test,text,337,-0.067182365198334,0.3454001729040267,-2.039959192276001,1.8560007810592651,0.0
aligned,test,text,338,-0.07440950011888306,0.3729896034408187,-1.9949002265930176,1.8935465812683105,0.0
aligned,test,text,339,-0.12021185954271763,0.3578566222350532,-2.0594701766967773,1.3400204181671143,0.0
aligned,test,text,340,0.030568575150470418,0.32451350794998735,-1.3319355249404907,1.5646393299102783,0.0
aligned,test,text,341,0.07725995023691312,0.37704818387696876,-2.2940902709960938,2.219367027282715,0.0
aligned,test,text,342,0.10401798838499723,0.33773243384909535,-1.641904354095459,1.5996516942977905,0.0
aligned,test,text,343,-0.062153794207140046,0.30402254798186484,-1.6901953220367432,1.4869827032089233,0.0
aligned,test,text,344,-0.026140908399543007,0.32441369903017386,-1.768106460571289,1.6833384037017822,0.0
aligned,test,text,345,-0.2497351895860477,0.35950504956871754,-2.174752712249756,1.418199062347412,0.0
aligned,test,text,346,-0.016265052126328547,0.5061576167538654,-2.194208860397339,2.0858471393585205,0.0
aligned,test,text,347,-0.07537753178120592,0.3599722946725503,-2.0998380184173584,1.6254276037216187,0.0
aligned,test,text,348,0.058285340158617256,0.41264660706827505,-1.7417402267456055,1.6830514669418335,0.0
aligned,test,text,349,-0.21177016426461967,0.47729362322401586,-2.871396780014038,1.4136046171188354,0.0
aligned,test,text,350,-0.016377795228153018,0.3379098254676004,-1.9745579957962036,1.818049430847168,0.0
aligned,test,text,351,-0.08923494389785411,0.38671047585086715,-2.016070604324341,1.967031717300415,0.0
aligned,test,text,352,0.3439311897246349,0.5823321525245058,-1.360520601272583,2.758268117904663,0.0
aligned,test,text,353,-0.16403946542868997,0.33409118063714954,-1.8610243797302246,1.6155412197113037,0.0
aligned,test,text,354,0.0786265243576299,0.4202253923815265,-1.8103275299072266,2.079411745071411,0.0
aligned,test,text,355,-0.13057089858968965,0.3755554394519494,-2.4091169834136963,1.6100326776504517,0.0
aligned,test,text,356,0.07501032083181272,0.3282430214676216,-1.717880129814148,1.768974781036377,0.0
aligned,test,text,357,0.1651013401401789,0.3050029353354694,-1.3691468238830566,2.0140345096588135,0.0
aligned,test,text,358,0.24092245053971362,0.3640569543354715,-1.663987636566162,1.9915133714675903,0.0
aligned,test,text,359,0.04263316286912257,0.35270263630766124,-1.7499195337295532,2.126051425933838,0.0
aligned,test,text,360,-0.10570539847462139,0.413206969665806,-2.1190073490142822,2.0940685272216797,0.0
aligned,test,text,361,-0.14074544773643333,0.33925738896195273,-1.8107281923294067,1.5763531923294067,0.0
aligned,test,text,362,-0.041357564410550884,0.3503956237033684,-2.0489113330841064,1.9026228189468384,0.0
aligned,test,text,363,0.029222376907892537,0.3380242508967048,-1.399104356765747,1.7695128917694092,0.0
aligned,test,text,364,0.217589428477102,0.3857950934339157,-1.3951256275177002,2.252828359603882,0.0
aligned,test,text,365,0.3431529572377035,0.4008564606253677,-1.2383134365081787,2.288529396057129,0.0
aligned,test,text,366,-0.1356601996030697,0.33391425227963645,-2.0077779293060303,1.3811935186386108,0.0
aligned,test,text,367,-0.250373702997949,0.3699753734537721,-2.2057385444641113,1.4964147806167603,0.0
aligned,test,text,368,0.08512684792152092,0.3678971142473453,-1.78350830078125,2.1750648021698,0.0
aligned,test,text,369,-0.09653522276013393,0.3336388212129272,-1.6796059608459473,1.2954133749008179,0.0
aligned,test,text,370,-0.23370313198214712,0.40495383167270704,-2.2653391361236572,1.2555502653121948,0.0
aligned,test,text,371,-0.0035077284324140463,0.3479300884079185,-1.798919439315796,1.5720700025558472,0.0
aligned,test,text,372,-0.1436308180158535,0.4140012444683675,-1.9727637767791748,2.460088014602661,0.0
aligned,test,text,373,-0.0355716039018995,0.4286090562620865,-2.0212953090667725,1.3674393892288208,0.0
aligned,test,text,374,-0.18638893479048346,0.4996678389058118,-2.8680806159973145,1.1790467500686646,0.0
aligned,test,text,375,-0.18882151991451745,0.4516080827489884,-2.4508492946624756,1.7603315114974976,0.0
aligned,test,text,376,0.14022399493723728,0.34892397711657125,-1.8922566175460815,2.0978612899780273,0.0
aligned,test,text,377,0.09819866799945434,0.3304800372684773,-2.1040165424346924,1.6252942085266113,0.0
aligned,test,text,378,-0.00856556846958776,0.30241713405878135,-1.579258680343628,1.7920053005218506,0.0
aligned,test,text,379,-0.012943341001571044,0.4842974417825094,-1.95488703250885,2.465420722961426,0.0
aligned,test,text,380,-0.17182180847593442,0.39458572331765357,-2.1525886058807373,1.3358614444732666,0.0
aligned,test,text,381,-0.5761831620335323,0.4061502891580792,-3.846118688583374,1.2895026206970215,0.0
aligned,test,text,382,-0.012775398901775172,0.33538728027281234,-1.9187229871749878,1.736020565032959,0.0
aligned,test,text,383,-0.05418533995785998,0.42011776471242807,-2.330563545227051,1.6961581707000732,0.0
aligned,test,text,384,-0.04876304661130028,0.3803095710701816,-1.5306000709533691,1.878121018409729,0.0
aligned,test,text,385,-0.0699223543824487,0.3398560136787263,-1.4865690469741821,1.9924266338348389,0.0
aligned,test,text,386,0.11415766767548984,0.346088754004342,-2.014418125152588,1.9483063220977783,0.0
aligned,test,text,387,-0.008213910885159045,0.3872351372253603,-1.9338096380233765,2.482758045196533,0.0
aligned,test,text,388,-0.12727106305743674,0.42928407546026776,-1.9873920679092407,1.8045618534088135,0.0
aligned,test,text,389,-0.15746729862751974,0.37383982058809034,-2.3510425090789795,1.512742280960083,0.0
aligned,test,text,390,0.024130315048084626,0.3750599293059441,-1.9834020137786865,2.599621534347534,0.0
aligned,test,text,391,0.050739964213391366,0.38576041147750184,-2.0333237648010254,1.745164394378662,0.0
aligned,test,text,392,-0.050516902398230944,0.32625234884200704,-1.9644073247909546,1.5764621496200562,0.0
aligned,test,text,393,-0.21425357611913956,0.37043724588944144,-2.1830737590789795,1.5551334619522095,0.0
aligned,test,text,394,0.05719064300764542,0.37504757811720335,-1.760882019996643,1.9414031505584717,0.0
aligned,test,text,395,-0.06574498706651138,0.42591747361220855,-2.396812915802002,1.8905166387557983,0.0
aligned,test,text,396,-0.12312969362670671,0.3446676972957638,-1.968672275543213,1.564119577407837,0.0
aligned,test,text,397,-0.16418181519647945,0.46722870971109093,-2.5380351543426514,1.4121288061141968,0.0
aligned,test,text,398,0.2608769061323383,0.3848659637558549,-1.5333962440490723,2.2078025341033936,0.0
aligned,test,text,399,0.1286595495096427,0.37662614925633614,-1.6991957426071167,2.0456316471099854,0.0
aligned,test,text,400,0.16712174183805634,0.3381024107556943,-1.3956806659698486,1.9227807521820068,0.0
aligned,test,text,401,0.14416590067724527,0.32177432026616853,-1.4659405946731567,1.8759828805923462,0.0
aligned,test,text,402,0.32186561091694127,0.42947198919427115,-1.5434857606887817,2.1276745796203613,0.0
aligned,test,text,403,-0.013925090605979773,0.3782268044617927,-1.860718846321106,1.933475136756897,0.0
aligned,test,text,404,0.286894947423624,0.3145662926490477,-1.430137038230896,2.1075491905212402,0.0
aligned,test,text,405,-0.11790739088533177,0.3758621463986949,-2.401981830596924,1.6204777956008911,0.0
aligned,test,text,406,0.07171838933130549,0.34846621556977614,-1.5997804403305054,1.9628130197525024,0.0
aligned,test,text,407,-0.057783245727460845,0.330925596049401,-1.7317379713058472,1.8424701690673828,0.0
aligned,test,text,408,0.0004941468814995135,0.44706156367615735,-2.105661153793335,2.1078643798828125,0.0
aligned,test,text,409,-0.03752662498775506,0.38037525409084993,-2.0770351886749268,1.8084824085235596,0.0
aligned,test,text,410,0.22586872272388311,0.44406367359327653,-1.3389689922332764,2.353806257247925,0.0
aligned,test,text,411,0.007905726585808778,0.3466311100212944,-1.6976251602172852,1.7073473930358887,0.0
aligned,test,text,412,0.08966319007184126,0.37900613311073206,-1.9214036464691162,1.9070602655410767,0.0
aligned,test,text,413,-0.008781015329226913,0.3573597167068282,-1.6931374073028564,1.9026076793670654,0.0
aligned,test,text,414,-0.36337285424873456,0.3620491515079998,-2.1595985889434814,1.3608318567276,0.0
aligned,test,text,415,0.06346017394245614,0.3239643868969507,-1.384786605834961,1.851141333580017,0.0
aligned,test,text,416,0.13510695182676702,0.35083283889344496,-1.7234569787979126,1.9462569952011108,0.0
aligned,test,text,417,-0.01920518330707019,0.3299076135029441,-1.8398617506027222,1.7495094537734985,0.0
aligned,test,text,418,0.2558890334326656,0.34900603957845955,-1.4655780792236328,2.4638195037841797,0.0
aligned,test,text,419,-0.3323416710145928,0.4207964598643135,-2.4606001377105713,1.1730568408966064,0.0
aligned,test,text,420,0.33609853595875694,0.40611249395612214,-1.331719160079956,2.442009687423706,0.0
aligned,test,text,421,-0.09392159836471818,0.4025815443799517,-2.1771183013916016,1.462356448173523,0.0
aligned,test,text,422,-0.09842634616455542,0.3715745554717095,-1.9851317405700684,1.4742412567138672,0.0
aligned,test,text,423,-0.19791814306896932,0.3384233217730703,-1.812158226966858,1.7240158319473267,0.0
aligned,test,text,424,0.12973758767352553,0.3698200079351421,-1.4470627307891846,2.389838933944702,0.0
aligned,test,text,425,0.3317783803633444,0.4178649602823509,-1.3420192003250122,2.469465970993042,0.0
aligned,test,text,426,0.009740566209284013,0.3078280106642426,-1.512438178062439,1.6693382263183594,0.0
aligned,test,text,427,-0.021134152040698986,0.33318993159588944,-2.4252843856811523,1.6589003801345825,0.0
aligned,test,text,428,-0.09525830220446461,0.3405903410442423,-1.8622310161590576,1.400996446609497,0.0
aligned,test,text,429,0.40792412987809007,0.376558218432008,-1.1908106803894043,2.2321531772613525,0.0
aligned,test,text,430,-0.2932252457648762,0.370588995759824,-1.9918228387832642,1.7003448009490967,0.0
aligned,test,text,431,-0.06088373849924239,0.40287193938712496,-2.07063364982605,1.4444040060043335,0.0
aligned,test,text,432,-0.36089999890188074,0.4763075672527706,-2.8332767486572266,1.8411169052124023,0.0
aligned,test,text,433,-0.01066828628999413,0.286060457390839,-1.7988097667694092,1.6721217632293701,0.0
aligned,test,text,434,-0.1330040094261141,0.33399914530982827,-2.0503921508789062,1.6078773736953735,0.0
aligned,test,text,435,-0.10443198797668354,0.41166342060218863,-2.231574535369873,2.3666491508483887,0.0
aligned,test,text,436,-0.0332890310237994,0.37402475240145033,-1.9512815475463867,1.6869152784347534,0.0
aligned,test,text,437,0.008021626964959597,0.31559329277822934,-1.702696681022644,1.7650412321090698,0.0
aligned,test,text,438,-0.027732366171077487,0.34511128915373057,-1.9882941246032715,1.5320398807525635,0.0
aligned,test,text,439,-0.010353720058959895,0.38108085654660345,-1.9402319192886353,1.4724438190460205,0.0
aligned,test,text,440,-0.1357712254630968,0.3372957088222248,-1.9510093927383423,1.441655158996582,0.0
aligned,test,text,441,0.10130826991743203,0.4292176052339517,-1.5990276336669922,1.9013996124267578,0.0
aligned,test,text,442,0.08445776500171652,0.3318198132764195,-1.4808189868927002,2.0296456813812256,0.0
aligned,test,text,443,0.016311343705696035,0.33089029573568973,-1.88938307762146,1.5190411806106567,0.0
aligned,test,text,444,-0.04219574000835009,0.34960244845310173,-2.653062343597412,1.915128231048584,0.0
aligned,test,text,445,-0.18115782257523055,0.4448352111167078,-2.3955979347229004,1.4227644205093384,0.0
aligned,test,text,446,0.0177990405367075,0.3927018137429345,-2.2559566497802734,1.995580792427063,0.0
aligned,test,text,447,0.06087033877100544,0.37072960314155723,-1.4171571731567383,1.9228321313858032,0.0
aligned,test,text,448,0.20163189268157275,0.3764166411782652,-1.7385615110397339,2.198859691619873,0.0
aligned,test,text,449,0.19626347735109118,0.3439545935541794,-1.361460566520691,1.9759445190429688,0.0
aligned,test,text,450,-0.049493836555501866,0.37037301779842635,-2.045020580291748,1.63034987449646,0.0
aligned,test,text,451,-0.04901238365593319,0.37735435574815757,-1.9979145526885986,1.8318915367126465,0.0
aligned,test,text,452,0.028594175787101994,0.4508839846361201,-2.2846622467041016,2.894568920135498,0.0
aligned,test,text,453,0.2337256949416367,0.3693413087449459,-1.5522538423538208,2.398181676864624,0.0
aligned,test,text,454,-0.09708810141092318,0.40653997066196923,-2.3382580280303955,2.0747103691101074,0.0
aligned,test,text,455,0.1341739401067037,0.39466072223648097,-2.002314805984497,2.348996639251709,0.0
aligned,test,text,456,-0.1170869450647758,0.33473498712904576,-1.885972261428833,1.5208662748336792,0.0
aligned,test,text,457,0.1887443963446343,0.33704572426603263,-1.3066208362579346,1.8583794832229614,0.0
aligned,test,text,458,-0.050089628076823906,0.4300903112402106,-2.020282745361328,1.6245625019073486,0.0
aligned,test,text,459,-0.1726530419763029,0.38205182922636044,-2.1614723205566406,1.5122953653335571,0.0
aligned,test,text,460,-0.025010098175451856,0.34079214774580224,-1.9565106630325317,1.6125787496566772,0.0
aligned,test,text,461,-0.04280963811244524,0.49499420009028483,-1.9987823963165283,1.595098853111267,0.0
aligned,test,text,462,-0.028264982239170285,0.39989678176777765,-1.793326735496521,1.8465354442596436,0.0
aligned,test,text,463,0.015275712545853533,0.36994595073147307,-1.8259166479110718,1.8504955768585205,0.0
aligned,test,text,464,0.2065209637783555,0.3514828363285262,-1.4682471752166748,1.939589023590088,0.0
aligned,test,text,465,-0.0436785221877194,0.30401480293297883,-1.7823513746261597,1.348187804222107,0.0
aligned,test,text,466,-0.006756686362318767,0.3723972511125294,-1.8744075298309326,1.9222946166992188,0.0
aligned,test,text,467,-0.257279263594927,0.43578286846453373,-2.669243335723877,1.4499262571334839,0.0
aligned,test,text,468,0.15398389403028043,0.34895628446904103,-1.6562994718551636,2.043558359146118,0.0
aligned,test,text,469,0.021895324071098062,0.3764614290581063,-1.7714534997940063,1.855712890625,0.0
aligned,test,text,470,0.14464176664377423,0.4852619059892241,-2.8909029960632324,2.379708766937256,0.0
aligned,test,text,471,0.20286949030458004,0.3183592112489949,-1.4427378177642822,1.9429484605789185,0.0
aligned,test,text,472,0.06125628254437842,0.3999343118282155,-2.3066890239715576,1.7418574094772339,0.0
aligned,test,text,473,0.35193188851650553,0.42764801191046276,-1.4008533954620361,2.5820789337158203,0.0
aligned,test,text,474,-0.08152538247608888,0.3100464130160493,-1.5907182693481445,1.4711523056030273,0.0
aligned,test,text,475,-0.054409575043425494,0.34757645166045614,-1.6452339887619019,1.6382935047149658,0.0
aligned,test,text,476,-0.2084688173522955,0.34939642933376763,-1.7500505447387695,1.4191447496414185,0.0
aligned,test,text,477,0.15169939700109267,0.3633338177929723,-1.7619520425796509,2.268690347671509,0.0
aligned,test,text,478,0.06057835618154424,0.49586586959947504,-2.049520254135132,2.081068992614746,0.0
aligned,test,text,479,-0.09771310997622132,0.36733651633757314,-2.13714599609375,1.9392268657684326,0.0
aligned,test,text,480,-0.08360647010820645,0.3791470665700385,-1.9055006504058838,2.173007011413574,0.0
aligned,test,text,481,-0.13382715541118068,0.4138153310527891,-1.9662213325500488,1.6248176097869873,0.0
aligned,test,text,482,-0.06940564030677623,0.3322514183434639,-1.9094983339309692,1.4744402170181274,0.0
aligned,test,text,483,0.1981664538251792,0.4052753229503728,-1.656933069229126,2.5160915851593018,0.0
aligned,test,text,484,-0.028499164463852263,0.32092977907022857,-1.4075958728790283,1.677320122718811,0.0
aligned,test,text,485,-0.18691840673135252,0.3806862604213236,-2.1639161109924316,1.6115930080413818,0.0
aligned,test,text,486,-0.08761197514073639,0.3483790258820134,-1.8645983934402466,1.6530299186706543,0.0
aligned,test,text,487,0.1263340087127366,0.3846798882055279,-1.5881297588348389,2.273522138595581,0.0
aligned,test,text,488,0.05048130943926699,0.29223387473526824,-1.554099202156067,1.1741082668304443,0.0
aligned,test,text,489,-0.2635600083694887,0.36246426969987555,-2.1797637939453125,1.5478395223617554,0.0
aligned,test,text,490,-0.08577759200643666,0.3700175618612874,-2.052657127380371,1.6018037796020508,0.0
aligned,test,text,491,-0.20133581053761526,0.36874502313152785,-1.828608512878418,1.656022071838379,0.0
aligned,test,text,492,0.2398205257233801,0.3341520812336696,-1.1877340078353882,2.0844058990478516,0.0
aligned,test,text,493,0.10479422264077805,0.38590908941744145,-2.0741817951202393,1.883934497833252,0.0
aligned,test,text,494,-0.057633013127722676,0.41576399809695264,-1.805258870124817,2.0236711502075195,0.0
aligned,test,text,495,-0.08261223341901998,0.3299614654569407,-1.6621159315109253,1.4320117235183716,0.0
aligned,test,text,496,0.015313345717914413,0.3307749659546644,-1.734200119972229,1.558367133140564,0.0
aligned,test,text,497,0.2051494660048119,0.36189786096146775,-1.8764896392822266,2.0656449794769287,0.0
aligned,test,text,498,-0.00807708222403651,0.458281768962067,-2.698254346847534,1.7374399900436401,0.0
aligned,test,text,499,0.1913168383892395,0.36403540927928796,-1.2602218389511108,2.203432321548462,0.0
aligned,test,text,500,-0.1271382971211981,0.3569748889739374,-2.0887258052825928,1.7748439311981201,0.0
aligned,test,text,501,-0.14417020395638977,0.35192233339513235,-2.2597384452819824,1.7110291719436646,0.0
aligned,test,text,502,-0.19432120708756384,0.40906498687044834,-2.181234836578369,1.235373616218567,0.0
aligned,test,text,503,-0.19899608934049634,0.3813749773529249,-2.3146276473999023,1.1580239534378052,0.0
aligned,test,text,504,0.21019167432508673,0.32405091648442563,-1.4394397735595703,1.8628103733062744,0.0
aligned,test,text,505,-0.21754547308612887,0.4765616074474456,-3.1432504653930664,1.901302456855774,0.0
aligned,test,text,506,0.12262655101872806,0.3130851330116306,-1.6539005041122437,1.6658406257629395,0.0
aligned,test,text,507,0.10441930205393403,0.3376477070275729,-1.5795525312423706,1.9121371507644653,0.0
aligned,test,text,508,0.07159250230227368,0.408072244840999,-1.8224514722824097,2.036304473876953,0.0
aligned,test,text,509,-0.08647543204759991,0.4253386125216582,-2.1701555252075195,1.727556824684143,0.0
aligned,test,text,510,-0.2146462086717274,0.3492399525769605,-1.8457536697387695,1.4082928895950317,0.0
aligned,test,text,511,0.07583991633771703,0.3073270351820737,-1.9018429517745972,1.5989668369293213,0.0
aligned,test,text,512,0.027926851042547614,0.37206341438500495,-2.0738630294799805,1.8557580709457397,0.0
aligned,test,text,513,-0.10630539749381344,0.3305819273196876,-1.6586157083511353,2.0644538402557373,0.0
aligned,test,text,514,0.15200055036719431,0.33992243911643266,-1.5562282800674438,1.940195083618164,0.0
aligned,test,text,515,0.17126512552594877,0.37514250079334,-1.3184775114059448,2.0320615768432617,0.0
aligned,test,text,516,-0.11360855357037368,0.41331721262642485,-1.925378441810608,1.9045116901397705,0.0
aligned,test,text,517,0.12572606843141673,0.3106038767821342,-1.2535731792449951,1.791458249092102,0.0
aligned,test,text,518,-0.14425820869113096,0.4213933781620781,-2.098803758621216,1.5650883913040161,0.0
aligned,test,text,519,-0.2505936928821069,0.3170001933349931,-2.1238608360290527,1.303462266921997,0.0
aligned,test,text,520,-0.2312856238822682,0.3940200462212908,-2.5154871940612793,1.5979406833648682,0.0
aligned,test,text,521,-0.1002992186230829,0.36299466225937016,-1.8276063203811646,1.632947325706482,0.0
aligned,test,text,522,-0.03266071596608831,0.406243133944017,-1.617112636566162,2.0243163108825684,0.0
aligned,test,text,523,-0.061779561641086736,0.46087204105048224,-2.0247480869293213,1.9250380992889404,0.0
aligned,test,text,524,0.04621540044737977,0.3146834620388504,-1.4652276039123535,1.6838560104370117,0.0
aligned,test,text,525,-0.104994110165169,0.3345542672333676,-1.733513593673706,1.6828715801239014,0.0
aligned,test,text,526,-0.09987118555599263,0.402827715804128,-2.7351040840148926,1.647832989692688,0.0
aligned,test,text,527,0.023152976149839632,0.37966025825214567,-1.7153245210647583,1.9934945106506348,0.0
aligned,test,text,528,-0.22764367251870885,0.3776397774682483,-2.1912527084350586,1.447175145149231,0.0
aligned,test,text,529,-0.22470874483585665,0.33411940768133364,-1.723547339439392,1.3274043798446655,0.0
aligned,test,text,530,0.12468034197715978,0.3491654996341984,-1.4596551656723022,1.9946739673614502,0.0
aligned,test,text,531,-0.030049853776511128,0.3335192945184795,-1.4567149877548218,1.7873793840408325,0.0
aligned,test,text,532,-0.2580563354153991,0.4323005825814842,-2.8955366611480713,1.5887339115142822,0.0
aligned,test,text,533,-0.03754045163154438,0.41736091715989637,-2.3838915824890137,1.7669192552566528,0.0
aligned,test,text,534,-0.18627178208533537,0.3903826586158268,-2.0771405696868896,1.9122313261032104,0.0
aligned,test,text,535,-0.13494838704899506,0.4360008462868547,-1.8278605937957764,1.6381887197494507,0.0
aligned,test,text,536,-0.1969854150751434,0.4389576512531699,-3.014772653579712,1.5515178442001343,0.0
aligned,test,text,537,-0.15471270437134582,0.3296792256562857,-2.0109825134277344,1.5493624210357666,0.0
aligned,test,text,538,-0.012763298225923451,0.3697813734104728,-1.939073085784912,1.5625991821289062,0.0
aligned,test,text,539,-0.19108764960885335,0.5335187767757327,-2.6179370880126953,1.4243905544281006,0.0
aligned,test,text,540,0.11657856127152416,0.36508167298499206,-1.7526394128799438,1.9063831567764282,0.0
aligned,test,text,541,0.11589954684430828,0.33309609553639574,-1.9538557529449463,1.9906615018844604,0.0
aligned,test,text,542,-0.03771797490333101,0.40910529493270614,-2.013737201690674,1.8622839450836182,0.0
aligned,test,text,543,0.08187315895747678,0.3870553589167028,-1.6207937002182007,2.1831867694854736,0.0
aligned,test,text,544,-0.15601374649684852,0.4345591851147801,-2.367767333984375,2.2662014961242676,0.0
aligned,test,text,545,-0.006825949547401126,0.4172911145157511,-2.2340917587280273,1.5040605068206787,0.0
aligned,test,text,546,-0.01689262453707491,0.3636095477543006,-1.5573196411132812,1.5745049715042114,0.0
aligned,test,text,547,-0.03705093914872238,0.33739668816806856,-1.7478634119033813,1.5000207424163818,0.0
aligned,test,text,548,-0.14467993681556052,0.3960638792475834,-2.2255637645721436,1.6907650232315063,0.0
aligned,test,text,549,-0.10577875179533579,0.385246617003065,-1.9578776359558105,1.772794246673584,0.0
aligned,test,text,550,-0.17473303411688856,0.4126504067923575,-2.07088041305542,1.623639702796936,0.0
aligned,test,text,551,-0.13723611122209892,0.35572201637371986,-1.916508674621582,1.6503034830093384,0.0
aligned,test,text,552,0.06626407852952344,0.3640332907011431,-1.6040905714035034,1.9903823137283325,0.0
aligned,test,text,553,-0.05229146330559721,0.3954515169782921,-2.309481620788574,2.0709455013275146,0.0
aligned,test,text,554,-0.04955544831573277,0.33089406282757244,-1.6254689693450928,1.776368260383606,0.0
aligned,test,text,555,0.31016464165822627,0.40001952244764466,-1.5247361660003662,2.2841758728027344,0.0
aligned,test,text,556,-0.05264512642359738,0.42847079090720736,-2.176743268966675,2.231229305267334,0.0
aligned,test,text,557,0.257991868834712,0.4060185903612078,-1.387811541557312,2.0467822551727295,0.0
aligned,test,text,558,-0.07250965632231807,0.4064210515261131,-2.9349818229675293,2.1215479373931885,0.0
aligned,test,text,559,-0.10038804517469614,0.33918638177419547,-2.3389692306518555,1.888043999671936,0.0
aligned,test,text,560,-0.15841107838114588,0.3496240028816611,-2.0089409351348877,1.4448497295379639,0.0
aligned,test,text,561,-0.20500433479785468,0.33400439279773514,-2.070805311203003,1.3665059804916382,0.0
aligned,test,text,562,0.09340373187314366,0.3773352064803271,-1.4848109483718872,1.9059975147247314,0.0
aligned,test,text,563,-0.40571170623295083,0.4553990528923251,-3.5148143768310547,1.8369481563568115,0.0
aligned,test,text,564,-0.2463020452782973,0.38134820541035264,-2.077514410018921,1.6082994937896729,0.0
aligned,test,text,565,-0.057947760497820675,0.386171975698499,-1.7578693628311157,1.865945816040039,0.0
aligned,test,text,566,-0.09089245038837235,0.3298990616076223,-1.7835532426834106,1.7991479635238647,0.0
aligned,test,text,567,-0.00532501847858565,0.381226760967199,-1.7844469547271729,2.1089117527008057,0.0
aligned,test,text,568,-0.05593583667140961,0.29744031144235583,-1.7866207361221313,1.5429184436798096,0.0
aligned,test,text,569,-0.053883577730260694,0.39604947387770617,-2.3858258724212646,1.8078604936599731,0.0
aligned,test,text,570,-0.09483481250570105,0.39253563610044745,-1.66428542137146,1.9582568407058716,0.0
aligned,test,text,571,0.04780210678922999,0.35923118675110294,-1.5648094415664673,2.1388494968414307,0.0
aligned,test,text,572,0.030629628815238546,0.35773346492282276,-1.6214661598205566,1.9558708667755127,0.0
aligned,test,text,573,0.07859288232772517,0.30506724077875746,-1.911895513534546,1.628756046295166,0.0
aligned,test,text,574,-0.10065885395185696,0.34989205833094056,-1.5655137300491333,2.0263376235961914,0.0
aligned,test,text,575,0.061321713812085586,0.4103534843191605,-1.683430552482605,2.0826640129089355,0.0
aligned,test,text,576,0.09340752249570791,0.3304317605555328,-1.6648070812225342,1.802428960800171,0.0
aligned,test,text,577,-0.13285437772939548,0.443623272953542,-2.056060552597046,1.3712856769561768,0.0
aligned,test,text,578,-0.08171421747603434,0.42149881465764444,-2.0478146076202393,2.226740598678589,0.0
aligned,test,text,579,-0.035032423490413724,0.38995512123057574,-2.386596441268921,1.8723061084747314,0.0
aligned,test,text,580,0.15807444863559414,0.3382808726550161,-1.2911698818206787,1.8461564779281616,0.0
aligned,test,text,581,-0.02768435618941361,0.4121164093031115,-2.2224769592285156,2.1086196899414062,0.0
aligned,test,text,582,-0.01807241522108795,0.4107053086707638,-2.202439546585083,1.9350429773330688,0.0
aligned,test,text,583,0.010987413267731831,0.310619601701602,-1.5467149019241333,2.0302228927612305,0.0
aligned,test,text,584,-0.08163106936105671,0.40221703388123375,-2.0113091468811035,1.5755674839019775,0.0
aligned,test,text,585,-0.38262557176317114,0.4265283393644166,-2.2500100135803223,1.34259831905365,0.0
aligned,test,text,586,0.030583640315494355,0.4213164566511487,-1.9966599941253662,2.1601078510284424,0.0
aligned,test,text,587,-0.2576413993099852,0.41331144139669507,-2.4338269233703613,1.5232489109039307,0.0
aligned,test,text,588,-0.017697285344257973,0.4697640249014026,-1.7710175514221191,2.9030416011810303,0.0
aligned,test,text,589,0.21094090884648767,0.36452685885119135,-1.7788606882095337,2.2156050205230713,0.0
aligned,test,text,590,0.036047911835729335,0.3820937799717912,-2.1467320919036865,2.2126402854919434,0.0
aligned,test,text,591,-0.10709666502376329,0.346841988476789,-1.9229261875152588,1.3454076051712036,0.0
aligned,test,text,592,0.15173984810566477,0.3844964797058289,-1.8591560125350952,2.41084361076355,0.0
aligned,test,text,593,-0.2692812757270265,0.3249202802486305,-2.1645565032958984,1.291324257850647,0.0
aligned,test,text,594,-0.11554574540704796,0.32141661803250077,-1.5772991180419922,1.6202619075775146,0.0
aligned,test,text,595,0.15554248982715066,0.4178103511788935,-1.0242393016815186,2.265768051147461,0.0
aligned,test,text,596,-0.1754780488192748,0.346156313703073,-2.1326982975006104,1.6083860397338867,0.0
aligned,test,text,597,-0.06682376270537281,0.39897229797341666,-1.8695966005325317,1.7975413799285889,0.0
aligned,test,text,598,0.06762396731369064,0.3614157408972471,-1.54887056350708,2.146782159805298,0.0
aligned,test,text,599,0.10054008276313235,0.3527539550477518,-1.930916428565979,1.8745769262313843,0.0
aligned,test,text,600,-0.019454836822774626,0.3184822331518669,-1.81197190284729,1.4970887899398804,0.0
aligned,test,text,601,0.2899259391448049,0.4285386960835362,-1.9898077249526978,3.402409315109253,0.0
aligned,test,text,602,0.07889879994319836,0.3851038148771364,-2.4031922817230225,1.6655727624893188,0.0
aligned,test,text,603,0.07360053839656477,0.3240193171707477,-1.5989254713058472,1.8289539813995361,0.0
aligned,test,text,604,0.36437670433599156,0.5010324140922886,-1.5123546123504639,2.4697060585021973,0.0
aligned,test,text,605,0.09008012614831677,0.3340062082457163,-1.503240942955017,1.9298771619796753,0.0
aligned,test,text,606,-0.10614219083076028,0.4557504333889522,-1.9580192565917969,2.443524122238159,0.0
aligned,test,text,607,0.050217163149636375,0.33677914651564644,-1.4568166732788086,1.951075792312622,0.0
aligned,test,text,608,-0.05998026677664815,0.34013166169959563,-1.8910346031188965,1.5435996055603027,0.0
aligned,test,text,609,0.08651117245716644,0.41033241689549077,-2.045745611190796,1.9658421277999878,0.0
aligned,test,text,610,0.19312824330896017,0.3136125721850683,-1.4556766748428345,2.0583434104919434,0.0
aligned,test,text,611,0.016906859724483924,0.38749435324102727,-1.6243703365325928,1.9598808288574219,0.0
aligned,test,text,612,-0.05712369426603248,0.32709785233601707,-1.864729404449463,1.5574527978897095,0.0
aligned,test,text,613,0.21606940368198094,0.35150482437156344,-1.4525991678237915,1.4991443157196045,0.0
aligned,test,text,614,0.16064185166778236,0.29524582047600995,-1.24312162399292,1.7684558629989624,0.0
aligned,test,text,615,-0.25282650971101106,0.3832239420518305,-2.3259146213531494,1.4792317152023315,0.0
aligned,test,text,616,0.17285044446503015,0.36447217926287295,-1.4254306554794312,1.9834582805633545,0.0
aligned,test,text,617,0.25153164894967,0.38550612789662614,-1.8454655408859253,2.4801673889160156,0.0
aligned,test,text,618,-0.1108115358614815,0.3520590473067978,-2.149764060974121,1.6963834762573242,0.0
aligned,test,text,619,-0.23670964853033588,0.3618949391965098,-2.3427987098693848,1.3396128416061401,0.0
aligned,test,text,620,0.3314909386334036,0.38819322731457684,-1.0933316946029663,2.0879900455474854,0.0
aligned,test,text,621,0.3953337780640882,0.37768295136665125,-1.2902553081512451,2.320002794265747,0.0
aligned,test,text,622,-0.3801633596446934,0.41981364783825353,-2.302351474761963,1.648110032081604,0.0
aligned,test,text,623,-0.21777217988708816,0.35838248468319023,-1.994941234588623,1.7082973718643188,0.0
aligned,test,text,624,0.14977150363993652,0.34989486341689596,-1.8203434944152832,1.9703339338302612,0.0
aligned,test,text,625,-0.29807978782818195,0.3625124423592204,-2.022589921951294,1.6515612602233887,0.0
aligned,test,text,626,-0.09740547405117726,0.3472488667215566,-2.1995608806610107,1.8692312240600586,0.0
aligned,test,text,627,0.12386079790659936,0.31996972670063223,-1.553981065750122,1.733412504196167,0.0
aligned,test,text,628,0.15880513021726278,0.34142993820899237,-1.5191324949264526,1.8908288478851318,0.0
aligned,test,text,629,-0.12915615206335812,0.3808661926345984,-2.0130600929260254,2.0903048515319824,0.0
aligned,test,text,630,0.3424540703110858,0.3695973789256072,-1.178405523300171,2.3130621910095215,0.0
aligned,test,text,631,-0.00987009984163114,0.3270185350391254,-1.986234188079834,1.5412324666976929,0.0
aligned,test,text,632,0.10047188501274713,0.3474877753278304,-1.77921724319458,1.7055541276931763,0.0
aligned,test,text,633,0.23886854139931674,0.3813654708947285,-1.4373492002487183,2.2995450496673584,0.0
aligned,test,text,634,-0.2810820169885229,0.35753785561754,-2.1289825439453125,1.4238601922988892,0.0
aligned,test,text,635,0.026778970957212305,0.36021122465626954,-1.6202560663223267,1.6685552597045898,0.0
aligned,test,text,636,0.04774292796204556,0.3620699674496797,-1.8223061561584473,2.8402814865112305,0.0
aligned,test,text,637,0.32420963426922517,0.4227313524446367,-1.7623227834701538,2.3545939922332764,0.0
aligned,test,text,638,0.027036390167288225,0.3625224587640456,-1.7859861850738525,1.462033748626709,0.0
aligned,test,text,639,0.3480717794328641,0.40530734589793627,-1.3793389797210693,2.3063406944274902,0.0
aligned,test,text,640,-0.06404742786212424,0.4020771259659091,-1.8781468868255615,1.4666873216629028,0.0
aligned,test,text,641,0.28328195809636475,0.34774701356962634,-1.7399154901504517,1.979809284210205,0.0
aligned,test,text,642,-0.01672397503382725,0.41825076686099305,-1.9215492010116577,1.4812079668045044,0.0
aligned,test,text,643,-0.14727107407417572,0.33032079386632623,-1.8333624601364136,1.2411314249038696,0.0
aligned,test,text,644,0.14880031914625733,0.38950262857598705,-1.7704200744628906,2.2263433933258057,0.0
aligned,test,text,645,0.025799656155246323,0.4118507986670649,-1.8841785192489624,2.035576581954956,0.0
aligned,test,text,646,0.03344722773054771,0.42527431828821805,-1.5915215015411377,1.9408395290374756,0.0
aligned,test,text,647,0.0715545401785989,0.40705315481768495,-1.5457690954208374,1.8174309730529785,0.0
aligned,test,text,648,-0.0056456696763737164,0.3428971258328689,-1.5514684915542603,1.8664932250976562,0.0
aligned,test,text,649,0.07617408855157191,0.3533775753802803,-1.5219802856445312,1.866268515586853,0.0
aligned,test,text,650,0.17445388862940045,0.4882233318815061,-2.095547676086426,2.522123098373413,0.0
aligned,test,text,651,0.347867588515674,0.38844198759125736,-1.391451358795166,2.374274253845215,0.0
aligned,test,text,652,0.11242884581338516,0.36224723540955095,-1.1604620218276978,1.9229885339736938,0.0
aligned,test,text,653,0.054270825799160025,0.3197537499346318,-1.4699221849441528,1.8795403242111206,0.0
aligned,test,text,654,0.06940024558495746,0.32729234524305645,-1.5532070398330688,1.9183886051177979,0.0
aligned,test,text,655,-0.07531495315767056,0.37300648944877784,-1.5106457471847534,1.9785926342010498,0.0
aligned,test,text,656,0.30110675681228694,0.48738001705146955,-0.9502326250076294,2.4652931690216064,0.0
aligned,test,text,657,0.21377885185636866,0.43833013666200044,-2.102651596069336,2.17861008644104,0.0
aligned,test,text,658,0.012221077908870689,0.3443891967113181,-1.5649482011795044,1.751526117324829,0.0
aligned,test,text,659,0.11867936121394661,0.35724682541068603,-1.4794740676879883,1.908401370048523,0.0
aligned,test,text,660,-0.053017425453175046,0.3625723472660804,-1.6965420246124268,1.7283366918563843,0.0
aligned,test,text,661,-0.10512647457892252,0.42203257059214616,-2.0274569988250732,2.344376564025879,0.0
aligned,test,text,662,0.19572903017634513,0.38539594651589415,-2.006256341934204,2.06022047996521,0.0
aligned,test,text,663,0.19511727234188522,0.40103902527612456,-2.374541759490967,2.276304244995117,0.0
aligned,test,text,664,0.19851180871730822,0.33147997168494453,-1.4235589504241943,2.0211806297302246,0.0
aligned,test,text,665,0.1812120682338286,0.3143785991057753,-1.8015568256378174,1.7190741300582886,0.0
aligned,test,text,666,-0.02064463587859556,0.3788665189484076,-2.06708025932312,1.7539407014846802,0.0
aligned,test,text,667,0.38559817186642587,0.6245749515880162,-3.9687461853027344,2.495973587036133,0.0
aligned,test,text,668,0.12643359705685359,0.34509164491081573,-2.0850205421447754,1.8343266248703003,0.0
aligned,test,text,669,0.02703221490798823,0.3411950734672419,-1.6855552196502686,1.4663846492767334,0.0
aligned,test,text,670,0.16586909788880086,0.3954838187612378,-1.5110257863998413,2.227240562438965,0.0
aligned,test,text,671,-0.23874015794294481,0.43867045192796955,-2.42402720451355,1.4060719013214111,0.0
aligned,test,text,672,-0.033449113053747516,0.32857106826039706,-1.8763008117675781,1.8725371360778809,0.0
aligned,test,text,673,0.13300301513671772,0.3516069590686588,-1.664123296737671,2.213355779647827,0.0
aligned,test,text,674,0.10797613419428406,0.3685642830794251,-1.7137694358825684,1.838366985321045,0.0
aligned,test,text,675,-0.1677261043284114,0.39045358894492466,-1.929878830909729,1.5369762182235718,0.0
aligned,test,text,676,-0.07939798545424136,0.3472971971958036,-1.8358571529388428,1.5129221677780151,0.0
aligned,test,text,677,0.038408337672288434,0.33323081510910924,-1.5783591270446777,1.5879236459732056,0.0
aligned,test,text,678,0.034787221228860146,0.3690024826394894,-1.8668184280395508,2.048063039779663,0.0
aligned,test,text,679,0.12564071983319325,0.36072873983619924,-1.9139244556427002,1.8276894092559814,0.0
aligned,test,text,680,-0.08413861284403969,0.39959426439107726,-2.0639841556549072,1.8806917667388916,0.0
aligned,test,text,681,0.011498891969263923,0.42331856111910804,-1.9914705753326416,1.9708747863769531,0.0
aligned,test,text,682,-0.08182107524964266,0.36517853003155376,-2.250486373901367,1.8988826274871826,0.0
aligned,test,text,683,0.2847815870842608,0.36951204450854536,-1.4332573413848877,2.3807244300842285,0.0
aligned,test,text,684,0.03691137343255657,0.364934901314656,-2.0824050903320312,2.1221275329589844,0.0
aligned,test,text,685,-0.020972927203491597,0.3843614508419966,-2.031451940536499,1.5998107194900513,0.0
aligned,test,text,686,-0.16598502447555788,0.3428242516447882,-1.7627042531967163,1.5579888820648193,0.0
aligned,test,text,687,0.04764095047491371,0.42019397321022955,-2.2752017974853516,2.0929083824157715,0.0
aligned,test,text,688,0.12961730139834762,0.37170369878770887,-2.103046417236328,1.960526943206787,0.0
aligned,test,text,689,-0.029040707432532984,0.3556493414672548,-1.8192285299301147,1.6058539152145386,0.0
aligned,test,text,690,-0.2725085586651217,0.3427334229616715,-2.1539320945739746,1.0758931636810303,0.0
aligned,test,text,691,-0.18712681562495015,0.3497156231968854,-2.044154405593872,1.6209466457366943,0.0
aligned,test,text,692,0.057916263688196835,0.492879224478163,-1.8516898155212402,2.1969778537750244,0.0
aligned,test,text,693,-0.3144726159378497,0.42290557176785715,-2.382779359817505,1.677147388458252,0.0
aligned,test,text,694,0.020483255870537793,0.33437707617232404,-1.616129755973816,1.5137369632720947,0.0
aligned,test,text,695,-0.040796218211397506,0.3776907508502126,-1.9645204544067383,1.6283892393112183,0.0
aligned,test,text,696,-0.018119693420714657,0.38704700125903535,-2.515401601791382,1.9064433574676514,0.0
aligned,test,text,697,-0.186741828475829,0.34304817678744937,-2.284445285797119,1.0723408460617065,0.0
aligned,test,text,698,0.006020444565474413,0.3458284862330734,-1.5878400802612305,2.0000247955322266,0.0
aligned,test,text,699,-0.22824343535152394,0.34350177629506884,-1.5759154558181763,1.679458737373352,0.0
aligned,test,text,700,-0.1166617983398239,0.4376128892439345,-2.1479690074920654,2.5337560176849365,0.0
aligned,test,text,701,-0.14852680223039574,0.38798708084087147,-2.140730142593384,1.9399161338806152,0.0
aligned,test,text,702,0.12305901745480308,0.3603926043728038,-1.4440882205963135,1.8294875621795654,0.0
aligned,test,text,703,-0.2937668214560047,0.35691879704754537,-2.12736439704895,1.3523284196853638,0.0
aligned,test,text,704,0.18597801377861012,0.40510356731310115,-1.5252740383148193,2.346545934677124,0.0
aligned,test,text,705,0.17220097630212666,0.33016234881749157,-1.4020909070968628,2.071216106414795,0.0
aligned,test,text,706,0.2929410967018911,0.3604291360347431,-1.1765352487564087,2.1442582607269287,0.0
aligned,test,text,707,-0.0027300053964301103,0.35654150290883974,-2.226188898086548,1.619981288909912,0.0
aligned,test,text,708,0.18039354627957105,0.36640003032428603,-1.9648884534835815,2.0910632610321045,0.0
aligned,test,text,709,-0.08706590586327825,0.3902446169794237,-1.7319118976593018,1.9399373531341553,0.0
aligned,test,text,710,-0.008688296363131748,0.3652221656727229,-1.8795220851898193,1.6292004585266113,0.0
aligned,test,text,711,0.2829766189412533,0.35564228225129035,-1.5129019021987915,1.9157780408859253,0.0
aligned,test,text,712,-0.10886340052895042,0.38645376068191567,-1.627126693725586,1.7079306840896606,0.0
aligned,test,text,713,0.08271107238849325,0.32846147009859916,-1.445188045501709,1.8385953903198242,0.0
aligned,test,text,714,0.030724888611892355,0.36191382369581065,-1.633120059967041,1.5679117441177368,0.0
aligned,test,text,715,-0.007951178720305473,0.44895992978674665,-1.8865406513214111,2.428039789199829,0.0
aligned,test,text,716,-0.2840555017527598,0.3906386463621545,-2.2057442665100098,1.5211204290390015,0.0
aligned,test,text,717,-0.07342471900266663,0.3666366427627861,-2.192262649536133,1.5693784952163696,0.0
aligned,test,text,718,0.14259211329740704,0.3754764151890469,-1.7227129936218262,1.9967316389083862,0.0
aligned,test,text,719,0.32207609771918044,0.3701759797365801,-1.1283665895462036,2.264348268508911,0.0
aligned,test,text,720,-0.4630154094704654,0.6277350232281362,-3.920254707336426,0.7854213714599609,0.0
aligned,test,text,721,0.2027017016625935,0.3377125233442658,-1.7480329275131226,1.9471492767333984,0.0
aligned,test,text,722,-0.16050384034760082,0.3534844436963637,-2.274439573287964,1.7156155109405518,0.0
aligned,test,text,723,0.0024416332580200414,0.3480522461677462,-2.1287734508514404,1.7248040437698364,0.0
aligned,test,text,724,0.13431447132965846,0.3379720576122154,-1.5904314517974854,1.9528712034225464,0.0
aligned,test,text,725,0.01023334150613789,0.372111542979927,-2.0004897117614746,2.0717527866363525,0.0
aligned,test,text,726,0.02053619058228814,0.3929774269242937,-1.8315715789794922,1.6262123584747314,0.0
aligned,test,text,727,-0.06334890581298482,0.47115612359102493,-2.141258478164673,2.39067006111145,0.0
aligned,test,text,728,-0.1461483978783453,0.3407911171396788,-1.848143219947815,1.3866461515426636,0.0
aligned,test,text,729,-0.20093860547697528,0.3546702884352988,-2.0231096744537354,1.3339534997940063,0.0
aligned,test,text,730,-0.03437500901449794,0.3149703323458452,-1.8519667387008667,1.489392638206482,0.0
aligned,test,text,731,0.2614383032043789,0.3754045668969575,-1.4955122470855713,2.311359167098999,0.0
aligned,test,text,732,-0.17947946373894658,0.3417896805136595,-2.1066982746124268,1.5815993547439575,0.0
aligned,test,text,733,0.048658347580136097,0.3708780993724975,-2.024456739425659,2.028118371963501,0.0
aligned,test,text,734,-0.041128682307540305,0.36747730044959953,-1.378083348274231,1.7106817960739136,0.0
aligned,test,text,735,0.2783664642590286,0.3724752178487599,-1.3580372333526611,2.6687731742858887,0.0
aligned,test,text,736,-0.14686837567642955,0.34995922535162566,-1.837876558303833,1.7355490922927856,0.0
aligned,test,text,737,-0.01971275274356138,0.38708334770529623,-1.8477721214294434,1.7218036651611328,0.0
aligned,test,text,738,-0.0904319288018845,0.3687687929006069,-2.216052293777466,1.9150357246398926,0.0
aligned,test,text,739,0.12844001251783996,0.3395795162642481,-1.7027039527893066,1.9123623371124268,0.0
aligned,test,text,740,0.02152465106481289,0.3706040959230399,-1.6641201972961426,1.9457889795303345,0.0
aligned,test,text,741,-0.005860827633172038,0.3594051169848717,-2.0902276039123535,1.8033311367034912,0.0
aligned,test,text,742,-0.052591977236892365,0.36171451443831887,-2.1370627880096436,1.6795814037322998,0.0
aligned,test,text,743,-0.15189395272430478,0.39437478195494247,-2.038857936859131,1.5015485286712646,0.0
aligned,test,text,744,-0.0368465821134462,0.37455939144739164,-1.6918208599090576,1.9194366931915283,0.0
aligned,test,text,745,-0.026408195420433517,0.3374695094423405,-1.8445626497268677,1.889251708984375,0.0
aligned,test,text,746,-0.10413307904746215,0.3743821849609433,-1.9529520273208618,1.4704574346542358,0.0
aligned,test,text,747,-0.162668278196204,0.34101431838167234,-1.793808102607727,1.5019060373306274,0.0
aligned,test,text,748,0.07162620975655161,0.3999295190534263,-1.6423333883285522,2.129305839538574,0.0
aligned,test,text,749,0.026717083016833214,0.3651792482969868,-1.7745553255081177,2.0068376064300537,0.0
aligned,test,text,750,-0.0306227583814274,0.4327956184408991,-2.3706085681915283,1.8931608200073242,0.0
aligned,test,text,751,-0.2465130130568983,0.4162854494650861,-2.0357625484466553,1.6777771711349487,0.0
aligned,test,text,752,0.15725241199217768,1.2187959084698456,-9.85290241241455,2.466942310333252,0.0
aligned,test,text,753,-0.040103458705085346,0.3657334539912347,-1.9015907049179077,1.878955602645874,0.0
aligned,test,text,754,-0.08832816349876983,0.346287258413048,-1.6744214296340942,1.6210588216781616,0.0
aligned,test,text,755,-0.10955288164022967,0.348279110706805,-1.851676106452942,1.4547922611236572,0.0
aligned,test,text,756,-0.16910987672935326,0.424923044214921,-1.9594773054122925,2.1827259063720703,0.0
aligned,test,text,757,-0.07698690889669682,0.4063759562387401,-2.0890042781829834,1.597643256187439,0.0
aligned,test,text,758,0.03466332076422286,0.3705169179353077,-2.0417327880859375,1.7146247625350952,0.0
aligned,test,text,759,-0.19052693555918118,0.31618374756254053,-1.6542487144470215,1.77484130859375,0.0
aligned,test,text,760,-0.040362549807973706,0.33309616803093783,-1.816866397857666,2.0653607845306396,0.0
aligned,test,text,761,-0.16281848188584472,0.32319353473519724,-2.053440809249878,1.3774851560592651,0.0
aligned,test,text,762,-0.05748728695517711,0.3248647946840142,-1.6224353313446045,1.4355846643447876,0.0
aligned,test,text,763,-0.011659452845912525,0.3617943601361697,-2.3200302124023438,1.6140161752700806,0.0
aligned,test,text,764,0.022369127899403218,0.32322237506592694,-2.0542643070220947,1.7986061573028564,0.0
aligned,test,text,765,-0.041588760345169895,0.366881842665269,-1.786372184753418,1.3971143960952759,0.0
aligned,test,text,766,0.14621526473233837,0.3609087372711452,-1.5899053812026978,2.142946481704712,0.0
aligned,test,text,767,0.011952462873922499,0.37577699706502715,-2.00055193901062,2.054469585418701,0.0
