id,video_id,clip_id,mode,pkl_split,label,regression_label,score_abs_diff,annotation,pkl_polarity,classification_label
-3g5yACwYnA$_$4,-3g5yACwYnA,4,train,train,1.0,1.0,0.0,Positive,positive,2
-AUZQgSxyPQ$_$2,-AUZQgSxyPQ,2,test,test,0.6666666865348816,0.6666666865348816,0.0,Positive,positive,2
-HeZS2-Prhc$_$2,-HeZS2-Prhc,2,test,test,0.6666666865348816,0.6666666865348816,0.0,Positive,positive,2
-HwX2H8Z4hY$_$3,-HwX2H8Z4hY,3,train,train,0.3333333432674408,0.3333333432674408,0.0,Positive,positive,2
-HwX2H8Z4hY$_$9,-HwX2H8Z4hY,9,train,train,-0.3333333432674408,-0.3333333432674408,0.0,Negative,negative,0
-MeTTeMJBNc$_$0,-MeTTeMJBNc,0,test,test,0.3333333432674408,0.3333333432674408,0.0,Positive,positive,2
-NFrJFQijFE$_$0,-NFrJFQijFE,0,train,train,0.0,0.0,0.0,Neutral,neutral,1
-RfYyzHpjk4$_$2,-RfYyzHpjk4,2,test,test,0.3333333432674408,0.3333333432674408,0.0,Positive,positive,2
-THoVjtIkeU$_$2,-THoVjtIkeU,2,train,train,1.3333333730697632,1.3333333730697632,0.0,Positive,positive,2
-UacrmKiTn4$_$7,-UacrmKiTn4,7,valid,valid,0.3333333432674408,0.3333333432674408,0.0,Positive,positive,2
-UuX1xuaiiE$_$9,-UuX1xuaiiE,9,train,train,0.6666666865348816,0.6666666865348816,0.0,Positive,positive,2
-WXXTNIJcVM$_$0,-WXXTNIJcVM,0,train,train,2.0,2.0,0.0,Positive,positive,2
-a55Q6RWvTA$_$3,-a55Q6RWvTA,3,train,train,0.6666666865348816,0.6666666865348816,0.0,Positive,positive,2
-aNfi7CP8vM$_$10,-aNfi7CP8vM,10,train,train,0.0,0.0,0.0,Neutral,neutral,1
-aqamKhZ1Ec$_$0,-aqamKhZ1Ec,0,train,train,-2.0,-2.0,0.0,Negative,negative,0
-aqamKhZ1Ec$_$1,-aqamKhZ1Ec,1,train,train,-0.6666666865348816,-0.6666666865348816,0.0,Negative,negative,0
-dxfTGcXJoc$_$0,-dxfTGcXJoc,0,train,train,1.0,1.0,0.0,Positive,positive,2
-dxfTGcXJoc$_$6,-dxfTGcXJoc,6,train,train,0.6666666865348816,0.6666666865348816,0.0,Positive,positive,2
-egA8-b7-3M$_$3,-egA8-b7-3M,3,train,train,0.6666666865348816,0.6666666865348816,0.0,Positive,positive,2
-lqc32Zpr7M$_$18,-lqc32Zpr7M,18,train,train,-0.6666666865348816,-0.6666666865348816,0.0,Negative,negative,0
-lzEya4AM_4$_$6,-lzEya4AM_4,6,train,train,-0.3333333432674408,-0.3333333432674408,0.0,Negative,negative,0
-mJ2ud6oKI8$_$9,-mJ2ud6oKI8,9,train,train,0.0,0.0,0.0,Neutral,neutral,1
-mqbVkbCndg$_$1,-mqbVkbCndg,1,train,train,0.0,0.0,0.0,Neutral,neutral,1
-mqbVkbCndg$_$4,-mqbVkbCndg,4,train,train,0.3333333432674408,0.3333333432674408,0.0,Positive,positive,2
-qDkUB0GgYY$_$5,-qDkUB0GgYY,5,valid,valid,2.0,2.0,0.0,Positive,positive,2
-s9qJ7ATP7w$_$2,-s9qJ7ATP7w,2,test,test,1.3333333730697632,1.3333333730697632,0.0,Positive,positive,2
-s9qJ7ATP7w$_$5,-s9qJ7ATP7w,5,test,test,-2.0,-2.0,0.0,Negative,negative,0
-s9qJ7ATP7w$_$6,-s9qJ7ATP7w,6,test,test,0.0,0.0,0.0,Neutral,neutral,1
-tPCytz4rww$_$16,-tPCytz4rww,16,train,train,0.0,0.0,0.0,Neutral,neutral,1
-vxjVxOeScU$_$2,-vxjVxOeScU,2,train,train,0.6666666865348816,0.6666666865348816,0.0,Positive,positive,2
-wny0OAz3g8$_$0,-wny0OAz3g8,0,train,train,0.3333333432674408,0.3333333432674408,0.0,Positive,positive,2
-wny0OAz3g8$_$5,-wny0OAz3g8,5,train,train,1.0,1.0,0.0,Positive,positive,2
-yRb-Jum7EQ$_$1,-yRb-Jum7EQ,1,test,test,0.0,0.0,0.0,Neutral,neutral,1
03X1FwF6udc$_$22,03X1FwF6udc,22,train,train,0.6666666865348816,0.6666666865348816,0.0,Positive,positive,2
07Z16yRBFUQ$_$5,07Z16yRBFUQ,5,train,train,0.0,0.0,0.0,Neutral,neutral,1
0BVed2nBq1g$_$0,0BVed2nBq1g,0,train,train,0.0,0.0,0.0,Neutral,neutral,1
0BVed2nBq1g$_$2,0BVed2nBq1g,2,train,train,-0.3333333432674408,-0.3333333432674408,0.0,Negative,negative,0
0BVed2nBq1g$_$3,0BVed2nBq1g,3,train,train,-0.6666666865348816,-0.6666666865348816,0.0,Negative,negative,0
0DBfvvIVmqY$_$13,0DBfvvIVmqY,13,train,train,0.3333333432674408,0.3333333432674408,0.0,Positive,positive,2
0DBfvvIVmqY$_$14,0DBfvvIVmqY,14,train,train,0.6666666865348816,0.6666666865348816,0.0,Positive,positive,2
0DBfvvIVmqY$_$4,0DBfvvIVmqY,4,train,train,0.3333333432674408,0.3333333432674408,0.0,Positive,positive,2
0DBfvvIVmqY$_$8,0DBfvvIVmqY,8,train,train,2.3333332538604736,2.3333332538604736,0.0,Positive,positive,2
0EphpADwdPg$_$6,0EphpADwdPg,6,train,train,0.6666666865348816,0.6666666865348816,0.0,Positive,positive,2
0FA32bEZ6xI$_$14,0FA32bEZ6xI,14,train,train,0.3333333432674408,0.3333333432674408,0.0,Positive,positive,2
0FA32bEZ6xI$_$15,0FA32bEZ6xI,15,train,train,0.0,0.0,0.0,Neutral,neutral,1
0FA32bEZ6xI$_$18,0FA32bEZ6xI,18,train,train,0.0,0.0,0.0,Neutral,neutral,1
0FA32bEZ6xI$_$24,0FA32bEZ6xI,24,train,train,0.0,0.0,0.0,Neutral,neutral,1
0FA32bEZ6xI$_$25,0FA32bEZ6xI,25,train,train,0.6666666865348816,0.6666666865348816,0.0,Positive,positive,2
0FA32bEZ6xI$_$28,0FA32bEZ6xI,28,train,train,0.0,0.0,0.0,Neutral,neutral,1
0FA32bEZ6xI$_$3,0FA32bEZ6xI,3,train,train,0.0,0.0,0.0,Neutral,neutral,1
0FA32bEZ6xI$_$6,0FA32bEZ6xI,6,train,train,0.0,0.0,0.0,Neutral,neutral,1
0JuRmhhgMw8$_$0,0JuRmhhgMw8,0,train,train,1.0,1.0,0.0,Positive,positive,2
0K7dCp80n9c$_$6,0K7dCp80n9c,6,test,test,0.0,0.0,0.0,Neutral,neutral,1
0OC3wf9x3zQ$_$6,0OC3wf9x3zQ,6,train,train,0.0,0.0,0.0,Neutral,neutral,1
0OC3wf9x3zQ$_$7,0OC3wf9x3zQ,7,train,train,0.0,0.0,0.0,Neutral,neutral,1
0OXeN3MhFeA$_$15,0OXeN3MhFeA,15,train,train,0.6666666865348816,0.6666666865348816,0.0,Positive,positive,2
0OXeN3MhFeA$_$18,0OXeN3MhFeA,18,train,train,0.6666666865348816,0.6666666865348816,0.0,Positive,positive,2
0OXeN3MhFeA$_$19,0OXeN3MhFeA,19,train,train,-0.3333333432674408,-0.3333333432674408,0.0,Negative,negative,0
0Svu5BldR5A$_$0,0Svu5BldR5A,0,train,train,1.6666666269302368,1.6666666269302368,0.0,Positive,positive,2
0YdYFtVdlWE$_$10,0YdYFtVdlWE,10,train,train,-0.6666666865348816,-0.6666666865348816,0.0,Negative,negative,0
0YdYFtVdlWE$_$14,0YdYFtVdlWE,14,train,train,2.0,2.0,0.0,Positive,positive,2
0YdYFtVdlWE$_$15,0YdYFtVdlWE,15,train,train,0.0,0.0,0.0,Neutral,neutral,1
0YdYFtVdlWE$_$6,0YdYFtVdlWE,6,train,train,-0.6666666865348816,-0.6666666865348816,0.0,Negative,negative,0
0YdYFtVdlWE$_$7,0YdYFtVdlWE,7,train,train,0.0,0.0,0.0,Neutral,neutral,1
0YdYFtVdlWE$_$8,0YdYFtVdlWE,8,train,train,-0.6666666865348816,-0.6666666865348816,0.0,Negative,negative,0
0YiAKqU36KE$_$0,0YiAKqU36KE,0,test,test,-1.0,-1.0,0.0,Negative,negative,0
0YiAKqU36KE$_$1,0YiAKqU36KE,1,test,test,1.3333333730697632,1.3333333730697632,0.0,Positive,positive,2
0bsTzavb-AE$_$3,0bsTzavb-AE,3,train,train,0.3333333432674408,0.3333333432674408,0.0,Positive,positive,2
0bxhZ-LIfZY$_$4,0bxhZ-LIfZY,4,test,test,-0.3333333432674408,-0.3333333432674408,0.0,Negative,negative,0
0hCOCt6fWas$_$15,0hCOCt6fWas,15,train,train,0.3333333432674408,0.3333333432674408,0.0,Positive,positive,2
0hCOCt6fWas$_$2,0hCOCt6fWas,2,train,train,0.0,0.0,0.0,Neutral,neutral,1
0hCihQ5Kep0$_$3,0hCihQ5Kep0,3,train,train,1.6666666269302368,1.6666666269302368,0.0,Positive,positive,2
0hCihQ5Kep0$_$4,0hCihQ5Kep0,4,train,train,1.6666666269302368,1.6666666269302368,0.0,Positive,positive,2
0jtdrsmVzYQ$_$5,0jtdrsmVzYQ,5,train,train,0.0,0.0,0.0,Neutral,neutral,1
0mXv97u2OCM$_$7,0mXv97u2OCM,7,train,train,0.0,0.0,0.0,Neutral,neutral,1
0p9XKC_J3hU$_$2,0p9XKC_J3hU,2,train,train,0.3333333432674408,0.3333333432674408,0.0,Positive,positive,2
0rE8jEvQW_I$_$3,0rE8jEvQW_I,3,train,train,1.0,1.0,0.0,Positive,positive,2
0rE8jEvQW_I$_$4,0rE8jEvQW_I,4,train,train,1.3333333730697632,1.3333333730697632,0.0,Positive,positive,2
0rE8jEvQW_I$_$9,0rE8jEvQW_I,9,train,train,2.3333332538604736,2.3333332538604736,0.0,Positive,positive,2
0tkWa2skSmA$_$6,0tkWa2skSmA,6,train,train,0.0,0.0,0.0,Neutral,neutral,1
0tkWa2skSmA$_$8,0tkWa2skSmA,8,train,train,0.0,0.0,0.0,Neutral,neutral,1
0utROiKxejc$_$1,0utROiKxejc,1,valid,valid,0.0,0.0,0.0,Neutral,neutral,1
0utROiKxejc$_$4,0utROiKxejc,4,valid,valid,0.0,0.0,0.0,Neutral,neutral,1
0y022OlZ3W0$_$3,0y022OlZ3W0,3,valid,valid,1.3333333730697632,1.3333333730697632,0.0,Positive,positive,2
0y022OlZ3W0$_$5,0y022OlZ3W0,5,valid,valid,-1.3333333730697632,-1.3333333730697632,0.0,Negative,negative,0
0y022OlZ3W0$_$8,0y022OlZ3W0,8,valid,valid,-0.3333333432674408,-0.3333333432674408,0.0,Negative,negative,0
100178$_$15,100178,15,test,test,0.0,0.0,0.0,Neutral,neutral,1
100499$_$4,100499,4,train,train,0.0,0.0,0.0,Neutral,neutral,1
100499$_$5,100499,5,train,train,-1.3333333730697632,-1.3333333730697632,0.0,Negative,negative,0
101787$_$1,101787,1,valid,valid,-0.6666666865348816,-0.6666666865348816,0.0,Negative,negative,0
101787$_$11,101787,11,valid,valid,0.0,0.0,0.0,Neutral,neutral,1
101787$_$13,101787,13,valid,valid,-1.6666666269302368,-1.6666666269302368,0.0,Negative,negative,0
101787$_$5,101787,5,valid,valid,-1.6666666269302368,-1.6666666269302368,0.0,Negative,negative,0
101787$_$7,101787,7,valid,valid,1.0,1.0,0.0,Positive,positive,2
101787$_$9,101787,9,valid,valid,-0.3333333432674408,-0.3333333432674408,0.0,Negative,negative,0
101851$_$0,101851,0,train,train,0.0,0.0,0.0,Neutral,neutral,1
101851$_$13,101851,13,train,train,0.6666666865348816,0.6666666865348816,0.0,Positive,positive,2
101851$_$14,101851,14,train,train,1.0,1.0,0.0,Positive,positive,2
101851$_$16,101851,16,train,train,-1.0,-1.0,0.0,Negative,negative,0
102184$_$1,102184,1,train,train,0.6666666865348816,0.6666666865348816,0.0,Positive,positive,2
102184$_$12,102184,12,train,train,-1.3333333730697632,-1.3333333730697632,0.0,Negative,negative,0
102184$_$3,102184,3,train,train,1.0,1.0,0.0,Positive,positive,2
102184$_$7,102184,7,train,train,-1.6666666269302368,-1.6666666269302368,0.0,Negative,negative,0
10219$_$1,10219,1,test,test,0.0,0.0,0.0,Neutral,neutral,1
10219$_$10,10219,10,test,test,2.0,2.0,0.0,Positive,positive,2
10219$_$5,10219,5,test,test,1.6666666269302368,1.6666666269302368,0.0,Positive,positive,2
102213$_$2,102213,2,test,test,1.3333333730697632,1.3333333730697632,0.0,Positive,positive,2
102213$_$5,102213,5,test,test,-1.0,-1.0,0.0,Negative,negative,0
102213$_$7,102213,7,test,test,-1.0,-1.0,0.0,Negative,negative,0
10223$_$1,10223,1,train,train,-1.0,-1.0,0.0,Negative,negative,0
10223$_$9,10223,9,train,train,0.6666666865348816,0.6666666865348816,0.0,Positive,positive,2
102389$_$5,102389,5,test,test,-1.6666666269302368,-1.6666666269302368,0.0,Negative,negative,0
102408$_$2,102408,2,valid,valid,-0.3333333432674408,-0.3333333432674408,0.0,Negative,negative,0
102408$_$5,102408,5,valid,valid,-2.0,-2.0,0.0,Negative,negative,0
102408$_$9,102408,9,valid,valid,-1.6666666269302368,-1.6666666269302368,0.0,Negative,negative,0
102858$_$0,102858,0,valid,valid,0.3333333432674408,0.3333333432674408,0.0,Positive,positive,2
102858$_$1,102858,1,valid,valid,0.3333333432674408,0.3333333432674408,0.0,Positive,positive,2
102858$_$10,102858,10,valid,valid,2.0,2.0,0.0,Positive,positive,2
102858$_$17,102858,17,valid,valid,1.0,1.0,0.0,Positive,positive,2
102858$_$19,102858,19,valid,valid,0.0,0.0,0.0,Neutral,neutral,1
102858$_$20,102858,20,valid,valid,2.0,2.0,0.0,Positive,positive,2
102858$_$21,102858,21,valid,valid,1.0,1.0,0.0,Positive,positive,2
102858$_$4,102858,4,valid,valid,3.0,3.0,0.0,Positive,positive,2
102858$_$6,102858,6,valid,valid,2.6666667461395264,2.6666667461395264,0.0,Positive,positive,2
104741$_$0,104741,0,test,test,0.0,0.0,0.0,Neutral,neutral,1
104741$_$5,104741,5,test,test,0.0,0.0,0.0,Neutral,neutral,1
106077$_$1,106077,1,train,train,0.3333333432674408,0.3333333432674408,0.0,Positive,positive,2
106077$_$2,106077,2,train,train,0.0,0.0,0.0,Neutral,neutral,1
106077$_$7,106077,7,train,train,-1.0,-1.0,0.0,Negative,negative,0
106514$_$10,106514,10,train,train,-1.0,-1.0,0.0,Negative,negative,0
106514$_$2,106514,2,train,train,1.3333333730697632,1.3333333730697632,0.0,Positive,positive,2
106514$_$9,106514,9,train,train,-0.3333333432674408,-0.3333333432674408,0.0,Negative,negative,0
106941$_$10,106941,10,train,train,-2.0,-2.0,0.0,Negative,negative,0
106941$_$12,106941,12,train,train,-1.6666666269302368,-1.6666666269302368,0.0,Negative,negative,0
106941$_$2,106941,2,train,train,-0.6666666865348816,-0.6666666865348816,0.0,Negative,negative,0
106941$_$3,106941,3,train,train,-0.3333333432674408,-0.3333333432674408,0.0,Negative,negative,0
106941$_$7,106941,7,train,train,-1.6666666269302368,-1.6666666269302368,0.0,Negative,negative,0
106941$_$8,106941,8,train,train,-1.6666666269302368,-1.6666666269302368,0.0,Negative,negative,0
106941$_$9,106941,9,train,train,-0.6666666865348816,-0.6666666865348816,0.0,Negative,negative,0
107551$_$1,107551,1,train,train,0.3333333432674408,0.3333333432674408,0.0,Positive,positive,2
107551$_$3,107551,3,train,train,-1.3333333730697632,-1.3333333730697632,0.0,Negative,negative,0
107551$_$5,107551,5,train,train,-2.3333332538604736,-2.3333332538604736,0.0,Negative,negative,0
107551$_$6,107551,6,train,train,0.0,0.0,0.0,Neutral,neutral,1
107585$_$1,107585,1,test,test,-0.6666666865348816,-0.6666666865348816,0.0,Negative,negative,0
107585$_$12,107585,12,test,test,-2.0,-2.0,0.0,Negative,negative,0
107585$_$18,107585,18,test,test,-2.0,-2.0,0.0,Negative,negative,0
108146$_$3,108146,3,test,test,-1.6666666269302368,-1.6666666269302368,0.0,Negative,negative,0
108793$_$0,108793,0,train,train,0.0,0.0,0.0,Neutral,neutral,1
108793$_$1,108793,1,train,train,1.3333333730697632,1.3333333730697632,0.0,Positive,positive,2
108793$_$10,108793,10,train,train,-1.6666666269302368,-1.6666666269302368,0.0,Negative,negative,0
108793$_$17,108793,17,train,train,-1.3333333730697632,-1.3333333730697632,0.0,Negative,negative,0
108793$_$8,108793,8,train,train,0.6666666865348816,0.6666666865348816,0.0,Positive,positive,2
110203$_$2,110203,2,train,train,0.0,0.0,0.0,Neutral,neutral,1
110203$_$7,110203,7,train,train,-1.3333333730697632,-1.3333333730697632,0.0,Negative,negative,0
110565$_$1,110565,1,test,test,-1.0,-1.0,0.0,Negative,negative,0
110565$_$5,110565,5,test,test,1.0,1.0,0.0,Positive,positive,2
110754$_$2,110754,2,train,train,0.0,0.0,0.0,Neutral,neutral,1
110754$_$3,110754,3,train,train,0.0,0.0,0.0,Neutral,neutral,1
110766$_$8,110766,8,train,train,-1.0,-1.0,0.0,Negative,negative,0
110788$_$0,110788,0,train,train,0.0,0.0,0.0,Neutral,neutral,1
110788$_$5,110788,5,train,train,0.0,0.0,0.0,Neutral,neutral,1
111881$_$10,111881,10,test,test,-2.0,-2.0,0.0,Negative,negative,0
111881$_$11,111881,11,test,test,-1.0,-1.0,0.0,Negative,negative,0
111881$_$15,111881,15,test,test,-2.0,-2.0,0.0,Negative,negative,0
111881$_$4,111881,4,test,test,-1.3333333730697632,-1.3333333730697632,0.0,Negative,negative,0
111881$_$6,111881,6,test,test,0.3333333432674408,0.3333333432674408,0.0,Positive,positive,2
111881$_$7,111881,7,test,test,-2.0,-2.0,0.0,Negative,negative,0
112148$_$12,112148,12,train,train,1.0,1.0,0.0,Positive,positive,2
112148$_$4,112148,4,train,train,-0.6666666865348816,-0.6666666865348816,0.0,Negative,negative,0
112148$_$5,112148,5,train,train,-0.6666666865348816,-0.6666666865348816,0.0,Negative,negative,0
112148$_$7,112148,7,train,train,-1.6666666269302368,-1.6666666269302368,0.0,Negative,negative,0
112169$_$7,112169,7,train,train,-0.3333333432674408,-0.3333333432674408,0.0,Negative,negative,0
112425$_$1,112425,1,test,test,0.6666666865348816,0.6666666865348816,0.0,Positive,positive,2
112425$_$10,112425,10,test,test,2.3333332538604736,2.3333332538604736,0.0,Positive,positive,2
112425$_$7,112425,7,test,test,1.3333333730697632,1.3333333730697632,0.0,Positive,positive,2
112433$_$10,112433,10,valid,valid,0.0,0.0,0.0,Neutral,neutral,1
112433$_$3,112433,3,valid,valid,-0.3333333432674408,-0.3333333432674408,0.0,Negative,negative,0
112433$_$6,112433,6,valid,valid,-1.3333333730697632,-1.3333333730697632,0.0,Negative,negative,0
112433$_$7,112433,7,valid,valid,-0.6666666865348816,-0.6666666865348816,0.0,Negative,negative,0
112509$_$4,112509,4,test,test,-2.0,-2.0,0.0,Negative,negative,0
112604$_$1,112604,1,train,train,0.6666666865348816,0.6666666865348816,0.0,Positive,positive,2
112631$_$1,112631,1,train,train,0.0,0.0,0.0,Neutral,neutral,1
112631$_$6,112631,6,train,train,-0.6666666865348816,-0.6666666865348816,0.0,Negative,negative,0
112903$_$0,112903,0,train,train,0.3333333432674408,0.3333333432674408,0.0,Positive,positive,2
112903$_$3,112903,3,train,train,-0.3333333432674408,-0.3333333432674408,0.0,Negative,negative,0
112903$_$6,112903,6,train,train,-2.6666667461395264,-2.6666667461395264,0.0,Negative,negative,0
113265$_$3,113265,3,train,train,-2.0,-2.0,0.0,Negative,negative,0
113265$_$4,113265,4,train,train,-2.0,-2.0,0.0,Negative,negative,0
114624$_$11,114624,11,train,train,-1.0,-1.0,0.0,Negative,negative,0
114624$_$6,114624,6,train,train,-1.6666666269302368,-1.6666666269302368,0.0,Negative,negative,0
114624$_$8,114624,8,train,train,0.0,0.0,0.0,Neutral,neutral,1
116213$_$3,116213,3,test,test,-0.6666666865348816,-0.6666666865348816,0.0,Negative,negative,0
11650$_$0,11650,0,train,train,0.3333333432674408,0.3333333432674408,0.0,Positive,positive,2
11650$_$13,11650,13,train,train,-1.0,-1.0,0.0,Negative,negative,0
11650$_$18,11650,18,train,train,-2.3333332538604736,-2.3333332538604736,0.0,Negative,negative,0
11650$_$3,11650,3,train,train,0.0,0.0,0.0,Neutral,neutral,1
11650$_$4,11650,4,train,train,-0.3333333432674408,-0.3333333432674408,0.0,Negative,negative,0
117tQqLjza4$_$6,117tQqLjza4,6,valid,valid,0.6666666865348816,0.6666666865348816,0.0,Positive,positive,2
119348$_$11,119348,11,train,train,-1.3333333730697632,-1.3333333730697632,0.0,Negative,negative,0
119348$_$2,119348,2,train,train,0.0,0.0,0.0,Neutral,neutral,1
119348$_$3,119348,3,train,train,1.0,1.0,0.0,Positive,positive,2
11j7EfglCAs$_$2,11j7EfglCAs,2,valid,valid,0.6666666865348816,0.6666666865348816,0.0,Positive,positive,2
120vnZnmhq4$_$2,120vnZnmhq4,2,train,train,1.6666666269302368,1.6666666269302368,0.0,Positive,positive,2
121128$_$0,121128,0,valid,valid,0.0,0.0,0.0,Neutral,neutral,1
121128$_$1,121128,1,valid,valid,0.0,0.0,0.0,Neutral,neutral,1
121128$_$10,121128,10,valid,valid,2.0,2.0,0.0,Positive,positive,2
121128$_$5,121128,5,valid,valid,3.0,3.0,0.0,Positive,positive,2
121358$_$1,121358,1,train,train,0.3333333432674408,0.3333333432674408,0.0,Positive,positive,2
121358$_$10,121358,10,train,train,0.3333333432674408,0.3333333432674408,0.0,Positive,positive,2
121358$_$13,121358,13,train,train,0.6666666865348816,0.6666666865348816,0.0,Positive,positive,2
121358$_$14,121358,14,train,train,-0.6666666865348816,-0.6666666865348816,0.0,Negative,negative,0
121358$_$15,121358,15,train,train,0.0,0.0,0.0,Neutral,neutral,1
121358$_$4,121358,4,train,train,1.0,1.0,0.0,Positive,positive,2
121400$_$0,121400,0,test,test,0.0,0.0,0.0,Neutral,neutral,1
122439$_$4,122439,4,train,train,0.0,0.0,0.0,Neutral,neutral,1
122602$_$0,122602,0,train,train,0.0,0.0,0.0,Neutral,neutral,1
122602$_$12,122602,12,train,train,-1.0,-1.0,0.0,Negative,negative,0
122602$_$15,122602,15,train,train,-1.3333333730697632,-1.3333333730697632,0.0,Negative,negative,0
122602$_$4,122602,4,train,train,-1.3333333730697632,-1.3333333730697632,0.0,Negative,negative,0
122842$_$1,122842,1,train,train,3.0,3.0,0.0,Positive,positive,2
122842$_$6,122842,6,train,train,0.0,0.0,0.0,Neutral,neutral,1
125344$_$0,125344,0,valid,valid,0.6666666865348816,0.6666666865348816,0.0,Positive,positive,2
125676$_$0,125676,0,valid,valid,-0.3333333432674408,-0.3333333432674408,0.0,Negative,negative,0
125676$_$4,125676,4,valid,valid,2.0,2.0,0.0,Positive,positive,2
125730$_$0,125730,0,train,train,0.0,0.0,0.0,Neutral,neutral,1
125730$_$1,125730,1,train,train,1.6666666269302368,1.6666666269302368,0.0,Positive,positive,2
125730$_$12,125730,12,train,train,-1.0,-1.0,0.0,Negative,negative,0
125730$_$2,125730,2,train,train,2.3333332538604736,2.3333332538604736,0.0,Positive,positive,2
125730$_$8,125730,8,train,train,-0.3333333432674408,-0.3333333432674408,0.0,Negative,negative,0
125845$_$1,125845,1,train,train,0.6666666865348816,0.6666666865348816,0.0,Positive,positive,2
125845$_$3,125845,3,train,train,1.6666666269302368,1.6666666269302368,0.0,Positive,positive,2
125845$_$5,125845,5,train,train,1.3333333730697632,1.3333333730697632,0.0,Positive,positive,2
126542$_$11,126542,11,train,train,-1.6666666269302368,-1.6666666269302368,0.0,Negative,negative,0
126542$_$12,126542,12,train,train,-1.3333333730697632,-1.3333333730697632,0.0,Negative,negative,0
126542$_$16,126542,16,train,train,-1.3333333730697632,-1.3333333730697632,0.0,Negative,negative,0
126542$_$17,126542,17,train,train,-2.0,-2.0,0.0,Negative,negative,0
126542$_$3,126542,3,train,train,0.0,0.0,0.0,Neutral,neutral,1
126831$_$10,126831,10,train,train,-2.3333332538604736,-2.3333332538604736,0.0,Negative,negative,0
126831$_$3,126831,3,train,train,-1.6666666269302368,-1.6666666269302368,0.0,Negative,negative,0
126872$_$11,126872,11,test,test,-2.0,-2.0,0.0,Negative,negative,0
127470$_$5,127470,5,train,train,-0.3333333432674408,-0.3333333432674408,0.0,Negative,negative,0
127470$_$6,127470,6,train,train,-1.6666666269302368,-1.6666666269302368,0.0,Negative,negative,0
127539$_$5,127539,5,train,train,0.0,0.0,0.0,Neutral,neutral,1
127539$_$6,127539,6,train,train,-0.6666666865348816,-0.6666666865348816,0.0,Negative,negative,0
127539$_$7,127539,7,train,train,-2.0,-2.0,0.0,Negative,negative,0
127539$_$8,127539,8,train,train,-1.3333333730697632,-1.3333333730697632,0.0,Negative,negative,0
127539$_$9,127539,9,train,train,-1.0,-1.0,0.0,Negative,negative,0
128059$_$11,128059,11,valid,valid,-1.0,-1.0,0.0,Negative,negative,0
128059$_$12,128059,12,valid,valid,0.6666666865348816,0.6666666865348816,0.0,Positive,positive,2
128059$_$2,128059,2,valid,valid,-1.6666666269302368,-1.6666666269302368,0.0,Negative,negative,0
128059$_$6,128059,6,valid,valid,1.0,1.0,0.0,Positive,positive,2
128059$_$7,128059,7,valid,valid,0.0,0.0,0.0,Neutral,neutral,1
128059$_$9,128059,9,valid,valid,0.3333333432674408,0.3333333432674408,0.0,Positive,positive,2
12812$_$3,12812,3,train,train,1.6666666269302368,1.6666666269302368,0.0,Positive,positive,2
12812$_$6,12812,6,train,train,2.3333332538604736,2.3333332538604736,0.0,Positive,positive,2
128258$_$1,128258,1,train,train,-1.3333333730697632,-1.3333333730697632,0.0,Negative,negative,0
128258$_$13,128258,13,train,train,-1.0,-1.0,0.0,Negative,negative,0
128752$_$15,128752,15,train,train,-1.0,-1.0,0.0,Negative,negative,0
128752$_$16,128752,16,train,train,-2.0,-2.0,0.0,Negative,negative,0
128752$_$3,128752,3,train,train,0.0,0.0,0.0,Neutral,neutral,1
128752$_$7,128752,7,train,train,0.0,0.0,0.0,Neutral,neutral,1
128752$_$9,128752,9,train,train,-0.3333333432674408,-0.3333333432674408,0.0,Negative,negative,0
128763$_$12,128763,12,valid,valid,-0.6666666865348816,-0.6666666865348816,0.0,Negative,negative,0
128763$_$2,128763,2,valid,valid,0.0,0.0,0.0,Neutral,neutral,1
128763$_$3,128763,3,valid,valid,-1.6666666269302368,-1.6666666269302368,0.0,Negative,negative,0
128763$_$5,128763,5,valid,valid,0.0,0.0,0.0,Neutral,neutral,1
128763$_$7,128763,7,valid,valid,-0.3333333432674408,-0.3333333432674408,0.0,Negative,negative,0
128763$_$8,128763,8,valid,valid,0.0,0.0,0.0,Neutral,neutral,1
128949$_$2,128949,2,train,train,0.0,0.0,0.0,Neutral,neutral,1
129733$_$7,129733,7,train,train,0.0,0.0,0.0,Neutral,neutral,1
130149$_$3,130149,3,train,train,0.0,0.0,0.0,Neutral,neutral,1
130149$_$6,130149,6,train,train,-1.6666666269302368,-1.6666666269302368,0.0,Negative,negative,0
130366$_$11,130366,11,test,test,-1.3333333730697632,-1.3333333730697632,0.0,Negative,negative,0
130366$_$2,130366,2,test,test,0.3333333432674408,0.3333333432674408,0.0,Positive,positive,2
130366$_$4,130366,4,test,test,-0.3333333432674408,-0.3333333432674408,0.0,Negative,negative,0
130426$_$0,130426,0,train,train,-2.0,-2.0,0.0,Negative,negative,0
130426$_$6,130426,6,train,train,-2.0,-2.0,0.0,Negative,negative,0
130456$_$11,130456,11,valid,valid,1.6666666269302368,1.6666666269302368,0.0,Positive,positive,2
130456$_$3,130456,3,valid,valid,2.3333332538604736,2.3333332538604736,0.0,Positive,positive,2
130456$_$4,130456,4,valid,valid,0.0,0.0,0.0,Neutral,neutral,1
130456$_$5,130456,5,valid,valid,-0.3333333432674408,-0.3333333432674408,0.0,Negative,negative,0
130456$_$6,130456,6,valid,valid,0.3333333432674408,0.3333333432674408,0.0,Positive,positive,2
130456$_$7,130456,7,valid,valid,-0.3333333432674408,-0.3333333432674408,0.0,Negative,negative,0
130633$_$5,130633,5,train,train,0.0,0.0,0.0,Neutral,neutral,1
130633$_$7,130633,7,train,train,2.3333332538604736,2.3333332538604736,0.0,Positive,positive,2
131650$_$0,131650,0,train,train,0.3333333432674408,0.3333333432674408,0.0,Positive,positive,2
131650$_$1,131650,1,train,train,1.6666666269302368,1.6666666269302368,0.0,Positive,positive,2
131650$_$3,131650,3,train,train,-1.3333333730697632,-1.3333333730697632,0.0,Negative,negative,0
131650$_$9,131650,9,train,train,-3.0,-3.0,0.0,Negative,negative,0
131871$_$1,131871,1,train,train,-2.0,-2.0,0.0,Negative,negative,0
131936$_$2,131936,2,train,train,0.0,0.0,0.0,Neutral,neutral,1
131936$_$4,131936,4,train,train,-1.3333333730697632,-1.3333333730697632,0.0,Negative,negative,0
132028$_$7,132028,7,test,test,0.3333333432674408,0.3333333432674408,0.0,Positive,positive,2
134252$_$0,134252,0,train,train,0.3333333432674408,0.3333333432674408,0.0,Positive,positive,2
134252$_$1,134252,1,train,train,0.0,0.0,0.0,Neutral,neutral,1
135623$_$5,135623,5,test,test,-2.3333332538604736,-2.3333332538604736,0.0,Negative,negative,0
135623$_$8,135623,8,test,test,-1.3333333730697632,-1.3333333730697632,0.0,Negative,negative,0
136196$_$0,136196,0,test,test,0.3333333432674408,0.3333333432674408,0.0,Positive,positive,2
136196$_$8,136196,8,test,test,-1.6666666269302368,-1.6666666269302368,0.0,Negative,negative,0
136196$_$9,136196,9,test,test,-2.0,-2.0,0.0,Negative,negative,0
136205$_$0,136205,0,train,train,0.0,0.0,0.0,Neutral,neutral,1
136205$_$12,136205,12,train,train,-0.6666666865348816,-0.6666666865348816,0.0,Negative,negative,0
136205$_$6,136205,6,train,train,-0.6666666865348816,-0.6666666865348816,0.0,Negative,negative,0
136211$_$2,136211,2,train,train,2.0,2.0,0.0,Positive,positive,2
136211$_$3,136211,3,train,train,-0.6666666865348816,-0.6666666865348816,0.0,Negative,negative,0
137827$_$1,137827,1,train,train,1.3333333730697632,1.3333333730697632,0.0,Positive,positive,2
137827$_$2,137827,2,train,train,-1.6666666269302368,-1.6666666269302368,0.0,Negative,negative,0
137827$_$4,137827,4,train,train,-1.3333333730697632,-1.3333333730697632,0.0,Negative,negative,0
139006$_$12,139006,12,train,train,-2.6666667461395264,-2.6666667461395264,0.0,Negative,negative,0
139006$_$3,139006,3,train,train,-0.6666666865348816,-0.6666666865348816,0.0,Negative,negative,0
139032$_$16,139032,16,train,train,-2.6666667461395264,-2.6666667461395264,0.0,Negative,negative,0
139032$_$3,139032,3,train,train,-1.6666666269302368,-1.6666666269302368,0.0,Negative,negative,0
13JpsLvddoY$_$7,13JpsLvddoY,7,train,train,0.3333333432674408,0.3333333432674408,0.0,Positive,positive,2
13JpsLvddoY$_$8,13JpsLvddoY,8,train,train,2.0,2.0,0.0,Positive,positive,2
140293$_$0,140293,0,train,train,0.0,0.0,0.0,Neutral,neutral,1
140317$_$5,140317,5,train,train,0.0,0.0,0.0,Neutral,neutral,1
140317$_$7,140317,7,train,train,0.0,0.0,0.0,Neutral,neutral,1
154449$_$2,154449,2,train,train,0.3333333432674408,0.3333333432674408,0.0,Positive,positive,2
154449$_$4,154449,4,train,train,-2.3333332538604736,-2.3333332538604736,0.0,Negative,negative,0
154449$_$6,154449,6,train,train,-3.0,-3.0,0.0,Negative,negative,0
154449$_$8,154449,8,train,train,-1.3333333730697632,-1.3333333730697632,0.0,Negative,negative,0
15837$_$1,15837,1,train,train,0.0,0.0,0.0,Neutral,neutral,1
15837$_$9,15837,9,train,train,0.6666666865348816,0.6666666865348816,0.0,Positive,positive,2
15Wu4U2VPLw$_$2,15Wu4U2VPLw,2,train,train,0.0,0.0,0.0,Neutral,neutral,1
15Wu4U2VPLw$_$4,15Wu4U2VPLw,4,train,train,0.0,0.0,0.0,Neutral,neutral,1
15Wu4U2VPLw$_$6,15Wu4U2VPLw,6,train,train,0.3333333432674408,0.3333333432674408,0.0,Positive,positive,2
15ktF-6wutk$_$4,15ktF-6wutk,4,train,train,1.0,1.0,0.0,Positive,positive,2
167521$_$16,167521,16,test,test,2.0,2.0,0.0,Positive,positive,2
167521$_$17,167521,17,test,test,1.3333333730697632,1.3333333730697632,0.0,Positive,positive,2
167521$_$5,167521,5,test,test,0.3333333432674408,0.3333333432674408,0.0,Positive,positive,2
180923$_$14,180923,14,train,train,-0.3333333432674408,-0.3333333432674408,0.0,Negative,negative,0
180923$_$4,180923,4,train,train,0.0,0.0,0.0,Neutral,neutral,1
180923$_$5,180923,5,train,train,0.0,0.0,0.0,Neutral,neutral,1
180923$_$6,180923,6,train,train,-0.3333333432674408,-0.3333333432674408,0.0,Negative,negative,0
184784$_$6,184784,6,train,train,-0.6666666865348816,-0.6666666865348816,0.0,Negative,negative,0
186631$_$10,186631,10,train,train,-0.6666666865348816,-0.6666666865348816,0.0,Negative,negative,0
186631$_$6,186631,6,train,train,1.3333333730697632,1.3333333730697632,0.0,Positive,positive,2
188122$_$12,188122,12,train,train,0.0,0.0,0.0,Neutral,neutral,1
188122$_$16,188122,16,train,train,2.0,2.0,0.0,Positive,positive,2
188122$_$9,188122,9,train,train,1.3333333730697632,1.3333333730697632,0.0,Positive,positive,2
188343$_$12,188343,12,valid,valid,-2.0,-2.0,0.0,Negative,negative,0
188343$_$13,188343,13,valid,valid,1.0,1.0,0.0,Positive,positive,2
188343$_$5,188343,5,valid,valid,0.0,0.0,0.0,Neutral,neutral,1
188343$_$8,188343,8,valid,valid,-1.3333333730697632,-1.3333333730697632,0.0,Negative,negative,0
188343$_$9,188343,9,valid,valid,1.0,1.0,0.0,Positive,positive,2
189966$_$12,189966,12,train,train,0.0,0.0,0.0,Neutral,neutral,1
189966$_$14,189966,14,train,train,0.0,0.0,0.0,Neutral,neutral,1
189966$_$16,189966,16,train,train,1.3333333730697632,1.3333333730697632,0.0,Positive,positive,2
189966$_$19,189966,19,train,train,0.0,0.0,0.0,Neutral,neutral,1
189966$_$2,189966,2,train,train,0.0,0.0,0.0,Neutral,neutral,1
189966$_$21,189966,21,train,train,-2.0,-2.0,0.0,Negative,negative,0
189966$_$22,189966,22,train,train,-2.0,-2.0,0.0,Negative,negative,0
189966$_$4,189966,4,train,train,0.0,0.0,0.0,Neutral,neutral,1
189966$_$6,189966,6,train,train,0.0,0.0,0.0,Neutral,neutral,1
18JTkk8JbeU$_$6,18JTkk8JbeU,6,train,train,0.0,0.0,0.0,Neutral,neutral,1
18QjfdhJEM4$_$14,18QjfdhJEM4,14,train,train,0.0,0.0,0.0,Neutral,neutral,1
18QjfdhJEM4$_$17,18QjfdhJEM4,17,train,train,0.0,0.0,0.0,Neutral,neutral,1
18QjfdhJEM4$_$23,18QjfdhJEM4,23,train,train,-2.0,-2.0,0.0,Negative,negative,0
18QjfdhJEM4$_$4,18QjfdhJEM4,4,train,train,1.0,1.0,0.0,Positive,positive,2
190740$_$2,190740,2,train,train,-0.6666666865348816,-0.6666666865348816,0.0,Negative,negative,0
190740$_$4,190740,4,train,train,-0.6666666865348816,-0.6666666865348816,0.0,Negative,negative,0
190740$_$6,190740,6,train,train,-2.6666667461395264,-2.6666667461395264,0.0,Negative,negative,0
190740$_$7,190740,7,train,train,-2.6666667461395264,-2.6666667461395264,0.0,Negative,negative,0
190743$_$13,190743,13,test,test,-2.0,-2.0,0.0,Negative,negative,0
190743$_$17,190743,17,test,test,-2.0,-2.0,0.0,Negative,negative,0
190743$_$5,190743,5,test,test,-2.0,-2.0,0.0,Negative,negative,0
192799$_$10,192799,10,train,train,1.0,1.0,0.0,Positive,positive,2
192799$_$17,192799,17,train,train,-2.0,-2.0,0.0,Negative,negative,0
192799$_$7,192799,7,train,train,-1.3333333730697632,-1.3333333730697632,0.0,Negative,negative,0
192799$_$8,192799,8,train,train,-2.3333332538604736,-2.3333332538604736,0.0,Negative,negative,0
194299$_$14,194299,14,test,test,0.0,0.0,0.0,Neutral,neutral,1
194299$_$4,194299,4,test,test,-1.0,-1.0,0.0,Negative,negative,0
194299$_$9,194299,9,test,test,0.0,0.0,0.0,Neutral,neutral,1
194625$_$16,194625,16,train,train,-1.6666666269302368,-1.6666666269302368,0.0,Negative,negative,0
194625$_$18,194625,18,train,train,-2.0,-2.0,0.0,Negative,negative,0
194625$_$5,194625,5,train,train,0.0,0.0,0.0,Neutral,neutral,1
194625$_$7,194625,7,train,train,-1.6666666269302368,-1.6666666269302368,0.0,Negative,negative,0
197778$_$11,197778,11,train,train,3.0,3.0,0.0,Positive,positive,2
197778$_$2,197778,2,train,train,1.0,1.0,0.0,Positive,positive,2
197778$_$4,197778,4,train,train,0.0,0.0,0.0,Neutral,neutral,1
197778$_$9,197778,9,train,train,0.0,0.0,0.0,Neutral,neutral,1
198112$_$0,198112,0,test,test,0.3333333432674408,0.3333333432674408,0.0,Positive,positive,2
198112$_$12,198112,12,test,test,2.0,2.0,0.0,Positive,positive,2
198112$_$5,198112,5,test,test,1.0,1.0,0.0,Positive,positive,2
198112$_$8,198112,8,test,test,2.0,2.0,0.0,Positive,positive,2
198112$_$9,198112,9,test,test,2.3333332538604736,2.3333332538604736,0.0,Positive,positive,2
19k6sEC7814$_$10,19k6sEC7814,10,train,train,0.6666666865348816,0.6666666865348816,0.0,Positive,positive,2
19k6sEC7814$_$4,19k6sEC7814,4,train,train,0.6666666865348816,0.6666666865348816,0.0,Positive,positive,2
1A-aRhYx-GQ$_$15,1A-aRhYx-GQ,15,train,train,0.6666666865348816,0.6666666865348816,0.0,Positive,positive,2
1A-aRhYx-GQ$_$31,1A-aRhYx-GQ,31,train,train,2.0,2.0,0.0,Positive,positive,2
1A-aRhYx-GQ$_$7,1A-aRhYx-GQ,7,train,train,0.6666666865348816,0.6666666865348816,0.0,Positive,positive,2
1A7dqFxx8wU$_$0,1A7dqFxx8wU,0,train,train,0.3333333432674408,0.3333333432674408,0.0,Positive,positive,2
1CjUHNYzW1E$_$11,1CjUHNYzW1E,11,train,train,2.0,2.0,0.0,Positive,positive,2
1ESU5ONMMxs$_$0,1ESU5ONMMxs,0,train,train,-1.0,-1.0,0.0,Negative,negative,0
1ESU5ONMMxs$_$14,1ESU5ONMMxs,14,train,train,0.6666666865348816,0.6666666865348816,0.0,Positive,positive,2
1ESU5ONMMxs$_$6,1ESU5ONMMxs,6,train,train,0.3333333432674408,0.3333333432674408,0.0,Positive,positive,2
1ESU5ONMMxs$_$8,1ESU5ONMMxs,8,train,train,0.0,0.0,0.0,Neutral,neutral,1
1F0qH0EEBfo$_$0,1F0qH0EEBfo,0,train,train,1.6666666269302368,1.6666666269302368,0.0,Positive,positive,2
1F0qH0EEBfo$_$1,1F0qH0EEBfo,1,train,train,0.3333333432674408,0.3333333432674408,0.0,Positive,positive,2
1F0qH0EEBfo$_$14,1F0qH0EEBfo,14,train,train,0.0,0.0,0.0,Neutral,neutral,1
1F0qH0EEBfo$_$15,1F0qH0EEBfo,15,train,train,1.3333333730697632,1.3333333730697632,0.0,Positive,positive,2
1F0qH0EEBfo$_$21,1F0qH0EEBfo,21,train,train,1.3333333730697632,1.3333333730697632,0.0,Positive,positive,2
1F0qH0EEBfo$_$5,1F0qH0EEBfo,5,train,train,1.0,1.0,0.0,Positive,positive,2
1F0qH0EEBfo$_$9,1F0qH0EEBfo,9,train,train,-0.3333333432674408,-0.3333333432674408,0.0,Negative,negative,0
1HK7Nea0PFo$_$1,1HK7Nea0PFo,1,valid,valid,0.0,0.0,0.0,Neutral,neutral,1
1HS2HcN2LDo$_$1,1HS2HcN2LDo,1,test,test,0.3333333432674408,0.3333333432674408,0.0,Positive,positive,2
1HS2HcN2LDo$_$9,1HS2HcN2LDo,9,test,test,1.3333333730697632,1.3333333730697632,0.0,Positive,positive,2
1JQ9UCBEmCU$_$0,1JQ9UCBEmCU,0,train,train,0.0,0.0,0.0,Neutral,neutral,1
1JQ9UCBEmCU$_$1,1JQ9UCBEmCU,1,train,train,0.0,0.0,0.0,Neutral,neutral,1
1S6ji_d4OLI$_$9,1S6ji_d4OLI,9,test,test,0.6666666865348816,0.6666666865348816,0.0,Positive,positive,2
1W38PnuWIkM$_$3,1W38PnuWIkM,3,train,train,0.6666666865348816,0.6666666865348816,0.0,Positive,positive,2
1W38PnuWIkM$_$4,1W38PnuWIkM,4,train,train,0.6666666865348816,0.6666666865348816,0.0,Positive,positive,2
1W38PnuWIkM$_$5,1W38PnuWIkM,5,train,train,1.3333333730697632,1.3333333730697632,0.0,Positive,positive,2
1W38PnuWIkM$_$6,1W38PnuWIkM,6,train,train,-0.6666666865348816,-0.6666666865348816,0.0,Negative,negative,0
1bzS0YF5hfs$_$1,1bzS0YF5hfs,1,train,train,0.6666666865348816,0.6666666865348816,0.0,Positive,positive,2
1dWsw38VDjY$_$9,1dWsw38VDjY,9,train,train,0.3333333432674408,0.3333333432674408,0.0,Positive,positive,2
1fqNb8cfLFE$_$2,1fqNb8cfLFE,2,train,train,0.6666666865348816,0.6666666865348816,0.0,Positive,positive,2
1jogeKX0wGw$_$4,1jogeKX0wGw,4,test,test,1.0,1.0,0.0,Positive,positive,2
1k7br8xXMSU$_$11,1k7br8xXMSU,11,train,train,0.3333333432674408,0.3333333432674408,0.0,Positive,positive,2
1k7br8xXMSU$_$12,1k7br8xXMSU,12,train,train,-0.3333333432674408,-0.3333333432674408,0.0,Negative,negative,0
1mHjMNZZvFo$_$1,1mHjMNZZvFo,1,train,train,1.3333333730697632,1.3333333730697632,0.0,Positive,positive,2
1mHjMNZZvFo$_$5,1mHjMNZZvFo,5,train,train,0.3333333432674408,0.3333333432674408,0.0,Positive,positive,2
1pl2FVdQWj0$_$2,1pl2FVdQWj0,2,test,test,0.6666666865348816,0.6666666865348816,0.0,Positive,positive,2
1pvK0_9SQns$_$10,1pvK0_9SQns,10,train,train,0.0,0.0,0.0,Neutral,neutral,1
1pvK0_9SQns$_$8,1pvK0_9SQns,8,train,train,0.0,0.0,0.0,Neutral,neutral,1
1sJjdaXXuJg$_$4,1sJjdaXXuJg,4,train,train,1.3333333730697632,1.3333333730697632,0.0,Positive,positive,2
1tuMFJnlXJc$_$1,1tuMFJnlXJc,1,train,train,0.3333333432674408,0.3333333432674408,0.0,Positive,positive,2
1tuMFJnlXJc$_$20,1tuMFJnlXJc,20,train,train,0.6666666865348816,0.6666666865348816,0.0,Positive,positive,2
1tuMFJnlXJc$_$3,1tuMFJnlXJc,3,train,train,0.3333333432674408,0.3333333432674408,0.0,Positive,positive,2
1tuMFJnlXJc$_$4,1tuMFJnlXJc,4,train,train,0.3333333432674408,0.3333333432674408,0.0,Positive,positive,2
2-4autDbHVQ$_$12,2-4autDbHVQ,12,train,train,0.6666666865348816,0.6666666865348816,0.0,Positive,positive,2
2-4autDbHVQ$_$19,2-4autDbHVQ,19,train,train,2.3333332538604736,2.3333332538604736,0.0,Positive,positive,2
2-4autDbHVQ$_$8,2-4autDbHVQ,8,train,train,0.6666666865348816,0.6666666865348816,0.0,Positive,positive,2
2-5hH_k2VFk$_$9,2-5hH_k2VFk,9,train,train,0.6666666865348816,0.6666666865348816,0.0,Positive,positive,2
200941$_$10,200941,10,test,test,-1.0,-1.0,0.0,Negative,negative,0
201582$_$2,201582,2,train,train,-1.3333333730697632,-1.3333333730697632,0.0,Negative,negative,0
201582$_$6,201582,6,train,train,0.0,0.0,0.0,Neutral,neutral,1
202431$_$6,202431,6,train,train,-1.6666666269302368,-1.6666666269302368,0.0,Negative,negative,0
202810$_$7,202810,7,train,train,-1.3333333730697632,-1.3333333730697632,0.0,Negative,negative,0
202810$_$8,202810,8,train,train,-1.6666666269302368,-1.6666666269302368,0.0,Negative,negative,0
202826$_$10,202826,10,test,test,-1.6666666269302368,-1.6666666269302368,0.0,Negative,negative,0
202826$_$7,202826,7,test,test,1.0,1.0,0.0,Positive,positive,2
202990$_$5,202990,5,train,train,-1.6666666269302368,-1.6666666269302368,0.0,Negative,negative,0
202990$_$6,202990,6,train,train,0.0,0.0,0.0,Neutral,neutral,1
206049$_$0,206049,0,train,train,1.0,1.0,0.0,Positive,positive,2
206049$_$3,206049,3,train,train,-2.0,-2.0,0.0,Negative,negative,0
206051$_$2,206051,2,train,train,0.0,0.0,0.0,Neutral,neutral,1
206376$_$2,206376,2,train,train,-0.6666666865348816,-0.6666666865348816,0.0,Negative,negative,0
206507$_$2,206507,2,train,train,-1.3333333730697632,-1.3333333730697632,0.0,Negative,negative,0
206507$_$6,206507,6,train,train,-0.3333333432674408,-0.3333333432674408,0.0,Negative,negative,0
206585$_$3,206585,3,test,test,0.0,0.0,0.0,Neutral,neutral,1
206606$_$5,206606,5,train,train,-1.0,-1.0,0.0,Negative,negative,0
206606$_$7,206606,7,train,train,-1.3333333730697632,-1.3333333730697632,0.0,Negative,negative,0
207812$_$3,207812,3,train,train,2.3333332538604736,2.3333332538604736,0.0,Positive,positive,2
207812$_$8,207812,8,train,train,1.3333333730697632,1.3333333730697632,0.0,Positive,positive,2
207812$_$9,207812,9,train,train,-0.6666666865348816,-0.6666666865348816,0.0,Negative,negative,0
208148$_$11,208148,11,train,train,-1.3333333730697632,-1.3333333730697632,0.0,Negative,negative,0
208148$_$6,208148,6,train,train,0.0,0.0,0.0,Neutral,neutral,1
208299$_$4,208299,4,train,train,-1.0,-1.0,0.0,Negative,negative,0
208299$_$5,208299,5,train,train,-1.6666666269302368,-1.6666666269302368,0.0,Negative,negative,0
208299$_$6,208299,6,train,train,-2.3333332538604736,-2.3333332538604736,0.0,Negative,negative,0
208299$_$8,208299,8,train,train,-1.3333333730697632,-1.3333333730697632,0.0,Negative,negative,0
208322$_$12,208322,12,test,test,-2.3333332538604736,-2.3333332538604736,0.0,Negative,negative,0
208416$_$0,208416,0,train,train,0.3333333432674408,0.3333333432674408,0.0,Positive,positive,2
208416$_$11,208416,11,train,train,1.6666666269302368,1.6666666269302368,0.0,Positive,positive,2
208416$_$13,208416,13,train,train,1.6666666269302368,1.6666666269302368,0.0,Positive,positive,2
208416$_$16,208416,16,train,train,2.0,2.0,0.0,Positive,positive,2
208416$_$2,208416,2,train,train,1.0,1.0,0.0,Positive,positive,2
208416$_$7,208416,7,train,train,1.6666666269302368,1.6666666269302368,0.0,Positive,positive,2
208416$_$8,208416,8,train,train,0.0,0.0,0.0,Neutral,neutral,1
208416$_$9,208416,9,train,train,0.0,0.0,0.0,Neutral,neutral,1
208592$_$2,208592,2,test,test,0.0,0.0,0.0,Neutral,neutral,1
208592$_$9,208592,9,test,test,-2.6666667461395264,-2.6666667461395264,0.0,Negative,negative,0
209354$_$1,209354,1,train,train,2.0,2.0,0.0,Positive,positive,2
209354$_$2,209354,2,train,train,1.0,1.0,0.0,Positive,positive,2
209758$_$15,209758,15,test,test,1.3333333730697632,1.3333333730697632,0.0,Positive,positive,2
209758$_$3,209758,3,test,test,0.0,0.0,0.0,Neutral,neutral,1
209758$_$5,209758,5,test,test,0.0,0.0,0.0,Neutral,neutral,1
209775$_$0,209775,0,train,train,0.3333333432674408,0.3333333432674408,0.0,Positive,positive,2
209775$_$1,209775,1,train,train,-1.0,-1.0,0.0,Negative,negative,0
209775$_$10,209775,10,train,train,-2.3333332538604736,-2.3333332538604736,0.0,Negative,negative,0
209775$_$5,209775,5,train,train,-2.3333332538604736,-2.3333332538604736,0.0,Negative,negative,0
20LfN8ENbhM$_$1,20LfN8ENbhM,1,test,test,2.0,2.0,0.0,Positive,positive,2
210238$_$1,210238,1,train,train,0.3333333432674408,0.3333333432674408,0.0,Positive,positive,2
210238$_$13,210238,13,train,train,0.0,0.0,0.0,Neutral,neutral,1
210238$_$14,210238,14,train,train,0.0,0.0,0.0,Neutral,neutral,1
210238$_$16,210238,16,train,train,-1.3333333730697632,-1.3333333730697632,0.0,Negative,negative,0
210238$_$18,210238,18,train,train,0.3333333432674408,0.3333333432674408,0.0,Positive,positive,2
210259$_$0,210259,0,test,test,0.0,0.0,0.0,Neutral,neutral,1
210259$_$11,210259,11,test,test,-3.0,-3.0,0.0,Negative,negative,0
210259$_$16,210259,16,test,test,-2.3333332538604736,-2.3333332538604736,0.0,Negative,negative,0
210259$_$8,210259,8,test,test,-2.3333332538604736,-2.3333332538604736,0.0,Negative,negative,0
210433$_$0,210433,0,test,test,0.0,0.0,0.0,Neutral,neutral,1
210433$_$7,210433,7,test,test,-2.0,-2.0,0.0,Negative,negative,0
210618$_$10,210618,10,train,train,0.0,0.0,0.0,Neutral,neutral,1
210618$_$11,210618,11,train,train,1.6666666269302368,1.6666666269302368,0.0,Positive,positive,2
210618$_$15,210618,15,train,train,0.0,0.0,0.0,Neutral,neutral,1
210618$_$5,210618,5,train,train,0.0,0.0,0.0,Neutral,neutral,1
210618$_$8,210618,8,train,train,0.0,0.0,0.0,Neutral,neutral,1
210618$_$9,210618,9,train,train,1.0,1.0,0.0,Positive,positive,2
21137$_$0,21137,0,train,train,1.0,1.0,0.0,Positive,positive,2
21137$_$1,21137,1,train,train,0.0,0.0,0.0,Neutral,neutral,1
21137$_$2,21137,2,train,train,2.0,2.0,0.0,Positive,positive,2
21137$_$3,21137,3,train,train,2.6666667461395264,2.6666667461395264,0.0,Positive,positive,2
21137$_$9,21137,9,train,train,2.0,2.0,0.0,Positive,positive,2
211875$_$4,211875,4,test,test,-1.6666666269302368,-1.6666666269302368,0.0,Negative,negative,0
211875$_$8,211875,8,test,test,-1.3333333730697632,-1.3333333730697632,0.0,Negative,negative,0
212532$_$10,212532,10,train,train,-2.0,-2.0,0.0,Negative,negative,0
212532$_$9,212532,9,train,train,-2.6666667461395264,-2.6666667461395264,0.0,Negative,negative,0
213327$_$6,213327,6,test,test,-2.3333332538604736,-2.3333332538604736,0.0,Negative,negative,0
213327$_$8,213327,8,test,test,-2.0,-2.0,0.0,Negative,negative,0
213619$_$0,213619,0,train,train,-0.3333333432674408,-0.3333333432674408,0.0,Negative,negative,0
213619$_$3,213619,3,train,train,0.0,0.0,0.0,Neutral,neutral,1
214095$_$1,214095,1,train,train,0.0,0.0,0.0,Neutral,neutral,1
214095$_$11,214095,11,train,train,-2.6666667461395264,-2.6666667461395264,0.0,Negative,negative,0
214095$_$4,214095,4,train,train,-1.6666666269302368,-1.6666666269302368,0.0,Negative,negative,0
215259$_$4,215259,4,train,train,2.0,2.0,0.0,Positive,positive,2
215259$_$5,215259,5,train,train,1.6666666269302368,1.6666666269302368,0.0,Positive,positive,2
215318$_$12,215318,12,test,test,0.0,0.0,0.0,Neutral,neutral,1
216007$_$1,216007,1,train,train,1.6666666269302368,1.6666666269302368,0.0,Positive,positive,2
216007$_$12,216007,12,train,train,-1.3333333730697632,-1.3333333730697632,0.0,Negative,negative,0
216007$_$2,216007,2,train,train,-2.3333332538604736,-2.3333332538604736,0.0,Negative,negative,0
216007$_$24,216007,24,train,train,0.0,0.0,0.0,Neutral,neutral,1
216007$_$28,216007,28,train,train,-1.6666666269302368,-1.6666666269302368,0.0,Negative,negative,0
216007$_$29,216007,29,train,train,-0.3333333432674408,-0.3333333432674408,0.0,Negative,negative,0
216007$_$5,216007,5,train,train,0.6666666865348816,0.6666666865348816,0.0,Positive,positive,2
216007$_$9,216007,9,train,train,-1.0,-1.0,0.0,Negative,negative,0
216097$_$1,216097,1,valid,valid,-1.0,-1.0,0.0,Negative,negative,0
216097$_$2,216097,2,valid,valid,0.0,0.0,0.0,Neutral,neutral,1
216097$_$4,216097,4,valid,valid,0.0,0.0,0.0,Neutral,neutral,1
216097$_$5,216097,5,valid,valid,-0.3333333432674408,-0.3333333432674408,0.0,Negative,negative,0
216097$_$7,216097,7,valid,valid,-0.3333333432674408,-0.3333333432674408,0.0,Negative,negative,0
216097$_$8,216097,8,valid,valid,-1.6666666269302368,-1.6666666269302368,0.0,Negative,negative,0
21638$_$0,21638,0,train,train,0.3333333432674408,0.3333333432674408,0.0,Positive,positive,2
21638$_$1,21638,1,train,train,0.0,0.0,0.0,Neutral,neutral,1
21638$_$6,21638,6,train,train,2.0,2.0,0.0,Positive,positive,2
216857$_$1,216857,1,train,train,0.0,0.0,0.0,Neutral,neutral,1
216857$_$10,216857,10,train,train,-1.0,-1.0,0.0,Negative,negative,0
216857$_$3,216857,3,train,train,-0.6666666865348816,-0.6666666865348816,0.0,Negative,negative,0
216857$_$6,216857,6,train,train,-0.3333333432674408,-0.3333333432674408,0.0,Negative,negative,0
218708$_$0,218708,0,train,train,0.0,0.0,0.0,Neutral,neutral,1
218708$_$1,218708,1,train,train,0.3333333432674408,0.3333333432674408,0.0,Positive,positive,2
218708$_$12,218708,12,train,train,-1.0,-1.0,0.0,Negative,negative,0
218708$_$13,218708,13,train,train,-0.3333333432674408,-0.3333333432674408,0.0,Negative,negative,0
218708$_$15,218708,15,train,train,-2.0,-2.0,0.0,Negative,negative,0
218708$_$17,218708,17,train,train,-1.6666666269302368,-1.6666666269302368,0.0,Negative,negative,0
218708$_$8,218708,8,train,train,0.0,0.0,0.0,Neutral,neutral,1
219310$_$0,219310,0,train,train,0.0,0.0,0.0,Neutral,neutral,1
219310$_$2,219310,2,train,train,1.0,1.0,0.0,Positive,positive,2
219775$_$0,219775,0,train,train,0.0,0.0,0.0,Neutral,neutral,1
219775$_$5,219775,5,train,train,-0.3333333432674408,-0.3333333432674408,0.0,Negative,negative,0
220134$_$17,220134,17,train,train,-1.0,-1.0,0.0,Negative,negative,0
220134$_$21,220134,21,train,train,-2.3333332538604736,-2.3333332538604736,0.0,Negative,negative,0
220134$_$27,220134,27,train,train,-2.6666667461395264,-2.6666667461395264,0.0,Negative,negative,0
220134$_$8,220134,8,train,train,0.0,0.0,0.0,Neutral,neutral,1
220548$_$1,220548,1,train,train,0.0,0.0,0.0,Neutral,neutral,1
220548$_$20,220548,20,train,train,-2.3333332538604736,-2.3333332538604736,0.0,Negative,negative,0
220548$_$7,220548,7,train,train,-0.3333333432674408,-0.3333333432674408,0.0,Negative,negative,0
221137$_$2,221137,2,test,test,0.0,0.0,0.0,Neutral,neutral,1
221137$_$5,221137,5,test,test,-2.0,-2.0,0.0,Negative,negative,0
221153$_$14,221153,14,test,test,-1.6666666269302368,-1.6666666269302368,0.0,Negative,negative,0
221153$_$16,221153,16,test,test,-0.6666666865348816,-0.6666666865348816,0.0,Negative,negative,0
221153$_$20,221153,20,test,test,0.3333333432674408,0.3333333432674408,0.0,Positive,positive,2
221153$_$6,221153,6,test,test,0.0,0.0,0.0,Neutral,neutral,1
221740$_$0,221740,0,train,train,0.0,0.0,0.0,Neutral,neutral,1
221740$_$5,221740,5,train,train,-3.0,-3.0,0.0,Negative,negative,0
222116$_$1,222116,1,train,train,-2.0,-2.0,0.0,Negative,negative,0
222116$_$6,222116,6,train,train,0.0,0.0,0.0,Neutral,neutral,1
222116$_$7,222116,7,train,train,-0.3333333432674408,-0.3333333432674408,0.0,Negative,negative,0
223431$_$0,223431,0,valid,valid,0.3333333432674408,0.3333333432674408,0.0,Positive,positive,2
223431$_$10,223431,10,valid,valid,-1.0,-1.0,0.0,Negative,negative,0
223431$_$11,223431,11,valid,valid,-1.3333333730697632,-1.3333333730697632,0.0,Negative,negative,0
223431$_$13,223431,13,valid,valid,-2.3333332538604736,-2.3333332538604736,0.0,Negative,negative,0
223431$_$5,223431,5,valid,valid,0.0,0.0,0.0,Neutral,neutral,1
22373$_$1,22373,1,test,test,0.0,0.0,0.0,Neutral,neutral,1
22373$_$10,22373,10,test,test,-2.6666667461395264,-2.6666667461395264,0.0,Negative,negative,0
22373$_$2,22373,2,test,test,-2.3333332538604736,-2.3333332538604736,0.0,Negative,negative,0
22373$_$7,22373,7,test,test,0.0,0.0,0.0,Neutral,neutral,1
223926$_$1,223926,1,train,train,-1.3333333730697632,-1.3333333730697632,0.0,Negative,negative,0
224263$_$13,224263,13,test,test,0.6666666865348816,0.6666666865348816,0.0,Positive,positive,2
224263$_$14,224263,14,test,test,-2.3333332538604736,-2.3333332538604736,0.0,Negative,negative,0
224263$_$3,224263,3,test,test,-2.3333332538604736,-2.3333332538604736,0.0,Negative,negative,0
224370$_$11,224370,11,test,test,0.3333333432674408,0.3333333432674408,0.0,Positive,positive,2
224370$_$15,224370,15,test,test,-1.6666666269302368,-1.6666666269302368,0.0,Negative,negative,0
224370$_$3,224370,3,test,test,-2.0,-2.0,0.0,Negative,negative,0
224370$_$5,224370,5,test,test,-2.6666667461395264,-2.6666667461395264,0.0,Negative,negative,0
224599$_$1,224599,1,train,train,0.3333333432674408,0.3333333432674408,0.0,Positive,positive,2
224599$_$2,224599,2,train,train,0.0,0.0,0.0,Neutral,neutral,1
224599$_$5,224599,5,train,train,0.0,0.0,0.0,Neutral,neutral,1
224599$_$8,224599,8,train,train,1.6666666269302368,1.6666666269302368,0.0,Positive,positive,2
224631$_$5,224631,5,test,test,0.3333333432674408,0.3333333432674408,0.0,Positive,positive,2
224772$_$1,224772,1,train,train,-1.6666666269302368,-1.6666666269302368,0.0,Negative,negative,0
224772$_$12,224772,12,train,train,-1.6666666269302368,-1.6666666269302368,0.0,Negative,negative,0
224772$_$14,224772,14,train,train,-2.0,-2.0,0.0,Negative,negative,0
224772$_$6,224772,6,train,train,0.0,0.0,0.0,Neutral,neutral,1
224869$_$0,224869,0,train,train,0.6666666865348816,0.6666666865348816,0.0,Positive,positive,2
224869$_$10,224869,10,train,train,-1.0,-1.0,0.0,Negative,negative,0
224869$_$3,224869,3,train,train,0.0,0.0,0.0,Neutral,neutral,1
224869$_$5,224869,5,train,train,0.3333333432674408,0.3333333432674408,0.0,Positive,positive,2
225343$_$10,225343,10,train,train,0.3333333432674408,0.3333333432674408,0.0,Positive,positive,2
225343$_$14,225343,14,train,train,-1.6666666269302368,-1.6666666269302368,0.0,Negative,negative,0
225343$_$3,225343,3,train,train,2.0,2.0,0.0,Positive,positive,2
225343$_$9,225343,9,train,train,-0.6666666865348816,-0.6666666865348816,0.0,Negative,negative,0
225416$_$1,225416,1,train,train,-2.6666667461395264,-2.6666667461395264,0.0,Negative,negative,0
225416$_$14,225416,14,train,train,-2.0,-2.0,0.0,Negative,negative,0
225416$_$3,225416,3,train,train,2.3333332538604736,2.3333332538604736,0.0,Positive,positive,2
225416$_$8,225416,8,train,train,0.0,0.0,0.0,Neutral,neutral,1
225768$_$6,225768,6,train,train,0.0,0.0,0.0,Neutral,neutral,1
225770$_$3,225770,3,valid,valid,-1.3333333730697632,-1.3333333730697632,0.0,Negative,negative,0
225770$_$4,225770,4,valid,valid,0.0,0.0,0.0,Neutral,neutral,1
225770$_$5,225770,5,valid,valid,-0.3333333432674408,-0.3333333432674408,0.0,Negative,negative,0
225770$_$6,225770,6,valid,valid,0.0,0.0,0.0,Neutral,neutral,1
226601$_$0,226601,0,test,test,0.3333333432674408,0.3333333432674408,0.0,Positive,positive,2
226601$_$11,226601,11,test,test,-1.3333333730697632,-1.3333333730697632,0.0,Negative,negative,0
226601$_$18,226601,18,test,test,-2.0,-2.0,0.0,Negative,negative,0
226640$_$9,226640,9,test,test,0.0,0.0,0.0,Neutral,neutral,1
22689$_$0,22689,0,test,test,0.0,0.0,0.0,Neutral,neutral,1
22689$_$1,22689,1,test,test,-2.0,-2.0,0.0,Negative,negative,0
227173$_$12,227173,12,train,train,-0.6666666865348816,-0.6666666865348816,0.0,Negative,negative,0
227173$_$6,227173,6,train,train,-1.0,-1.0,0.0,Negative,negative,0
227416$_$0,227416,0,train,train,0.0,0.0,0.0,Neutral,neutral,1
227416$_$1,227416,1,train,train,0.0,0.0,0.0,Neutral,neutral,1
227416$_$3,227416,3,train,train,0.0,0.0,0.0,Neutral,neutral,1
227416$_$5,227416,5,train,train,0.0,0.0,0.0,Neutral,neutral,1
227416$_$8,227416,8,train,train,2.6666667461395264,2.6666667461395264,0.0,Positive,positive,2
227426$_$0,227426,0,train,train,0.0,0.0,0.0,Neutral,neutral,1
227426$_$18,227426,18,train,train,-2.0,-2.0,0.0,Negative,negative,0
227426$_$19,227426,19,train,train,-2.6666667461395264,-2.6666667461395264,0.0,Negative,negative,0
227426$_$8,227426,8,train,train,0.0,0.0,0.0,Neutral,neutral,1
22821$_$0,22821,0,train,train,0.0,0.0,0.0,Neutral,neutral,1
22821$_$1,22821,1,train,train,1.3333333730697632,1.3333333730697632,0.0,Positive,positive,2
22821$_$14,22821,14,train,train,0.0,0.0,0.0,Neutral,neutral,1
22821$_$4,22821,4,train,train,0.3333333432674408,0.3333333432674408,0.0,Positive,positive,2
22821$_$9,22821,9,train,train,1.3333333730697632,1.3333333730697632,0.0,Positive,positive,2
22880$_$2,22880,2,train,train,0.0,0.0,0.0,Neutral,neutral,1
22880$_$6,22880,6,train,train,1.3333333730697632,1.3333333730697632,0.0,Positive,positive,2
229090$_$15,229090,15,train,train,-2.6666667461395264,-2.6666667461395264,0.0,Negative,negative,0
229090$_$16,229090,16,train,train,1.0,1.0,0.0,Positive,positive,2
229090$_$18,229090,18,train,train,-1.6666666269302368,-1.6666666269302368,0.0,Negative,negative,0
229903$_$0,229903,0,train,train,0.0,0.0,0.0,Neutral,neutral,1
229903$_$3,229903,3,train,train,0.0,0.0,0.0,Neutral,neutral,1
229967$_$2,229967,2,train,train,0.3333333432674408,0.3333333432674408,0.0,Positive,positive,2
230252$_$1,230252,1,train,train,0.0,0.0,0.0,Neutral,neutral,1
231025$_$0,231025,0,train,train,1.6666666269302368,1.6666666269302368,0.0,Positive,positive,2
231025$_$11,231025,11,train,train,-1.3333333730697632,-1.3333333730697632,0.0,Negative,negative,0
231025$_$14,231025,14,train,train,-2.0,-2.0,0.0,Negative,negative,0
231025$_$15,231025,15,train,train,-1.0,-1.0,0.0,Negative,negative,0
231025$_$16,231025,16,train,train,-0.6666666865348816,-0.6666666865348816,0.0,Negative,negative,0
231025$_$9,231025,9,train,train,-0.3333333432674408,-0.3333333432674408,0.0,Negative,negative,0
233171$_$1,233171,1,train,train,-1.6666666269302368,-1.6666666269302368,0.0,Negative,negative,0
233171$_$7,233171,7,train,train,-2.0,-2.0,0.0,Negative,negative,0
233356$_$1,233356,1,train,train,0.6666666865348816,0.6666666865348816,0.0,Positive,positive,2
233356$_$3,233356,3,train,train,1.6666666269302368,1.6666666269302368,0.0,Positive,positive,2
233366$_$4,233366,4,train,train,-1.3333333730697632,-1.3333333730697632,0.0,Negative,negative,0
233389$_$0,233389,0,train,train,0.0,0.0,0.0,Neutral,neutral,1
233389$_$5,233389,5,train,train,-0.6666666865348816,-0.6666666865348816,0.0,Negative,negative,0
234046$_$1,234046,1,test,test,0.0,0.0,0.0,Neutral,neutral,1
234053$_$1,234053,1,train,train,0.0,0.0,0.0,Neutral,neutral,1
234053$_$11,234053,11,train,train,0.6666666865348816,0.6666666865348816,0.0,Positive,positive,2
234053$_$17,234053,17,train,train,0.0,0.0,0.0,Neutral,neutral,1
234053$_$18,234053,18,train,train,0.0,0.0,0.0,Neutral,neutral,1
234053$_$19,234053,19,train,train,-1.0,-1.0,0.0,Negative,negative,0
234053$_$21,234053,21,train,train,0.3333333432674408,0.3333333432674408,0.0,Positive,positive,2
234053$_$26,234053,26,train,train,2.6666667461395264,2.6666667461395264,0.0,Positive,positive,2
234587$_$11,234587,11,train,train,0.6666666865348816,0.6666666865348816,0.0,Positive,positive,2
234587$_$14,234587,14,train,train,0.0,0.0,0.0,Neutral,neutral,1
234587$_$16,234587,16,train,train,0.3333333432674408,0.3333333432674408,0.0,Positive,positive,2
234587$_$19,234587,19,train,train,2.0,2.0,0.0,Positive,positive,2
234587$_$2,234587,2,train,train,0.3333333432674408,0.3333333432674408,0.0,Positive,positive,2
234587$_$5,234587,5,train,train,-0.3333333432674408,-0.3333333432674408,0.0,Negative,negative,0
236021$_$1,236021,1,valid,valid,0.3333333432674408,0.3333333432674408,0.0,Positive,positive,2
236021$_$12,236021,12,valid,valid,1.3333333730697632,1.3333333730697632,0.0,Positive,positive,2
236021$_$2,236021,2,valid,valid,0.0,0.0,0.0,Neutral,neutral,1
236021$_$3,236021,3,valid,valid,0.0,0.0,0.0,Neutral,neutral,1
236021$_$4,236021,4,valid,valid,0.6666666865348816,0.6666666865348816,0.0,Positive,positive,2
236021$_$5,236021,5,valid,valid,-0.6666666865348816,-0.6666666865348816,0.0,Negative,negative,0
236399$_$4,236399,4,train,train,-0.3333333432674408,-0.3333333432674408,0.0,Negative,negative,0
236442$_$3,236442,3,test,test,-1.3333333730697632,-1.3333333730697632,0.0,Negative,negative,0
23656$_$0,23656,0,test,test,0.3333333432674408,0.3333333432674408,0.0,Positive,positive,2
23656$_$1,23656,1,test,test,0.0,0.0,0.0,Neutral,neutral,1
23656$_$15,23656,15,test,test,0.3333333432674408,0.3333333432674408,0.0,Positive,positive,2
23656$_$2,23656,2,test,test,1.0,1.0,0.0,Positive,positive,2
23656$_$7,23656,7,test,test,-2.0,-2.0,0.0,Negative,negative,0
23656$_$9,23656,9,test,test,-1.3333333730697632,-1.3333333730697632,0.0,Negative,negative,0
236696$_$7,236696,7,train,train,-2.6666667461395264,-2.6666667461395264,0.0,Negative,negative,0
237009$_$11,237009,11,valid,valid,-3.0,-3.0,0.0,Negative,negative,0
237009$_$12,237009,12,valid,valid,-2.6666667461395264,-2.6666667461395264,0.0,Negative,negative,0
237009$_$4,237009,4,valid,valid,0.3333333432674408,0.3333333432674408,0.0,Positive,positive,2
237009$_$7,237009,7,valid,valid,-3.0,-3.0,0.0,Negative,negative,0
237009$_$9,237009,9,valid,valid,0.0,0.0,0.0,Neutral,neutral,1
237363$_$10,237363,10,test,test,0.0,0.0,0.0,Neutral,neutral,1
237363$_$4,237363,4,test,test,0.0,0.0,0.0,Neutral,neutral,1
238023$_$1,238023,1,train,train,0.0,0.0,0.0,Neutral,neutral,1
238023$_$22,238023,22,train,train,-0.6666666865348816,-0.6666666865348816,0.0,Negative,negative,0
238023$_$37,238023,37,train,train,-2.3333332538604736,-2.3333332538604736,0.0,Negative,negative,0
238039$_$6,238039,6,train,train,0.0,0.0,0.0,Neutral,neutral,1
238060$_$13,238060,13,train,train,-0.3333333432674408,-0.3333333432674408,0.0,Negative,negative,0
238060$_$18,238060,18,train,train,-0.6666666865348816,-0.6666666865348816,0.0,Negative,negative,0
238060$_$5,238060,5,train,train,0.0,0.0,0.0,Neutral,neutral,1
238060$_$7,238060,7,train,train,-0.3333333432674408,-0.3333333432674408,0.0,Negative,negative,0
238063$_$15,238063,15,test,test,-1.3333333730697632,-1.3333333730697632,0.0,Negative,negative,0
238063$_$16,238063,16,test,test,-1.0,-1.0,0.0,Negative,negative,0
238063$_$17,238063,17,test,test,1.0,1.0,0.0,Positive,positive,2
238063$_$7,238063,7,test,test,-0.3333333432674408,-0.3333333432674408,0.0,Negative,negative,0
238100$_$3,238100,3,train,train,-2.0,-2.0,0.0,Negative,negative,0
238645$_$0,238645,0,train,train,0.3333333432674408,0.3333333432674408,0.0,Positive,positive,2
238645$_$20,238645,20,train,train,0.0,0.0,0.0,Neutral,neutral,1
238645$_$23,238645,23,train,train,-2.3333332538604736,-2.3333332538604736,0.0,Negative,negative,0
238645$_$6,238645,6,train,train,-0.6666666865348816,-0.6666666865348816,0.0,Negative,negative,0
238645$_$8,238645,8,train,train,-2.3333332538604736,-2.3333332538604736,0.0,Negative,negative,0
238889$_$2,238889,2,train,train,-1.0,-1.0,0.0,Negative,negative,0
238889$_$4,238889,4,train,train,-2.0,-2.0,0.0,Negative,negative,0
238889$_$5,238889,5,train,train,0.0,0.0,0.0,Neutral,neutral,1
238889$_$6,238889,6,train,train,0.6666666865348816,0.6666666865348816,0.0,Positive,positive,2
239235$_$1,239235,1,train,train,0.0,0.0,0.0,Neutral,neutral,1
239235$_$11,239235,11,train,train,2.0,2.0,0.0,Positive,positive,2
239235$_$13,239235,13,train,train,2.3333332538604736,2.3333332538604736,0.0,Positive,positive,2
239235$_$4,239235,4,train,train,1.3333333730697632,1.3333333730697632,0.0,Positive,positive,2
239235$_$8,239235,8,train,train,0.0,0.0,0.0,Neutral,neutral,1
239572$_$2,239572,2,train,train,0.3333333432674408,0.3333333432674408,0.0,Positive,positive,2
239572$_$4,239572,4,train,train,0.0,0.0,0.0,Neutral,neutral,1
23YlZoucbyM$_$4,23YlZoucbyM,4,train,train,-1.6666666269302368,-1.6666666269302368,0.0,Negative,negative,0
240915$_$1,240915,1,train,train,-2.0,-2.0,0.0,Negative,negative,0
240915$_$2,240915,2,train,train,-2.6666667461395264,-2.6666667461395264,0.0,Negative,negative,0
240915$_$8,240915,8,train,train,0.6666666865348816,0.6666666865348816,0.0,Positive,positive,2
241164$_$0,241164,0,train,train,0.0,0.0,0.0,Neutral,neutral,1
241164$_$1,241164,1,train,train,0.0,0.0,0.0,Neutral,neutral,1
241164$_$10,241164,10,train,train,0.0,0.0,0.0,Neutral,neutral,1
241164$_$9,241164,9,train,train,0.0,0.0,0.0,Neutral,neutral,1
241172$_$3,241172,3,train,train,0.3333333432674408,0.3333333432674408,0.0,Positive,positive,2
241172$_$7,241172,7,train,train,-1.0,-1.0,0.0,Negative,negative,0
241629$_$0,241629,0,valid,valid,1.0,1.0,0.0,Positive,positive,2
241629$_$10,241629,10,valid,valid,-1.6666666269302368,-1.6666666269302368,0.0,Negative,negative,0
241629$_$3,241629,3,valid,valid,2.3333332538604736,2.3333332538604736,0.0,Positive,positive,2
241629$_$5,241629,5,valid,valid,-0.3333333432674408,-0.3333333432674408,0.0,Negative,negative,0
241629$_$8,241629,8,valid,valid,-0.3333333432674408,-0.3333333432674408,0.0,Negative,negative,0
24196$_$0,24196,0,test,test,0.3333333432674408,0.3333333432674408,0.0,Positive,positive,2
24196$_$3,24196,3,test,test,-0.3333333432674408,-0.3333333432674408,0.0,Negative,negative,0
24202$_$10,24202,10,train,train,-2.6666667461395264,-2.6666667461395264,0.0,Negative,negative,0
24202$_$4,24202,4,train,train,-1.6666666269302368,-1.6666666269302368,0.0,Negative,negative,0
24202$_$5,24202,5,train,train,-2.6666667461395264,-2.6666667461395264,0.0,Negative,negative,0
24202$_$9,24202,9,train,train,-2.0,-2.0,0.0,Negative,negative,0
243338$_$20,243338,20,train,train,-0.6666666865348816,-0.6666666865348816,0.0,Negative,negative,0
243338$_$21,243338,21,train,train,-2.3333332538604736,-2.3333332538604736,0.0,Negative,negative,0
243338$_$22,243338,22,train,train,-1.3333333730697632,-1.3333333730697632,0.0,Negative,negative,0
243338$_$9,243338,9,train,train,-1.3333333730697632,-1.3333333730697632,0.0,Negative,negative,0
243341$_$10,243341,10,train,train,-3.0,-3.0,0.0,Negative,negative,0
243341$_$14,243341,14,train,train,-1.6666666269302368,-1.6666666269302368,0.0,Negative,negative,0
243341$_$2,243341,2,train,train,-2.6666667461395264,-2.6666667461395264,0.0,Negative,negative,0
243341$_$23,243341,23,train,train,-1.6666666269302368,-1.6666666269302368,0.0,Negative,negative,0
243341$_$7,243341,7,train,train,-2.6666667461395264,-2.6666667461395264,0.0,Negative,negative,0
243646$_$11,243646,11,valid,valid,-0.6666666865348816,-0.6666666865348816,0.0,Negative,negative,0
243646$_$12,243646,12,valid,valid,-1.3333333730697632,-1.3333333730697632,0.0,Negative,negative,0
243646$_$8,243646,8,valid,valid,0.0,0.0,0.0,Neutral,neutral,1
243646$_$9,243646,9,valid,valid,0.0,0.0,0.0,Neutral,neutral,1
243981$_$1,243981,1,test,test,0.0,0.0,0.0,Neutral,neutral,1
243981$_$10,243981,10,test,test,-2.3333332538604736,-2.3333332538604736,0.0,Negative,negative,0
243981$_$4,243981,4,test,test,-2.3333332538604736,-2.3333332538604736,0.0,Negative,negative,0
243981$_$6,243981,6,test,test,-2.0,-2.0,0.0,Negative,negative,0
244180$_$18,244180,18,train,train,2.0,2.0,0.0,Positive,positive,2
244180$_$19,244180,19,train,train,1.3333333730697632,1.3333333730697632,0.0,Positive,positive,2
244180$_$20,244180,20,train,train,-1.3333333730697632,-1.3333333730697632,0.0,Negative,negative,0
244180$_$4,244180,4,train,train,-2.0,-2.0,0.0,Negative,negative,0
244261$_$12,244261,12,train,train,-0.6666666865348816,-0.6666666865348816,0.0,Negative,negative,0
244261$_$14,244261,14,train,train,2.3333332538604736,2.3333332538604736,0.0,Positive,positive,2
244261$_$20,244261,20,train,train,2.6666667461395264,2.6666667461395264,0.0,Positive,positive,2
244261$_$24,244261,24,train,train,0.6666666865348816,0.6666666865348816,0.0,Positive,positive,2
244261$_$4,244261,4,train,train,1.6666666269302368,1.6666666269302368,0.0,Positive,positive,2
244261$_$7,244261,7,train,train,0.0,0.0,0.0,Neutral,neutral,1
244623$_$11,244623,11,train,train,-1.6666666269302368,-1.6666666269302368,0.0,Negative,negative,0
244623$_$17,244623,17,train,train,0.0,0.0,0.0,Neutral,neutral,1
244623$_$37,244623,37,train,train,-0.3333333432674408,-0.3333333432674408,0.0,Negative,negative,0
244623$_$4,244623,4,train,train,0.0,0.0,0.0,Neutral,neutral,1
244623$_$9,244623,9,train,train,-1.0,-1.0,0.0,Negative,negative,0
244817$_$2,244817,2,train,train,-2.0,-2.0,0.0,Negative,negative,0
244817$_$5,244817,5,train,train,-0.6666666865348816,-0.6666666865348816,0.0,Negative,negative,0
244817$_$9,244817,9,train,train,-2.0,-2.0,0.0,Negative,negative,0
24504$_$10,24504,10,test,test,0.6666666865348816,0.6666666865348816,0.0,Positive,positive,2
245243$_$4,245243,4,train,train,0.3333333432674408,0.3333333432674408,0.0,Positive,positive,2
245276$_$2,245276,2,train,train,-2.6666667461395264,-2.6666667461395264,0.0,Negative,negative,0
245276$_$4,245276,4,train,train,-2.3333332538604736,-2.3333332538604736,0.0,Negative,negative,0
245276$_$7,245276,7,train,train,-2.6666667461395264,-2.6666667461395264,0.0,Negative,negative,0
245497$_$1,245497,1,train,train,-1.6666666269302368,-1.6666666269302368,0.0,Negative,negative,0
245497$_$2,245497,2,train,train,-2.0,-2.0,0.0,Negative,negative,0
245497$_$4,245497,4,train,train,-0.6666666865348816,-0.6666666865348816,0.0,Negative,negative,0
245582$_$11,245582,11,test,test,-1.6666666269302368,-1.6666666269302368,0.0,Negative,negative,0
245582$_$13,245582,13,test,test,0.3333333432674408,0.3333333432674408,0.0,Positive,positive,2
245582$_$16,245582,16,test,test,1.0,1.0,0.0,Positive,positive,2
245582$_$4,245582,4,test,test,-1.3333333730697632,-1.3333333730697632,0.0,Negative,negative,0
247318$_$1,247318,1,valid,valid,0.0,0.0,0.0,Neutral,neutral,1
247318$_$12,247318,12,valid,valid,-2.0,-2.0,0.0,Negative,negative,0
247318$_$2,247318,2,valid,valid,-1.6666666269302368,-1.6666666269302368,0.0,Negative,negative,0
247318$_$3,247318,3,valid,valid,-2.3333332538604736,-2.3333332538604736,0.0,Negative,negative,0
247318$_$5,247318,5,valid,valid,-0.3333333432674408,-0.3333333432674408,0.0,Negative,negative,0
247318$_$6,247318,6,valid,valid,-0.3333333432674408,-0.3333333432674408,0.0,Negative,negative,0
247318$_$7,247318,7,valid,valid,-2.0,-2.0,0.0,Negative,negative,0
247382$_$1,247382,1,train,train,0.3333333432674408,0.3333333432674408,0.0,Positive,positive,2
247382$_$11,247382,11,train,train,0.3333333432674408,0.3333333432674408,0.0,Positive,positive,2
247382$_$13,247382,13,train,train,-0.3333333432674408,-0.3333333432674408,0.0,Negative,negative,0
247382$_$14,247382,14,train,train,1.0,1.0,0.0,Positive,positive,2
247382$_$2,247382,2,train,train,-1.0,-1.0,0.0,Negative,negative,0
247382$_$6,247382,6,train,train,0.6666666865348816,0.6666666865348816,0.0,Positive,positive,2
247382$_$9,247382,9,train,train,0.0,0.0,0.0,Neutral,neutral,1
248837$_$12,248837,12,train,train,-0.6666666865348816,-0.6666666865348816,0.0,Negative,negative,0
248837$_$6,248837,6,train,train,-1.0,-1.0,0.0,Negative,negative,0
24xayGF5yYA$_$10,24xayGF5yYA,10,train,train,2.3333332538604736,2.3333332538604736,0.0,Positive,positive,2
24xayGF5yYA$_$15,24xayGF5yYA,15,train,train,0.0,0.0,0.0,Neutral,neutral,1
24xayGF5yYA$_$16,24xayGF5yYA,16,train,train,3.0,3.0,0.0,Positive,positive,2
24xayGF5yYA$_$2,24xayGF5yYA,2,train,train,1.6666666269302368,1.6666666269302368,0.0,Positive,positive,2
24xayGF5yYA$_$24,24xayGF5yYA,24,train,train,0.0,0.0,0.0,Neutral,neutral,1
24xayGF5yYA$_$26,24xayGF5yYA,26,train,train,2.3333332538604736,2.3333332538604736,0.0,Positive,positive,2
24xayGF5yYA$_$3,24xayGF5yYA,3,train,train,0.6666666865348816,0.6666666865348816,0.0,Positive,positive,2
250430$_$10,250430,10,train,train,-1.6666666269302368,-1.6666666269302368,0.0,Negative,negative,0
250430$_$11,250430,11,train,train,-1.6666666269302368,-1.6666666269302368,0.0,Negative,negative,0
250430$_$6,250430,6,train,train,-2.0,-2.0,0.0,Negative,negative,0
251417$_$0,251417,0,train,train,1.0,1.0,0.0,Positive,positive,2
251417$_$1,251417,1,train,train,0.0,0.0,0.0,Neutral,neutral,1
251646$_$13,251646,13,train,train,1.0,1.0,0.0,Positive,positive,2
251646$_$2,251646,2,train,train,1.0,1.0,0.0,Positive,positive,2
251646$_$4,251646,4,train,train,0.0,0.0,0.0,Neutral,neutral,1
251646$_$7,251646,7,train,train,0.0,0.0,0.0,Neutral,neutral,1
251826$_$6,251826,6,train,train,-0.3333333432674408,-0.3333333432674408,0.0,Negative,negative,0
251839$_$13,251839,13,train,train,0.0,0.0,0.0,Neutral,neutral,1
252097$_$12,252097,12,test,test,-2.3333332538604736,-2.3333332538604736,0.0,Negative,negative,0
252097$_$4,252097,4,test,test,-1.3333333730697632,-1.3333333730697632,0.0,Negative,negative,0
252177$_$2,252177,2,train,train,2.6666667461395264,2.6666667461395264,0.0,Positive,positive,2
252177$_$4,252177,4,train,train,0.6666666865348816,0.6666666865348816,0.0,Positive,positive,2
252177$_$9,252177,9,train,train,-1.6666666269302368,-1.6666666269302368,0.0,Negative,negative,0
25271$_$0,25271,0,train,train,0.0,0.0,0.0,Neutral,neutral,1
25271$_$10,25271,10,train,train,0.0,0.0,0.0,Neutral,neutral,1
252912$_$13,252912,13,test,test,-1.6666666269302368,-1.6666666269302368,0.0,Negative,negative,0
252998$_$0,252998,0,valid,valid,0.0,0.0,0.0,Neutral,neutral,1
252998$_$1,252998,1,valid,valid,0.0,0.0,0.0,Neutral,neutral,1
252998$_$4,252998,4,valid,valid,-0.3333333432674408,-0.3333333432674408,0.0,Negative,negative,0
252998$_$5,252998,5,valid,valid,-1.3333333730697632,-1.3333333730697632,0.0,Negative,negative,0
252998$_$7,252998,7,valid,valid,1.3333333730697632,1.3333333730697632,0.0,Positive,positive,2
252998$_$8,252998,8,valid,valid,-1.6666666269302368,-1.6666666269302368,0.0,Negative,negative,0
254298$_$0,254298,0,train,train,-0.6666666865348816,-0.6666666865348816,0.0,Negative,negative,0
254298$_$14,254298,14,train,train,-1.6666666269302368,-1.6666666269302368,0.0,Negative,negative,0
254298$_$2,254298,2,train,train,-2.3333332538604736,-2.3333332538604736,0.0,Negative,negative,0
25522$_$0,25522,0,train,train,0.3333333432674408,0.3333333432674408,0.0,Positive,positive,2
25522$_$3,25522,3,train,train,-0.6666666865348816,-0.6666666865348816,0.0,Negative,negative,0
25522$_$5,25522,5,train,train,-1.6666666269302368,-1.6666666269302368,0.0,Negative,negative,0
255224$_$1,255224,1,train,train,-0.3333333432674408,-0.3333333432674408,0.0,Negative,negative,0
255224$_$5,255224,5,train,train,-1.6666666269302368,-1.6666666269302368,0.0,Negative,negative,0
255224$_$8,255224,8,train,train,-0.6666666865348816,-0.6666666865348816,0.0,Negative,negative,0
255224$_$9,255224,9,train,train,-1.0,-1.0,0.0,Negative,negative,0
255226$_$5,255226,5,train,train,0.0,0.0,0.0,Neutral,neutral,1
255226$_$8,255226,8,train,train,0.3333333432674408,0.3333333432674408,0.0,Positive,positive,2
255338$_$1,255338,1,train,train,0.0,0.0,0.0,Neutral,neutral,1
255338$_$2,255338,2,train,train,0.6666666865348816,0.6666666865348816,0.0,Positive,positive,2
255338$_$5,255338,5,train,train,-0.3333333432674408,-0.3333333432674408,0.0,Negative,negative,0
255338$_$7,255338,7,train,train,-0.3333333432674408,-0.3333333432674408,0.0,Negative,negative,0
255338$_$8,255338,8,train,train,-2.3333332538604736,-2.3333332538604736,0.0,Negative,negative,0
255343$_$0,255343,0,train,train,0.0,0.0,0.0,Neutral,neutral,1
255343$_$5,255343,5,train,train,-1.6666666269302368,-1.6666666269302368,0.0,Negative,negative,0
255343$_$8,255343,8,train,train,-2.0,-2.0,0.0,Negative,negative,0
255852$_$0,255852,0,train,train,-0.3333333432674408,-0.3333333432674408,0.0,Negative,negative,0
255852$_$6,255852,6,train,train,-0.3333333432674408,-0.3333333432674408,0.0,Negative,negative,0
255852$_$8,255852,8,train,train,-1.6666666269302368,-1.6666666269302368,0.0,Negative,negative,0
256174$_$6,256174,6,train,train,0.0,0.0,0.0,Neutral,neutral,1
256935$_$0,256935,0,train,train,0.0,0.0,0.0,Neutral,neutral,1
256935$_$10,256935,10,train,train,-0.6666666865348816,-0.6666666865348816,0.0,Negative,negative,0
256935$_$4,256935,4,train,train,0.0,0.0,0.0,Neutral,neutral,1
256935$_$9,256935,9,train,train,-1.3333333730697632,-1.3333333730697632,0.0,Negative,negative,0
256976$_$12,256976,12,train,train,-1.3333333730697632,-1.3333333730697632,0.0,Negative,negative,0
256976$_$2,256976,2,train,train,0.0,0.0,0.0,Neutral,neutral,1
256976$_$4,256976,4,train,train,-2.3333332538604736,-2.3333332538604736,0.0,Negative,negative,0
257045$_$1,257045,1,train,train,0.0,0.0,0.0,Neutral,neutral,1
257045$_$11,257045,11,train,train,-1.0,-1.0,0.0,Negative,negative,0
257247$_$10,257247,10,valid,valid,-0.3333333432674408,-0.3333333432674408,0.0,Negative,negative,0
257247$_$12,257247,12,valid,valid,-1.6666666269302368,-1.6666666269302368,0.0,Negative,negative,0
257247$_$2,257247,2,valid,valid,0.0,0.0,0.0,Neutral,neutral,1
257277$_$1,257277,1,test,test,0.3333333432674408,0.3333333432674408,0.0,Positive,positive,2
257277$_$3,257277,3,test,test,1.0,1.0,0.0,Positive,positive,2
257277$_$5,257277,5,test,test,-2.0,-2.0,0.0,Negative,negative,0
257531$_$1,257531,1,train,train,0.0,0.0,0.0,Neutral,neutral,1
257531$_$15,257531,15,train,train,0.0,0.0,0.0,Neutral,neutral,1
257531$_$17,257531,17,train,train,-1.6666666269302368,-1.6666666269302368,0.0,Negative,negative,0
257531$_$2,257531,2,train,train,0.6666666865348816,0.6666666865348816,0.0,Positive,positive,2
257534$_$4,257534,4,test,test,0.0,0.0,0.0,Neutral,neutral,1
257771$_$0,257771,0,train,train,0.3333333432674408,0.3333333432674408,0.0,Positive,positive,2
257771$_$15,257771,15,train,train,-2.0,-2.0,0.0,Negative,negative,0
257771$_$3,257771,3,train,train,-0.6666666865348816,-0.6666666865348816,0.0,Negative,negative,0
257771$_$8,257771,8,train,train,1.6666666269302368,1.6666666269302368,0.0,Positive,positive,2
258654$_$1,258654,1,valid,valid,-1.3333333730697632,-1.3333333730697632,0.0,Negative,negative,0
258654$_$3,258654,3,valid,valid,-2.3333332538604736,-2.3333332538604736,0.0,Negative,negative,0
258654$_$4,258654,4,valid,valid,0.0,0.0,0.0,Neutral,neutral,1
259260$_$1,259260,1,train,train,-0.6666666865348816,-0.6666666865348816,0.0,Negative,negative,0
259260$_$20,259260,20,train,train,-0.3333333432674408,-0.3333333432674408,0.0,Negative,negative,0
259260$_$22,259260,22,train,train,-1.0,-1.0,0.0,Negative,negative,0
259260$_$26,259260,26,train,train,0.6666666865348816,0.6666666865348816,0.0,Positive,positive,2
259260$_$37,259260,37,train,train,-0.6666666865348816,-0.6666666865348816,0.0,Negative,negative,0
25t8nrkUfRY$_$1,25t8nrkUfRY,1,train,train,0.3333333432674408,0.3333333432674408,0.0,Positive,positive,2
260011$_$0,260011,0,train,train,0.0,0.0,0.0,Neutral,neutral,1
260011$_$16,260011,16,train,train,0.0,0.0,0.0,Neutral,neutral,1
260011$_$20,260011,20,train,train,-1.0,-1.0,0.0,Negative,negative,0
260011$_$3,260011,3,train,train,2.3333332538604736,2.3333332538604736,0.0,Positive,positive,2
261267$_$11,261267,11,train,train,-1.0,-1.0,0.0,Negative,negative,0
261267$_$12,261267,12,train,train,-1.3333333730697632,-1.3333333730697632,0.0,Negative,negative,0
261267$_$15,261267,15,train,train,-0.6666666865348816,-0.6666666865348816,0.0,Negative,negative,0
261267$_$16,261267,16,train,train,-2.3333332538604736,-2.3333332538604736,0.0,Negative,negative,0
261267$_$18,261267,18,train,train,-1.3333333730697632,-1.3333333730697632,0.0,Negative,negative,0
261267$_$19,261267,19,train,train,-1.3333333730697632,-1.3333333730697632,0.0,Negative,negative,0
261267$_$2,261267,2,train,train,-1.3333333730697632,-1.3333333730697632,0.0,Negative,negative,0
261267$_$4,261267,4,train,train,0.3333333432674408,0.3333333432674408,0.0,Positive,positive,2
261267$_$8,261267,8,train,train,-1.3333333730697632,-1.3333333730697632,0.0,Negative,negative,0
261326$_$0,261326,0,train,train,0.3333333432674408,0.3333333432674408,0.0,Positive,positive,2
261326$_$3,261326,3,train,train,-1.3333333730697632,-1.3333333730697632,0.0,Negative,negative,0
261900$_$24,261900,24,train,train,-1.6666666269302368,-1.6666666269302368,0.0,Negative,negative,0
261900$_$27,261900,27,train,train,-0.6666666865348816,-0.6666666865348816,0.0,Negative,negative,0
261900$_$30,261900,30,train,train,-1.6666666269302368,-1.6666666269302368,0.0,Negative,negative,0
261900$_$33,261900,33,train,train,1.6666666269302368,1.6666666269302368,0.0,Positive,positive,2
261900$_$34,261900,34,train,train,0.3333333432674408,0.3333333432674408,0.0,Positive,positive,2
261900$_$36,261900,36,train,train,-0.3333333432674408,-0.3333333432674408,0.0,Negative,negative,0
261900$_$7,261900,7,train,train,0.0,0.0,0.0,Neutral,neutral,1
261900$_$8,261900,8,train,train,0.0,0.0,0.0,Neutral,neutral,1
261900$_$9,261900,9,train,train,0.0,0.0,0.0,Neutral,neutral,1
261902$_$0,261902,0,train,train,0.0,0.0,0.0,Neutral,neutral,1
261902$_$10,261902,10,train,train,0.6666666865348816,0.6666666865348816,0.0,Positive,positive,2
261902$_$15,261902,15,train,train,1.3333333730697632,1.3333333730697632,0.0,Positive,positive,2
261902$_$18,261902,18,train,train,0.3333333432674408,0.3333333432674408,0.0,Positive,positive,2
262165$_$13,262165,13,train,train,-0.3333333432674408,-0.3333333432674408,0.0,Negative,negative,0
262165$_$15,262165,15,train,train,0.0,0.0,0.0,Neutral,neutral,1
262165$_$17,262165,17,train,train,-2.0,-2.0,0.0,Negative,negative,0
262165$_$18,262165,18,train,train,-2.0,-2.0,0.0,Negative,negative,0
262165$_$19,262165,19,train,train,-0.3333333432674408,-0.3333333432674408,0.0,Negative,negative,0
262165$_$2,262165,2,train,train,0.0,0.0,0.0,Neutral,neutral,1
262165$_$22,262165,22,train,train,-0.6666666865348816,-0.6666666865348816,0.0,Negative,negative,0
262165$_$4,262165,4,train,train,-0.6666666865348816,-0.6666666865348816,0.0,Negative,negative,0
262165$_$6,262165,6,train,train,-0.3333333432674408,-0.3333333432674408,0.0,Negative,negative,0
262165$_$7,262165,7,train,train,0.0,0.0,0.0,Neutral,neutral,1
262165$_$8,262165,8,train,train,-1.3333333730697632,-1.3333333730697632,0.0,Negative,negative,0
264418$_$10,264418,10,train,train,-2.3333332538604736,-2.3333332538604736,0.0,Negative,negative,0
264418$_$13,264418,13,train,train,-1.3333333730697632,-1.3333333730697632,0.0,Negative,negative,0
264418$_$15,264418,15,train,train,-1.3333333730697632,-1.3333333730697632,0.0,Negative,negative,0
264418$_$4,264418,4,train,train,-2.0,-2.0,0.0,Negative,negative,0
264418$_$6,264418,6,train,train,-0.6666666865348816,-0.6666666865348816,0.0,Negative,negative,0
264446$_$14,264446,14,train,train,0.0,0.0,0.0,Neutral,neutral,1
264446$_$15,264446,15,train,train,0.0,0.0,0.0,Neutral,neutral,1
264446$_$2,264446,2,train,train,0.0,0.0,0.0,Neutral,neutral,1
264446$_$23,264446,23,train,train,-0.3333333432674408,-0.3333333432674408,0.0,Negative,negative,0
264446$_$38,264446,38,train,train,0.0,0.0,0.0,Neutral,neutral,1
264446$_$43,264446,43,train,train,-2.0,-2.0,0.0,Negative,negative,0
264446$_$44,264446,44,train,train,-1.0,-1.0,0.0,Negative,negative,0
265959$_$0,265959,0,train,train,0.0,0.0,0.0,Neutral,neutral,1
265959$_$11,265959,11,train,train,-2.3333332538604736,-2.3333332538604736,0.0,Negative,negative,0
265959$_$15,265959,15,train,train,-2.6666667461395264,-2.6666667461395264,0.0,Negative,negative,0
265959$_$16,265959,16,train,train,-2.3333332538604736,-2.3333332538604736,0.0,Negative,negative,0
265959$_$2,265959,2,train,train,-2.6666667461395264,-2.6666667461395264,0.0,Negative,negative,0
265959$_$5,265959,5,train,train,-2.0,-2.0,0.0,Negative,negative,0
265959$_$7,265959,7,train,train,-1.6666666269302368,-1.6666666269302368,0.0,Negative,negative,0
265959$_$9,265959,9,train,train,-2.0,-2.0,0.0,Negative,negative,0
266366$_$0,266366,0,train,train,0.3333333432674408,0.3333333432674408,0.0,Positive,positive,2
266366$_$1,266366,1,train,train,0.0,0.0,0.0,Neutral,neutral,1
266366$_$14,266366,14,train,train,-2.0,-2.0,0.0,Negative,negative,0
266366$_$16,266366,16,train,train,-2.0,-2.0,0.0,Negative,negative,0
266366$_$7,266366,7,train,train,-1.3333333730697632,-1.3333333730697632,0.0,Negative,negative,0
266366$_$8,266366,8,train,train,-2.3333332538604736,-2.3333332538604736,0.0,Negative,negative,0
266396$_$10,266396,10,train,train,-1.0,-1.0,0.0,Negative,negative,0
266396$_$18,266396,18,train,train,0.0,0.0,0.0,Neutral,neutral,1
266396$_$33,266396,33,train,train,-1.0,-1.0,0.0,Negative,negative,0
266396$_$43,266396,43,train,train,-3.0,-3.0,0.0,Negative,negative,0
266396$_$44,266396,44,train,train,-0.6666666865348816,-0.6666666865348816,0.0,Negative,negative,0
266396$_$45,266396,45,train,train,-2.3333332538604736,-2.3333332538604736,0.0,Negative,negative,0
266396$_$55,266396,55,train,train,-2.6666667461395264,-2.6666667461395264,0.0,Negative,negative,0
266396$_$74,266396,74,train,train,-1.0,-1.0,0.0,Negative,negative,0
266396$_$80,266396,80,train,train,-0.6666666865348816,-0.6666666865348816,0.0,Negative,negative,0
266396$_$82,266396,82,train,train,0.0,0.0,0.0,Neutral,neutral,1
266396$_$85,266396,85,train,train,-1.0,-1.0,0.0,Negative,negative,0
266396$_$87,266396,87,train,train,0.0,0.0,0.0,Neutral,neutral,1
266396$_$91,266396,91,train,train,-3.0,-3.0,0.0,Negative,negative,0
266396$_$93,266396,93,train,train,-1.0,-1.0,0.0,Negative,negative,0
266791$_$11,266791,11,valid,valid,1.0,1.0,0.0,Positive,positive,2
266791$_$14,266791,14,valid,valid,-1.3333333730697632,-1.3333333730697632,0.0,Negative,negative,0
266791$_$20,266791,20,valid,valid,0.6666666865348816,0.6666666865348816,0.0,Positive,positive,2
266791$_$21,266791,21,valid,valid,-1.6666666269302368,-1.6666666269302368,0.0,Negative,negative,0
266791$_$23,266791,23,valid,valid,-2.6666667461395264,-2.6666667461395264,0.0,Negative,negative,0
266791$_$24,266791,24,valid,valid,-1.6666666269302368,-1.6666666269302368,0.0,Negative,negative,0
266791$_$29,266791,29,valid,valid,-1.6666666269302368,-1.6666666269302368,0.0,Negative,negative,0
266791$_$3,266791,3,valid,valid,1.0,1.0,0.0,Positive,positive,2
266791$_$4,266791,4,valid,valid,-1.6666666269302368,-1.6666666269302368,0.0,Negative,negative,0
266791$_$5,266791,5,valid,valid,-2.3333332538604736,-2.3333332538604736,0.0,Negative,negative,0
266791$_$6,266791,6,valid,valid,0.0,0.0,0.0,Neutral,neutral,1
266791$_$8,266791,8,valid,valid,-1.3333333730697632,-1.3333333730697632,0.0,Negative,negative,0
266852$_$13,266852,13,train,train,0.0,0.0,0.0,Neutral,neutral,1
266852$_$2,266852,2,train,train,0.0,0.0,0.0,Neutral,neutral,1
266852$_$20,266852,20,train,train,0.0,0.0,0.0,Neutral,neutral,1
266852$_$25,266852,25,train,train,0.3333333432674408,0.3333333432674408,0.0,Positive,positive,2
266938$_$0,266938,0,train,train,0.3333333432674408,0.3333333432674408,0.0,Positive,positive,2
266938$_$10,266938,10,train,train,-1.6666666269302368,-1.6666666269302368,0.0,Negative,negative,0
266938$_$15,266938,15,train,train,-0.6666666865348816,-0.6666666865348816,0.0,Negative,negative,0
266938$_$16,266938,16,train,train,0.0,0.0,0.0,Neutral,neutral,1
266938$_$20,266938,20,train,train,-0.6666666865348816,-0.6666666865348816,0.0,Negative,negative,0
266938$_$23,266938,23,train,train,-2.3333332538604736,-2.3333332538604736,0.0,Negative,negative,0
266938$_$25,266938,25,train,train,-1.6666666269302368,-1.6666666269302368,0.0,Negative,negative,0
266938$_$29,266938,29,train,train,-0.6666666865348816,-0.6666666865348816,0.0,Negative,negative,0
266938$_$38,266938,38,train,train,-1.6666666269302368,-1.6666666269302368,0.0,Negative,negative,0
266938$_$42,266938,42,train,train,-3.0,-3.0,0.0,Negative,negative,0
266938$_$43,266938,43,train,train,-1.3333333730697632,-1.3333333730697632,0.0,Negative,negative,0
266938$_$49,266938,49,train,train,-3.0,-3.0,0.0,Negative,negative,0
266938$_$54,266938,54,train,train,-3.0,-3.0,0.0,Negative,negative,0
266938$_$8,266938,8,train,train,-2.6666667461395264,-2.6666667461395264,0.0,Negative,negative,0
267252$_$10,267252,10,train,train,-0.3333333432674408,-0.3333333432674408,0.0,Negative,negative,0
267252$_$13,267252,13,train,train,0.3333333432674408,0.3333333432674408,0.0,Positive,positive,2
267255$_$10,267255,10,train,train,-0.6666666865348816,-0.6666666865348816,0.0,Negative,negative,0
267255$_$13,267255,13,train,train,-2.0,-2.0,0.0,Negative,negative,0
267255$_$15,267255,15,train,train,-2.0,-2.0,0.0,Negative,negative,0
267255$_$16,267255,16,train,train,0.6666666865348816,0.6666666865348816,0.0,Positive,positive,2
267255$_$3,267255,3,train,train,0.0,0.0,0.0,Neutral,neutral,1
267255$_$7,267255,7,train,train,-0.3333333432674408,-0.3333333432674408,0.0,Negative,negative,0
267255$_$9,267255,9,train,train,-0.3333333432674408,-0.3333333432674408,0.0,Negative,negative,0
267278$_$1,267278,1,train,train,0.0,0.0,0.0,Neutral,neutral,1
267278$_$11,267278,11,train,train,-1.0,-1.0,0.0,Negative,negative,0
267278$_$14,267278,14,train,train,-0.6666666865348816,-0.6666666865348816,0.0,Negative,negative,0
267278$_$19,267278,19,train,train,-2.3333332538604736,-2.3333332538604736,0.0,Negative,negative,0
267278$_$4,267278,4,train,train,2.3333332538604736,2.3333332538604736,0.0,Positive,positive,2
267278$_$9,267278,9,train,train,1.3333333730697632,1.3333333730697632,0.0,Positive,positive,2
267466$_$13,267466,13,test,test,0.0,0.0,0.0,Neutral,neutral,1
267466$_$24,267466,24,test,test,0.6666666865348816,0.6666666865348816,0.0,Positive,positive,2
267466$_$34,267466,34,test,test,-2.3333332538604736,-2.3333332538604736,0.0,Negative,negative,0
267466$_$35,267466,35,test,test,-1.0,-1.0,0.0,Negative,negative,0
267466$_$38,267466,38,test,test,0.0,0.0,0.0,Neutral,neutral,1
267466$_$42,267466,42,test,test,-2.3333332538604736,-2.3333332538604736,0.0,Negative,negative,0
267466$_$44,267466,44,test,test,-2.6666667461395264,-2.6666667461395264,0.0,Negative,negative,0
267466$_$9,267466,9,test,test,-1.0,-1.0,0.0,Negative,negative,0
267694$_$14,267694,14,test,test,-2.3333332538604736,-2.3333332538604736,0.0,Negative,negative,0
267694$_$16,267694,16,test,test,-1.0,-1.0,0.0,Negative,negative,0
267694$_$3,267694,3,test,test,-0.3333333432674408,-0.3333333432674408,0.0,Negative,negative,0
267694$_$4,267694,4,test,test,0.0,0.0,0.0,Neutral,neutral,1
267694$_$5,267694,5,test,test,0.0,0.0,0.0,Neutral,neutral,1
267694$_$6,267694,6,test,test,-1.6666666269302368,-1.6666666269302368,0.0,Negative,negative,0
267694$_$7,267694,7,test,test,-2.0,-2.0,0.0,Negative,negative,0
267799$_$2,267799,2,train,train,-2.0,-2.0,0.0,Negative,negative,0
267799$_$6,267799,6,train,train,2.0,2.0,0.0,Positive,positive,2
268836$_$12,268836,12,train,train,0.0,0.0,0.0,Neutral,neutral,1
268836$_$15,268836,15,train,train,-0.3333333432674408,-0.3333333432674408,0.0,Negative,negative,0
268836$_$18,268836,18,train,train,0.0,0.0,0.0,Neutral,neutral,1
268836$_$2,268836,2,train,train,-2.6666667461395264,-2.6666667461395264,0.0,Negative,negative,0
268836$_$34,268836,34,train,train,-1.0,-1.0,0.0,Negative,negative,0
268836$_$6,268836,6,train,train,0.0,0.0,0.0,Neutral,neutral,1
268836$_$7,268836,7,train,train,0.3333333432674408,0.3333333432674408,0.0,Positive,positive,2
270254$_$0,270254,0,valid,valid,0.0,0.0,0.0,Neutral,neutral,1
270254$_$11,270254,11,valid,valid,0.0,0.0,0.0,Neutral,neutral,1
270254$_$14,270254,14,valid,valid,-1.6666666269302368,-1.6666666269302368,0.0,Negative,negative,0
270254$_$16,270254,16,valid,valid,-0.6666666865348816,-0.6666666865348816,0.0,Negative,negative,0
270254$_$23,270254,23,valid,valid,-1.6666666269302368,-1.6666666269302368,0.0,Negative,negative,0
270254$_$6,270254,6,valid,valid,0.6666666865348816,0.6666666865348816,0.0,Positive,positive,2
270254$_$8,270254,8,valid,valid,-1.3333333730697632,-1.3333333730697632,0.0,Negative,negative,0
270416$_$11,270416,11,train,train,-2.0,-2.0,0.0,Negative,negative,0
270416$_$13,270416,13,train,train,-1.6666666269302368,-1.6666666269302368,0.0,Negative,negative,0
270444$_$5,270444,5,train,train,-1.6666666269302368,-1.6666666269302368,0.0,Negative,negative,0
270449$_$10,270449,10,train,train,-2.0,-2.0,0.0,Negative,negative,0
270449$_$4,270449,4,train,train,-1.6666666269302368,-1.6666666269302368,0.0,Negative,negative,0
270628$_$0,270628,0,train,train,0.0,0.0,0.0,Neutral,neutral,1
270628$_$14,270628,14,train,train,-1.6666666269302368,-1.6666666269302368,0.0,Negative,negative,0
270628$_$21,270628,21,train,train,0.3333333432674408,0.3333333432674408,0.0,Positive,positive,2
270628$_$22,270628,22,train,train,-0.6666666865348816,-0.6666666865348816,0.0,Negative,negative,0
270628$_$24,270628,24,train,train,-2.0,-2.0,0.0,Negative,negative,0
270628$_$26,270628,26,train,train,0.6666666865348816,0.6666666865348816,0.0,Positive,positive,2
270665$_$0,270665,0,train,train,0.0,0.0,0.0,Neutral,neutral,1
270665$_$13,270665,13,train,train,-2.0,-2.0,0.0,Negative,negative,0
270665$_$20,270665,20,train,train,0.0,0.0,0.0,Neutral,neutral,1
270665$_$22,270665,22,train,train,-1.0,-1.0,0.0,Negative,negative,0
270665$_$25,270665,25,train,train,-2.3333332538604736,-2.3333332538604736,0.0,Negative,negative,0
270665$_$6,270665,6,train,train,-0.3333333432674408,-0.3333333432674408,0.0,Negative,negative,0
270665$_$9,270665,9,train,train,-0.3333333432674408,-0.3333333432674408,0.0,Negative,negative,0
270956$_$3,270956,3,train,train,-2.6666667461395264,-2.6666667461395264,0.0,Negative,negative,0
270956$_$8,270956,8,train,train,-2.0,-2.0,0.0,Negative,negative,0
270956$_$9,270956,9,train,train,-2.0,-2.0,0.0,Negative,negative,0
271366$_$13,271366,13,train,train,-2.0,-2.0,0.0,Negative,negative,0
271366$_$17,271366,17,train,train,-2.6666667461395264,-2.6666667461395264,0.0,Negative,negative,0
271366$_$21,271366,21,train,train,-1.6666666269302368,-1.6666666269302368,0.0,Negative,negative,0
271366$_$26,271366,26,train,train,-1.6666666269302368,-1.6666666269302368,0.0,Negative,negative,0
271366$_$3,271366,3,train,train,-3.0,-3.0,0.0,Negative,negative,0
271366$_$34,271366,34,train,train,-1.0,-1.0,0.0,Negative,negative,0
271366$_$35,271366,35,train,train,-0.6666666865348816,-0.6666666865348816,0.0,Negative,negative,0
271366$_$38,271366,38,train,train,1.0,1.0,0.0,Positive,positive,2
271366$_$41,271366,41,train,train,-2.6666667461395264,-2.6666667461395264,0.0,Negative,negative,0
271366$_$5,271366,5,train,train,-1.6666666269302368,-1.6666666269302368,0.0,Negative,negative,0
271366$_$7,271366,7,train,train,-2.0,-2.0,0.0,Negative,negative,0
271594$_$23,271594,23,train,train,-0.3333333432674408,-0.3333333432674408,0.0,Negative,negative,0
271594$_$24,271594,24,train,train,-0.6666666865348816,-0.6666666865348816,0.0,Negative,negative,0
271594$_$34,271594,34,train,train,-3.0,-3.0,0.0,Negative,negative,0
271594$_$37,271594,37,train,train,-1.6666666269302368,-1.6666666269302368,0.0,Negative,negative,0
271598$_$10,271598,10,train,train,0.0,0.0,0.0,Neutral,neutral,1
271598$_$13,271598,13,train,train,0.0,0.0,0.0,Neutral,neutral,1
271598$_$16,271598,16,train,train,-0.3333333432674408,-0.3333333432674408,0.0,Negative,negative,0
271598$_$17,271598,17,train,train,-2.0,-2.0,0.0,Negative,negative,0
271598$_$28,271598,28,train,train,-2.0,-2.0,0.0,Negative,negative,0
272375$_$0,272375,0,train,train,0.0,0.0,0.0,Neutral,neutral,1
272375$_$11,272375,11,train,train,-0.3333333432674408,-0.3333333432674408,0.0,Negative,negative,0
272375$_$18,272375,18,train,train,-1.3333333730697632,-1.3333333730697632,0.0,Negative,negative,0
272624$_$10,272624,10,valid,valid,-1.6666666269302368,-1.6666666269302368,0.0,Negative,negative,0
272624$_$12,272624,12,valid,valid,-1.0,-1.0,0.0,Negative,negative,0
272624$_$13,272624,13,valid,valid,0.6666666865348816,0.6666666865348816,0.0,Positive,positive,2
272624$_$16,272624,16,valid,valid,0.0,0.0,0.0,Neutral,neutral,1
272624$_$18,272624,18,valid,valid,0.3333333432674408,0.3333333432674408,0.0,Positive,positive,2
272624$_$2,272624,2,valid,valid,0.0,0.0,0.0,Neutral,neutral,1
272624$_$6,272624,6,valid,valid,-0.6666666865348816,-0.6666666865348816,0.0,Negative,negative,0
272624$_$8,272624,8,valid,valid,-1.6666666269302368,-1.6666666269302368,0.0,Negative,negative,0
272624$_$9,272624,9,valid,valid,-1.0,-1.0,0.0,Negative,negative,0
273171$_$1,273171,1,train,train,0.3333333432674408,0.3333333432674408,0.0,Positive,positive,2
273171$_$15,273171,15,train,train,0.3333333432674408,0.3333333432674408,0.0,Positive,positive,2
273207$_$0,273207,0,test,test,0.0,0.0,0.0,Neutral,neutral,1
273207$_$5,273207,5,test,test,0.3333333432674408,0.3333333432674408,0.0,Positive,positive,2
273207$_$7,273207,7,test,test,-0.3333333432674408,-0.3333333432674408,0.0,Negative,negative,0
273207$_$9,273207,9,test,test,-0.3333333432674408,-0.3333333432674408,0.0,Negative,negative,0
273237$_$1,273237,1,train,train,-2.6666667461395264,-2.6666667461395264,0.0,Negative,negative,0
273237$_$11,273237,11,train,train,0.0,0.0,0.0,Neutral,neutral,1
273237$_$12,273237,12,train,train,-3.0,-3.0,0.0,Negative,negative,0
273237$_$13,273237,13,train,train,-2.0,-2.0,0.0,Negative,negative,0
273237$_$14,273237,14,train,train,-2.3333332538604736,-2.3333332538604736,0.0,Negative,negative,0
273237$_$17,273237,17,train,train,-2.6666667461395264,-2.6666667461395264,0.0,Negative,negative,0
273237$_$23,273237,23,train,train,-2.6666667461395264,-2.6666667461395264,0.0,Negative,negative,0
273237$_$3,273237,3,train,train,-2.0,-2.0,0.0,Negative,negative,0
273250$_$11,273250,11,test,test,-1.3333333730697632,-1.3333333730697632,0.0,Negative,negative,0
273250$_$12,273250,12,test,test,-2.6666667461395264,-2.6666667461395264,0.0,Negative,negative,0
273250$_$16,273250,16,test,test,-2.3333332538604736,-2.3333332538604736,0.0,Negative,negative,0
273250$_$19,273250,19,test,test,0.0,0.0,0.0,Neutral,neutral,1
273250$_$20,273250,20,test,test,-0.3333333432674408,-0.3333333432674408,0.0,Negative,negative,0
273250$_$3,273250,3,test,test,-0.6666666865348816,-0.6666666865348816,0.0,Negative,negative,0
273250$_$7,273250,7,test,test,-0.3333333432674408,-0.3333333432674408,0.0,Negative,negative,0
273314$_$1,273314,1,train,train,0.3333333432674408,0.3333333432674408,0.0,Positive,positive,2
273314$_$4,273314,4,train,train,-0.3333333432674408,-0.3333333432674408,0.0,Negative,negative,0
273531$_$10,273531,10,train,train,-2.0,-2.0,0.0,Negative,negative,0
273531$_$19,273531,19,train,train,-1.6666666269302368,-1.6666666269302368,0.0,Negative,negative,0
273531$_$2,273531,2,train,train,-0.6666666865348816,-0.6666666865348816,0.0,Negative,negative,0
273531$_$7,273531,7,train,train,-0.3333333432674408,-0.3333333432674408,0.0,Negative,negative,0
273539$_$2,273539,2,valid,valid,0.0,0.0,0.0,Neutral,neutral,1
273539$_$3,273539,3,valid,valid,-2.6666667461395264,-2.6666667461395264,0.0,Negative,negative,0
273539$_$9,273539,9,valid,valid,-2.3333332538604736,-2.3333332538604736,0.0,Negative,negative,0
274219$_$11,274219,11,train,train,-1.0,-1.0,0.0,Negative,negative,0
274219$_$2,274219,2,train,train,0.0,0.0,0.0,Neutral,neutral,1
274219$_$3,274219,3,train,train,0.3333333432674408,0.3333333432674408,0.0,Positive,positive,2
274219$_$4,274219,4,train,train,-2.0,-2.0,0.0,Negative,negative,0
275248$_$0,275248,0,train,train,-2.0,-2.0,0.0,Negative,negative,0
275267$_$5,275267,5,test,test,0.0,0.0,0.0,Neutral,neutral,1
275620$_$12,275620,12,train,train,-0.6666666865348816,-0.6666666865348816,0.0,Negative,negative,0
275620$_$19,275620,19,train,train,0.6666666865348816,0.6666666865348816,0.0,Positive,positive,2
275620$_$3,275620,3,train,train,2.6666667461395264,2.6666667461395264,0.0,Positive,positive,2
275620$_$4,275620,4,train,train,1.6666666269302368,1.6666666269302368,0.0,Positive,positive,2
276217$_$12,276217,12,train,train,0.0,0.0,0.0,Neutral,neutral,1
276217$_$18,276217,18,train,train,0.0,0.0,0.0,Neutral,neutral,1
276217$_$19,276217,19,train,train,0.6666666865348816,0.6666666865348816,0.0,Positive,positive,2
276217$_$22,276217,22,train,train,0.0,0.0,0.0,Neutral,neutral,1
276217$_$24,276217,24,train,train,0.0,0.0,0.0,Neutral,neutral,1
276217$_$32,276217,32,train,train,-1.6666666269302368,-1.6666666269302368,0.0,Negative,negative,0
276217$_$36,276217,36,train,train,-0.6666666865348816,-0.6666666865348816,0.0,Negative,negative,0
276217$_$38,276217,38,train,train,-0.3333333432674408,-0.3333333432674408,0.0,Negative,negative,0
276217$_$6,276217,6,train,train,0.0,0.0,0.0,Neutral,neutral,1
276217$_$9,276217,9,train,train,0.0,0.0,0.0,Neutral,neutral,1
27798$_$11,27798,11,train,train,-2.3333332538604736,-2.3333332538604736,0.0,Negative,negative,0
27798$_$12,27798,12,train,train,-1.3333333730697632,-1.3333333730697632,0.0,Negative,negative,0
27798$_$15,27798,15,train,train,-2.0,-2.0,0.0,Negative,negative,0
27798$_$5,27798,5,train,train,-1.3333333730697632,-1.3333333730697632,0.0,Negative,negative,0
278474$_$3,278474,3,train,train,-2.3333332538604736,-2.3333332538604736,0.0,Negative,negative,0
278474$_$4,278474,4,train,train,-3.0,-3.0,0.0,Negative,negative,0
27ubp7CLLKQ$_$14,27ubp7CLLKQ,14,train,train,0.3333333432674408,0.3333333432674408,0.0,Positive,positive,2
27v7Blr0vjw$_$0,27v7Blr0vjw,0,test,test,-0.3333333432674408,-0.3333333432674408,0.0,Negative,negative,0
27v7Blr0vjw$_$3,27v7Blr0vjw,3,test,test,0.0,0.0,0.0,Neutral,neutral,1
28006$_$0,28006,0,test,test,-2.6666667461395264,-2.6666667461395264,0.0,Negative,negative,0
28006$_$13,28006,13,test,test,-2.3333332538604736,-2.3333332538604736,0.0,Negative,negative,0
28006$_$15,28006,15,test,test,-1.6666666269302368,-1.6666666269302368,0.0,Negative,negative,0
28006$_$16,28006,16,test,test,-1.3333333730697632,-1.3333333730697632,0.0,Negative,negative,0
28006$_$17,28006,17,test,test,-2.0,-2.0,0.0,Negative,negative,0
28006$_$22,28006,22,test,test,-2.3333332538604736,-2.3333332538604736,0.0,Negative,negative,0
28006$_$5,28006,5,test,test,-1.6666666269302368,-1.6666666269302368,0.0,Negative,negative,0
28006$_$7,28006,7,test,test,-2.3333332538604736,-2.3333332538604736,0.0,Negative,negative,0
282560$_$1,282560,1,train,train,0.0,0.0,0.0,Neutral,neutral,1
282560$_$15,282560,15,train,train,-0.6666666865348816,-0.6666666865348816,0.0,Negative,negative,0
282560$_$3,282560,3,train,train,0.3333333432674408,0.3333333432674408,0.0,Positive,positive,2
282560$_$4,282560,4,train,train,0.6666666865348816,0.6666666865348816,0.0,Positive,positive,2
282560$_$5,282560,5,train,train,-1.3333333730697632,-1.3333333730697632,0.0,Negative,negative,0
282560$_$6,282560,6,train,train,-1.0,-1.0,0.0,Negative,negative,0
282560$_$7,282560,7,train,train,1.6666666269302368,1.6666666269302368,0.0,Positive,positive,2
282560$_$9,282560,9,train,train,-1.6666666269302368,-1.6666666269302368,0.0,Negative,negative,0
282586$_$12,282586,12,train,train,0.0,0.0,0.0,Neutral,neutral,1
282586$_$16,282586,16,train,train,-0.3333333432674408,-0.3333333432674408,0.0,Negative,negative,0
282586$_$22,282586,22,train,train,-1.6666666269302368,-1.6666666269302368,0.0,Negative,negative,0
282586$_$25,282586,25,train,train,0.3333333432674408,0.3333333432674408,0.0,Positive,positive,2
282586$_$3,282586,3,train,train,0.0,0.0,0.0,Neutral,neutral,1
282586$_$4,282586,4,train,train,-1.6666666269302368,-1.6666666269302368,0.0,Negative,negative,0
283495$_$7,283495,7,train,train,-1.3333333730697632,-1.3333333730697632,0.0,Negative,negative,0
284673$_$14,284673,14,train,train,0.0,0.0,0.0,Neutral,neutral,1
284673$_$18,284673,18,train,train,-1.0,-1.0,0.0,Negative,negative,0
284673$_$5,284673,5,train,train,0.0,0.0,0.0,Neutral,neutral,1
284673$_$8,284673,8,train,train,-1.3333333730697632,-1.3333333730697632,0.0,Negative,negative,0
286943$_$5,286943,5,test,test,-1.3333333730697632,-1.3333333730697632,0.0,Negative,negative,0
288714$_$15,288714,15,train,train,-1.6666666269302368,-1.6666666269302368,0.0,Negative,negative,0
288714$_$17,288714,17,train,train,-2.3333332538604736,-2.3333332538604736,0.0,Negative,negative,0
288714$_$5,288714,5,train,train,-1.6666666269302368,-1.6666666269302368,0.0,Negative,negative,0
288714$_$8,288714,8,train,train,-1.3333333730697632,-1.3333333730697632,0.0,Negative,negative,0
288766$_$17,288766,17,train,train,-0.3333333432674408,-0.3333333432674408,0.0,Negative,negative,0
288766$_$2,288766,2,train,train,0.0,0.0,0.0,Neutral,neutral,1
288766$_$21,288766,21,train,train,-1.0,-1.0,0.0,Negative,negative,0
288766$_$7,288766,7,train,train,-1.6666666269302368,-1.6666666269302368,0.0,Negative,negative,0
290088$_$4,290088,4,train,train,-1.6666666269302368,-1.6666666269302368,0.0,Negative,negative,0
29044$_$12,29044,12,train,train,0.3333333432674408,0.3333333432674408,0.0,Positive,positive,2
29044$_$2,29044,2,train,train,-0.3333333432674408,-0.3333333432674408,0.0,Negative,negative,0
29044$_$3,29044,3,train,train,0.3333333432674408,0.3333333432674408,0.0,Positive,positive,2
29044$_$4,29044,4,train,train,-1.3333333730697632,-1.3333333730697632,0.0,Negative,negative,0
290546$_$3,290546,3,valid,valid,0.0,0.0,0.0,Neutral,neutral,1
290546$_$5,290546,5,valid,valid,-1.0,-1.0,0.0,Negative,negative,0
290546$_$6,290546,6,valid,valid,0.0,0.0,0.0,Neutral,neutral,1
290546$_$7,290546,7,valid,valid,-0.3333333432674408,-0.3333333432674408,0.0,Negative,negative,0
291121$_$7,291121,7,train,train,-0.3333333432674408,-0.3333333432674408,0.0,Negative,negative,0
292277$_$10,292277,10,train,train,-2.3333332538604736,-2.3333332538604736,0.0,Negative,negative,0
292277$_$2,292277,2,train,train,-2.3333332538604736,-2.3333332538604736,0.0,Negative,negative,0
292277$_$4,292277,4,train,train,0.0,0.0,0.0,Neutral,neutral,1
292277$_$5,292277,5,train,train,-0.3333333432674408,-0.3333333432674408,0.0,Negative,negative,0
294178$_$0,294178,0,train,train,0.0,0.0,0.0,Neutral,neutral,1
294178$_$1,294178,1,train,train,0.3333333432674408,0.3333333432674408,0.0,Positive,positive,2
294178$_$11,294178,11,train,train,-0.6666666865348816,-0.6666666865348816,0.0,Negative,negative,0
294178$_$14,294178,14,train,train,0.3333333432674408,0.3333333432674408,0.0,Positive,positive,2
294178$_$3,294178,3,train,train,-0.3333333432674408,-0.3333333432674408,0.0,Negative,negative,0
294178$_$7,294178,7,train,train,-1.3333333730697632,-1.3333333730697632,0.0,Negative,negative,0
295793$_$14,295793,14,train,train,-1.6666666269302368,-1.6666666269302368,0.0,Negative,negative,0
295793$_$3,295793,3,train,train,0.0,0.0,0.0,Neutral,neutral,1
295793$_$9,295793,9,train,train,-2.6666667461395264,-2.6666667461395264,0.0,Negative,negative,0
29751$_$1,29751,1,test,test,0.0,0.0,0.0,Neutral,neutral,1
29751$_$10,29751,10,test,test,0.0,0.0,0.0,Neutral,neutral,1
29751$_$9,29751,9,test,test,0.0,0.0,0.0,Neutral,neutral,1
298736$_$0,298736,0,train,train,0.3333333432674408,0.3333333432674408,0.0,Positive,positive,2
298736$_$16,298736,16,train,train,-0.3333333432674408,-0.3333333432674408,0.0,Negative,negative,0
298736$_$17,298736,17,train,train,0.3333333432674408,0.3333333432674408,0.0,Positive,positive,2
298736$_$22,298736,22,train,train,1.3333333730697632,1.3333333730697632,0.0,Positive,positive,2
298736$_$26,298736,26,train,train,1.0,1.0,0.0,Positive,positive,2
298736$_$28,298736,28,train,train,-0.3333333432674408,-0.3333333432674408,0.0,Negative,negative,0
298736$_$32,298736,32,train,train,-1.3333333730697632,-1.3333333730697632,0.0,Negative,negative,0
298736$_$7,298736,7,train,train,0.0,0.0,0.0,Neutral,neutral,1
298774$_$1,298774,1,train,train,2.6666667461395264,2.6666667461395264,0.0,Positive,positive,2
298774$_$12,298774,12,train,train,2.3333332538604736,2.3333332538604736,0.0,Positive,positive,2
298774$_$15,298774,15,train,train,0.6666666865348816,0.6666666865348816,0.0,Positive,positive,2
298774$_$17,298774,17,train,train,-0.3333333432674408,-0.3333333432674408,0.0,Negative,negative,0
298774$_$4,298774,4,train,train,2.0,2.0,0.0,Positive,positive,2
2BuFtglEcaY$_$11,2BuFtglEcaY,11,test,test,2.3333332538604736,2.3333332538604736,0.0,Positive,positive,2
2BuFtglEcaY$_$6,2BuFtglEcaY,6,test,test,1.0,1.0,0.0,Positive,positive,2
2Crezdbre6I$_$10,2Crezdbre6I,10,train,train,0.3333333432674408,0.3333333432674408,0.0,Positive,positive,2
2HmBM3GGTlg$_$2,2HmBM3GGTlg,2,train,train,0.6666666865348816,0.6666666865348816,0.0,Positive,positive,2
2HmBM3GGTlg$_$5,2HmBM3GGTlg,5,train,train,2.0,2.0,0.0,Positive,positive,2
2HmBM3GGTlg$_$7,2HmBM3GGTlg,7,train,train,1.0,1.0,0.0,Positive,positive,2
2ItiGjefTRA$_$3,2ItiGjefTRA,3,test,test,0.0,0.0,0.0,Neutral,neutral,1
2ItiGjefTRA$_$4,2ItiGjefTRA,4,test,test,-0.6666666865348816,-0.6666666865348816,0.0,Negative,negative,0
2JY5HXBWO84$_$14,2JY5HXBWO84,14,train,train,-1.6666666269302368,-1.6666666269302368,0.0,Negative,negative,0
2JY5HXBWO84$_$20,2JY5HXBWO84,20,train,train,0.6666666865348816,0.6666666865348816,0.0,Positive,positive,2
2LpVvLemgvw$_$5,2LpVvLemgvw,5,train,train,1.3333333730697632,1.3333333730697632,0.0,Positive,positive,2
2PgJok07td4$_$3,2PgJok07td4,3,train,train,0.6666666865348816,0.6666666865348816,0.0,Positive,positive,2
2RDubrUjI-k$_$4,2RDubrUjI-k,4,train,train,2.3333332538604736,2.3333332538604736,0.0,Positive,positive,2
2RDubrUjI-k$_$8,2RDubrUjI-k,8,train,train,2.0,2.0,0.0,Positive,positive,2
2S00zYaVrtc$_$10,2S00zYaVrtc,10,valid,valid,-2.6666667461395264,-2.6666667461395264,0.0,Negative,negative,0
2S00zYaVrtc$_$12,2S00zYaVrtc,12,valid,valid,2.0,2.0,0.0,Positive,positive,2
2S00zYaVrtc$_$17,2S00zYaVrtc,17,valid,valid,-0.3333333432674408,-0.3333333432674408,0.0,Negative,negative,0
2S00zYaVrtc$_$20,2S00zYaVrtc,20,valid,valid,1.3333333730697632,1.3333333730697632,0.0,Positive,positive,2
2S00zYaVrtc$_$4,2S00zYaVrtc,4,valid,valid,1.3333333730697632,1.3333333730697632,0.0,Positive,positive,2
2S00zYaVrtc$_$5,2S00zYaVrtc,5,valid,valid,1.6666666269302368,1.6666666269302368,0.0,Positive,positive,2
2W-U94hXuK0$_$3,2W-U94hXuK0,3,test,test,-3.0,-3.0,0.0,Negative,negative,0
2W-U94hXuK0$_$4,2W-U94hXuK0,4,test,test,-2.0,-2.0,0.0,Negative,negative,0
2Xt31_d0XEE$_$2,2Xt31_d0XEE,2,valid,valid,2.0,2.0,0.0,Positive,positive,2
2YwgSmmLibs$_$6,2YwgSmmLibs,6,train,train,-1.0,-1.0,0.0,Negative,negative,0
2ahFSMFvs_c$_$0,2ahFSMFvs_c,0,train,train,-1.3333333730697632,-1.3333333730697632,0.0,Negative,negative,0
2c2fhh_Dsoo$_$4,2c2fhh_Dsoo,4,train,train,-1.0,-1.0,0.0,Negative,negative,0
2c6Gb73nx4E$_$2,2c6Gb73nx4E,2,train,train,0.0,0.0,0.0,Neutral,neutral,1
2cwNG0YuwtQ$_$1,2cwNG0YuwtQ,1,train,train,0.0,0.0,0.0,Neutral,neutral,1
2cwNG0YuwtQ$_$15,2cwNG0YuwtQ,15,train,train,0.0,0.0,0.0,Neutral,neutral,1
2cwNG0YuwtQ$_$23,2cwNG0YuwtQ,23,train,train,0.6666666865348816,0.6666666865348816,0.0,Positive,positive,2
2f6ZHqJ76EU$_$8,2f6ZHqJ76EU,8,train,train,0.6666666865348816,0.6666666865348816,0.0,Positive,positive,2
2fbBrB1nJEQ$_$0,2fbBrB1nJEQ,0,test,test,2.0,2.0,0.0,Positive,positive,2
2h9VVQUZjK0$_$12,2h9VVQUZjK0,12,train,train,0.0,0.0,0.0,Neutral,neutral,1
2h9VVQUZjK0$_$8,2h9VVQUZjK0,8,train,train,0.0,0.0,0.0,Neutral,neutral,1
2lj0BaPsJpM$_$7,2lj0BaPsJpM,7,train,train,0.0,0.0,0.0,Neutral,neutral,1
2m58ShI1QSI$_$2,2m58ShI1QSI,2,test,test,0.3333333432674408,0.3333333432674408,0.0,Positive,positive,2
2mWPHvbKzL8$_$10,2mWPHvbKzL8,10,train,train,1.3333333730697632,1.3333333730697632,0.0,Positive,positive,2
2mWPHvbKzL8$_$15,2mWPHvbKzL8,15,train,train,0.6666666865348816,0.6666666865348816,0.0,Positive,positive,2
2mWPHvbKzL8$_$19,2mWPHvbKzL8,19,train,train,1.3333333730697632,1.3333333730697632,0.0,Positive,positive,2
2mWPHvbKzL8$_$2,2mWPHvbKzL8,2,train,train,0.0,0.0,0.0,Neutral,neutral,1
2mWPHvbKzL8$_$3,2mWPHvbKzL8,3,train,train,0.3333333432674408,0.3333333432674408,0.0,Positive,positive,2
2mWPHvbKzL8$_$4,2mWPHvbKzL8,4,train,train,0.3333333432674408,0.3333333432674408,0.0,Positive,positive,2
2mWPHvbKzL8$_$6,2mWPHvbKzL8,6,train,train,2.0,2.0,0.0,Positive,positive,2
2qKajMu7Vhc$_$2,2qKajMu7Vhc,2,train,train,2.3333332538604736,2.3333332538604736,0.0,Positive,positive,2
2qKajMu7Vhc$_$4,2qKajMu7Vhc,4,train,train,1.3333333730697632,1.3333333730697632,0.0,Positive,positive,2
2vX-ZRQQDwo$_$3,2vX-ZRQQDwo,3,train,train,1.6666666269302368,1.6666666269302368,0.0,Positive,positive,2
2vX-ZRQQDwo$_$4,2vX-ZRQQDwo,4,train,train,0.3333333432674408,0.3333333432674408,0.0,Positive,positive,2
2vsgDSlJ9pU$_$0,2vsgDSlJ9pU,0,test,test,0.0,0.0,0.0,Neutral,neutral,1
2vsgDSlJ9pU$_$13,2vsgDSlJ9pU,13,test,test,0.6666666865348816,0.6666666865348816,0.0,Positive,positive,2
2w7rpDe-HoA$_$1,2w7rpDe-HoA,1,train,train,-0.3333333432674408,-0.3333333432674408,0.0,Negative,negative,0
2w7rpDe-HoA$_$3,2w7rpDe-HoA,3,train,train,-2.0,-2.0,0.0,Negative,negative,0
2w7rpDe-HoA$_$5,2w7rpDe-HoA,5,train,train,-0.6666666865348816,-0.6666666865348816,0.0,Negative,negative,0
2w7rpDe-HoA$_$7,2w7rpDe-HoA,7,train,train,1.3333333730697632,1.3333333730697632,0.0,Positive,positive,2
2ze94yo2aPo$_$0,2ze94yo2aPo,0,test,test,2.0,2.0,0.0,Positive,positive,2
2ze94yo2aPo$_$5,2ze94yo2aPo,5,test,test,1.0,1.0,0.0,Positive,positive,2
30763$_$0,30763,0,train,train,0.0,0.0,0.0,Neutral,neutral,1
30763$_$13,30763,13,train,train,2.0,2.0,0.0,Positive,positive,2
30763$_$15,30763,15,train,train,0.0,0.0,0.0,Neutral,neutral,1
31197$_$3,31197,3,train,train,-0.6666666865348816,-0.6666666865348816,0.0,Negative,negative,0
31474$_$0,31474,0,valid,valid,0.3333333432674408,0.3333333432674408,0.0,Positive,positive,2
31474$_$11,31474,11,valid,valid,-1.3333333730697632,-1.3333333730697632,0.0,Negative,negative,0
31474$_$14,31474,14,valid,valid,0.0,0.0,0.0,Neutral,neutral,1
31474$_$3,31474,3,valid,valid,0.0,0.0,0.0,Neutral,neutral,1
31474$_$6,31474,6,valid,valid,-2.6666667461395264,-2.6666667461395264,0.0,Negative,negative,0
31474$_$8,31474,8,valid,valid,0.0,0.0,0.0,Neutral,neutral,1
31474$_$9,31474,9,valid,valid,-1.0,-1.0,0.0,Negative,negative,0
31tcuDMQ_H8$_$1,31tcuDMQ_H8,1,train,train,1.6666666269302368,1.6666666269302368,0.0,Positive,positive,2
31tcuDMQ_H8$_$11,31tcuDMQ_H8,11,train,train,0.6666666865348816,0.6666666865348816,0.0,Positive,positive,2
32681$_$1,32681,1,valid,valid,0.0,0.0,0.0,Neutral,neutral,1
32681$_$3,32681,3,valid,valid,-2.6666667461395264,-2.6666667461395264,0.0,Negative,negative,0
32681$_$5,32681,5,valid,valid,0.3333333432674408,0.3333333432674408,0.0,Positive,positive,2
32681$_$6,32681,6,valid,valid,-1.0,-1.0,0.0,Negative,negative,0
327283$_$2,327283,2,train,train,0.3333333432674408,0.3333333432674408,0.0,Positive,positive,2
327283$_$3,327283,3,train,train,0.0,0.0,0.0,Neutral,neutral,1
327283$_$6,327283,6,train,train,2.6666667461395264,2.6666667461395264,0.0,Positive,positive,2
33170$_$1,33170,1,valid,valid,0.3333333432674408,0.3333333432674408,0.0,Positive,positive,2
33170$_$3,33170,3,valid,valid,-2.0,-2.0,0.0,Negative,negative,0
33170$_$4,33170,4,valid,valid,-2.0,-2.0,0.0,Negative,negative,0
33312$_$0,33312,0,train,train,0.3333333432674408,0.3333333432674408,0.0,Positive,positive,2
33312$_$6,33312,6,train,train,0.3333333432674408,0.3333333432674408,0.0,Positive,positive,2
33312$_$7,33312,7,train,train,-1.0,-1.0,0.0,Negative,negative,0
33312$_$8,33312,8,train,train,-2.3333332538604736,-2.3333332538604736,0.0,Negative,negative,0
33439$_$0,33439,0,train,train,0.0,0.0,0.0,Neutral,neutral,1
33439$_$10,33439,10,train,train,1.3333333730697632,1.3333333730697632,0.0,Positive,positive,2
33439$_$2,33439,2,train,train,-1.0,-1.0,0.0,Negative,negative,0
33439$_$3,33439,3,train,train,1.3333333730697632,1.3333333730697632,0.0,Positive,positive,2
33439$_$9,33439,9,train,train,0.0,0.0,0.0,Neutral,neutral,1
33ueXDUn3mA$_$1,33ueXDUn3mA,1,train,train,1.6666666269302368,1.6666666269302368,0.0,Positive,positive,2
33ueXDUn3mA$_$11,33ueXDUn3mA,11,train,train,0.3333333432674408,0.3333333432674408,0.0,Positive,positive,2
34-ogj6rh6w$_$0,34-ogj6rh6w,0,train,train,0.6666666865348816,0.6666666865348816,0.0,Positive,positive,2
34-ogj6rh6w$_$2,34-ogj6rh6w,2,train,train,0.0,0.0,0.0,Neutral,neutral,1
34-ogj6rh6w$_$7,34-ogj6rh6w,7,train,train,0.6666666865348816,0.6666666865348816,0.0,Positive,positive,2
34-ogj6rh6w$_$8,34-ogj6rh6w,8,train,train,0.0,0.0,0.0,Neutral,neutral,1
34346$_$0,34346,0,train,train,0.0,0.0,0.0,Neutral,neutral,1
34346$_$1,34346,1,train,train,2.3333332538604736,2.3333332538604736,0.0,Positive,positive,2
34346$_$11,34346,11,train,train,2.0,2.0,0.0,Positive,positive,2
34346$_$14,34346,14,train,train,0.0,0.0,0.0,Neutral,neutral,1
34346$_$7,34346,7,train,train,0.0,0.0,0.0,Neutral,neutral,1
35694$_$10,35694,10,test,test,0.0,0.0,0.0,Neutral,neutral,1
35694$_$17,35694,17,test,test,-1.6666666269302368,-1.6666666269302368,0.0,Negative,negative,0
36098$_$1,36098,1,train,train,0.0,0.0,0.0,Neutral,neutral,1
36098$_$2,36098,2,train,train,0.0,0.0,0.0,Neutral,neutral,1
367506$_$1,367506,1,train,train,0.0,0.0,0.0,Neutral,neutral,1
367506$_$10,367506,10,train,train,1.6666666269302368,1.6666666269302368,0.0,Positive,positive,2
367506$_$13,367506,13,train,train,2.6666667461395264,2.6666667461395264,0.0,Positive,positive,2
367506$_$14,367506,14,train,train,2.3333332538604736,2.3333332538604736,0.0,Positive,positive,2
367506$_$15,367506,15,train,train,3.0,3.0,0.0,Positive,positive,2
367506$_$5,367506,5,train,train,0.0,0.0,0.0,Neutral,neutral,1
367576$_$2,367576,2,train,train,1.6666666269302368,1.6666666269302368,0.0,Positive,positive,2
367576$_$4,367576,4,train,train,0.0,0.0,0.0,Neutral,neutral,1
367576$_$9,367576,9,train,train,-1.3333333730697632,-1.3333333730697632,0.0,Negative,negative,0
36o2cux9kfQ$_$13,36o2cux9kfQ,13,train,train,0.3333333432674408,0.3333333432674408,0.0,Positive,positive,2
37117$_$1,37117,1,train,train,0.3333333432674408,0.3333333432674408,0.0,Positive,positive,2
37117$_$4,37117,4,train,train,-2.0,-2.0,0.0,Negative,negative,0
37117$_$6,37117,6,train,train,-1.6666666269302368,-1.6666666269302368,0.0,Negative,negative,0
37117$_$8,37117,8,train,train,-1.6666666269302368,-1.6666666269302368,0.0,Negative,negative,0
37117$_$9,37117,9,train,train,-2.0,-2.0,0.0,Negative,negative,0
37459$_$2,37459,2,train,train,-3.0,-3.0,0.0,Negative,negative,0
37459$_$3,37459,3,train,train,-2.6666667461395264,-2.6666667461395264,0.0,Negative,negative,0
37459$_$6,37459,6,train,train,-1.0,-1.0,0.0,Negative,negative,0
38019$_$0,38019,0,train,train,-1.3333333730697632,-1.3333333730697632,0.0,Negative,negative,0
38374$_$3,38374,3,train,train,0.0,0.0,0.0,Neutral,neutral,1
38374$_$7,38374,7,train,train,-2.0,-2.0,0.0,Negative,negative,0
38374$_$9,38374,9,train,train,0.0,0.0,0.0,Neutral,neutral,1
39lcRCFvV-s$_$12,39lcRCFvV-s,12,train,train,0.3333333432674408,0.3333333432674408,0.0,Positive,positive,2
39lcRCFvV-s$_$13,39lcRCFvV-s,13,train,train,1.3333333730697632,1.3333333730697632,0.0,Positive,positive,2
39lcRCFvV-s$_$18,39lcRCFvV-s,18,train,train,0.0,0.0,0.0,Neutral,neutral,1
39lcRCFvV-s$_$19,39lcRCFvV-s,19,train,train,2.3333332538604736,2.3333332538604736,0.0,Positive,positive,2
39lcRCFvV-s$_$21,39lcRCFvV-s,21,train,train,1.0,1.0,0.0,Positive,positive,2
39lcRCFvV-s$_$22,39lcRCFvV-s,22,train,train,0.6666666865348816,0.6666666865348816,0.0,Positive,positive,2
39lcRCFvV-s$_$30,39lcRCFvV-s,30,train,train,0.6666666865348816,0.6666666865348816,0.0,Positive,positive,2
39lcRCFvV-s$_$39,39lcRCFvV-s,39,train,train,-0.3333333432674408,-0.3333333432674408,0.0,Negative,negative,0
39lcRCFvV-s$_$46,39lcRCFvV-s,46,train,train,2.0,2.0,0.0,Positive,positive,2
3At-BKm9eYk$_$5,3At-BKm9eYk,5,test,test,-0.3333333432674408,-0.3333333432674408,0.0,Negative,negative,0
3B1zIUj-k3o$_$10,3B1zIUj-k3o,10,train,train,-0.3333333432674408,-0.3333333432674408,0.0,Negative,negative,0
3DOrdP4H8SA$_$13,3DOrdP4H8SA,13,train,train,0.0,0.0,0.0,Neutral,neutral,1
3DOrdP4H8SA$_$3,3DOrdP4H8SA,3,train,train,-1.6666666269302368,-1.6666666269302368,0.0,Negative,negative,0
3DgOMTs3A1E$_$1,3DgOMTs3A1E,1,train,train,0.3333333432674408,0.3333333432674408,0.0,Positive,positive,2
3DgOMTs3A1E$_$17,3DgOMTs3A1E,17,train,train,1.0,1.0,0.0,Positive,positive,2
3DgOMTs3A1E$_$22,3DgOMTs3A1E,22,train,train,0.6666666865348816,0.6666666865348816,0.0,Positive,positive,2
3DgOMTs3A1E$_$23,3DgOMTs3A1E,23,train,train,0.3333333432674408,0.3333333432674408,0.0,Positive,positive,2
3DgOMTs3A1E$_$24,3DgOMTs3A1E,24,train,train,0.0,0.0,0.0,Neutral,neutral,1
3DgOMTs3A1E$_$7,3DgOMTs3A1E,7,train,train,0.6666666865348816,0.6666666865348816,0.0,Positive,positive,2
3FpmKxZgihw$_$0,3FpmKxZgihw,0,train,train,0.0,0.0,0.0,Neutral,neutral,1
3GyEnzE1NTQ$_$14,3GyEnzE1NTQ,14,train,train,0.3333333432674408,0.3333333432674408,0.0,Positive,positive,2
3GyEnzE1NTQ$_$3,3GyEnzE1NTQ,3,train,train,0.3333333432674408,0.3333333432674408,0.0,Positive,positive,2
3GyEnzE1NTQ$_$4,3GyEnzE1NTQ,4,train,train,-0.3333333432674408,-0.3333333432674408,0.0,Negative,negative,0
3HyAaqre_Fk$_$2,3HyAaqre_Fk,2,test,test,1.0,1.0,0.0,Positive,positive,2
3HyAaqre_Fk$_$6,3HyAaqre_Fk,6,test,test,1.3333333730697632,1.3333333730697632,0.0,Positive,positive,2
3MFNIag0wNE$_$12,3MFNIag0wNE,12,valid,valid,-1.0,-1.0,0.0,Negative,negative,0
3MFNIag0wNE$_$14,3MFNIag0wNE,14,valid,valid,-2.0,-2.0,0.0,Negative,negative,0
3MFNIag0wNE$_$16,3MFNIag0wNE,16,valid,valid,-0.3333333432674408,-0.3333333432674408,0.0,Negative,negative,0
3MFNIag0wNE$_$7,3MFNIag0wNE,7,valid,valid,-1.0,-1.0,0.0,Negative,negative,0
3OMgvtWNHp4$_$10,3OMgvtWNHp4,10,train,train,-0.6666666865348816,-0.6666666865348816,0.0,Negative,negative,0
3OYY5Tsz_2k$_$7,3OYY5Tsz_2k,7,test,test,0.0,0.0,0.0,Neutral,neutral,1
3OuNMjZo5wg$_$13,3OuNMjZo5wg,13,train,train,1.6666666269302368,1.6666666269302368,0.0,Positive,positive,2
3REPHw7oLWo$_$13,3REPHw7oLWo,13,test,test,0.3333333432674408,0.3333333432674408,0.0,Positive,positive,2
3V2qm0rw920$_$11,3V2qm0rw920,11,valid,valid,1.0,1.0,0.0,Positive,positive,2
3V2qm0rw920$_$13,3V2qm0rw920,13,valid,valid,3.0,3.0,0.0,Positive,positive,2
3V2qm0rw920$_$3,3V2qm0rw920,3,valid,valid,0.3333333432674408,0.3333333432674408,0.0,Positive,positive,2
3VsrcbjPwZY$_$0,3VsrcbjPwZY,0,train,train,0.3333333432674408,0.3333333432674408,0.0,Positive,positive,2
3VsrcbjPwZY$_$7,3VsrcbjPwZY,7,train,train,-0.3333333432674408,-0.3333333432674408,0.0,Negative,negative,0
3Wi0if_L6Ug$_$12,3Wi0if_L6Ug,12,train,train,1.3333333730697632,1.3333333730697632,0.0,Positive,positive,2
3Wi0if_L6Ug$_$13,3Wi0if_L6Ug,13,train,train,0.6666666865348816,0.6666666865348816,0.0,Positive,positive,2
3Wi0if_L6Ug$_$17,3Wi0if_L6Ug,17,train,train,0.3333333432674408,0.3333333432674408,0.0,Positive,positive,2
3Wi0if_L6Ug$_$4,3Wi0if_L6Ug,4,train,train,2.0,2.0,0.0,Positive,positive,2
3Wi0if_L6Ug$_$9,3Wi0if_L6Ug,9,train,train,0.3333333432674408,0.3333333432674408,0.0,Positive,positive,2
3aD0xAgxxyw$_$0,3aD0xAgxxyw,0,train,train,0.3333333432674408,0.3333333432674408,0.0,Positive,positive,2
3aD0xAgxxyw$_$11,3aD0xAgxxyw,11,train,train,-1.0,-1.0,0.0,Negative,negative,0
3aIQUQgawaI$_$12,3aIQUQgawaI,12,train,train,0.0,0.0,0.0,Neutral,neutral,1
3aIQUQgawaI$_$19,3aIQUQgawaI,19,train,train,0.0,0.0,0.0,Neutral,neutral,1
3aIQUQgawaI$_$4,3aIQUQgawaI,4,train,train,0.6666666865348816,0.6666666865348816,0.0,Positive,positive,2
3aIQUQgawaI$_$5,3aIQUQgawaI,5,train,train,-1.0,-1.0,0.0,Negative,negative,0
3aIQUQgawaI$_$7,3aIQUQgawaI,7,train,train,-0.3333333432674408,-0.3333333432674408,0.0,Negative,negative,0
3fhCxePBuZY$_$10,3fhCxePBuZY,10,train,train,-1.3333333730697632,-1.3333333730697632,0.0,Negative,negative,0
3fhCxePBuZY$_$4,3fhCxePBuZY,4,train,train,-0.6666666865348816,-0.6666666865348816,0.0,Negative,negative,0
3gA34VxBijI$_$1,3gA34VxBijI,1,train,train,0.0,0.0,0.0,Neutral,neutral,1
3j94B0pzSVs$_$0,3j94B0pzSVs,0,valid,valid,0.0,0.0,0.0,Neutral,neutral,1
3j94B0pzSVs$_$1,3j94B0pzSVs,1,valid,valid,0.0,0.0,0.0,Neutral,neutral,1
3j94B0pzSVs$_$12,3j94B0pzSVs,12,valid,valid,1.6666666269302368,1.6666666269302368,0.0,Positive,positive,2
3j94B0pzSVs$_$17,3j94B0pzSVs,17,valid,valid,-1.3333333730697632,-1.3333333730697632,0.0,Negative,negative,0
3kNPvhdF1NA$_$0,3kNPvhdF1NA,0,train,train,0.0,0.0,0.0,Neutral,neutral,1
3lkn8MS3n8Q$_$27,3lkn8MS3n8Q,27,train,train,-1.0,-1.0,0.0,Negative,negative,0
3lkn8MS3n8Q$_$6,3lkn8MS3n8Q,6,train,train,1.0,1.0,0.0,Positive,positive,2
3n44IP3tCVE$_$0,3n44IP3tCVE,0,train,train,2.0,2.0,0.0,Positive,positive,2
3n44IP3tCVE$_$13,3n44IP3tCVE,13,train,train,1.3333333730697632,1.3333333730697632,0.0,Positive,positive,2
3n44IP3tCVE$_$5,3n44IP3tCVE,5,train,train,2.0,2.0,0.0,Positive,positive,2
3n44IP3tCVE$_$6,3n44IP3tCVE,6,train,train,-0.6666666865348816,-0.6666666865348816,0.0,Negative,negative,0
3ocpWAmSNUE$_$5,3ocpWAmSNUE,5,train,train,-2.6666667461395264,-2.6666667461395264,0.0,Negative,negative,0
3ocpWAmSNUE$_$6,3ocpWAmSNUE,6,train,train,-0.3333333432674408,-0.3333333432674408,0.0,Negative,negative,0
3paDwuRQP1w$_$0,3paDwuRQP1w,0,train,train,-0.6666666865348816,-0.6666666865348816,0.0,Negative,negative,0
3sUS8vXbRwg$_$13,3sUS8vXbRwg,13,train,train,1.6666666269302368,1.6666666269302368,0.0,Positive,positive,2
3wHE78v9zr4$_$12,3wHE78v9zr4,12,test,test,1.0,1.0,0.0,Positive,positive,2
3wHE78v9zr4$_$24,3wHE78v9zr4,24,test,test,1.3333333730697632,1.3333333730697632,0.0,Positive,positive,2
3wHE78v9zr4$_$7,3wHE78v9zr4,7,test,test,1.6666666269302368,1.6666666269302368,0.0,Positive,positive,2
3wHE78v9zr4$_$9,3wHE78v9zr4,9,test,test,0.3333333432674408,0.3333333432674408,0.0,Positive,positive,2
40181$_$13,40181,13,train,train,-1.3333333730697632,-1.3333333730697632,0.0,Negative,negative,0
40181$_$19,40181,19,train,train,0.3333333432674408,0.3333333432674408,0.0,Positive,positive,2
40181$_$21,40181,21,train,train,0.3333333432674408,0.3333333432674408,0.0,Positive,positive,2
40181$_$9,40181,9,train,train,0.0,0.0,0.0,Neutral,neutral,1
40260$_$18,40260,18,train,train,1.0,1.0,0.0,Positive,positive,2
40260$_$19,40260,19,train,train,-1.6666666269302368,-1.6666666269302368,0.0,Negative,negative,0
40260$_$8,40260,8,train,train,-1.3333333730697632,-1.3333333730697632,0.0,Negative,negative,0
41381$_$7,41381,7,test,test,0.0,0.0,0.0,Neutral,neutral,1
41381$_$8,41381,8,test,test,1.0,1.0,0.0,Positive,positive,2
41692$_$1,41692,1,train,train,0.3333333432674408,0.3333333432674408,0.0,Positive,positive,2
424SXFTCFsA$_$2,424SXFTCFsA,2,test,test,1.3333333730697632,1.3333333730697632,0.0,Positive,positive,2
424SXFTCFsA$_$3,424SXFTCFsA,3,test,test,1.3333333730697632,1.3333333730697632,0.0,Positive,positive,2
424SXFTCFsA$_$4,424SXFTCFsA,4,test,test,2.0,2.0,0.0,Positive,positive,2
43371$_$6,43371,6,train,train,-1.6666666269302368,-1.6666666269302368,0.0,Negative,negative,0
43371$_$8,43371,8,train,train,-1.0,-1.0,0.0,Negative,negative,0
43456$_$2,43456,2,train,train,-0.3333333432674408,-0.3333333432674408,0.0,Negative,negative,0
43456$_$8,43456,8,train,train,0.0,0.0,0.0,Neutral,neutral,1
44780$_$0,44780,0,train,train,0.3333333432674408,0.3333333432674408,0.0,Positive,positive,2
44780$_$1,44780,1,train,train,0.3333333432674408,0.3333333432674408,0.0,Positive,positive,2
44780$_$2,44780,2,train,train,0.0,0.0,0.0,Neutral,neutral,1
44780$_$3,44780,3,train,train,1.3333333730697632,1.3333333730697632,0.0,Positive,positive,2
44780$_$6,44780,6,train,train,0.0,0.0,0.0,Neutral,neutral,1
44780$_$7,44780,7,train,train,-1.3333333730697632,-1.3333333730697632,0.0,Negative,negative,0
45175$_$9,45175,9,train,train,-1.0,-1.0,0.0,Negative,negative,0
45184$_$2,45184,2,train,train,-2.3333332538604736,-2.3333332538604736,0.0,Negative,negative,0
45184$_$5,45184,5,train,train,-1.3333333730697632,-1.3333333730697632,0.0,Negative,negative,0
45186$_$2,45186,2,train,train,0.0,0.0,0.0,Neutral,neutral,1
45186$_$3,45186,3,train,train,-1.0,-1.0,0.0,Negative,negative,0
45676$_$6,45676,6,train,train,-1.3333333730697632,-1.3333333730697632,0.0,Negative,negative,0
45c3QQzGakM$_$5,45c3QQzGakM,5,train,train,0.6666666865348816,0.6666666865348816,0.0,Positive,positive,2
46495$_$9,46495,9,test,test,-2.0,-2.0,0.0,Negative,negative,0
46497$_$1,46497,1,train,train,-2.6666667461395264,-2.6666667461395264,0.0,Negative,negative,0
46497$_$3,46497,3,train,train,-2.0,-2.0,0.0,Negative,negative,0
46604$_$2,46604,2,train,train,0.0,0.0,0.0,Neutral,neutral,1
46604$_$3,46604,3,train,train,0.0,0.0,0.0,Neutral,neutral,1
46604$_$4,46604,4,train,train,-1.3333333730697632,-1.3333333730697632,0.0,Negative,negative,0
46615$_$1,46615,1,test,test,-1.3333333730697632,-1.3333333730697632,0.0,Negative,negative,0
46618$_$0,46618,0,train,train,0.0,0.0,0.0,Neutral,neutral,1
46618$_$1,46618,1,train,train,-1.3333333730697632,-1.3333333730697632,0.0,Negative,negative,0
46618$_$2,46618,2,train,train,-1.6666666269302368,-1.6666666269302368,0.0,Negative,negative,0
47472$_$1,47472,1,train,train,1.6666666269302368,1.6666666269302368,0.0,Positive,positive,2
47472$_$10,47472,10,train,train,0.0,0.0,0.0,Neutral,neutral,1
47472$_$4,47472,4,train,train,0.0,0.0,0.0,Neutral,neutral,1
47472$_$6,47472,6,train,train,0.0,0.0,0.0,Neutral,neutral,1
47472$_$8,47472,8,train,train,-0.6666666865348816,-0.6666666865348816,0.0,Negative,negative,0
49358$_$4,49358,4,train,train,0.0,0.0,0.0,Neutral,neutral,1
49358$_$6,49358,6,train,train,-2.0,-2.0,0.0,Negative,negative,0
49358$_$9,49358,9,train,train,-1.6666666269302368,-1.6666666269302368,0.0,Negative,negative,0
4AQC7_uCuEE$_$22,4AQC7_uCuEE,22,train,train,-0.3333333432674408,-0.3333333432674408,0.0,Negative,negative,0
4AQC7_uCuEE$_$23,4AQC7_uCuEE,23,train,train,0.3333333432674408,0.3333333432674408,0.0,Positive,positive,2
4AQC7_uCuEE$_$27,4AQC7_uCuEE,27,train,train,1.0,1.0,0.0,Positive,positive,2
4BoE-woHtwA$_$1,4BoE-woHtwA,1,train,train,-0.3333333432674408,-0.3333333432674408,0.0,Negative,negative,0
4BoE-woHtwA$_$12,4BoE-woHtwA,12,train,train,1.6666666269302368,1.6666666269302368,0.0,Positive,positive,2
4BoE-woHtwA$_$5,4BoE-woHtwA,5,train,train,1.6666666269302368,1.6666666269302368,0.0,Positive,positive,2
4CKhrjuuofk$_$1,4CKhrjuuofk,1,train,train,0.3333333432674408,0.3333333432674408,0.0,Positive,positive,2
4CKhrjuuofk$_$5,4CKhrjuuofk,5,train,train,0.3333333432674408,0.3333333432674408,0.0,Positive,positive,2
4EDblUpJieU$_$7,4EDblUpJieU,7,test,test,1.3333333730697632,1.3333333730697632,0.0,Positive,positive,2
4EEru3cZwXo$_$3,4EEru3cZwXo,3,train,train,0.6666666865348816,0.6666666865348816,0.0,Positive,positive,2
4GYfmpEEtl4$_$1,4GYfmpEEtl4,1,train,train,0.0,0.0,0.0,Neutral,neutral,1
4GYfmpEEtl4$_$6,4GYfmpEEtl4,6,train,train,0.3333333432674408,0.3333333432674408,0.0,Positive,positive,2
4GYfmpEEtl4$_$7,4GYfmpEEtl4,7,train,train,0.3333333432674408,0.3333333432674408,0.0,Positive,positive,2
4H9RfQuqsvg$_$1,4H9RfQuqsvg,1,train,train,2.0,2.0,0.0,Positive,positive,2
4H9RfQuqsvg$_$12,4H9RfQuqsvg,12,train,train,0.6666666865348816,0.6666666865348816,0.0,Positive,positive,2
4H9RfQuqsvg$_$6,4H9RfQuqsvg,6,train,train,0.0,0.0,0.0,Neutral,neutral,1
4HAC00EAdno$_$10,4HAC00EAdno,10,train,train,0.6666666865348816,0.6666666865348816,0.0,Positive,positive,2
4HAC00EAdno$_$12,4HAC00EAdno,12,train,train,0.6666666865348816,0.6666666865348816,0.0,Positive,positive,2
4HAC00EAdno$_$9,4HAC00EAdno,9,train,train,-0.3333333432674408,-0.3333333432674408,0.0,Negative,negative,0
4Kh5N9W-Jr4$_$0,4Kh5N9W-Jr4,0,train,train,1.3333333730697632,1.3333333730697632,0.0,Positive,positive,2
4Q7OkrJLzAc$_$0,4Q7OkrJLzAc,0,train,train,0.0,0.0,0.0,Neutral,neutral,1
4Q7OkrJLzAc$_$1,4Q7OkrJLzAc,1,train,train,0.0,0.0,0.0,Neutral,neutral,1
4Q95Lg3Icho$_$24,4Q95Lg3Icho,24,train,train,1.6666666269302368,1.6666666269302368,0.0,Positive,positive,2
4Ry6M_ZfJQc$_$5,4Ry6M_ZfJQc,5,train,train,-1.3333333730697632,-1.3333333730697632,0.0,Negative,negative,0
4VA4kqMnEqA$_$4,4VA4kqMnEqA,4,train,train,0.3333333432674408,0.3333333432674408,0.0,Positive,positive,2
4VA4kqMnEqA$_$8,4VA4kqMnEqA,8,train,train,0.0,0.0,0.0,Neutral,neutral,1
4cFeG2ydm9A$_$8,4cFeG2ydm9A,8,valid,valid,1.0,1.0,0.0,Positive,positive,2
4dV3slGSc60$_$10,4dV3slGSc60,10,valid,valid,1.0,1.0,0.0,Positive,positive,2
4dV3slGSc60$_$12,4dV3slGSc60,12,valid,valid,0.6666666865348816,0.6666666865348816,0.0,Positive,positive,2
4dV3slGSc60$_$22,4dV3slGSc60,22,valid,valid,1.6666666269302368,1.6666666269302368,0.0,Positive,positive,2
4dV3slGSc60$_$8,4dV3slGSc60,8,valid,valid,1.0,1.0,0.0,Positive,positive,2
4dV3slGSc60$_$9,4dV3slGSc60,9,valid,valid,1.6666666269302368,1.6666666269302368,0.0,Positive,positive,2
4hEWns7JBg0$_$25,4hEWns7JBg0,25,train,train,1.6666666269302368,1.6666666269302368,0.0,Positive,positive,2
4hEWns7JBg0$_$29,4hEWns7JBg0,29,train,train,1.0,1.0,0.0,Positive,positive,2
4iG0ffmnCOw$_$2,4iG0ffmnCOw,2,train,train,0.3333333432674408,0.3333333432674408,0.0,Positive,positive,2
4iG0ffmnCOw$_$7,4iG0ffmnCOw,7,train,train,0.6666666865348816,0.6666666865348816,0.0,Positive,positive,2
4iw1jTY-X3A$_$14,4iw1jTY-X3A,14,train,train,1.0,1.0,0.0,Positive,positive,2
4iw1jTY-X3A$_$3,4iw1jTY-X3A,3,train,train,-1.0,-1.0,0.0,Negative,negative,0
4jTUcNlxlYA$_$0,4jTUcNlxlYA,0,train,train,0.6666666865348816,0.6666666865348816,0.0,Positive,positive,2
4jTUcNlxlYA$_$4,4jTUcNlxlYA,4,train,train,0.0,0.0,0.0,Neutral,neutral,1
4jTUcNlxlYA$_$6,4jTUcNlxlYA,6,train,train,1.6666666269302368,1.6666666269302368,0.0,Positive,positive,2
4jTUcNlxlYA$_$9,4jTUcNlxlYA,9,train,train,0.0,0.0,0.0,Neutral,neutral,1
4kF0U8kIMp4$_$0,4kF0U8kIMp4,0,train,train,0.6666666865348816,0.6666666865348816,0.0,Positive,positive,2
4kF0U8kIMp4$_$4,4kF0U8kIMp4,4,train,train,0.6666666865348816,0.6666666865348816,0.0,Positive,positive,2
4kF0U8kIMp4$_$5,4kF0U8kIMp4,5,train,train,0.6666666865348816,0.6666666865348816,0.0,Positive,positive,2
4lKz4xyCmkk$_$14,4lKz4xyCmkk,14,train,train,-0.3333333432674408,-0.3333333432674408,0.0,Negative,negative,0
4poXF3xo6Z8$_$0,4poXF3xo6Z8,0,train,train,0.0,0.0,0.0,Neutral,neutral,1
4poXF3xo6Z8$_$1,4poXF3xo6Z8,1,train,train,1.6666666269302368,1.6666666269302368,0.0,Positive,positive,2
4poXF3xo6Z8$_$13,4poXF3xo6Z8,13,train,train,0.6666666865348816,0.6666666865348816,0.0,Positive,positive,2
4poXF3xo6Z8$_$3,4poXF3xo6Z8,3,train,train,0.3333333432674408,0.3333333432674408,0.0,Positive,positive,2
4poXF3xo6Z8$_$6,4poXF3xo6Z8,6,train,train,1.6666666269302368,1.6666666269302368,0.0,Positive,positive,2
4qjz4BQCZyM$_$5,4qjz4BQCZyM,5,train,train,0.3333333432674408,0.3333333432674408,0.0,Positive,positive,2
4qoB5a6dR3w$_$1,4qoB5a6dR3w,1,train,train,1.0,1.0,0.0,Positive,positive,2
4wdeBJ39Cuw$_$0,4wdeBJ39Cuw,0,train,train,-1.3333333730697632,-1.3333333730697632,0.0,Negative,negative,0
4wdeBJ39Cuw$_$5,4wdeBJ39Cuw,5,train,train,-1.0,-1.0,0.0,Negative,negative,0
4wuug3-5cWo$_$5,4wuug3-5cWo,5,train,train,0.3333333432674408,0.3333333432674408,0.0,Positive,positive,2
50103$_$3,50103,3,valid,valid,-2.0,-2.0,0.0,Negative,negative,0
50453$_$4,50453,4,train,train,0.3333333432674408,0.3333333432674408,0.0,Positive,positive,2
50453$_$8,50453,8,train,train,0.0,0.0,0.0,Neutral,neutral,1
51224$_$1,51224,1,train,train,-0.6666666865348816,-0.6666666865348816,0.0,Negative,negative,0
51224$_$9,51224,9,train,train,0.0,0.0,0.0,Neutral,neutral,1
52068$_$2,52068,2,train,train,0.6666666865348816,0.6666666865348816,0.0,Positive,positive,2
52068$_$21,52068,21,train,train,2.0,2.0,0.0,Positive,positive,2
52839$_$0,52839,0,train,train,0.0,0.0,0.0,Neutral,neutral,1
52839$_$11,52839,11,train,train,0.0,0.0,0.0,Neutral,neutral,1
52839$_$12,52839,12,train,train,1.0,1.0,0.0,Positive,positive,2
52839$_$13,52839,13,train,train,1.6666666269302368,1.6666666269302368,0.0,Positive,positive,2
52839$_$7,52839,7,train,train,0.3333333432674408,0.3333333432674408,0.0,Positive,positive,2
53609$_$10,53609,10,test,test,-2.0,-2.0,0.0,Negative,negative,0
53609$_$13,53609,13,test,test,-2.0,-2.0,0.0,Negative,negative,0
53609$_$3,53609,3,test,test,0.0,0.0,0.0,Neutral,neutral,1
53609$_$7,53609,7,test,test,-1.6666666269302368,-1.6666666269302368,0.0,Negative,negative,0
53742$_$1,53742,1,train,train,0.0,0.0,0.0,Neutral,neutral,1
53742$_$2,53742,2,train,train,0.0,0.0,0.0,Neutral,neutral,1
53742$_$5,53742,5,train,train,-2.0,-2.0,0.0,Negative,negative,0
53766$_$4,53766,4,test,test,2.3333332538604736,2.3333332538604736,0.0,Positive,positive,2
53766$_$9,53766,9,test,test,2.0,2.0,0.0,Positive,positive,2
55156$_$2,55156,2,train,train,-1.0,-1.0,0.0,Negative,negative,0
55156$_$8,55156,8,train,train,0.0,0.0,0.0,Neutral,neutral,1
56006$_$4,56006,4,train,train,0.6666666865348816,0.6666666865348816,0.0,Positive,positive,2
56276$_$1,56276,1,train,train,-0.6666666865348816,-0.6666666865348816,0.0,Negative,negative,0
56276$_$11,56276,11,train,train,-2.0,-2.0,0.0,Negative,negative,0
56276$_$15,56276,15,train,train,-3.0,-3.0,0.0,Negative,negative,0
56276$_$4,56276,4,train,train,-2.6666667461395264,-2.6666667461395264,0.0,Negative,negative,0
56276$_$7,56276,7,train,train,0.0,0.0,0.0,Neutral,neutral,1
56989$_$12,56989,12,test,test,-0.6666666865348816,-0.6666666865348816,0.0,Negative,negative,0
56989$_$5,56989,5,test,test,-2.3333332538604736,-2.3333332538604736,0.0,Negative,negative,0
56989$_$9,56989,9,test,test,1.0,1.0,0.0,Positive,positive,2
57618$_$1,57618,1,train,train,0.0,0.0,0.0,Neutral,neutral,1
57618$_$3,57618,3,train,train,2.3333332538604736,2.3333332538604736,0.0,Positive,positive,2
59333$_$10,59333,10,train,train,0.3333333432674408,0.3333333432674408,0.0,Positive,positive,2
59333$_$19,59333,19,train,train,0.0,0.0,0.0,Neutral,neutral,1
59333$_$7,59333,7,train,train,0.6666666865348816,0.6666666865348816,0.0,Positive,positive,2
59333$_$9,59333,9,train,train,0.3333333432674408,0.3333333432674408,0.0,Positive,positive,2
59673$_$4,59673,4,test,test,1.0,1.0,0.0,Positive,positive,2
59673$_$6,59673,6,test,test,-0.3333333432674408,-0.3333333432674408,0.0,Negative,negative,0
5B0PQx3Ep3k$_$5,5B0PQx3Ep3k,5,valid,valid,1.3333333730697632,1.3333333730697632,0.0,Positive,positive,2
5Fs_7A_V2kA$_$9,5Fs_7A_V2kA,9,train,train,0.3333333432674408,0.3333333432674408,0.0,Positive,positive,2
5JMpMKAO-Mk$_$5,5JMpMKAO-Mk,5,train,train,0.6666666865348816,0.6666666865348816,0.0,Positive,positive,2
5O1W39o56gg$_$1,5O1W39o56gg,1,valid,valid,0.0,0.0,0.0,Neutral,neutral,1
5O1W39o56gg$_$2,5O1W39o56gg,2,valid,valid,0.6666666865348816,0.6666666865348816,0.0,Positive,positive,2
5O1W39o56gg$_$9,5O1W39o56gg,9,valid,valid,0.3333333432674408,0.3333333432674408,0.0,Positive,positive,2
5R5fDxZUL8M$_$2,5R5fDxZUL8M,2,train,train,1.3333333730697632,1.3333333730697632,0.0,Positive,positive,2
5R5fDxZUL8M$_$5,5R5fDxZUL8M,5,train,train,1.6666666269302368,1.6666666269302368,0.0,Positive,positive,2
5Tqu1IXJjGY$_$7,5Tqu1IXJjGY,7,train,train,0.6666666865348816,0.6666666865348816,0.0,Positive,positive,2
5XX0csik6VQ$_$0,5XX0csik6VQ,0,train,train,0.3333333432674408,0.3333333432674408,0.0,Positive,positive,2
5YnYGjrhzF4$_$0,5YnYGjrhzF4,0,train,train,0.0,0.0,0.0,Neutral,neutral,1
5YnYGjrhzF4$_$8,5YnYGjrhzF4,8,train,train,-0.6666666865348816,-0.6666666865348816,0.0,Negative,negative,0
5eA5HpyFsIk$_$0,5eA5HpyFsIk,0,train,train,0.0,0.0,0.0,Neutral,neutral,1
5eY4S1F62Z4$_$13,5eY4S1F62Z4,13,test,test,0.3333333432674408,0.3333333432674408,0.0,Positive,positive,2
5eY4S1F62Z4$_$17,5eY4S1F62Z4,17,test,test,0.3333333432674408,0.3333333432674408,0.0,Positive,positive,2
5fKPJPFqPho$_$2,5fKPJPFqPho,2,test,test,0.6666666865348816,0.6666666865348816,0.0,Positive,positive,2
5i6AgQSjXO4$_$2,5i6AgQSjXO4,2,valid,valid,0.0,0.0,0.0,Neutral,neutral,1
5i6AgQSjXO4$_$3,5i6AgQSjXO4,3,valid,valid,0.6666666865348816,0.6666666865348816,0.0,Positive,positive,2
5i6AgQSjXO4$_$6,5i6AgQSjXO4,6,valid,valid,0.0,0.0,0.0,Neutral,neutral,1
5kaCGzjYukM$_$0,5kaCGzjYukM,0,valid,valid,-0.3333333432674408,-0.3333333432674408,0.0,Negative,negative,0
5kaCGzjYukM$_$2,5kaCGzjYukM,2,valid,valid,-0.3333333432674408,-0.3333333432674408,0.0,Negative,negative,0
5kaCGzjYukM$_$3,5kaCGzjYukM,3,valid,valid,-1.6666666269302368,-1.6666666269302368,0.0,Negative,negative,0
5kaCGzjYukM$_$5,5kaCGzjYukM,5,valid,valid,-2.3333332538604736,-2.3333332538604736,0.0,Negative,negative,0
5kaCGzjYukM$_$7,5kaCGzjYukM,7,valid,valid,-0.6666666865348816,-0.6666666865348816,0.0,Negative,negative,0
5lrDS7LluCA$_$4,5lrDS7LluCA,4,test,test,1.0,1.0,0.0,Positive,positive,2
5oEuiBPUTYc$_$6,5oEuiBPUTYc,6,train,train,0.0,0.0,0.0,Neutral,neutral,1
5pxFqJ5hKMU$_$2,5pxFqJ5hKMU,2,test,test,0.0,0.0,0.0,Neutral,neutral,1
5qQs9Cfydo4$_$9,5qQs9Cfydo4,9,train,train,0.6666666865348816,0.6666666865348816,0.0,Positive,positive,2
5qxZFmIaynE$_$15,5qxZFmIaynE,15,train,train,0.3333333432674408,0.3333333432674408,0.0,Positive,positive,2
5qxZFmIaynE$_$17,5qxZFmIaynE,17,train,train,0.0,0.0,0.0,Neutral,neutral,1
5qxZFmIaynE$_$24,5qxZFmIaynE,24,train,train,0.0,0.0,0.0,Neutral,neutral,1
5qxZFmIaynE$_$28,5qxZFmIaynE,28,train,train,-0.3333333432674408,-0.3333333432674408,0.0,Negative,negative,0
5qxZFmIaynE$_$7,5qxZFmIaynE,7,train,train,0.0,0.0,0.0,Neutral,neutral,1
5qxZFmIaynE$_$9,5qxZFmIaynE,9,train,train,0.0,0.0,0.0,Neutral,neutral,1
5tV5rZZJDCE$_$7,5tV5rZZJDCE,7,train,train,0.3333333432674408,0.3333333432674408,0.0,Positive,positive,2
5vwXp27bCLw$_$16,5vwXp27bCLw,16,test,test,0.0,0.0,0.0,Neutral,neutral,1
5wpCKY2U1NE$_$10,5wpCKY2U1NE,10,train,train,-0.3333333432674408,-0.3333333432674408,0.0,Negative,negative,0
5wpCKY2U1NE$_$5,5wpCKY2U1NE,5,train,train,0.3333333432674408,0.3333333432674408,0.0,Positive,positive,2
5xa0Ac2krGs$_$2,5xa0Ac2krGs,2,test,test,-0.3333333432674408,-0.3333333432674408,0.0,Negative,negative,0
5xa0Ac2krGs$_$7,5xa0Ac2krGs,7,test,test,0.3333333432674408,0.3333333432674408,0.0,Positive,positive,2
60037$_$1,60037,1,train,train,0.6666666865348816,0.6666666865348816,0.0,Positive,positive,2
60037$_$16,60037,16,train,train,2.3333332538604736,2.3333332538604736,0.0,Positive,positive,2
61531$_$3,61531,3,test,test,0.0,0.0,0.0,Neutral,neutral,1
61531$_$9,61531,9,test,test,2.0,2.0,0.0,Positive,positive,2
63951$_$1,63951,1,test,test,0.0,0.0,0.0,Neutral,neutral,1
65kkuNV921k$_$15,65kkuNV921k,15,train,train,-0.6666666865348816,-0.6666666865348816,0.0,Negative,negative,0
65kkuNV921k$_$22,65kkuNV921k,22,train,train,-0.3333333432674408,-0.3333333432674408,0.0,Negative,negative,0
65kkuNV921k$_$26,65kkuNV921k,26,train,train,-0.6666666865348816,-0.6666666865348816,0.0,Negative,negative,0
65kkuNV921k$_$3,65kkuNV921k,3,train,train,-1.6666666269302368,-1.6666666269302368,0.0,Negative,negative,0
65kkuNV921k$_$30,65kkuNV921k,30,train,train,0.0,0.0,0.0,Neutral,neutral,1
65kkuNV921k$_$34,65kkuNV921k,34,train,train,0.6666666865348816,0.6666666865348816,0.0,Positive,positive,2
65kkuNV921k$_$5,65kkuNV921k,5,train,train,-1.3333333730697632,-1.3333333730697632,0.0,Negative,negative,0
65kkuNV921k$_$6,65kkuNV921k,6,train,train,-1.0,-1.0,0.0,Negative,negative,0
65kkuNV921k$_$7,65kkuNV921k,7,train,train,-0.6666666865348816,-0.6666666865348816,0.0,Negative,negative,0
67uKYi7mslE$_$3,67uKYi7mslE,3,test,test,0.6666666865348816,0.6666666865348816,0.0,Positive,positive,2
67uKYi7mslE$_$4,67uKYi7mslE,4,test,test,0.0,0.0,0.0,Neutral,neutral,1
69707$_$2,69707,2,train,train,-1.6666666269302368,-1.6666666269302368,0.0,Negative,negative,0
69824$_$5,69824,5,test,test,-2.6666667461395264,-2.6666667461395264,0.0,Negative,negative,0
6EDoVEm16fU$_$13,6EDoVEm16fU,13,test,test,1.3333333730697632,1.3333333730697632,0.0,Positive,positive,2
6EDoVEm16fU$_$4,6EDoVEm16fU,4,test,test,1.6666666269302368,1.6666666269302368,0.0,Positive,positive,2
6EDoVEm16fU$_$6,6EDoVEm16fU,6,test,test,1.0,1.0,0.0,Positive,positive,2
6EJHA6IDLNk$_$3,6EJHA6IDLNk,3,test,test,0.6666666865348816,0.6666666865348816,0.0,Positive,positive,2
6EJHA6IDLNk$_$4,6EJHA6IDLNk,4,test,test,0.0,0.0,0.0,Neutral,neutral,1
6G8JJ69aN6o$_$4,6G8JJ69aN6o,4,train,train,0.6666666865348816,0.6666666865348816,0.0,Positive,positive,2
6IUj6jyoTl0$_$0,6IUj6jyoTl0,0,train,train,0.6666666865348816,0.6666666865348816,0.0,Positive,positive,2
6J_yzh1LNAE$_$0,6J_yzh1LNAE,0,train,train,0.3333333432674408,0.3333333432674408,0.0,Positive,positive,2
6KvG5VbLalY$_$9,6KvG5VbLalY,9,valid,valid,0.0,0.0,0.0,Neutral,neutral,1
6MYUY5tC2Us$_$0,6MYUY5tC2Us,0,train,train,0.0,0.0,0.0,Neutral,neutral,1
6MYUY5tC2Us$_$2,6MYUY5tC2Us,2,train,train,0.0,0.0,0.0,Neutral,neutral,1
6MloL1gIccs$_$4,6MloL1gIccs,4,train,train,1.6666666269302368,1.6666666269302368,0.0,Positive,positive,2
6PLlauWxF5E$_$0,6PLlauWxF5E,0,train,train,1.3333333730697632,1.3333333730697632,0.0,Positive,positive,2
6PLlauWxF5E$_$2,6PLlauWxF5E,2,train,train,0.6666666865348816,0.6666666865348816,0.0,Positive,positive,2
6RFVsOWK1m4$_$7,6RFVsOWK1m4,7,test,test,-0.6666666865348816,-0.6666666865348816,0.0,Negative,negative,0
6RFVsOWK1m4$_$9,6RFVsOWK1m4,9,test,test,1.0,1.0,0.0,Positive,positive,2
6T1GHj7qwYs$_$5,6T1GHj7qwYs,5,train,train,1.6666666269302368,1.6666666269302368,0.0,Positive,positive,2
6TDXQtGUNEs$_$11,6TDXQtGUNEs,11,train,train,0.3333333432674408,0.3333333432674408,0.0,Positive,positive,2
6Vg10LxmWUY$_$0,6Vg10LxmWUY,0,train,train,1.0,1.0,0.0,Positive,positive,2
6YNAmRjpxlA$_$0,6YNAmRjpxlA,0,train,train,0.0,0.0,0.0,Neutral,neutral,1
6ZA8I83x-oY$_$0,6ZA8I83x-oY,0,valid,valid,0.0,0.0,0.0,Neutral,neutral,1
6ZA8I83x-oY$_$2,6ZA8I83x-oY,2,valid,valid,2.0,2.0,0.0,Positive,positive,2
6brtMLkjjYk$_$0,6brtMLkjjYk,0,test,test,2.0,2.0,0.0,Positive,positive,2
6c7vAwDSVGc$_$2,6c7vAwDSVGc,2,train,train,0.3333333432674408,0.3333333432674408,0.0,Positive,positive,2
6gtfeIqGasE$_$0,6gtfeIqGasE,0,test,test,1.3333333730697632,1.3333333730697632,0.0,Positive,positive,2
6hFiTU77Sm0$_$1,6hFiTU77Sm0,1,valid,valid,0.0,0.0,0.0,Neutral,neutral,1
6hFiTU77Sm0$_$2,6hFiTU77Sm0,2,valid,valid,0.0,0.0,0.0,Neutral,neutral,1
6ng8CZ0ULK4$_$1,6ng8CZ0ULK4,1,train,train,0.3333333432674408,0.3333333432674408,0.0,Positive,positive,2
6ng8CZ0ULK4$_$11,6ng8CZ0ULK4,11,train,train,1.0,1.0,0.0,Positive,positive,2
6ng8CZ0ULK4$_$2,6ng8CZ0ULK4,2,train,train,1.0,1.0,0.0,Positive,positive,2
6q5uKCgairk$_$10,6q5uKCgairk,10,train,train,0.0,0.0,0.0,Neutral,neutral,1
6q5uKCgairk$_$13,6q5uKCgairk,13,train,train,0.0,0.0,0.0,Neutral,neutral,1
6q5uKCgairk$_$8,6q5uKCgairk,8,train,train,0.3333333432674408,0.3333333432674408,0.0,Positive,positive,2
6qPjYvdZiLA$_$7,6qPjYvdZiLA,7,train,train,-0.3333333432674408,-0.3333333432674408,0.0,Negative,negative,0
6rkV4QRcVnk$_$3,6rkV4QRcVnk,3,train,train,-0.3333333432674408,-0.3333333432674408,0.0,Negative,negative,0
6slq62RwH3Q$_$10,6slq62RwH3Q,10,train,train,1.6666666269302368,1.6666666269302368,0.0,Positive,positive,2
6slq62RwH3Q$_$2,6slq62RwH3Q,2,train,train,2.0,2.0,0.0,Positive,positive,2
6slq62RwH3Q$_$7,6slq62RwH3Q,7,train,train,1.3333333730697632,1.3333333730697632,0.0,Positive,positive,2
6uPGcKTpC4I$_$1,6uPGcKTpC4I,1,valid,valid,0.0,0.0,0.0,Neutral,neutral,1
6uPGcKTpC4I$_$2,6uPGcKTpC4I,2,valid,valid,0.0,0.0,0.0,Neutral,neutral,1
6uPGcKTpC4I$_$6,6uPGcKTpC4I,6,valid,valid,1.3333333730697632,1.3333333730697632,0.0,Positive,positive,2
6uoM8-9d0zA$_$4,6uoM8-9d0zA,4,test,test,0.6666666865348816,0.6666666865348816,0.0,Positive,positive,2
6xvVFYR5di0$_$0,6xvVFYR5di0,0,train,train,2.0,2.0,0.0,Positive,positive,2
6xvVFYR5di0$_$9,6xvVFYR5di0,9,train,train,0.0,0.0,0.0,Neutral,neutral,1
6zjv1TLqfF0$_$1,6zjv1TLqfF0,1,train,train,0.0,0.0,0.0,Neutral,neutral,1
6zjv1TLqfF0$_$10,6zjv1TLqfF0,10,train,train,0.0,0.0,0.0,Neutral,neutral,1
6zjv1TLqfF0$_$11,6zjv1TLqfF0,11,train,train,0.3333333432674408,0.3333333432674408,0.0,Positive,positive,2
6zjv1TLqfF0$_$3,6zjv1TLqfF0,3,train,train,1.0,1.0,0.0,Positive,positive,2
6zjv1TLqfF0$_$7,6zjv1TLqfF0,7,train,train,0.0,0.0,0.0,Neutral,neutral,1
70280$_$11,70280,11,valid,valid,-1.6666666269302368,-1.6666666269302368,0.0,Negative,negative,0
70280$_$3,70280,3,valid,valid,-0.6666666865348816,-0.6666666865348816,0.0,Negative,negative,0
70280$_$4,70280,4,valid,valid,0.0,0.0,0.0,Neutral,neutral,1
70280$_$6,70280,6,valid,valid,-1.3333333730697632,-1.3333333730697632,0.0,Negative,negative,0
70420$_$15,70420,15,train,train,0.3333333432674408,0.3333333432674408,0.0,Positive,positive,2
70420$_$4,70420,4,train,train,-0.6666666865348816,-0.6666666865348816,0.0,Negative,negative,0
70420$_$6,70420,6,train,train,-0.3333333432674408,-0.3333333432674408,0.0,Negative,negative,0
70710$_$2,70710,2,train,train,-0.3333333432674408,-0.3333333432674408,0.0,Negative,negative,0
70710$_$3,70710,3,train,train,0.6666666865348816,0.6666666865348816,0.0,Positive,positive,2
708sewcSXVY$_$3,708sewcSXVY,3,train,train,0.3333333432674408,0.3333333432674408,0.0,Positive,positive,2
72017$_$9,72017,9,train,train,1.0,1.0,0.0,Positive,positive,2
72385$_$12,72385,12,train,train,0.0,0.0,0.0,Neutral,neutral,1
72385$_$2,72385,2,train,train,0.0,0.0,0.0,Neutral,neutral,1
72385$_$20,72385,20,train,train,-2.3333332538604736,-2.3333332538604736,0.0,Negative,negative,0
72385$_$21,72385,21,train,train,1.0,1.0,0.0,Positive,positive,2
72385$_$24,72385,24,train,train,-1.6666666269302368,-1.6666666269302368,0.0,Negative,negative,0
72385$_$5,72385,5,train,train,-3.0,-3.0,0.0,Negative,negative,0
72385$_$6,72385,6,train,train,-1.0,-1.0,0.0,Negative,negative,0
72tXTrSXoMk$_$6,72tXTrSXoMk,6,train,train,0.6666666865348816,0.6666666865348816,0.0,Positive,positive,2
73447$_$0,73447,0,train,train,0.0,0.0,0.0,Neutral,neutral,1
73447$_$1,73447,1,train,train,0.0,0.0,0.0,Neutral,neutral,1
73447$_$16,73447,16,train,train,-1.0,-1.0,0.0,Negative,negative,0
73447$_$3,73447,3,train,train,-3.0,-3.0,0.0,Negative,negative,0
73447$_$6,73447,6,train,train,-1.0,-1.0,0.0,Negative,negative,0
73447$_$8,73447,8,train,train,-1.0,-1.0,0.0,Negative,negative,0
73449$_$13,73449,13,train,train,0.0,0.0,0.0,Neutral,neutral,1
73449$_$14,73449,14,train,train,-2.6666667461395264,-2.6666667461395264,0.0,Negative,negative,0
73449$_$2,73449,2,train,train,0.3333333432674408,0.3333333432674408,0.0,Positive,positive,2
73449$_$4,73449,4,train,train,-1.3333333730697632,-1.3333333730697632,0.0,Negative,negative,0
73449$_$8,73449,8,train,train,0.0,0.0,0.0,Neutral,neutral,1
74101$_$1,74101,1,train,train,0.0,0.0,0.0,Neutral,neutral,1
74101$_$6,74101,6,train,train,1.0,1.0,0.0,Positive,positive,2
74184$_$11,74184,11,train,train,-1.0,-1.0,0.0,Negative,negative,0
74184$_$7,74184,7,train,train,1.0,1.0,0.0,Positive,positive,2
74184$_$8,74184,8,train,train,-0.3333333432674408,-0.3333333432674408,0.0,Negative,negative,0
74870$_$3,74870,3,train,train,-0.3333333432674408,-0.3333333432674408,0.0,Negative,negative,0
74870$_$4,74870,4,train,train,0.0,0.0,0.0,Neutral,neutral,1
75938$_$1,75938,1,train,train,0.3333333432674408,0.3333333432674408,0.0,Positive,positive,2
75RGHaxmUK8$_$3,75RGHaxmUK8,3,valid,valid,0.3333333432674408,0.3333333432674408,0.0,Positive,positive,2
75RGHaxmUK8$_$5,75RGHaxmUK8,5,valid,valid,0.3333333432674408,0.3333333432674408,0.0,Positive,positive,2
76124$_$1,76124,1,train,train,0.3333333432674408,0.3333333432674408,0.0,Positive,positive,2
76124$_$10,76124,10,train,train,-1.3333333730697632,-1.3333333730697632,0.0,Negative,negative,0
76124$_$2,76124,2,train,train,0.0,0.0,0.0,Neutral,neutral,1
76124$_$3,76124,3,train,train,0.0,0.0,0.0,Neutral,neutral,1
76124$_$8,76124,8,train,train,0.3333333432674408,0.3333333432674408,0.0,Positive,positive,2
76sN4tvbPGk$_$4,76sN4tvbPGk,4,train,train,0.0,0.0,0.0,Neutral,neutral,1
76sN4tvbPGk$_$9,76sN4tvbPGk,9,train,train,-0.6666666865348816,-0.6666666865348816,0.0,Negative,negative,0
78577$_$11,78577,11,train,train,-0.3333333432674408,-0.3333333432674408,0.0,Negative,negative,0
78577$_$3,78577,3,train,train,-0.6666666865348816,-0.6666666865348816,0.0,Negative,negative,0
78577$_$8,78577,8,train,train,-0.6666666865348816,-0.6666666865348816,0.0,Negative,negative,0
79356$_$7,79356,7,test,test,2.6666667461395264,2.6666667461395264,0.0,Positive,positive,2
79356$_$9,79356,9,test,test,1.0,1.0,0.0,Positive,positive,2
79644$_$2,79644,2,train,train,-2.0,-2.0,0.0,Negative,negative,0
79934$_$5,79934,5,train,train,0.3333333432674408,0.3333333432674408,0.0,Positive,positive,2
79935$_$13,79935,13,train,train,-2.0,-2.0,0.0,Negative,negative,0
79935$_$15,79935,15,train,train,-1.6666666269302368,-1.6666666269302368,0.0,Negative,negative,0
79935$_$6,79935,6,train,train,-1.3333333730697632,-1.3333333730697632,0.0,Negative,negative,0
79935$_$7,79935,7,train,train,-2.3333332538604736,-2.3333332538604736,0.0,Negative,negative,0
79935$_$8,79935,8,train,train,-1.6666666269302368,-1.6666666269302368,0.0,Negative,negative,0
7EWOMjaKlus$_$12,7EWOMjaKlus,12,train,train,-0.3333333432674408,-0.3333333432674408,0.0,Negative,negative,0
7EWOMjaKlus$_$14,7EWOMjaKlus,14,train,train,1.3333333730697632,1.3333333730697632,0.0,Positive,positive,2
7IxmlIwqigw$_$16,7IxmlIwqigw,16,test,test,0.6666666865348816,0.6666666865348816,0.0,Positive,positive,2
7IxmlIwqigw$_$20,7IxmlIwqigw,20,test,test,0.6666666865348816,0.6666666865348816,0.0,Positive,positive,2
7R70kKqtGh0$_$1,7R70kKqtGh0,1,train,train,1.3333333730697632,1.3333333730697632,0.0,Positive,positive,2
7U_z0JfleAw$_$8,7U_z0JfleAw,8,train,train,0.3333333432674408,0.3333333432674408,0.0,Positive,positive,2
7UlSX-syPeo$_$18,7UlSX-syPeo,18,train,train,0.6666666865348816,0.6666666865348816,0.0,Positive,positive,2
7UlSX-syPeo$_$22,7UlSX-syPeo,22,train,train,1.0,1.0,0.0,Positive,positive,2
7UlSX-syPeo$_$4,7UlSX-syPeo,4,train,train,0.0,0.0,0.0,Neutral,neutral,1
7ZzbemE4QEE$_$15,7ZzbemE4QEE,15,train,train,0.3333333432674408,0.3333333432674408,0.0,Positive,positive,2
7ZzbemE4QEE$_$2,7ZzbemE4QEE,2,train,train,1.3333333730697632,1.3333333730697632,0.0,Positive,positive,2
7ZzbemE4QEE$_$21,7ZzbemE4QEE,21,train,train,0.6666666865348816,0.6666666865348816,0.0,Positive,positive,2
7ZzbemE4QEE$_$25,7ZzbemE4QEE,25,train,train,-0.6666666865348816,-0.6666666865348816,0.0,Negative,negative,0
7ZzbemE4QEE$_$27,7ZzbemE4QEE,27,train,train,0.3333333432674408,0.3333333432674408,0.0,Positive,positive,2
7ZzbemE4QEE$_$3,7ZzbemE4QEE,3,train,train,0.6666666865348816,0.6666666865348816,0.0,Positive,positive,2
7ZzbemE4QEE$_$32,7ZzbemE4QEE,32,train,train,0.0,0.0,0.0,Neutral,neutral,1
7ZzbemE4QEE$_$33,7ZzbemE4QEE,33,train,train,0.0,0.0,0.0,Neutral,neutral,1
7ZzbemE4QEE$_$34,7ZzbemE4QEE,34,train,train,0.0,0.0,0.0,Neutral,neutral,1
7ZzbemE4QEE$_$39,7ZzbemE4QEE,39,train,train,0.0,0.0,0.0,Neutral,neutral,1
7_K3F-lAv1k$_$2,7_K3F-lAv1k,2,valid,valid,0.0,0.0,0.0,Neutral,neutral,1
7deoh0NoMs4$_$0,7deoh0NoMs4,0,test,test,2.0,2.0,0.0,Positive,positive,2
7eJqqvvziQo$_$0,7eJqqvvziQo,0,train,train,2.0,2.0,0.0,Positive,positive,2
7eJqqvvziQo$_$1,7eJqqvvziQo,1,train,train,0.3333333432674408,0.3333333432674408,0.0,Positive,positive,2
7eJqqvvziQo$_$5,7eJqqvvziQo,5,train,train,0.3333333432674408,0.3333333432674408,0.0,Positive,positive,2
7eJqqvvziQo$_$7,7eJqqvvziQo,7,train,train,0.3333333432674408,0.3333333432674408,0.0,Positive,positive,2
7eWclVCXOtk$_$0,7eWclVCXOtk,0,train,train,0.0,0.0,0.0,Neutral,neutral,1
7eWclVCXOtk$_$4,7eWclVCXOtk,4,train,train,1.0,1.0,0.0,Positive,positive,2
7eWclVCXOtk$_$8,7eWclVCXOtk,8,train,train,0.3333333432674408,0.3333333432674408,0.0,Positive,positive,2
7f3ndBCx_JE$_$19,7f3ndBCx_JE,19,test,test,2.0,2.0,0.0,Positive,positive,2
7fPYpqzw1iY$_$12,7fPYpqzw1iY,12,train,train,0.3333333432674408,0.3333333432674408,0.0,Positive,positive,2
7hSWYI99-24$_$3,7hSWYI99-24,3,train,train,1.3333333730697632,1.3333333730697632,0.0,Positive,positive,2
7hSWYI99-24$_$6,7hSWYI99-24,6,train,train,1.0,1.0,0.0,Positive,positive,2
7mb8Y2AhXIY$_$6,7mb8Y2AhXIY,6,test,test,2.0,2.0,0.0,Positive,positive,2
7pZPQbMKGkY$_$0,7pZPQbMKGkY,0,train,train,0.6666666865348816,0.6666666865348816,0.0,Positive,positive,2
7pZPQbMKGkY$_$5,7pZPQbMKGkY,5,train,train,0.0,0.0,0.0,Neutral,neutral,1
7r4vRxKLFCA$_$6,7r4vRxKLFCA,6,valid,valid,-0.6666666865348816,-0.6666666865348816,0.0,Negative,negative,0
7rMLN0KKE5k$_$19,7rMLN0KKE5k,19,train,train,-0.3333333432674408,-0.3333333432674408,0.0,Negative,negative,0
7rMLN0KKE5k$_$28,7rMLN0KKE5k,28,train,train,-0.3333333432674408,-0.3333333432674408,0.0,Negative,negative,0
7rMLN0KKE5k$_$32,7rMLN0KKE5k,32,train,train,1.6666666269302368,1.6666666269302368,0.0,Positive,positive,2
7sgAWvbLtiM$_$1,7sgAWvbLtiM,1,train,train,0.0,0.0,0.0,Neutral,neutral,1
7sgAWvbLtiM$_$6,7sgAWvbLtiM,6,train,train,0.0,0.0,0.0,Neutral,neutral,1
8-Hi9NmF4rM$_$1,8-Hi9NmF4rM,1,train,train,1.0,1.0,0.0,Positive,positive,2
8-Hi9NmF4rM$_$2,8-Hi9NmF4rM,2,train,train,2.3333332538604736,2.3333332538604736,0.0,Positive,positive,2
80566$_$0,80566,0,valid,valid,0.0,0.0,0.0,Neutral,neutral,1
80566$_$1,80566,1,valid,valid,0.0,0.0,0.0,Neutral,neutral,1
80566$_$2,80566,2,valid,valid,0.6666666865348816,0.6666666865348816,0.0,Positive,positive,2
80566$_$3,80566,3,valid,valid,0.3333333432674408,0.3333333432674408,0.0,Positive,positive,2
80566$_$4,80566,4,valid,valid,1.3333333730697632,1.3333333730697632,0.0,Positive,positive,2
80566$_$6,80566,6,valid,valid,0.0,0.0,0.0,Neutral,neutral,1
80620$_$0,80620,0,train,train,0.3333333432674408,0.3333333432674408,0.0,Positive,positive,2
80620$_$2,80620,2,train,train,-2.0,-2.0,0.0,Negative,negative,0
80620$_$5,80620,5,train,train,-2.0,-2.0,0.0,Negative,negative,0
80627$_$11,80627,11,train,train,-1.3333333730697632,-1.3333333730697632,0.0,Negative,negative,0
80627$_$13,80627,13,train,train,-2.0,-2.0,0.0,Negative,negative,0
80855$_$0,80855,0,valid,valid,0.0,0.0,0.0,Neutral,neutral,1
80855$_$10,80855,10,valid,valid,0.3333333432674408,0.3333333432674408,0.0,Positive,positive,2
80855$_$11,80855,11,valid,valid,0.0,0.0,0.0,Neutral,neutral,1
80855$_$12,80855,12,valid,valid,0.0,0.0,0.0,Neutral,neutral,1
80855$_$15,80855,15,valid,valid,2.0,2.0,0.0,Positive,positive,2
80855$_$17,80855,17,valid,valid,0.0,0.0,0.0,Neutral,neutral,1
80855$_$2,80855,2,valid,valid,1.0,1.0,0.0,Positive,positive,2
80855$_$20,80855,20,valid,valid,1.0,1.0,0.0,Positive,positive,2
80855$_$3,80855,3,valid,valid,0.0,0.0,0.0,Neutral,neutral,1
80855$_$7,80855,7,valid,valid,0.0,0.0,0.0,Neutral,neutral,1
80866$_$1,80866,1,train,train,0.6666666865348816,0.6666666865348816,0.0,Positive,positive,2
80866$_$12,80866,12,train,train,-1.6666666269302368,-1.6666666269302368,0.0,Negative,negative,0
80866$_$13,80866,13,train,train,0.0,0.0,0.0,Neutral,neutral,1
80866$_$14,80866,14,train,train,-1.6666666269302368,-1.6666666269302368,0.0,Negative,negative,0
80866$_$2,80866,2,train,train,0.3333333432674408,0.3333333432674408,0.0,Positive,positive,2
80866$_$3,80866,3,train,train,0.3333333432674408,0.3333333432674408,0.0,Positive,positive,2
80866$_$4,80866,4,train,train,0.0,0.0,0.0,Neutral,neutral,1
80866$_$5,80866,5,train,train,0.0,0.0,0.0,Neutral,neutral,1
80866$_$6,80866,6,train,train,0.0,0.0,0.0,Neutral,neutral,1
80914$_$3,80914,3,train,train,0.3333333432674408,0.3333333432674408,0.0,Positive,positive,2
81406$_$0,81406,0,train,train,1.0,1.0,0.0,Positive,positive,2
81406$_$2,81406,2,train,train,-2.3333332538604736,-2.3333332538604736,0.0,Negative,negative,0
81615$_$3,81615,3,train,train,1.6666666269302368,1.6666666269302368,0.0,Positive,positive,2
81615$_$6,81615,6,train,train,-1.0,-1.0,0.0,Negative,negative,0
81615$_$7,81615,7,train,train,-1.0,-1.0,0.0,Negative,negative,0
830KzUc6CbU$_$0,830KzUc6CbU,0,valid,valid,0.0,0.0,0.0,Neutral,neutral,1
830KzUc6CbU$_$13,830KzUc6CbU,13,valid,valid,0.3333333432674408,0.3333333432674408,0.0,Positive,positive,2
83310$_$1,83310,1,train,train,-0.6666666865348816,-0.6666666865348816,0.0,Negative,negative,0
83400$_$5,83400,5,test,test,0.0,0.0,0.0,Neutral,neutral,1
83859$_$1,83859,1,train,train,2.6666667461395264,2.6666667461395264,0.0,Positive,positive,2
83859$_$11,83859,11,train,train,2.6666667461395264,2.6666667461395264,0.0,Positive,positive,2
83859$_$12,83859,12,train,train,0.0,0.0,0.0,Neutral,neutral,1
83859$_$16,83859,16,train,train,3.0,3.0,0.0,Positive,positive,2
83859$_$25,83859,25,train,train,0.6666666865348816,0.6666666865348816,0.0,Positive,positive,2
83859$_$29,83859,29,train,train,0.0,0.0,0.0,Neutral,neutral,1
83859$_$3,83859,3,train,train,2.6666667461395264,2.6666667461395264,0.0,Positive,positive,2
8404$_$11,8404,11,train,train,2.0,2.0,0.0,Positive,positive,2
8404$_$4,8404,4,train,train,3.0,3.0,0.0,Positive,positive,2
84133$_$16,84133,16,train,train,1.6666666269302368,1.6666666269302368,0.0,Positive,positive,2
84133$_$19,84133,19,train,train,-1.6666666269302368,-1.6666666269302368,0.0,Negative,negative,0
84133$_$2,84133,2,train,train,0.0,0.0,0.0,Neutral,neutral,1
84133$_$23,84133,23,train,train,-2.0,-2.0,0.0,Negative,negative,0
84133$_$9,84133,9,train,train,0.0,0.0,0.0,Neutral,neutral,1
84140$_$0,84140,0,valid,valid,1.3333333730697632,1.3333333730697632,0.0,Positive,positive,2
84140$_$5,84140,5,valid,valid,-1.3333333730697632,-1.3333333730697632,0.0,Negative,negative,0
84176$_$1,84176,1,train,train,1.6666666269302368,1.6666666269302368,0.0,Positive,positive,2
84176$_$10,84176,10,train,train,-0.3333333432674408,-0.3333333432674408,0.0,Negative,negative,0
84176$_$8,84176,8,train,train,-3.0,-3.0,0.0,Negative,negative,0
856LGms_0s0$_$9,856LGms_0s0,9,train,train,0.6666666865348816,0.6666666865348816,0.0,Positive,positive,2
86c2OkQ3_U8$_$22,86c2OkQ3_U8,22,test,test,2.0,2.0,0.0,Positive,positive,2
86c2OkQ3_U8$_$3,86c2OkQ3_U8,3,test,test,0.6666666865348816,0.6666666865348816,0.0,Positive,positive,2
87161$_$2,87161,2,train,train,0.0,0.0,0.0,Neutral,neutral,1
87161$_$3,87161,3,train,train,0.0,0.0,0.0,Neutral,neutral,1
87161$_$5,87161,5,train,train,0.0,0.0,0.0,Neutral,neutral,1
87400$_$12,87400,12,train,train,1.6666666269302368,1.6666666269302368,0.0,Positive,positive,2
87400$_$13,87400,13,train,train,2.6666667461395264,2.6666667461395264,0.0,Positive,positive,2
87400$_$14,87400,14,train,train,-0.3333333432674408,-0.3333333432674408,0.0,Negative,negative,0
88245$_$6,88245,6,train,train,-1.0,-1.0,0.0,Negative,negative,0
88791$_$1,88791,1,test,test,-1.0,-1.0,0.0,Negative,negative,0
88791$_$15,88791,15,test,test,0.3333333432674408,0.3333333432674408,0.0,Positive,positive,2
88791$_$2,88791,2,test,test,0.0,0.0,0.0,Neutral,neutral,1
88797$_$0,88797,0,train,train,0.0,0.0,0.0,Neutral,neutral,1
88797$_$12,88797,12,train,train,-0.3333333432674408,-0.3333333432674408,0.0,Negative,negative,0
88797$_$3,88797,3,train,train,0.0,0.0,0.0,Neutral,neutral,1
88797$_$7,88797,7,train,train,0.0,0.0,0.0,Neutral,neutral,1
88888$_$4,88888,4,train,train,1.6666666269302368,1.6666666269302368,0.0,Positive,positive,2
88S1BjwMfdw$_$7,88S1BjwMfdw,7,train,train,0.3333333432674408,0.3333333432674408,0.0,Positive,positive,2
88oSn21TFcA$_$0,88oSn21TFcA,0,train,train,0.0,0.0,0.0,Neutral,neutral,1
88oSn21TFcA$_$8,88oSn21TFcA,8,train,train,-1.0,-1.0,0.0,Negative,negative,0
89747$_$9,89747,9,train,train,2.0,2.0,0.0,Positive,positive,2
89787$_$14,89787,14,train,train,0.0,0.0,0.0,Neutral,neutral,1
89787$_$4,89787,4,train,train,1.0,1.0,0.0,Positive,positive,2
89787$_$7,89787,7,train,train,-2.0,-2.0,0.0,Negative,negative,0
89835$_$0,89835,0,valid,valid,0.0,0.0,0.0,Neutral,neutral,1
89835$_$1,89835,1,valid,valid,1.0,1.0,0.0,Positive,positive,2
89835$_$4,89835,4,valid,valid,-2.6666667461395264,-2.6666667461395264,0.0,Negative,negative,0
89835$_$7,89835,7,valid,valid,-2.3333332538604736,-2.3333332538604736,0.0,Negative,negative,0
89951$_$10,89951,10,train,train,0.0,0.0,0.0,Neutral,neutral,1
89951$_$8,89951,8,train,train,0.3333333432674408,0.3333333432674408,0.0,Positive,positive,2
8Cp8c-eQELQ$_$11,8Cp8c-eQELQ,11,train,train,0.6666666865348816,0.6666666865348816,0.0,Positive,positive,2
8Cp8c-eQELQ$_$16,8Cp8c-eQELQ,16,train,train,0.0,0.0,0.0,Neutral,neutral,1
8EHEEXex5D8$_$11,8EHEEXex5D8,11,train,train,1.0,1.0,0.0,Positive,positive,2
8EHEEXex5D8$_$18,8EHEEXex5D8,18,train,train,1.3333333730697632,1.3333333730697632,0.0,Positive,positive,2
8EHEEXex5D8$_$23,8EHEEXex5D8,23,train,train,0.6666666865348816,0.6666666865348816,0.0,Positive,positive,2
8Lmqsakmw3M$_$20,8Lmqsakmw3M,20,train,train,0.3333333432674408,0.3333333432674408,0.0,Positive,positive,2
8P0zm2oYDyY$_$1,8P0zm2oYDyY,1,train,train,1.0,1.0,0.0,Positive,positive,2
8P0zm2oYDyY$_$6,8P0zm2oYDyY,6,train,train,1.6666666269302368,1.6666666269302368,0.0,Positive,positive,2
8VB6pdJTpX4$_$1,8VB6pdJTpX4,1,train,train,0.3333333432674408,0.3333333432674408,0.0,Positive,positive,2
8VP1qxX9mh4$_$0,8VP1qxX9mh4,0,train,train,1.0,1.0,0.0,Positive,positive,2
8X5tGQLBqPo$_$10,8X5tGQLBqPo,10,train,train,0.0,0.0,0.0,Neutral,neutral,1
8X5tGQLBqPo$_$11,8X5tGQLBqPo,11,train,train,0.3333333432674408,0.3333333432674408,0.0,Positive,positive,2
8X5tGQLBqPo$_$13,8X5tGQLBqPo,13,train,train,0.0,0.0,0.0,Neutral,neutral,1
8X5tGQLBqPo$_$15,8X5tGQLBqPo,15,train,train,0.0,0.0,0.0,Neutral,neutral,1
8XODJwsvBa0$_$2,8XODJwsvBa0,2,train,train,1.3333333730697632,1.3333333730697632,0.0,Positive,positive,2
8XZszYrUSCQ$_$0,8XZszYrUSCQ,0,test,test,1.0,1.0,0.0,Positive,positive,2
8YsIvz4qnk4$_$1,8YsIvz4qnk4,1,train,train,2.6666667461395264,2.6666667461395264,0.0,Positive,positive,2
8eaYvALnJ0o$_$0,8eaYvALnJ0o,0,valid,valid,1.6666666269302368,1.6666666269302368,0.0,Positive,positive,2
8eaYvALnJ0o$_$1,8eaYvALnJ0o,1,valid,valid,2.0,2.0,0.0,Positive,positive,2
8i7u3fl-hP8$_$0,8i7u3fl-hP8,0,test,test,1.3333333730697632,1.3333333730697632,0.0,Positive,positive,2
8lfS97s2AKc$_$0,8lfS97s2AKc,0,test,test,-1.3333333730697632,-1.3333333730697632,0.0,Negative,negative,0
8lfS97s2AKc$_$7,8lfS97s2AKc,7,test,test,-1.0,-1.0,0.0,Negative,negative,0
8ovb-GaZ3QE$_$3,8ovb-GaZ3QE,3,train,train,-1.6666666269302368,-1.6666666269302368,0.0,Negative,negative,0
8ovb-GaZ3QE$_$5,8ovb-GaZ3QE,5,train,train,1.0,1.0,0.0,Positive,positive,2
8qCNtqjygW8$_$0,8qCNtqjygW8,0,train,train,0.3333333432674408,0.3333333432674408,0.0,Positive,positive,2
8qCNtqjygW8$_$1,8qCNtqjygW8,1,train,train,0.3333333432674408,0.3333333432674408,0.0,Positive,positive,2
8qCNtqjygW8$_$10,8qCNtqjygW8,10,train,train,1.0,1.0,0.0,Positive,positive,2
8qCNtqjygW8$_$12,8qCNtqjygW8,12,train,train,1.3333333730697632,1.3333333730697632,0.0,Positive,positive,2
8qCNtqjygW8$_$7,8qCNtqjygW8,7,train,train,-0.3333333432674408,-0.3333333432674408,0.0,Negative,negative,0
8qCNtqjygW8$_$8,8qCNtqjygW8,8,train,train,0.0,0.0,0.0,Neutral,neutral,1
8u5aet7s9_w$_$8,8u5aet7s9_w,8,train,train,2.3333332538604736,2.3333332538604736,0.0,Positive,positive,2
8wNr-NQImFg$_$8,8wNr-NQImFg,8,test,test,0.3333333432674408,0.3333333432674408,0.0,Positive,positive,2
8wQhzezNcUY$_$1,8wQhzezNcUY,1,test,test,2.0,2.0,0.0,Positive,positive,2
8wQhzezNcUY$_$2,8wQhzezNcUY,2,test,test,1.0,1.0,0.0,Positive,positive,2
8x81fzwcJko$_$5,8x81fzwcJko,5,train,train,0.3333333432674408,0.3333333432674408,0.0,Positive,positive,2
8x_nCOh6Wmc$_$6,8x_nCOh6Wmc,6,valid,valid,1.0,1.0,0.0,Positive,positive,2
8xfW_azeNPk$_$1,8xfW_azeNPk,1,train,train,2.3333332538604736,2.3333332538604736,0.0,Positive,positive,2
8xfW_azeNPk$_$12,8xfW_azeNPk,12,train,train,0.6666666865348816,0.6666666865348816,0.0,Positive,positive,2
8xfW_azeNPk$_$8,8xfW_azeNPk,8,train,train,1.3333333730697632,1.3333333730697632,0.0,Positive,positive,2
9-EO2oCAGA4$_$0,9-EO2oCAGA4,0,train,train,0.6666666865348816,0.6666666865348816,0.0,Positive,positive,2
9-EO2oCAGA4$_$10,9-EO2oCAGA4,10,train,train,0.0,0.0,0.0,Neutral,neutral,1
9-EO2oCAGA4$_$3,9-EO2oCAGA4,3,train,train,0.6666666865348816,0.6666666865348816,0.0,Positive,positive,2
9-EO2oCAGA4$_$4,9-EO2oCAGA4,4,train,train,0.6666666865348816,0.6666666865348816,0.0,Positive,positive,2
9-EO2oCAGA4$_$7,9-EO2oCAGA4,7,train,train,1.0,1.0,0.0,Positive,positive,2
9-K1CXCXui4$_$15,9-K1CXCXui4,15,train,train,0.6666666865348816,0.6666666865348816,0.0,Positive,positive,2
9-K1CXCXui4$_$16,9-K1CXCXui4,16,train,train,0.3333333432674408,0.3333333432674408,0.0,Positive,positive,2
90172$_$0,90172,0,train,train,-1.6666666269302368,-1.6666666269302368,0.0,Negative,negative,0
90172$_$11,90172,11,train,train,-1.3333333730697632,-1.3333333730697632,0.0,Negative,negative,0
90172$_$14,90172,14,train,train,-1.6666666269302368,-1.6666666269302368,0.0,Negative,negative,0
90172$_$3,90172,3,train,train,0.0,0.0,0.0,Neutral,neutral,1
90172$_$7,90172,7,train,train,-2.3333332538604736,-2.3333332538604736,0.0,Negative,negative,0
90wZz0thye4$_$10,90wZz0thye4,10,train,train,0.3333333432674408,0.3333333432674408,0.0,Positive,positive,2
90wZz0thye4$_$11,90wZz0thye4,11,train,train,0.6666666865348816,0.6666666865348816,0.0,Positive,positive,2
90wZz0thye4$_$2,90wZz0thye4,2,train,train,1.0,1.0,0.0,Positive,positive,2
91276$_$1,91276,1,train,train,0.0,0.0,0.0,Neutral,neutral,1
91276$_$7,91276,7,train,train,-1.6666666269302368,-1.6666666269302368,0.0,Negative,negative,0
91276$_$8,91276,8,train,train,-1.0,-1.0,0.0,Negative,negative,0
91844$_$10,91844,10,test,test,-0.3333333432674408,-0.3333333432674408,0.0,Negative,negative,0
91844$_$5,91844,5,test,test,3.0,3.0,0.0,Positive,positive,2
91844$_$7,91844,7,test,test,0.6666666865348816,0.6666666865348816,0.0,Positive,positive,2
91844$_$9,91844,9,test,test,-0.3333333432674408,-0.3333333432674408,0.0,Negative,negative,0
91y7nPEWdmQ$_$5,91y7nPEWdmQ,5,train,train,-0.6666666865348816,-0.6666666865348816,0.0,Negative,negative,0
92221$_$11,92221,11,train,train,0.3333333432674408,0.3333333432674408,0.0,Positive,positive,2
92221$_$12,92221,12,train,train,0.0,0.0,0.0,Neutral,neutral,1
92221$_$18,92221,18,train,train,1.0,1.0,0.0,Positive,positive,2
92221$_$5,92221,5,train,train,0.3333333432674408,0.3333333432674408,0.0,Positive,positive,2
92291$_$1,92291,1,test,test,1.3333333730697632,1.3333333730697632,0.0,Positive,positive,2
92291$_$2,92291,2,test,test,0.0,0.0,0.0,Neutral,neutral,1
92291$_$5,92291,5,test,test,-2.3333332538604736,-2.3333332538604736,0.0,Negative,negative,0
92331$_$1,92331,1,train,train,0.3333333432674408,0.3333333432674408,0.0,Positive,positive,2
92331$_$10,92331,10,train,train,-0.6666666865348816,-0.6666666865348816,0.0,Negative,negative,0
92331$_$18,92331,18,train,train,-2.0,-2.0,0.0,Negative,negative,0
92331$_$2,92331,2,train,train,-2.6666667461395264,-2.6666667461395264,0.0,Negative,negative,0
92331$_$20,92331,20,train,train,-2.6666667461395264,-2.6666667461395264,0.0,Negative,negative,0
92331$_$21,92331,21,train,train,-3.0,-3.0,0.0,Negative,negative,0
92331$_$22,92331,22,train,train,-2.0,-2.0,0.0,Negative,negative,0
92331$_$8,92331,8,train,train,-1.6666666269302368,-1.6666666269302368,0.0,Negative,negative,0
92496$_$0,92496,0,test,test,-2.6666667461395264,-2.6666667461395264,0.0,Negative,negative,0
92521$_$0,92521,0,train,train,0.0,0.0,0.0,Neutral,neutral,1
92521$_$6,92521,6,train,train,2.0,2.0,0.0,Positive,positive,2
92533$_$6,92533,6,train,train,-2.3333332538604736,-2.3333332538604736,0.0,Negative,negative,0
92533$_$7,92533,7,train,train,-2.0,-2.0,0.0,Negative,negative,0
93821$_$1,93821,1,train,train,-1.6666666269302368,-1.6666666269302368,0.0,Negative,negative,0
93821$_$7,93821,7,train,train,1.3333333730697632,1.3333333730697632,0.0,Positive,positive,2
93839$_$1,93839,1,train,train,-2.6666667461395264,-2.6666667461395264,0.0,Negative,negative,0
93839$_$11,93839,11,train,train,-2.0,-2.0,0.0,Negative,negative,0
93839$_$7,93839,7,train,train,-1.6666666269302368,-1.6666666269302368,0.0,Negative,negative,0
93iGT5oueTA$_$12,93iGT5oueTA,12,test,test,-2.0,-2.0,0.0,Negative,negative,0
93iGT5oueTA$_$4,93iGT5oueTA,4,test,test,1.3333333730697632,1.3333333730697632,0.0,Positive,positive,2
94215$_$1,94215,1,train,train,-2.0,-2.0,0.0,Negative,negative,0
94481$_$2,94481,2,test,test,0.6666666865348816,0.6666666865348816,0.0,Positive,positive,2
94481$_$4,94481,4,test,test,2.6666667461395264,2.6666667461395264,0.0,Positive,positive,2
94983$_$11,94983,11,train,train,-2.3333332538604736,-2.3333332538604736,0.0,Negative,negative,0
94983$_$6,94983,6,train,train,-1.0,-1.0,0.0,Negative,negative,0
94ULum9MYX0$_$11,94ULum9MYX0,11,train,train,0.0,0.0,0.0,Neutral,neutral,1
96099$_$3,96099,3,train,train,0.0,0.0,0.0,Neutral,neutral,1
96099$_$9,96099,9,train,train,-2.3333332538604736,-2.3333332538604736,0.0,Negative,negative,0
96179$_$13,96179,13,train,train,-2.0,-2.0,0.0,Negative,negative,0
96179$_$14,96179,14,train,train,-1.0,-1.0,0.0,Negative,negative,0
96179$_$5,96179,5,train,train,-1.0,-1.0,0.0,Negative,negative,0
96194$_$12,96194,12,train,train,-0.6666666865348816,-0.6666666865348816,0.0,Negative,negative,0
96194$_$6,96194,6,train,train,-1.3333333730697632,-1.3333333730697632,0.0,Negative,negative,0
96350$_$2,96350,2,train,train,0.0,0.0,0.0,Neutral,neutral,1
96350$_$5,96350,5,train,train,-2.0,-2.0,0.0,Negative,negative,0
96350$_$7,96350,7,train,train,-1.0,-1.0,0.0,Negative,negative,0
96350$_$8,96350,8,train,train,-2.3333332538604736,-2.3333332538604736,0.0,Negative,negative,0
96350$_$9,96350,9,train,train,-2.6666667461395264,-2.6666667461395264,0.0,Negative,negative,0
96361$_$4,96361,4,train,train,0.0,0.0,0.0,Neutral,neutral,1
96361$_$6,96361,6,train,train,1.3333333730697632,1.3333333730697632,0.0,Positive,positive,2
96361$_$7,96361,7,train,train,1.6666666269302368,1.6666666269302368,0.0,Positive,positive,2
96361$_$8,96361,8,train,train,-0.6666666865348816,-0.6666666865348816,0.0,Negative,negative,0
96642$_$1,96642,1,valid,valid,0.0,0.0,0.0,Neutral,neutral,1
96642$_$2,96642,2,valid,valid,0.0,0.0,0.0,Neutral,neutral,1
96642$_$3,96642,3,valid,valid,0.6666666865348816,0.6666666865348816,0.0,Positive,positive,2
96642$_$4,96642,4,valid,valid,-2.0,-2.0,0.0,Negative,negative,0
97095$_$0,97095,0,train,train,0.0,0.0,0.0,Neutral,neutral,1
97095$_$11,97095,11,train,train,2.6666667461395264,2.6666667461395264,0.0,Positive,positive,2
97095$_$16,97095,16,train,train,0.0,0.0,0.0,Neutral,neutral,1
97095$_$17,97095,17,train,train,0.6666666865348816,0.6666666865348816,0.0,Positive,positive,2
97095$_$2,97095,2,train,train,0.0,0.0,0.0,Neutral,neutral,1
97095$_$20,97095,20,train,train,0.0,0.0,0.0,Neutral,neutral,1
97095$_$24,97095,24,train,train,3.0,3.0,0.0,Positive,positive,2
97095$_$29,97095,29,train,train,2.0,2.0,0.0,Positive,positive,2
97095$_$32,97095,32,train,train,0.6666666865348816,0.6666666865348816,0.0,Positive,positive,2
97095$_$33,97095,33,train,train,1.6666666269302368,1.6666666269302368,0.0,Positive,positive,2
97095$_$5,97095,5,train,train,0.0,0.0,0.0,Neutral,neutral,1
97992$_$10,97992,10,train,train,2.3333332538604736,2.3333332538604736,0.0,Positive,positive,2
97992$_$9,97992,9,train,train,-0.6666666865348816,-0.6666666865348816,0.0,Negative,negative,0
97ENTofrmNo$_$0,97ENTofrmNo,0,test,test,1.3333333730697632,1.3333333730697632,0.0,Positive,positive,2
98187$_$1,98187,1,train,train,0.0,0.0,0.0,Neutral,neutral,1
98187$_$11,98187,11,train,train,-2.0,-2.0,0.0,Negative,negative,0
98187$_$12,98187,12,train,train,-1.0,-1.0,0.0,Negative,negative,0
98442$_$10,98442,10,train,train,-0.6666666865348816,-0.6666666865348816,0.0,Negative,negative,0
984VkHzXl8w$_$7,984VkHzXl8w,7,train,train,1.3333333730697632,1.3333333730697632,0.0,Positive,positive,2
99501$_$0,99501,0,valid,valid,0.3333333432674408,0.3333333432674408,0.0,Positive,positive,2
99501$_$1,99501,1,valid,valid,0.0,0.0,0.0,Neutral,neutral,1
99501$_$10,99501,10,valid,valid,-1.6666666269302368,-1.6666666269302368,0.0,Negative,negative,0
99501$_$13,99501,13,valid,valid,-1.6666666269302368,-1.6666666269302368,0.0,Negative,negative,0
99501$_$5,99501,5,valid,valid,-0.3333333432674408,-0.3333333432674408,0.0,Negative,negative,0
99501$_$7,99501,7,valid,valid,-1.0,-1.0,0.0,Negative,negative,0
9BceQC_SdTM$_$3,9BceQC_SdTM,3,train,train,0.3333333432674408,0.3333333432674408,0.0,Positive,positive,2
9BceQC_SdTM$_$6,9BceQC_SdTM,6,train,train,-0.3333333432674408,-0.3333333432674408,0.0,Negative,negative,0
9GzFQBljNIY$_$0,9GzFQBljNIY,0,test,test,0.0,0.0,0.0,Neutral,neutral,1
9K5mYSaoBL4$_$4,9K5mYSaoBL4,4,train,train,0.3333333432674408,0.3333333432674408,0.0,Positive,positive,2
9K5mYSaoBL4$_$9,9K5mYSaoBL4,9,train,train,0.0,0.0,0.0,Neutral,neutral,1
9PzZSheh10U$_$19,9PzZSheh10U,19,test,test,0.3333333432674408,0.3333333432674408,0.0,Positive,positive,2
9PzZSheh10U$_$23,9PzZSheh10U,23,test,test,0.6666666865348816,0.6666666865348816,0.0,Positive,positive,2
9PzZSheh10U$_$24,9PzZSheh10U,24,test,test,2.3333332538604736,2.3333332538604736,0.0,Positive,positive,2
9PzZSheh10U$_$5,9PzZSheh10U,5,test,test,0.0,0.0,0.0,Neutral,neutral,1
9QI-9w_VdB4$_$0,9QI-9w_VdB4,0,valid,valid,0.3333333432674408,0.3333333432674408,0.0,Positive,positive,2
9Un1O2ypJmI$_$5,9Un1O2ypJmI,5,train,train,2.3333332538604736,2.3333332538604736,0.0,Positive,positive,2
9VZ4cpoTFbo$_$2,9VZ4cpoTFbo,2,train,train,0.0,0.0,0.0,Neutral,neutral,1
9VZ4cpoTFbo$_$5,9VZ4cpoTFbo,5,train,train,1.0,1.0,0.0,Positive,positive,2
9cSJglGi9Pg$_$6,9cSJglGi9Pg,6,train,train,0.0,0.0,0.0,Neutral,neutral,1
9cYNT_YSo8o$_$2,9cYNT_YSo8o,2,test,test,-1.0,-1.0,0.0,Negative,negative,0
9cxlcpbmrH0$_$11,9cxlcpbmrH0,11,train,train,0.6666666865348816,0.6666666865348816,0.0,Positive,positive,2
9dFEGb_RfwE$_$11,9dFEGb_RfwE,11,train,train,0.0,0.0,0.0,Neutral,neutral,1
9f6A3ucYArQ$_$3,9f6A3ucYArQ,3,train,train,-1.6666666269302368,-1.6666666269302368,0.0,Negative,negative,0
9orb0lQnVW4$_$0,9orb0lQnVW4,0,test,test,0.0,0.0,0.0,Neutral,neutral,1
9pdyTplXwM4$_$5,9pdyTplXwM4,5,train,train,0.3333333432674408,0.3333333432674408,0.0,Positive,positive,2
9pzn93kdP_g$_$11,9pzn93kdP_g,11,train,train,0.3333333432674408,0.3333333432674408,0.0,Positive,positive,2
9pzn93kdP_g$_$17,9pzn93kdP_g,17,train,train,1.6666666269302368,1.6666666269302368,0.0,Positive,positive,2
9pzn93kdP_g$_$3,9pzn93kdP_g,3,train,train,0.0,0.0,0.0,Neutral,neutral,1
9tX18DNC74w$_$4,9tX18DNC74w,4,train,train,0.0,0.0,0.0,Neutral,neutral,1
9zWeMrfr-l0$_$0,9zWeMrfr-l0,0,train,train,0.0,0.0,0.0,Neutral,neutral,1
A1lFJXUpxZo$_$7,A1lFJXUpxZo,7,test,test,1.6666666269302368,1.6666666269302368,0.0,Positive,positive,2
A4dzxgHDhF0$_$1,A4dzxgHDhF0,1,train,train,0.0,0.0,0.0,Neutral,neutral,1
A8plGi4rbxM$_$4,A8plGi4rbxM,4,train,train,-2.6666667461395264,-2.6666667461395264,0.0,Negative,negative,0
AB1PbMaW03s$_$13,AB1PbMaW03s,13,test,test,0.0,0.0,0.0,Neutral,neutral,1
AB1PbMaW03s$_$3,AB1PbMaW03s,3,test,test,0.3333333432674408,0.3333333432674408,0.0,Positive,positive,2
AB1PbMaW03s$_$8,AB1PbMaW03s,8,test,test,0.0,0.0,0.0,Neutral,neutral,1
ABSC1JNdpTw$_$11,ABSC1JNdpTw,11,train,train,0.0,0.0,0.0,Neutral,neutral,1
ABSC1JNdpTw$_$9,ABSC1JNdpTw,9,train,train,0.3333333432674408,0.3333333432674408,0.0,Positive,positive,2
ADYia28RrFU$_$4,ADYia28RrFU,4,train,train,1.0,1.0,0.0,Positive,positive,2
ADYia28RrFU$_$7,ADYia28RrFU,7,train,train,0.3333333432674408,0.3333333432674408,0.0,Positive,positive,2
ADYia28RrFU$_$8,ADYia28RrFU,8,train,train,-0.3333333432674408,-0.3333333432674408,0.0,Negative,negative,0
ADYia28RrFU$_$9,ADYia28RrFU,9,train,train,1.0,1.0,0.0,Positive,positive,2
AG5EY8ZaFj4$_$15,AG5EY8ZaFj4,15,valid,valid,0.3333333432674408,0.3333333432674408,0.0,Positive,positive,2
AG5EY8ZaFj4$_$3,AG5EY8ZaFj4,3,valid,valid,0.3333333432674408,0.3333333432674408,0.0,Positive,positive,2
AGFgaKPzjMQ$_$2,AGFgaKPzjMQ,2,train,train,0.6666666865348816,0.6666666865348816,0.0,Positive,positive,2
AHiA9hohKr8$_$0,AHiA9hohKr8,0,test,test,0.0,0.0,0.0,Neutral,neutral,1
AIPqRuTjI4E$_$14,AIPqRuTjI4E,14,train,train,0.0,0.0,0.0,Neutral,neutral,1
AIPqRuTjI4E$_$16,AIPqRuTjI4E,16,train,train,0.0,0.0,0.0,Neutral,neutral,1
AKofHsmxa1I$_$6,AKofHsmxa1I,6,train,train,2.3333332538604736,2.3333332538604736,0.0,Positive,positive,2
APYv5s4ucd0$_$9,APYv5s4ucd0,9,train,train,0.6666666865348816,0.6666666865348816,0.0,Positive,positive,2
AVScVfLgNmw$_$1,AVScVfLgNmw,1,train,train,0.0,0.0,0.0,Neutral,neutral,1
AVScVfLgNmw$_$2,AVScVfLgNmw,2,train,train,1.0,1.0,0.0,Positive,positive,2
AepwIhSbAws$_$2,AepwIhSbAws,2,train,train,-1.3333333730697632,-1.3333333730697632,0.0,Negative,negative,0
AggyS1coOb8$_$1,AggyS1coOb8,1,train,train,0.3333333432674408,0.3333333432674408,0.0,Positive,positive,2
AmGocfFQfVE$_$1,AmGocfFQfVE,1,train,train,-0.3333333432674408,-0.3333333432674408,0.0,Negative,negative,0
Arh2TKRi_mg$_$14,Arh2TKRi_mg,14,valid,valid,1.3333333730697632,1.3333333730697632,0.0,Positive,positive,2
Arh2TKRi_mg$_$15,Arh2TKRi_mg,15,valid,valid,1.0,1.0,0.0,Positive,positive,2
Arh2TKRi_mg$_$16,Arh2TKRi_mg,16,valid,valid,0.6666666865348816,0.6666666865348816,0.0,Positive,positive,2
Arh2TKRi_mg$_$19,Arh2TKRi_mg,19,valid,valid,0.3333333432674408,0.3333333432674408,0.0,Positive,positive,2
Arh2TKRi_mg$_$28,Arh2TKRi_mg,28,valid,valid,-0.6666666865348816,-0.6666666865348816,0.0,Negative,negative,0
Arh2TKRi_mg$_$3,Arh2TKRi_mg,3,valid,valid,0.6666666865348816,0.6666666865348816,0.0,Positive,positive,2
Arh2TKRi_mg$_$32,Arh2TKRi_mg,32,valid,valid,2.0,2.0,0.0,Positive,positive,2
AuPCZlKBzq8$_$11,AuPCZlKBzq8,11,train,train,1.3333333730697632,1.3333333730697632,0.0,Positive,positive,2
AxNy9TeTLq8$_$0,AxNy9TeTLq8,0,valid,valid,1.3333333730697632,1.3333333730697632,0.0,Positive,positive,2
Az3e1Opu0LE$_$1,Az3e1Opu0LE,1,train,train,0.0,0.0,0.0,Neutral,neutral,1
Az3e1Opu0LE$_$5,Az3e1Opu0LE,5,train,train,0.0,0.0,0.0,Neutral,neutral,1
BAi3ZJo5Vwg$_$11,BAi3ZJo5Vwg,11,train,train,0.6666666865348816,0.6666666865348816,0.0,Positive,positive,2
BAi3ZJo5Vwg$_$7,BAi3ZJo5Vwg,7,train,train,0.0,0.0,0.0,Neutral,neutral,1
BB_VwJSg3AI$_$6,BB_VwJSg3AI,6,train,train,0.0,0.0,0.0,Neutral,neutral,1
BBoe8-HWPSw$_$4,BBoe8-HWPSw,4,train,train,0.3333333432674408,0.3333333432674408,0.0,Positive,positive,2
BBoe8-HWPSw$_$7,BBoe8-HWPSw,7,train,train,2.3333332538604736,2.3333332538604736,0.0,Positive,positive,2
BDCFV4EqHjY$_$1,BDCFV4EqHjY,1,train,train,0.3333333432674408,0.3333333432674408,0.0,Positive,positive,2
BMhG11CXgww$_$5,BMhG11CXgww,5,train,train,-1.3333333730697632,-1.3333333730697632,0.0,Negative,negative,0
BRdw-_dbJXc$_$19,BRdw-_dbJXc,19,train,train,0.6666666865348816,0.6666666865348816,0.0,Positive,positive,2
BRzjQHYWbSs$_$11,BRzjQHYWbSs,11,train,train,0.0,0.0,0.0,Neutral,neutral,1
BRzjQHYWbSs$_$15,BRzjQHYWbSs,15,train,train,-1.0,-1.0,0.0,Negative,negative,0
BRzjQHYWbSs$_$16,BRzjQHYWbSs,16,train,train,1.0,1.0,0.0,Positive,positive,2
BSKAHXFYF_I$_$1,BSKAHXFYF_I,1,valid,valid,0.3333333432674408,0.3333333432674408,0.0,Positive,positive,2
BSKAHXFYF_I$_$3,BSKAHXFYF_I,3,valid,valid,0.6666666865348816,0.6666666865348816,0.0,Positive,positive,2
BSKAHXFYF_I$_$7,BSKAHXFYF_I,7,valid,valid,0.3333333432674408,0.3333333432674408,0.0,Positive,positive,2
BSKAHXFYF_I$_$8,BSKAHXFYF_I,8,valid,valid,0.3333333432674408,0.3333333432674408,0.0,Positive,positive,2
Baz0VVQ-E9E$_$1,Baz0VVQ-E9E,1,valid,valid,0.0,0.0,0.0,Neutral,neutral,1
Baz0VVQ-E9E$_$10,Baz0VVQ-E9E,10,valid,valid,-0.3333333432674408,-0.3333333432674408,0.0,Negative,negative,0
Baz0VVQ-E9E$_$5,Baz0VVQ-E9E,5,valid,valid,-0.6666666865348816,-0.6666666865348816,0.0,Negative,negative,0
Baz0VVQ-E9E$_$7,Baz0VVQ-E9E,7,valid,valid,0.6666666865348816,0.6666666865348816,0.0,Positive,positive,2
BdqoZ5qpz0E$_$15,BdqoZ5qpz0E,15,train,train,1.0,1.0,0.0,Positive,positive,2
BdqoZ5qpz0E$_$6,BdqoZ5qpz0E,6,train,train,-0.3333333432674408,-0.3333333432674408,0.0,Negative,negative,0
BdqoZ5qpz0E$_$7,BdqoZ5qpz0E,7,train,train,0.6666666865348816,0.6666666865348816,0.0,Positive,positive,2
Bf5owLv3X98$_$4,Bf5owLv3X98,4,train,train,0.3333333432674408,0.3333333432674408,0.0,Positive,positive,2
Bg-PA5KTjNs$_$1,Bg-PA5KTjNs,1,train,train,-0.3333333432674408,-0.3333333432674408,0.0,Negative,negative,0
Bg-PA5KTjNs$_$3,Bg-PA5KTjNs,3,train,train,-0.3333333432674408,-0.3333333432674408,0.0,Negative,negative,0
Bg-PA5KTjNs$_$6,Bg-PA5KTjNs,6,train,train,1.3333333730697632,1.3333333730697632,0.0,Positive,positive,2
Bg-PA5KTjNs$_$8,Bg-PA5KTjNs,8,train,train,1.6666666269302368,1.6666666269302368,0.0,Positive,positive,2
BnWvk0YRgE4$_$0,BnWvk0YRgE4,0,train,train,-0.6666666865348816,-0.6666666865348816,0.0,Negative,negative,0
Bo5IDtP8_Fk$_$11,Bo5IDtP8_Fk,11,train,train,1.0,1.0,0.0,Positive,positive,2
BseI8-TYWm8$_$1,BseI8-TYWm8,1,train,train,0.0,0.0,0.0,Neutral,neutral,1
BseI8-TYWm8$_$2,BseI8-TYWm8,2,train,train,0.0,0.0,0.0,Neutral,neutral,1
BseI8-TYWm8$_$4,BseI8-TYWm8,4,train,train,2.0,2.0,0.0,Positive,positive,2
BuPhjBayua8$_$6,BuPhjBayua8,6,train,train,0.6666666865348816,0.6666666865348816,0.0,Positive,positive,2
BuPhjBayua8$_$7,BuPhjBayua8,7,train,train,-0.6666666865348816,-0.6666666865348816,0.0,Negative,negative,0
C03473pYcRM$_$7,C03473pYcRM,7,train,train,0.3333333432674408,0.3333333432674408,0.0,Positive,positive,2
C3lDRFu1ZcI$_$1,C3lDRFu1ZcI,1,train,train,0.3333333432674408,0.3333333432674408,0.0,Positive,positive,2
C3lDRFu1ZcI$_$3,C3lDRFu1ZcI,3,train,train,0.6666666865348816,0.6666666865348816,0.0,Positive,positive,2
C5-cY1nPQ20$_$11,C5-cY1nPQ20,11,test,test,0.6666666865348816,0.6666666865348816,0.0,Positive,positive,2
C5-cY1nPQ20$_$8,C5-cY1nPQ20,8,test,test,0.3333333432674408,0.3333333432674408,0.0,Positive,positive,2
CBYQDIqucxE$_$0,CBYQDIqucxE,0,train,train,1.0,1.0,0.0,Positive,positive,2
CE9yV4SearE$_$11,CE9yV4SearE,11,train,train,0.3333333432674408,0.3333333432674408,0.0,Positive,positive,2
CHh6hWo1AFE$_$2,CHh6hWo1AFE,2,train,train,-0.6666666865348816,-0.6666666865348816,0.0,Negative,negative,0
CIqRibqChDQ$_$0,CIqRibqChDQ,0,train,train,-0.6666666865348816,-0.6666666865348816,0.0,Negative,negative,0
CIqRibqChDQ$_$8,CIqRibqChDQ,8,train,train,0.0,0.0,0.0,Neutral,neutral,1
CJGuudyvA0Y$_$4,CJGuudyvA0Y,4,valid,valid,-0.6666666865348816,-0.6666666865348816,0.0,Negative,negative,0
CK31s0kfp-k$_$16,CK31s0kfp-k,16,train,train,0.6666666865348816,0.6666666865348816,0.0,Positive,positive,2
CKqDDh50gcU$_$14,CKqDDh50gcU,14,test,test,1.3333333730697632,1.3333333730697632,0.0,Positive,positive,2
CKqDDh50gcU$_$6,CKqDDh50gcU,6,test,test,1.6666666269302368,1.6666666269302368,0.0,Positive,positive,2
CL4hDu95Eqw$_$0,CL4hDu95Eqw,0,train,train,0.6666666865348816,0.6666666865348816,0.0,Positive,positive,2
CL4hDu95Eqw$_$3,CL4hDu95Eqw,3,train,train,2.6666667461395264,2.6666667461395264,0.0,Positive,positive,2
CLkTjujFVKU$_$0,CLkTjujFVKU,0,train,train,1.0,1.0,0.0,Positive,positive,2
CLkTjujFVKU$_$12,CLkTjujFVKU,12,train,train,0.6666666865348816,0.6666666865348816,0.0,Positive,positive,2
CO2YoTZbUr0$_$0,CO2YoTZbUr0,0,test,test,0.0,0.0,0.0,Neutral,neutral,1
CO6n-skQJss$_$0,CO6n-skQJss,0,test,test,0.0,0.0,0.0,Neutral,neutral,1
CO6n-skQJss$_$3,CO6n-skQJss,3,test,test,-1.3333333730697632,-1.3333333730697632,0.0,Negative,negative,0
CPjbogfLHR4$_$2,CPjbogfLHR4,2,valid,valid,0.0,0.0,0.0,Neutral,neutral,1
CPjbogfLHR4$_$5,CPjbogfLHR4,5,valid,valid,2.0,2.0,0.0,Positive,positive,2
CT7QOWbhfv4$_$3,CT7QOWbhfv4,3,train,train,2.0,2.0,0.0,Positive,positive,2
CU6U-gS76K4$_$20,CU6U-gS76K4,20,test,test,1.6666666269302368,1.6666666269302368,0.0,Positive,positive,2
CVx494kExvc$_$15,CVx494kExvc,15,train,train,0.6666666865348816,0.6666666865348816,0.0,Positive,positive,2
CVx494kExvc$_$2,CVx494kExvc,2,train,train,0.6666666865348816,0.6666666865348816,0.0,Positive,positive,2
CVx494kExvc$_$6,CVx494kExvc,6,train,train,0.0,0.0,0.0,Neutral,neutral,1
CVx494kExvc$_$8,CVx494kExvc,8,train,train,0.6666666865348816,0.6666666865348816,0.0,Positive,positive,2
CXojk-oSaEw$_$2,CXojk-oSaEw,2,train,train,-0.6666666865348816,-0.6666666865348816,0.0,Negative,negative,0
CZigX1ntOsI$_$3,CZigX1ntOsI,3,train,train,0.0,0.0,0.0,Neutral,neutral,1
Cb8ay6WtJuM$_$1,Cb8ay6WtJuM,1,train,train,2.6666667461395264,2.6666667461395264,0.0,Positive,positive,2
Cb8ay6WtJuM$_$4,Cb8ay6WtJuM,4,train,train,1.6666666269302368,1.6666666269302368,0.0,Positive,positive,2
CbRexsp1HKw$_$7,CbRexsp1HKw,7,test,test,0.0,0.0,0.0,Neutral,neutral,1
Cd0JH1AreDw$_$5,Cd0JH1AreDw,5,train,train,0.0,0.0,0.0,Neutral,neutral,1
CdB8QBhFccs$_$1,CdB8QBhFccs,1,train,train,0.3333333432674408,0.3333333432674408,0.0,Positive,positive,2
CdB8QBhFccs$_$2,CdB8QBhFccs,2,train,train,-2.0,-2.0,0.0,Negative,negative,0
CdB8QBhFccs$_$4,CdB8QBhFccs,4,train,train,-1.0,-1.0,0.0,Negative,negative,0
Ceu9AkIjuLY$_$13,Ceu9AkIjuLY,13,train,train,-0.6666666865348816,-0.6666666865348816,0.0,Negative,negative,0
Ceu9AkIjuLY$_$2,Ceu9AkIjuLY,2,train,train,0.3333333432674408,0.3333333432674408,0.0,Positive,positive,2
Ceu9AkIjuLY$_$4,Ceu9AkIjuLY,4,train,train,-0.6666666865348816,-0.6666666865348816,0.0,Negative,negative,0
Ceu9AkIjuLY$_$8,Ceu9AkIjuLY,8,train,train,-1.0,-1.0,0.0,Negative,negative,0
ChhZna-aBK4$_$10,ChhZna-aBK4,10,test,test,0.3333333432674408,0.3333333432674408,0.0,Positive,positive,2
ChhZna-aBK4$_$16,ChhZna-aBK4,16,test,test,0.0,0.0,0.0,Neutral,neutral,1
ChhZna-aBK4$_$8,ChhZna-aBK4,8,test,test,0.6666666865348816,0.6666666865348816,0.0,Positive,positive,2
Cj7R36s4dbM$_$10,Cj7R36s4dbM,10,train,train,0.6666666865348816,0.6666666865348816,0.0,Positive,positive,2
Ctc23Icfzvg$_$3,Ctc23Icfzvg,3,train,train,0.0,0.0,0.0,Neutral,neutral,1
Ctc23Icfzvg$_$5,Ctc23Icfzvg,5,train,train,0.0,0.0,0.0,Neutral,neutral,1
CvW0Mh1EWFA$_$3,CvW0Mh1EWFA,3,train,train,1.0,1.0,0.0,Positive,positive,2
CzstrpOTtgo$_$4,CzstrpOTtgo,4,train,train,0.0,0.0,0.0,Neutral,neutral,1
D5cQWqYcBAE$_$0,D5cQWqYcBAE,0,train,train,0.0,0.0,0.0,Neutral,neutral,1
D5cQWqYcBAE$_$2,D5cQWqYcBAE,2,train,train,1.3333333730697632,1.3333333730697632,0.0,Positive,positive,2
DEFDuYyc-Xw$_$7,DEFDuYyc-Xw,7,train,train,-0.3333333432674408,-0.3333333432674408,0.0,Negative,negative,0
DGeBPk1op3E$_$2,DGeBPk1op3E,2,train,train,0.0,0.0,0.0,Neutral,neutral,1
DGeBPk1op3E$_$5,DGeBPk1op3E,5,train,train,2.0,2.0,0.0,Positive,positive,2
DQ7QKE3hzVg$_$1,DQ7QKE3hzVg,1,train,train,0.3333333432674408,0.3333333432674408,0.0,Positive,positive,2
DVAY-u_cJWU$_$5,DVAY-u_cJWU,5,test,test,1.0,1.0,0.0,Positive,positive,2
DXQGngge7vU$_$4,DXQGngge7vU,4,train,train,0.0,0.0,0.0,Neutral,neutral,1
DZBpdzrMelA$_$3,DZBpdzrMelA,3,train,train,0.0,0.0,0.0,Neutral,neutral,1
DZBpdzrMelA$_$5,DZBpdzrMelA,5,train,train,1.0,1.0,0.0,Positive,positive,2
DZIFCYOhosQ$_$5,DZIFCYOhosQ,5,train,train,-0.3333333432674408,-0.3333333432674408,0.0,Negative,negative,0
DZIFCYOhosQ$_$6,DZIFCYOhosQ,6,train,train,0.0,0.0,0.0,Neutral,neutral,1
DaXkixKFEvE$_$4,DaXkixKFEvE,4,train,train,0.3333333432674408,0.3333333432674408,0.0,Positive,positive,2
DatH-ra0VKY$_$12,DatH-ra0VKY,12,train,train,1.0,1.0,0.0,Positive,positive,2
DatH-ra0VKY$_$3,DatH-ra0VKY,3,train,train,0.6666666865348816,0.6666666865348816,0.0,Positive,positive,2
DatH-ra0VKY$_$4,DatH-ra0VKY,4,train,train,0.0,0.0,0.0,Neutral,neutral,1
DbAppk7xT0Y$_$0,DbAppk7xT0Y,0,train,train,0.3333333432674408,0.3333333432674408,0.0,Positive,positive,2
DdUJojoFU_c$_$11,DdUJojoFU_c,11,valid,valid,0.6666666865348816,0.6666666865348816,0.0,Positive,positive,2
DdUJojoFU_c$_$14,DdUJojoFU_c,14,valid,valid,0.0,0.0,0.0,Neutral,neutral,1
DdUJojoFU_c$_$15,DdUJojoFU_c,15,valid,valid,0.3333333432674408,0.3333333432674408,0.0,Positive,positive,2
DdUJojoFU_c$_$16,DdUJojoFU_c,16,valid,valid,1.0,1.0,0.0,Positive,positive,2
DdUJojoFU_c$_$17,DdUJojoFU_c,17,valid,valid,0.3333333432674408,0.3333333432674408,0.0,Positive,positive,2
DdUJojoFU_c$_$2,DdUJojoFU_c,2,valid,valid,0.3333333432674408,0.3333333432674408,0.0,Positive,positive,2
DdUJojoFU_c$_$6,DdUJojoFU_c,6,valid,valid,0.6666666865348816,0.6666666865348816,0.0,Positive,positive,2
DdUJojoFU_c$_$8,DdUJojoFU_c,8,valid,valid,1.0,1.0,0.0,Positive,positive,2
DfTMoqwMHVE$_$0,DfTMoqwMHVE,0,train,train,0.3333333432674408,0.3333333432674408,0.0,Positive,positive,2
DhXBaBOB4E8$_$5,DhXBaBOB4E8,5,train,train,0.6666666865348816,0.6666666865348816,0.0,Positive,positive,2
DiOw-w5LDJ0$_$0,DiOw-w5LDJ0,0,train,train,1.0,1.0,0.0,Positive,positive,2
DiOw-w5LDJ0$_$1,DiOw-w5LDJ0,1,train,train,1.0,1.0,0.0,Positive,positive,2
DjcZrtcBZi4$_$10,DjcZrtcBZi4,10,test,test,0.3333333432674408,0.3333333432674408,0.0,Positive,positive,2
DjcZrtcBZi4$_$8,DjcZrtcBZi4,8,test,test,0.0,0.0,0.0,Neutral,neutral,1
DlbYiwOnTyk$_$1,DlbYiwOnTyk,1,valid,valid,-0.3333333432674408,-0.3333333432674408,0.0,Negative,negative,0
DnBHq5I52LM$_$5,DnBHq5I52LM,5,test,test,-1.3333333730697632,-1.3333333730697632,0.0,Negative,negative,0
Drhrzj1yhVs$_$5,Drhrzj1yhVs,5,train,train,1.0,1.0,0.0,Positive,positive,2
Drhrzj1yhVs$_$8,Drhrzj1yhVs,8,train,train,0.0,0.0,0.0,Neutral,neutral,1
DtbT85s3i94$_$5,DtbT85s3i94,5,test,test,1.0,1.0,0.0,Positive,positive,2
Dws8ZrzF7xQ$_$7,Dws8ZrzF7xQ,7,train,train,0.3333333432674408,0.3333333432674408,0.0,Positive,positive,2
E0g6nae4Ae4$_$1,E0g6nae4Ae4,1,train,train,0.3333333432674408,0.3333333432674408,0.0,Positive,positive,2
E0g6nae4Ae4$_$19,E0g6nae4Ae4,19,train,train,1.3333333730697632,1.3333333730697632,0.0,Positive,positive,2
E0g6nae4Ae4$_$22,E0g6nae4Ae4,22,train,train,0.6666666865348816,0.6666666865348816,0.0,Positive,positive,2
E0g6nae4Ae4$_$23,E0g6nae4Ae4,23,train,train,1.3333333730697632,1.3333333730697632,0.0,Positive,positive,2
E0g6nae4Ae4$_$24,E0g6nae4Ae4,24,train,train,1.0,1.0,0.0,Positive,positive,2
E0g6nae4Ae4$_$33,E0g6nae4Ae4,33,train,train,1.0,1.0,0.0,Positive,positive,2
E0g6nae4Ae4$_$4,E0g6nae4Ae4,4,train,train,1.3333333730697632,1.3333333730697632,0.0,Positive,positive,2
E0g6nae4Ae4$_$8,E0g6nae4Ae4,8,train,train,0.0,0.0,0.0,Neutral,neutral,1
E8L1Z71vKG8$_$3,E8L1Z71vKG8,3,train,train,0.0,0.0,0.0,Neutral,neutral,1
E8MuzHUhUHk$_$14,E8MuzHUhUHk,14,valid,valid,0.6666666865348816,0.6666666865348816,0.0,Positive,positive,2
E8MuzHUhUHk$_$15,E8MuzHUhUHk,15,valid,valid,1.6666666269302368,1.6666666269302368,0.0,Positive,positive,2
E8MuzHUhUHk$_$16,E8MuzHUhUHk,16,valid,valid,2.0,2.0,0.0,Positive,positive,2
E8MuzHUhUHk$_$2,E8MuzHUhUHk,2,valid,valid,0.0,0.0,0.0,Neutral,neutral,1
E8MuzHUhUHk$_$9,E8MuzHUhUHk,9,valid,valid,0.3333333432674408,0.3333333432674408,0.0,Positive,positive,2
EEUGfVTyTQM$_$1,EEUGfVTyTQM,1,train,train,1.3333333730697632,1.3333333730697632,0.0,Positive,positive,2
EEjCkc82oyk$_$7,EEjCkc82oyk,7,valid,valid,-1.0,-1.0,0.0,Negative,negative,0
EEjCkc82oyk$_$9,EEjCkc82oyk,9,valid,valid,0.0,0.0,0.0,Neutral,neutral,1
EHbZ2EeVags$_$1,EHbZ2EeVags,1,train,train,1.3333333730697632,1.3333333730697632,0.0,Positive,positive,2
EJT25p7JahU$_$6,EJT25p7JahU,6,train,train,0.3333333432674408,0.3333333432674408,0.0,Positive,positive,2
EJT25p7JahU$_$7,EJT25p7JahU,7,train,train,-1.3333333730697632,-1.3333333730697632,0.0,Negative,negative,0
EMS14J0odIE$_$16,EMS14J0odIE,16,test,test,-0.3333333432674408,-0.3333333432674408,0.0,Negative,negative,0
EO_5o9Gup6g$_$10,EO_5o9Gup6g,10,test,test,-0.6666666865348816,-0.6666666865348816,0.0,Negative,negative,0
EO_5o9Gup6g$_$4,EO_5o9Gup6g,4,test,test,-1.0,-1.0,0.0,Negative,negative,0
EO_5o9Gup6g$_$6,EO_5o9Gup6g,6,test,test,-2.0,-2.0,0.0,Negative,negative,0
EO_SN04Xef0$_$2,EO_SN04Xef0,2,train,train,2.0,2.0,0.0,Positive,positive,2
EOkdFMw0pmk$_$11,EOkdFMw0pmk,11,train,train,0.0,0.0,0.0,Neutral,neutral,1
EOkdFMw0pmk$_$9,EOkdFMw0pmk,9,train,train,0.0,0.0,0.0,Neutral,neutral,1
EQxkXiWAm08$_$8,EQxkXiWAm08,8,valid,valid,0.3333333432674408,0.3333333432674408,0.0,Positive,positive,2
ERnYvxojeu0$_$1,ERnYvxojeu0,1,train,train,0.0,0.0,0.0,Neutral,neutral,1
ERnYvxojeu0$_$2,ERnYvxojeu0,2,train,train,0.0,0.0,0.0,Neutral,neutral,1
ERnYvxojeu0$_$4,ERnYvxojeu0,4,train,train,0.3333333432674408,0.3333333432674408,0.0,Positive,positive,2
ET1cU5_A2YM$_$1,ET1cU5_A2YM,1,valid,valid,-2.3333332538604736,-2.3333332538604736,0.0,Negative,negative,0
ET1cU5_A2YM$_$3,ET1cU5_A2YM,3,valid,valid,0.0,0.0,0.0,Neutral,neutral,1
ET1cU5_A2YM$_$6,ET1cU5_A2YM,6,valid,valid,-2.0,-2.0,0.0,Negative,negative,0
EULEL3QhKD0$_$3,EULEL3QhKD0,3,train,train,0.3333333432674408,0.3333333432674408,0.0,Positive,positive,2
E_ocLuUw-1I$_$1,E_ocLuUw-1I,1,train,train,0.5,0.5,0.0,Positive,positive,2
Ea_Huc2-lwo$_$2,Ea_Huc2-lwo,2,train,train,1.6666666269302368,1.6666666269302368,0.0,Positive,positive,2
Emi9cw9xa00$_$9,Emi9cw9xa00,9,train,train,-1.0,-1.0,0.0,Negative,negative,0
Emjv2cDzW1E$_$0,Emjv2cDzW1E,0,train,train,0.0,0.0,0.0,Neutral,neutral,1
EmmuWoCUgXs$_$22,EmmuWoCUgXs,22,valid,valid,-0.6666666865348816,-0.6666666865348816,0.0,Negative,negative,0
EmmuWoCUgXs$_$7,EmmuWoCUgXs,7,valid,valid,-0.6666666865348816,-0.6666666865348816,0.0,Negative,negative,0
EoC83JhkCAw$_$10,EoC83JhkCAw,10,train,train,0.6666666865348816,0.6666666865348816,0.0,Positive,positive,2
EoC83JhkCAw$_$4,EoC83JhkCAw,4,train,train,2.3333332538604736,2.3333332538604736,0.0,Positive,positive,2
EoC83JhkCAw$_$5,EoC83JhkCAw,5,train,train,1.3333333730697632,1.3333333730697632,0.0,Positive,positive,2
EpadyoYlAjQ$_$0,EpadyoYlAjQ,0,train,train,0.3333333432674408,0.3333333432674408,0.0,Positive,positive,2
Es9MkKsMsjU$_$10,Es9MkKsMsjU,10,valid,valid,-1.3333333730697632,-1.3333333730697632,0.0,Negative,negative,0
Es9MkKsMsjU$_$12,Es9MkKsMsjU,12,valid,valid,-1.6666666269302368,-1.6666666269302368,0.0,Negative,negative,0
Es9MkKsMsjU$_$2,Es9MkKsMsjU,2,valid,valid,-1.6666666269302368,-1.6666666269302368,0.0,Negative,negative,0
Es9MkKsMsjU$_$7,Es9MkKsMsjU,7,valid,valid,-1.6666666269302368,-1.6666666269302368,0.0,Negative,negative,0
ExDLNkDVsxY$_$4,ExDLNkDVsxY,4,train,train,0.0,0.0,0.0,Neutral,neutral,1
ExDLNkDVsxY$_$6,ExDLNkDVsxY,6,train,train,0.3333333432674408,0.3333333432674408,0.0,Positive,positive,2
EyoMU2yoJPY$_$11,EyoMU2yoJPY,11,test,test,1.6666666269302368,1.6666666269302368,0.0,Positive,positive,2
EyoMU2yoJPY$_$7,EyoMU2yoJPY,7,test,test,-0.3333333432674408,-0.3333333432674408,0.0,Negative,negative,0
Ezn3p5FWF_U$_$4,Ezn3p5FWF_U,4,valid,valid,1.0,1.0,0.0,Positive,positive,2
F1U26PLiXjM$_$1,F1U26PLiXjM,1,valid,valid,0.6666666865348816,0.6666666865348816,0.0,Positive,positive,2
F2M7WbPXRps$_$11,F2M7WbPXRps,11,train,train,0.3333333432674408,0.3333333432674408,0.0,Positive,positive,2
F2M7WbPXRps$_$12,F2M7WbPXRps,12,train,train,0.3333333432674408,0.3333333432674408,0.0,Positive,positive,2
F2hc2FLOdhI$_$3,F2hc2FLOdhI,3,test,test,1.0,1.0,0.0,Positive,positive,2
F2hc2FLOdhI$_$5,F2hc2FLOdhI,5,test,test,1.0,1.0,0.0,Positive,positive,2
F4OhXQTMOEc$_$3,F4OhXQTMOEc,3,train,train,-1.3333333730697632,-1.3333333730697632,0.0,Negative,negative,0
F59hwsm4Ld0$_$0,F59hwsm4Ld0,0,train,train,1.6666666269302368,1.6666666269302368,0.0,Positive,positive,2
F59hwsm4Ld0$_$11,F59hwsm4Ld0,11,train,train,1.0,1.0,0.0,Positive,positive,2
F59hwsm4Ld0$_$14,F59hwsm4Ld0,14,train,train,-0.6666666865348816,-0.6666666865348816,0.0,Negative,negative,0
F59hwsm4Ld0$_$16,F59hwsm4Ld0,16,train,train,0.0,0.0,0.0,Neutral,neutral,1
F59hwsm4Ld0$_$17,F59hwsm4Ld0,17,train,train,1.3333333730697632,1.3333333730697632,0.0,Positive,positive,2
F59hwsm4Ld0$_$23,F59hwsm4Ld0,23,train,train,0.6666666865348816,0.6666666865348816,0.0,Positive,positive,2
F59hwsm4Ld0$_$36,F59hwsm4Ld0,36,train,train,1.0,1.0,0.0,Positive,positive,2
F59hwsm4Ld0$_$49,F59hwsm4Ld0,49,train,train,1.0,1.0,0.0,Positive,positive,2
F59hwsm4Ld0$_$6,F59hwsm4Ld0,6,train,train,1.3333333730697632,1.3333333730697632,0.0,Positive,positive,2
F59hwsm4Ld0$_$7,F59hwsm4Ld0,7,train,train,1.0,1.0,0.0,Positive,positive,2
F5SGdvSRJmo$_$10,F5SGdvSRJmo,10,train,train,1.0,1.0,0.0,Positive,positive,2
F5SGdvSRJmo$_$3,F5SGdvSRJmo,3,train,train,1.3333333730697632,1.3333333730697632,0.0,Positive,positive,2
F5SGdvSRJmo$_$7,F5SGdvSRJmo,7,train,train,2.0,2.0,0.0,Positive,positive,2
F6Ci45lP5aA$_$0,F6Ci45lP5aA,0,train,train,0.6666666865348816,0.6666666865348816,0.0,Positive,positive,2
F6JV-K840EY$_$2,F6JV-K840EY,2,valid,valid,0.0,0.0,0.0,Neutral,neutral,1
F8KE2ZhoUe4$_$16,F8KE2ZhoUe4,16,train,train,0.3333333432674408,0.3333333432674408,0.0,Positive,positive,2
F8KE2ZhoUe4$_$19,F8KE2ZhoUe4,19,train,train,1.0,1.0,0.0,Positive,positive,2
F8KE2ZhoUe4$_$20,F8KE2ZhoUe4,20,train,train,1.0,1.0,0.0,Positive,positive,2
F8KE2ZhoUe4$_$4,F8KE2ZhoUe4,4,train,train,0.3333333432674408,0.3333333432674408,0.0,Positive,positive,2
F8eQI8E-6q4$_$3,F8eQI8E-6q4,3,test,test,-0.6666666865348816,-0.6666666865348816,0.0,Negative,negative,0
FB_b1dm0SRY$_$0,FB_b1dm0SRY,0,valid,valid,0.3333333432674408,0.3333333432674408,0.0,Positive,positive,2
FB_b1dm0SRY$_$10,FB_b1dm0SRY,10,valid,valid,0.0,0.0,0.0,Neutral,neutral,1
FB_b1dm0SRY$_$6,FB_b1dm0SRY,6,valid,valid,0.6666666865348816,0.6666666865348816,0.0,Positive,positive,2
FB_b1dm0SRY$_$8,FB_b1dm0SRY,8,valid,valid,1.6666666269302368,1.6666666269302368,0.0,Positive,positive,2
FB_b1dm0SRY$_$9,FB_b1dm0SRY,9,valid,valid,0.0,0.0,0.0,Neutral,neutral,1
FHDVQkU-nGI$_$7,FHDVQkU-nGI,7,test,test,2.0,2.0,0.0,Positive,positive,2
FHlzZ2VxuGQ$_$13,FHlzZ2VxuGQ,13,train,train,-0.6666666865348816,-0.6666666865348816,0.0,Negative,negative,0
FHlzZ2VxuGQ$_$7,FHlzZ2VxuGQ,7,train,train,0.3333333432674408,0.3333333432674408,0.0,Positive,positive,2
FHlzZ2VxuGQ$_$9,FHlzZ2VxuGQ,9,train,train,1.0,1.0,0.0,Positive,positive,2
FLyWn2DCci4$_$1,FLyWn2DCci4,1,train,train,0.3333333432674408,0.3333333432674408,0.0,Positive,positive,2
FLyWn2DCci4$_$3,FLyWn2DCci4,3,train,train,0.0,0.0,0.0,Neutral,neutral,1
FMW6diQ9rMo$_$4,FMW6diQ9rMo,4,train,train,-0.3333333432674408,-0.3333333432674408,0.0,Negative,negative,0
FMW6diQ9rMo$_$8,FMW6diQ9rMo,8,train,train,-0.3333333432674408,-0.3333333432674408,0.0,Negative,negative,0
FOMXt3lStco$_$1,FOMXt3lStco,1,train,train,0.3333333432674408,0.3333333432674408,0.0,Positive,positive,2
FR0B64ID-hA$_$5,FR0B64ID-hA,5,train,train,-0.6666666865348816,-0.6666666865348816,0.0,Negative,negative,0
FRKwvmrwrZA$_$22,FRKwvmrwrZA,22,train,train,-0.3333333432674408,-0.3333333432674408,0.0,Negative,negative,0
FRKwvmrwrZA$_$24,FRKwvmrwrZA,24,train,train,0.3333333432674408,0.3333333432674408,0.0,Positive,positive,2
FX-YgVKC1AI$_$5,FX-YgVKC1AI,5,train,train,0.6666666865348816,0.6666666865348816,0.0,Positive,positive,2
FX-YgVKC1AI$_$7,FX-YgVKC1AI,7,train,train,1.3333333730697632,1.3333333730697632,0.0,Positive,positive,2
F_YaG_pvZrA$_$11,F_YaG_pvZrA,11,test,test,0.0,0.0,0.0,Neutral,neutral,1
FaHosBIr0xY$_$3,FaHosBIr0xY,3,train,train,0.6666666865348816,0.6666666865348816,0.0,Positive,positive,2
FdTczBnXtYU$_$3,FdTczBnXtYU,3,train,train,1.3333333730697632,1.3333333730697632,0.0,Positive,positive,2
FmIS69vB12I$_$0,FmIS69vB12I,0,train,train,1.0,1.0,0.0,Positive,positive,2
FmIS69vB12I$_$13,FmIS69vB12I,13,train,train,0.3333333432674408,0.3333333432674408,0.0,Positive,positive,2
FmIS69vB12I$_$2,FmIS69vB12I,2,train,train,0.0,0.0,0.0,Neutral,neutral,1
FmIS69vB12I$_$3,FmIS69vB12I,3,train,train,0.3333333432674408,0.3333333432674408,0.0,Positive,positive,2
FmIS69vB12I$_$7,FmIS69vB12I,7,train,train,-0.6666666865348816,-0.6666666865348816,0.0,Negative,negative,0
Fmwc7wkIc4Q$_$10,Fmwc7wkIc4Q,10,train,train,0.0,0.0,0.0,Neutral,neutral,1
Fmwc7wkIc4Q$_$13,Fmwc7wkIc4Q,13,train,train,0.3333333432674408,0.3333333432674408,0.0,Positive,positive,2
Fmwc7wkIc4Q$_$14,Fmwc7wkIc4Q,14,train,train,0.0,0.0,0.0,Neutral,neutral,1
FphtHpVV-7w$_$0,FphtHpVV-7w,0,train,train,-1.0,-1.0,0.0,Negative,negative,0
FphtHpVV-7w$_$3,FphtHpVV-7w,3,train,train,0.6666666865348816,0.6666666865348816,0.0,Positive,positive,2
FsmNLTdE2p0$_$0,FsmNLTdE2p0,0,train,train,0.3333333432674408,0.3333333432674408,0.0,Positive,positive,2
FvoZgWvc3gc$_$11,FvoZgWvc3gc,11,train,train,0.6666666865348816,0.6666666865348816,0.0,Positive,positive,2
FxxJB8hBpyQ$_$1,FxxJB8hBpyQ,1,valid,valid,-0.3333333432674408,-0.3333333432674408,0.0,Negative,negative,0
Fy0Uid9afM8$_$0,Fy0Uid9afM8,0,valid,valid,-1.0,-1.0,0.0,Negative,negative,0
Fy0Uid9afM8$_$3,Fy0Uid9afM8,3,valid,valid,-0.6666666865348816,-0.6666666865348816,0.0,Negative,negative,0
Fy0Uid9afM8$_$4,Fy0Uid9afM8,4,valid,valid,-1.0,-1.0,0.0,Negative,negative,0
Fy0Uid9afM8$_$5,Fy0Uid9afM8,5,valid,valid,-1.3333333730697632,-1.3333333730697632,0.0,Negative,negative,0
FylhSeozvG8$_$2,FylhSeozvG8,2,train,train,-0.3333333432674408,-0.3333333432674408,0.0,Negative,negative,0
FylhSeozvG8$_$3,FylhSeozvG8,3,train,train,1.0,1.0,0.0,Positive,positive,2
FylhSeozvG8$_$5,FylhSeozvG8,5,train,train,0.6666666865348816,0.6666666865348816,0.0,Positive,positive,2
FylhSeozvG8$_$6,FylhSeozvG8,6,train,train,-1.3333333730697632,-1.3333333730697632,0.0,Negative,negative,0
G1Z_JUTgZqo$_$0,G1Z_JUTgZqo,0,train,train,0.0,0.0,0.0,Neutral,neutral,1
G1Z_JUTgZqo$_$2,G1Z_JUTgZqo,2,train,train,0.3333333432674408,0.3333333432674408,0.0,Positive,positive,2
G1Z_JUTgZqo$_$3,G1Z_JUTgZqo,3,train,train,0.0,0.0,0.0,Neutral,neutral,1
G38DwNDQ8Cc$_$0,G38DwNDQ8Cc,0,train,train,0.0,0.0,0.0,Neutral,neutral,1
G38DwNDQ8Cc$_$1,G38DwNDQ8Cc,1,train,train,-1.6666666269302368,-1.6666666269302368,0.0,Negative,negative,0
G38DwNDQ8Cc$_$2,G38DwNDQ8Cc,2,train,train,-1.0,-1.0,0.0,Negative,negative,0
G38DwNDQ8Cc$_$26,G38DwNDQ8Cc,26,train,train,-0.6666666865348816,-0.6666666865348816,0.0,Negative,negative,0
G38DwNDQ8Cc$_$5,G38DwNDQ8Cc,5,train,train,-0.3333333432674408,-0.3333333432674408,0.0,Negative,negative,0
G4HMKRdIva0$_$10,G4HMKRdIva0,10,train,train,-0.3333333432674408,-0.3333333432674408,0.0,Negative,negative,0
G4HMKRdIva0$_$15,G4HMKRdIva0,15,train,train,1.0,1.0,0.0,Positive,positive,2
G4HMKRdIva0$_$18,G4HMKRdIva0,18,train,train,-0.3333333432674408,-0.3333333432674408,0.0,Negative,negative,0
G8p4QMjLUXI$_$7,G8p4QMjLUXI,7,train,train,0.3333333432674408,0.3333333432674408,0.0,Positive,positive,2
G8p4QMjLUXI$_$9,G8p4QMjLUXI,9,train,train,2.6666667461395264,2.6666667461395264,0.0,Positive,positive,2
GAVpYuhMZAw$_$1,GAVpYuhMZAw,1,test,test,2.0,2.0,0.0,Positive,positive,2
GAVpYuhMZAw$_$12,GAVpYuhMZAw,12,test,test,1.0,1.0,0.0,Positive,positive,2
GAVpYuhMZAw$_$4,GAVpYuhMZAw,4,test,test,0.3333333432674408,0.3333333432674408,0.0,Positive,positive,2
GAVpYuhMZAw$_$6,GAVpYuhMZAw,6,test,test,-0.3333333432674408,-0.3333333432674408,0.0,Negative,negative,0
GAY5ICoVnA8$_$12,GAY5ICoVnA8,12,train,train,1.0,1.0,0.0,Positive,positive,2
GAY5ICoVnA8$_$3,GAY5ICoVnA8,3,train,train,0.6666666865348816,0.6666666865348816,0.0,Positive,positive,2
GAY5ICoVnA8$_$5,GAY5ICoVnA8,5,train,train,1.0,1.0,0.0,Positive,positive,2
GCOFujDHDx0$_$10,GCOFujDHDx0,10,train,train,0.0,0.0,0.0,Neutral,neutral,1
GCOFujDHDx0$_$2,GCOFujDHDx0,2,train,train,0.3333333432674408,0.3333333432674408,0.0,Positive,positive,2
GCOFujDHDx0$_$5,GCOFujDHDx0,5,train,train,-0.3333333432674408,-0.3333333432674408,0.0,Negative,negative,0
GCOFujDHDx0$_$9,GCOFujDHDx0,9,train,train,0.3333333432674408,0.3333333432674408,0.0,Positive,positive,2
GICVzJMDfv0$_$1,GICVzJMDfv0,1,train,train,1.0,1.0,0.0,Positive,positive,2
GJyzeK-Cn-0$_$6,GJyzeK-Cn-0,6,train,train,0.6666666865348816,0.6666666865348816,0.0,Positive,positive,2
GK-Pprzh0t0$_$1,GK-Pprzh0t0,1,test,test,-1.6666666269302368,-1.6666666269302368,0.0,Negative,negative,0
GKsjv42t284$_$1,GKsjv42t284,1,test,test,1.3333333730697632,1.3333333730697632,0.0,Positive,positive,2
GMa0cIAltnw$_$3,GMa0cIAltnw,3,test,test,0.3333333432674408,0.3333333432674408,0.0,Positive,positive,2
GMnoxaqqReQ$_$1,GMnoxaqqReQ,1,train,train,0.0,0.0,0.0,Neutral,neutral,1
GNP0PFas12Y$_$4,GNP0PFas12Y,4,test,test,0.3333333432674408,0.3333333432674408,0.0,Positive,positive,2
GOj7TBcEA8E$_$3,GOj7TBcEA8E,3,train,train,1.3333333730697632,1.3333333730697632,0.0,Positive,positive,2
GOj7TBcEA8E$_$4,GOj7TBcEA8E,4,train,train,0.0,0.0,0.0,Neutral,neutral,1
GOj7TBcEA8E$_$8,GOj7TBcEA8E,8,train,train,1.0,1.0,0.0,Positive,positive,2
GRFXnnrQaB4$_$0,GRFXnnrQaB4,0,train,train,-0.6666666865348816,-0.6666666865348816,0.0,Negative,negative,0
GSnt_fW8qjI$_$4,GSnt_fW8qjI,4,train,train,0.6666666865348816,0.6666666865348816,0.0,Positive,positive,2
GTGtVdAuyRc$_$0,GTGtVdAuyRc,0,train,train,0.3333333432674408,0.3333333432674408,0.0,Positive,positive,2
GTGtVdAuyRc$_$10,GTGtVdAuyRc,10,train,train,0.3333333432674408,0.3333333432674408,0.0,Positive,positive,2
GTGtVdAuyRc$_$5,GTGtVdAuyRc,5,train,train,1.6666666269302368,1.6666666269302368,0.0,Positive,positive,2
GUffC7vu9zA$_$26,GUffC7vu9zA,26,train,train,0.3333333432674408,0.3333333432674408,0.0,Positive,positive,2
GUffC7vu9zA$_$37,GUffC7vu9zA,37,train,train,0.6666666865348816,0.6666666865348816,0.0,Positive,positive,2
GUffC7vu9zA$_$41,GUffC7vu9zA,41,train,train,0.0,0.0,0.0,Neutral,neutral,1
GUffC7vu9zA$_$43,GUffC7vu9zA,43,train,train,1.0,1.0,0.0,Positive,positive,2
G_M3lYn6hAA$_$5,G_M3lYn6hAA,5,train,train,2.3333332538604736,2.3333332538604736,0.0,Positive,positive,2
GcfETVXgtg0$_$3,GcfETVXgtg0,3,train,train,0.6666666865348816,0.6666666865348816,0.0,Positive,positive,2
Gg9ZcRlwnbc$_$14,Gg9ZcRlwnbc,14,train,train,0.6666666865348816,0.6666666865348816,0.0,Positive,positive,2
Gg9ZcRlwnbc$_$16,Gg9ZcRlwnbc,16,train,train,0.0,0.0,0.0,Neutral,neutral,1
GkoBk5K-FH0$_$21,GkoBk5K-FH0,21,train,train,1.6666666269302368,1.6666666269302368,0.0,Positive,positive,2
Gljee9uq_Rc$_$11,Gljee9uq_Rc,11,train,train,-0.3333333432674408,-0.3333333432674408,0.0,Negative,negative,0
Gljee9uq_Rc$_$12,Gljee9uq_Rc,12,train,train,-0.3333333432674408,-0.3333333432674408,0.0,Negative,negative,0
Gljee9uq_Rc$_$16,Gljee9uq_Rc,16,train,train,-1.6666666269302368,-1.6666666269302368,0.0,Negative,negative,0
Gljee9uq_Rc$_$6,Gljee9uq_Rc,6,train,train,0.0,0.0,0.0,Neutral,neutral,1
Gmhi58erY6k$_$0,Gmhi58erY6k,0,train,train,0.0,0.0,0.0,Neutral,neutral,1
GpRDC-S88dM$_$1,GpRDC-S88dM,1,train,train,0.6666666865348816,0.6666666865348816,0.0,Positive,positive,2
GpRDC-S88dM$_$18,GpRDC-S88dM,18,train,train,1.0,1.0,0.0,Positive,positive,2
GpRDC-S88dM$_$25,GpRDC-S88dM,25,train,train,1.3333333730697632,1.3333333730697632,0.0,Positive,positive,2
GtRxTvuF6J0$_$7,GtRxTvuF6J0,7,train,train,1.3333333730697632,1.3333333730697632,0.0,Positive,positive,2
Gv0kKbfwPpI$_$2,Gv0kKbfwPpI,2,train,train,0.0,0.0,0.0,Neutral,neutral,1
H-AJ-grXvgQ$_$0,H-AJ-grXvgQ,0,train,train,0.6666666865348816,0.6666666865348816,0.0,Positive,positive,2
H1DpVwktfDQ$_$0,H1DpVwktfDQ,0,valid,valid,1.6666666269302368,1.6666666269302368,0.0,Positive,positive,2
H26MMmrHTlQ$_$7,H26MMmrHTlQ,7,train,train,0.0,0.0,0.0,Neutral,neutral,1
H26MMmrHTlQ$_$8,H26MMmrHTlQ,8,train,train,0.6666666865348816,0.6666666865348816,0.0,Positive,positive,2
H4RysMUSQD8$_$7,H4RysMUSQD8,7,train,train,0.0,0.0,0.0,Neutral,neutral,1
H4w9mU8B3Mc$_$7,H4w9mU8B3Mc,7,train,train,0.6666666865348816,0.6666666865348816,0.0,Positive,positive,2
HByf7qiO-Kg$_$3,HByf7qiO-Kg,3,train,train,0.6666666865348816,0.6666666865348816,0.0,Positive,positive,2
HFPGeaEPy9o$_$0,HFPGeaEPy9o,0,test,test,-0.3333333432674408,-0.3333333432674408,0.0,Negative,negative,0
HGicRLwgtkM$_$1,HGicRLwgtkM,1,valid,valid,1.0,1.0,0.0,Positive,positive,2
HGicRLwgtkM$_$2,HGicRLwgtkM,2,valid,valid,2.0,2.0,0.0,Positive,positive,2
HGicRLwgtkM$_$3,HGicRLwgtkM,3,valid,valid,1.0,1.0,0.0,Positive,positive,2
HGicRLwgtkM$_$6,HGicRLwgtkM,6,valid,valid,2.3333332538604736,2.3333332538604736,0.0,Positive,positive,2
HIsJqphLCyw$_$1,HIsJqphLCyw,1,train,train,0.0,0.0,0.0,Neutral,neutral,1
HJTxq72GuMs$_$14,HJTxq72GuMs,14,test,test,0.6666666865348816,0.6666666865348816,0.0,Positive,positive,2
HLFaW4oVP9E$_$13,HLFaW4oVP9E,13,train,train,0.0,0.0,0.0,Neutral,neutral,1
HMRqR-P68Ws$_$0,HMRqR-P68Ws,0,test,test,1.0,1.0,0.0,Positive,positive,2
HOCsiS0pmf0$_$2,HOCsiS0pmf0,2,train,train,0.6666666865348816,0.6666666865348816,0.0,Positive,positive,2
HQ2LwfRcrVc$_$11,HQ2LwfRcrVc,11,train,train,2.3333332538604736,2.3333332538604736,0.0,Positive,positive,2
HQ2LwfRcrVc$_$8,HQ2LwfRcrVc,8,train,train,1.0,1.0,0.0,Positive,positive,2
HR18U0yAlTc$_$10,HR18U0yAlTc,10,test,test,0.0,0.0,0.0,Neutral,neutral,1
HR18U0yAlTc$_$4,HR18U0yAlTc,4,test,test,-0.3333333432674408,-0.3333333432674408,0.0,Negative,negative,0
HR18U0yAlTc$_$9,HR18U0yAlTc,9,test,test,-0.3333333432674408,-0.3333333432674408,0.0,Negative,negative,0
HUH9BXVmAig$_$2,HUH9BXVmAig,2,train,train,0.6666666865348816,0.6666666865348816,0.0,Positive,positive,2
HUOMbK1x7MI$_$6,HUOMbK1x7MI,6,train,train,0.6666666865348816,0.6666666865348816,0.0,Positive,positive,2
HVksxaUzv9Y$_$5,HVksxaUzv9Y,5,train,train,0.0,0.0,0.0,Neutral,neutral,1
HXuRR2eBHHQ$_$2,HXuRR2eBHHQ,2,train,train,3.0,3.0,0.0,Positive,positive,2
Ha7DMd_iKyM$_$3,Ha7DMd_iKyM,3,train,train,0.3333333432674408,0.3333333432674408,0.0,Positive,positive,2
Ha7DMd_iKyM$_$4,Ha7DMd_iKyM,4,train,train,0.0,0.0,0.0,Neutral,neutral,1
HbaycY0VuZk$_$0,HbaycY0VuZk,0,test,test,1.3333333730697632,1.3333333730697632,0.0,Positive,positive,2
HgDdU_RB9UA$_$10,HgDdU_RB9UA,10,train,train,0.3333333432674408,0.3333333432674408,0.0,Positive,positive,2
HgDdU_RB9UA$_$7,HgDdU_RB9UA,7,train,train,0.3333333432674408,0.3333333432674408,0.0,Positive,positive,2
HhpziYYP2Vg$_$16,HhpziYYP2Vg,16,train,train,1.0,1.0,0.0,Positive,positive,2
Hkt_kncJGVM$_$2,Hkt_kncJGVM,2,train,train,0.6666666865348816,0.6666666865348816,0.0,Positive,positive,2
HmXXW45eZL4$_$1,HmXXW45eZL4,1,valid,valid,-0.3333333432674408,-0.3333333432674408,0.0,Negative,negative,0
HmXXW45eZL4$_$4,HmXXW45eZL4,4,valid,valid,0.0,0.0,0.0,Neutral,neutral,1
I--8nRKCkJI$_$4,I--8nRKCkJI,4,train,train,1.0,1.0,0.0,Positive,positive,2
I--8nRKCkJI$_$7,I--8nRKCkJI,7,train,train,1.3333333730697632,1.3333333730697632,0.0,Positive,positive,2
I3SPlbTGuNc$_$5,I3SPlbTGuNc,5,train,train,2.3333332538604736,2.3333332538604736,0.0,Positive,positive,2
I5cS_TlV5B8$_$2,I5cS_TlV5B8,2,train,train,1.6666666269302368,1.6666666269302368,0.0,Positive,positive,2
IB0lGIxP8YY$_$11,IB0lGIxP8YY,11,train,train,-0.6666666865348816,-0.6666666865348816,0.0,Negative,negative,0
IB0lGIxP8YY$_$5,IB0lGIxP8YY,5,train,train,-0.6666666865348816,-0.6666666865348816,0.0,Negative,negative,0
IB0lGIxP8YY$_$8,IB0lGIxP8YY,8,train,train,0.0,0.0,0.0,Neutral,neutral,1
ICeSewdyf34$_$5,ICeSewdyf34,5,train,train,1.6666666269302368,1.6666666269302368,0.0,Positive,positive,2
IHp8hd1jm6k$_$0,IHp8hd1jm6k,0,test,test,1.6666666269302368,1.6666666269302368,0.0,Positive,positive,2
IHp8hd1jm6k$_$15,IHp8hd1jm6k,15,test,test,1.3333333730697632,1.3333333730697632,0.0,Positive,positive,2
IHp8hd1jm6k$_$27,IHp8hd1jm6k,27,test,test,1.3333333730697632,1.3333333730697632,0.0,Positive,positive,2
IHp8hd1jm6k$_$5,IHp8hd1jm6k,5,test,test,1.0,1.0,0.0,Positive,positive,2
IHp8hd1jm6k$_$7,IHp8hd1jm6k,7,test,test,0.0,0.0,0.0,Neutral,neutral,1
IIPYcCii7Sg$_$3,IIPYcCii7Sg,3,test,test,-0.3333333432674408,-0.3333333432674408,0.0,Negative,negative,0
IM6HW1HwHhM$_$11,IM6HW1HwHhM,11,valid,valid,1.0,1.0,0.0,Positive,positive,2
IM6HW1HwHhM$_$15,IM6HW1HwHhM,15,valid,valid,1.0,1.0,0.0,Positive,positive,2
IM6HW1HwHhM$_$17,IM6HW1HwHhM,17,valid,valid,0.0,0.0,0.0,Neutral,neutral,1
IRSxo_XXArg$_$12,IRSxo_XXArg,12,test,test,0.0,0.0,0.0,Neutral,neutral,1
IRSxo_XXArg$_$7,IRSxo_XXArg,7,test,test,0.0,0.0,0.0,Neutral,neutral,1
ITQTVfk9Iqo$_$5,ITQTVfk9Iqo,5,train,train,-0.3333333432674408,-0.3333333432674408,0.0,Negative,negative,0
IUmxJNs2zaY$_$2,IUmxJNs2zaY,2,valid,valid,0.6666666865348816,0.6666666865348816,0.0,Positive,positive,2
IUmxJNs2zaY$_$3,IUmxJNs2zaY,3,valid,valid,0.3333333432674408,0.3333333432674408,0.0,Positive,positive,2
IW7IssCKgmI$_$9,IW7IssCKgmI,9,train,train,0.6666666865348816,0.6666666865348816,0.0,Positive,positive,2
I_r2CP56toU$_$6,I_r2CP56toU,6,train,train,0.3333333432674408,0.3333333432674408,0.0,Positive,positive,2
IawsOlEKRf0$_$11,IawsOlEKRf0,11,train,train,-0.6666666865348816,-0.6666666865348816,0.0,Negative,negative,0
IawsOlEKRf0$_$26,IawsOlEKRf0,26,train,train,-0.6666666865348816,-0.6666666865348816,0.0,Negative,negative,0
IawsOlEKRf0$_$28,IawsOlEKRf0,28,train,train,1.6666666269302368,1.6666666269302368,0.0,Positive,positive,2
IawsOlEKRf0$_$3,IawsOlEKRf0,3,train,train,1.3333333730697632,1.3333333730697632,0.0,Positive,positive,2
IawsOlEKRf0$_$5,IawsOlEKRf0,5,train,train,1.0,1.0,0.0,Positive,positive,2
Iemw8vqt-54$_$0,Iemw8vqt-54,0,test,test,0.6666666865348816,0.6666666865348816,0.0,Positive,positive,2
Iemw8vqt-54$_$13,Iemw8vqt-54,13,test,test,0.3333333432674408,0.3333333432674408,0.0,Positive,positive,2
Iemw8vqt-54$_$9,Iemw8vqt-54,9,test,test,1.0,1.0,0.0,Positive,positive,2
IkvL4IAiZog$_$8,IkvL4IAiZog,8,train,train,0.3333333432674408,0.3333333432674408,0.0,Positive,positive,2
IlgnbEdOhmI$_$1,IlgnbEdOhmI,1,train,train,1.3333333730697632,1.3333333730697632,0.0,Positive,positive,2
IlgnbEdOhmI$_$9,IlgnbEdOhmI,9,train,train,0.6666666865348816,0.6666666865348816,0.0,Positive,positive,2
IsAtAzltJNM$_$6,IsAtAzltJNM,6,train,train,1.0,1.0,0.0,Positive,positive,2
IsAtAzltJNM$_$8,IsAtAzltJNM,8,train,train,0.3333333432674408,0.3333333432674408,0.0,Positive,positive,2
Itqbc2TBXWY$_$0,Itqbc2TBXWY,0,train,train,0.0,0.0,0.0,Neutral,neutral,1
Itqbc2TBXWY$_$1,Itqbc2TBXWY,1,train,train,0.6666666865348816,0.6666666865348816,0.0,Positive,positive,2
Itqbc2TBXWY$_$13,Itqbc2TBXWY,13,train,train,0.3333333432674408,0.3333333432674408,0.0,Positive,positive,2
Itqbc2TBXWY$_$18,Itqbc2TBXWY,18,train,train,1.0,1.0,0.0,Positive,positive,2
Itqbc2TBXWY$_$23,Itqbc2TBXWY,23,train,train,0.6666666865348816,0.6666666865348816,0.0,Positive,positive,2
Itqbc2TBXWY$_$26,Itqbc2TBXWY,26,train,train,2.6666667461395264,2.6666667461395264,0.0,Positive,positive,2
Itqbc2TBXWY$_$6,Itqbc2TBXWY,6,train,train,0.3333333432674408,0.3333333432674408,0.0,Positive,positive,2
IwQWibE8EOM$_$3,IwQWibE8EOM,3,train,train,1.6666666269302368,1.6666666269302368,0.0,Positive,positive,2
Iz_PDdyXr-8$_$3,Iz_PDdyXr-8,3,train,train,0.0,0.0,0.0,Neutral,neutral,1
J3-NEG8uoiE$_$1,J3-NEG8uoiE,1,train,train,1.6666666269302368,1.6666666269302368,0.0,Positive,positive,2
J3-NEG8uoiE$_$11,J3-NEG8uoiE,11,train,train,0.6666666865348816,0.6666666865348816,0.0,Positive,positive,2
J3-NEG8uoiE$_$3,J3-NEG8uoiE,3,train,train,1.0,1.0,0.0,Positive,positive,2
J3JU1zBQ4RM$_$2,J3JU1zBQ4RM,2,train,train,1.3333333730697632,1.3333333730697632,0.0,Positive,positive,2
J7UduuBfnrE$_$4,J7UduuBfnrE,4,train,train,0.0,0.0,0.0,Neutral,neutral,1
J7UduuBfnrE$_$6,J7UduuBfnrE,6,train,train,-1.3333333730697632,-1.3333333730697632,0.0,Negative,negative,0
J7UduuBfnrE$_$7,J7UduuBfnrE,7,train,train,-0.6666666865348816,-0.6666666865348816,0.0,Negative,negative,0
J7UduuBfnrE$_$8,J7UduuBfnrE,8,train,train,1.0,1.0,0.0,Positive,positive,2
JAbFsRxxnFo$_$0,JAbFsRxxnFo,0,train,train,1.0,1.0,0.0,Positive,positive,2
JAnRCQ9A0vI$_$0,JAnRCQ9A0vI,0,valid,valid,0.0,0.0,0.0,Neutral,neutral,1
JAnRCQ9A0vI$_$1,JAnRCQ9A0vI,1,valid,valid,0.0,0.0,0.0,Neutral,neutral,1
JAnRCQ9A0vI$_$2,JAnRCQ9A0vI,2,valid,valid,1.0,1.0,0.0,Positive,positive,2
JAnRCQ9A0vI$_$3,JAnRCQ9A0vI,3,valid,valid,1.0,1.0,0.0,Positive,positive,2
JAnRCQ9A0vI$_$4,JAnRCQ9A0vI,4,valid,valid,0.0,0.0,0.0,Neutral,neutral,1
JAnRCQ9A0vI$_$5,JAnRCQ9A0vI,5,valid,valid,0.0,0.0,0.0,Neutral,neutral,1
JAnRCQ9A0vI$_$8,JAnRCQ9A0vI,8,valid,valid,1.3333333730697632,1.3333333730697632,0.0,Positive,positive,2
JCg26b8EO48$_$4,JCg26b8EO48,4,train,train,0.6666666865348816,0.6666666865348816,0.0,Positive,positive,2
JCg26b8EO48$_$6,JCg26b8EO48,6,train,train,2.0,2.0,0.0,Positive,positive,2
JDgqyOkzXHw$_$0,JDgqyOkzXHw,0,train,train,1.3333333730697632,1.3333333730697632,0.0,Positive,positive,2
JDgqyOkzXHw$_$7,JDgqyOkzXHw,7,train,train,0.6666666865348816,0.6666666865348816,0.0,Positive,positive,2
JDgqyOkzXHw$_$9,JDgqyOkzXHw,9,train,train,0.6666666865348816,0.6666666865348816,0.0,Positive,positive,2
JF-5nlUNx_g$_$13,JF-5nlUNx_g,13,train,train,0.3333333432674408,0.3333333432674408,0.0,Positive,positive,2
JF-5nlUNx_g$_$16,JF-5nlUNx_g,16,train,train,0.3333333432674408,0.3333333432674408,0.0,Positive,positive,2
JF-5nlUNx_g$_$18,JF-5nlUNx_g,18,train,train,1.0,1.0,0.0,Positive,positive,2
JF-5nlUNx_g$_$2,JF-5nlUNx_g,2,train,train,1.0,1.0,0.0,Positive,positive,2
JF-5nlUNx_g$_$20,JF-5nlUNx_g,20,train,train,1.3333333730697632,1.3333333730697632,0.0,Positive,positive,2
JF-5nlUNx_g$_$21,JF-5nlUNx_g,21,train,train,2.3333332538604736,2.3333332538604736,0.0,Positive,positive,2
JF-5nlUNx_g$_$5,JF-5nlUNx_g,5,train,train,0.3333333432674408,0.3333333432674408,0.0,Positive,positive,2
JGEEA_JVriE$_$0,JGEEA_JVriE,0,train,train,1.0,1.0,0.0,Positive,positive,2
JHW3nD6flgU$_$4,JHW3nD6flgU,4,train,train,2.0,2.0,0.0,Positive,positive,2
JHW3nD6flgU$_$8,JHW3nD6flgU,8,train,train,1.0,1.0,0.0,Positive,positive,2
JKueLneBoik$_$0,JKueLneBoik,0,test,test,1.0,1.0,0.0,Positive,positive,2
JKueLneBoik$_$4,JKueLneBoik,4,test,test,0.0,0.0,0.0,Neutral,neutral,1
JLqBVj6f5gI$_$17,JLqBVj6f5gI,17,train,train,1.3333333730697632,1.3333333730697632,0.0,Positive,positive,2
JLqBVj6f5gI$_$21,JLqBVj6f5gI,21,train,train,1.0,1.0,0.0,Positive,positive,2
JLqBVj6f5gI$_$8,JLqBVj6f5gI,8,train,train,2.0,2.0,0.0,Positive,positive,2
JMb18N7lQ0A$_$1,JMb18N7lQ0A,1,train,train,0.0,0.0,0.0,Neutral,neutral,1
JMzilFvwNXE$_$4,JMzilFvwNXE,4,train,train,0.6666666865348816,0.6666666865348816,0.0,Positive,positive,2
JNhqI4JtPXA$_$3,JNhqI4JtPXA,3,test,test,2.0,2.0,0.0,Positive,positive,2
JOK1SSmPtFw$_$0,JOK1SSmPtFw,0,valid,valid,1.3333333730697632,1.3333333730697632,0.0,Positive,positive,2
JOK1SSmPtFw$_$10,JOK1SSmPtFw,10,valid,valid,0.0,0.0,0.0,Neutral,neutral,1
JOK1SSmPtFw$_$13,JOK1SSmPtFw,13,valid,valid,-0.6666666865348816,-0.6666666865348816,0.0,Negative,negative,0
JOK1SSmPtFw$_$14,JOK1SSmPtFw,14,valid,valid,0.0,0.0,0.0,Neutral,neutral,1
JOK1SSmPtFw$_$16,JOK1SSmPtFw,16,valid,valid,0.0,0.0,0.0,Neutral,neutral,1
JOK1SSmPtFw$_$4,JOK1SSmPtFw,4,valid,valid,0.0,0.0,0.0,Neutral,neutral,1
JOK1SSmPtFw$_$5,JOK1SSmPtFw,5,valid,valid,0.0,0.0,0.0,Neutral,neutral,1
JOK1SSmPtFw$_$8,JOK1SSmPtFw,8,valid,valid,0.0,0.0,0.0,Neutral,neutral,1
JP95Fby6qLE$_$1,JP95Fby6qLE,1,train,train,0.3333333432674408,0.3333333432674408,0.0,Positive,positive,2
JP95Fby6qLE$_$23,JP95Fby6qLE,23,train,train,2.3333332538604736,2.3333332538604736,0.0,Positive,positive,2
JPT38CA3sGI$_$0,JPT38CA3sGI,0,valid,valid,0.6666666865348816,0.6666666865348816,0.0,Positive,positive,2
JPT38CA3sGI$_$1,JPT38CA3sGI,1,valid,valid,1.0,1.0,0.0,Positive,positive,2
JPT38CA3sGI$_$5,JPT38CA3sGI,5,valid,valid,1.3333333730697632,1.3333333730697632,0.0,Positive,positive,2
JSlTJsUulH0$_$2,JSlTJsUulH0,2,train,train,-0.6666666865348816,-0.6666666865348816,0.0,Negative,negative,0
JVpF99zuQhA$_$0,JVpF99zuQhA,0,valid,valid,0.3333333432674408,0.3333333432674408,0.0,Positive,positive,2
JVpF99zuQhA$_$2,JVpF99zuQhA,2,valid,valid,0.0,0.0,0.0,Neutral,neutral,1
JVpF99zuQhA$_$4,JVpF99zuQhA,4,valid,valid,0.0,0.0,0.0,Neutral,neutral,1
JW3OfSCZlhc$_$5,JW3OfSCZlhc,5,train,train,0.3333333432674408,0.3333333432674408,0.0,Positive,positive,2
JX-mwjSw0dk$_$8,JX-mwjSw0dk,8,train,train,-0.3333333432674408,-0.3333333432674408,0.0,Negative,negative,0
JXYot3NDQn0$_$2,JXYot3NDQn0,2,test,test,0.6666666865348816,0.6666666865348816,0.0,Positive,positive,2
JYdfUNjyYxo$_$5,JYdfUNjyYxo,5,train,train,1.0,1.0,0.0,Positive,positive,2
JYsAacFmXEo$_$11,JYsAacFmXEo,11,train,train,0.0,0.0,0.0,Neutral,neutral,1
JYsAacFmXEo$_$17,JYsAacFmXEo,17,train,train,1.6666666269302368,1.6666666269302368,0.0,Positive,positive,2
J_DtcW86D9c$_$2,J_DtcW86D9c,2,train,train,0.6666666865348816,0.6666666865348816,0.0,Positive,positive,2
J_DtcW86D9c$_$9,J_DtcW86D9c,9,train,train,0.3333333432674408,0.3333333432674408,0.0,Positive,positive,2
Ja7phs8EbWk$_$10,Ja7phs8EbWk,10,train,train,1.0,1.0,0.0,Positive,positive,2
Ja7phs8EbWk$_$6,Ja7phs8EbWk,6,train,train,-0.3333333432674408,-0.3333333432674408,0.0,Negative,negative,0
JcmqmLaL_MQ$_$7,JcmqmLaL_MQ,7,train,train,0.3333333432674408,0.3333333432674408,0.0,Positive,positive,2
JdFaSggG58c$_$5,JdFaSggG58c,5,train,train,-0.3333333432674408,-0.3333333432674408,0.0,Negative,negative,0
JdFaSggG58c$_$6,JdFaSggG58c,6,train,train,0.0,0.0,0.0,Neutral,neutral,1
Jh1uDYOJMwk$_$1,Jh1uDYOJMwk,1,train,train,1.3333333730697632,1.3333333730697632,0.0,Positive,positive,2
Jh1uDYOJMwk$_$4,Jh1uDYOJMwk,4,train,train,-1.6666666269302368,-1.6666666269302368,0.0,Negative,negative,0
JlmpDdm1A1Y$_$3,JlmpDdm1A1Y,3,train,train,2.0,2.0,0.0,Positive,positive,2
JvgofTcCSEc$_$15,JvgofTcCSEc,15,train,train,0.3333333432674408,0.3333333432674408,0.0,Positive,positive,2
JvgofTcCSEc$_$19,JvgofTcCSEc,19,train,train,0.0,0.0,0.0,Neutral,neutral,1
JwzxqrD8tIo$_$9,JwzxqrD8tIo,9,train,train,1.0,1.0,0.0,Positive,positive,2
JzydLJw6y6o$_$0,JzydLJw6y6o,0,train,train,2.0,2.0,0.0,Positive,positive,2
JzydLJw6y6o$_$14,JzydLJw6y6o,14,train,train,0.6666666865348816,0.6666666865348816,0.0,Positive,positive,2
JzydLJw6y6o$_$8,JzydLJw6y6o,8,train,train,0.0,0.0,0.0,Neutral,neutral,1
K0m1tO3Ybyc$_$15,K0m1tO3Ybyc,15,valid,valid,0.0,0.0,0.0,Neutral,neutral,1
K0m1tO3Ybyc$_$8,K0m1tO3Ybyc,8,valid,valid,-1.3333333730697632,-1.3333333730697632,0.0,Negative,negative,0
K5cGfs3i-tk$_$0,K5cGfs3i-tk,0,train,train,1.3333333730697632,1.3333333730697632,0.0,Positive,positive,2
K62NK2KYhws$_$10,K62NK2KYhws,10,train,train,0.6666666865348816,0.6666666865348816,0.0,Positive,positive,2
K62NK2KYhws$_$15,K62NK2KYhws,15,train,train,0.6666666865348816,0.6666666865348816,0.0,Positive,positive,2
K62NK2KYhws$_$3,K62NK2KYhws,3,train,train,1.3333333730697632,1.3333333730697632,0.0,Positive,positive,2
K62NK2KYhws$_$8,K62NK2KYhws,8,train,train,0.6666666865348816,0.6666666865348816,0.0,Positive,positive,2
K7FiMf-Dmwo$_$2,K7FiMf-Dmwo,2,train,train,0.3333333432674408,0.3333333432674408,0.0,Positive,positive,2
K7KEtrgBkz4$_$9,K7KEtrgBkz4,9,train,train,1.0,1.0,0.0,Positive,positive,2
K8gp7ncdUl8$_$5,K8gp7ncdUl8,5,valid,valid,1.0,1.0,0.0,Positive,positive,2
K9-KyChw8RM$_$8,K9-KyChw8RM,8,train,train,-0.3333333432674408,-0.3333333432674408,0.0,Negative,negative,0
K9U2TAF9DDY$_$6,K9U2TAF9DDY,6,train,train,0.0,0.0,0.0,Neutral,neutral,1
K9faaGel838$_$0,K9faaGel838,0,train,train,0.0,0.0,0.0,Neutral,neutral,1
KB5hSnV1emg$_$3,KB5hSnV1emg,3,test,test,0.0,0.0,0.0,Neutral,neutral,1
KD0w4BrNXQg$_$11,KD0w4BrNXQg,11,train,train,-1.3333333730697632,-1.3333333730697632,0.0,Negative,negative,0
KD0w4BrNXQg$_$7,KD0w4BrNXQg,7,train,train,0.3333333432674408,0.3333333432674408,0.0,Positive,positive,2
KDjl2exStlI$_$10,KDjl2exStlI,10,valid,valid,0.0,0.0,0.0,Neutral,neutral,1
KDjl2exStlI$_$13,KDjl2exStlI,13,valid,valid,0.0,0.0,0.0,Neutral,neutral,1
KDjl2exStlI$_$4,KDjl2exStlI,4,valid,valid,0.0,0.0,0.0,Neutral,neutral,1
KDjl2exStlI$_$5,KDjl2exStlI,5,valid,valid,0.3333333432674408,0.3333333432674408,0.0,Positive,positive,2
KEUVzxC7T3E$_$4,KEUVzxC7T3E,4,train,train,-0.3333333432674408,-0.3333333432674408,0.0,Negative,negative,0
KI2sU-mhM44$_$16,KI2sU-mhM44,16,train,train,1.6666666269302368,1.6666666269302368,0.0,Positive,positive,2
KLy4aBLqwCk$_$15,KLy4aBLqwCk,15,train,train,0.6666666865348816,0.6666666865348816,0.0,Positive,positive,2
KLy4aBLqwCk$_$17,KLy4aBLqwCk,17,train,train,0.3333333432674408,0.3333333432674408,0.0,Positive,positive,2
KPeos6f4HuQ$_$6,KPeos6f4HuQ,6,train,train,0.3333333432674408,0.3333333432674408,0.0,Positive,positive,2
KQ86HmgwUns$_$11,KQ86HmgwUns,11,train,train,0.3333333432674408,0.3333333432674408,0.0,Positive,positive,2
KR4MpF0YtgE$_$1,KR4MpF0YtgE,1,train,train,1.0,1.0,0.0,Positive,positive,2
K_5u2Wh_wGk$_$5,K_5u2Wh_wGk,5,train,train,0.3333333432674408,0.3333333432674408,0.0,Positive,positive,2
Kep_mLLXsqk$_$3,Kep_mLLXsqk,3,train,train,0.3333333432674408,0.3333333432674408,0.0,Positive,positive,2
Kep_mLLXsqk$_$7,Kep_mLLXsqk,7,train,train,0.0,0.0,0.0,Neutral,neutral,1
KkKWFZZmmCM$_$1,KkKWFZZmmCM,1,valid,valid,0.0,0.0,0.0,Neutral,neutral,1
Kmtib-wZ0jM$_$0,Kmtib-wZ0jM,0,train,train,-1.6666666269302368,-1.6666666269302368,0.0,Negative,negative,0
Kn5eKHlPD0k$_$12,Kn5eKHlPD0k,12,test,test,1.0,1.0,0.0,Positive,positive,2
Kn99u05vlpA$_$5,Kn99u05vlpA,5,test,test,1.6666666269302368,1.6666666269302368,0.0,Positive,positive,2
KpMCvUyQCXg$_$1,KpMCvUyQCXg,1,valid,valid,0.0,0.0,0.0,Neutral,neutral,1
KpMCvUyQCXg$_$3,KpMCvUyQCXg,3,valid,valid,-0.3333333432674408,-0.3333333432674408,0.0,Negative,negative,0
KpMCvUyQCXg$_$5,KpMCvUyQCXg,5,valid,valid,0.3333333432674408,0.3333333432674408,0.0,Positive,positive,2
L-7oRnbi9-w$_$3,L-7oRnbi9-w,3,test,test,0.3333333432674408,0.3333333432674408,0.0,Positive,positive,2
L-a4Sh6iAcw$_$7,L-a4Sh6iAcw,7,test,test,0.6666666865348816,0.6666666865348816,0.0,Positive,positive,2
L-a4Sh6iAcw$_$9,L-a4Sh6iAcw,9,test,test,0.6666666865348816,0.6666666865348816,0.0,Positive,positive,2
L0WUuWYNeCo$_$10,L0WUuWYNeCo,10,train,train,1.3333333730697632,1.3333333730697632,0.0,Positive,positive,2
L0WUuWYNeCo$_$11,L0WUuWYNeCo,11,train,train,-1.0,-1.0,0.0,Negative,negative,0
L0WUuWYNeCo$_$2,L0WUuWYNeCo,2,train,train,0.3333333432674408,0.3333333432674408,0.0,Positive,positive,2
L0WUuWYNeCo$_$26,L0WUuWYNeCo,26,train,train,1.3333333730697632,1.3333333730697632,0.0,Positive,positive,2
L0WUuWYNeCo$_$27,L0WUuWYNeCo,27,train,train,0.3333333432674408,0.3333333432674408,0.0,Positive,positive,2
L0WUuWYNeCo$_$5,L0WUuWYNeCo,5,train,train,0.0,0.0,0.0,Neutral,neutral,1
L0WUuWYNeCo$_$8,L0WUuWYNeCo,8,train,train,0.0,0.0,0.0,Neutral,neutral,1
L1eFHRQGFeg$_$2,L1eFHRQGFeg,2,valid,valid,0.3333333432674408,0.3333333432674408,0.0,Positive,positive,2
L2uC4_Co9uw$_$0,L2uC4_Co9uw,0,train,train,2.0,2.0,0.0,Positive,positive,2
L382XZ6iZmM$_$7,L382XZ6iZmM,7,train,train,-0.3333333432674408,-0.3333333432674408,0.0,Negative,negative,0
L5a2ijeWpUI$_$4,L5a2ijeWpUI,4,train,train,-0.3333333432674408,-0.3333333432674408,0.0,Negative,negative,0
L6pg3DQKoH4$_$0,L6pg3DQKoH4,0,train,train,0.6666666865348816,0.6666666865348816,0.0,Positive,positive,2
LD3HYOwk1Bc$_$0,LD3HYOwk1Bc,0,test,test,0.0,0.0,0.0,Neutral,neutral,1
LHC7ZKJy4Zw$_$1,LHC7ZKJy4Zw,1,train,train,1.6666666269302368,1.6666666269302368,0.0,Positive,positive,2
LJGL2sGvSS0$_$10,LJGL2sGvSS0,10,test,test,1.3333333730697632,1.3333333730697632,0.0,Positive,positive,2
LJGL2sGvSS0$_$14,LJGL2sGvSS0,14,test,test,1.6666666269302368,1.6666666269302368,0.0,Positive,positive,2
LJGL2sGvSS0$_$19,LJGL2sGvSS0,19,test,test,1.0,1.0,0.0,Positive,positive,2
LJGL2sGvSS0$_$2,LJGL2sGvSS0,2,test,test,1.3333333730697632,1.3333333730697632,0.0,Positive,positive,2
LUKIYWa0UGA$_$7,LUKIYWa0UGA,7,train,train,1.0,1.0,0.0,Positive,positive,2
LUf9vbe0TcQ$_$1,LUf9vbe0TcQ,1,train,train,1.6666666269302368,1.6666666269302368,0.0,Positive,positive,2
LX2rT5C3sJs$_$5,LX2rT5C3sJs,5,train,train,0.3333333432674408,0.3333333432674408,0.0,Positive,positive,2
LX2rT5C3sJs$_$6,LX2rT5C3sJs,6,train,train,1.6666666269302368,1.6666666269302368,0.0,Positive,positive,2
LZl9Sj1safM$_$0,LZl9Sj1safM,0,train,train,0.3333333432674408,0.3333333432674408,0.0,Positive,positive,2
L_XttWZBKss$_$3,L_XttWZBKss,3,train,train,0.6666666865348816,0.6666666865348816,0.0,Positive,positive,2
LcfubBagG6Q$_$1,LcfubBagG6Q,1,test,test,1.3333333730697632,1.3333333730697632,0.0,Positive,positive,2
LcfubBagG6Q$_$3,LcfubBagG6Q,3,test,test,0.3333333432674408,0.3333333432674408,0.0,Positive,positive,2
LityRNuQihc$_$1,LityRNuQihc,1,train,train,0.6666666865348816,0.6666666865348816,0.0,Positive,positive,2
LityRNuQihc$_$13,LityRNuQihc,13,train,train,0.0,0.0,0.0,Neutral,neutral,1
LityRNuQihc$_$2,LityRNuQihc,2,train,train,0.0,0.0,0.0,Neutral,neutral,1
LityRNuQihc$_$5,LityRNuQihc,5,train,train,-0.3333333432674408,-0.3333333432674408,0.0,Negative,negative,0
LpbSYaPRTqI$_$1,LpbSYaPRTqI,1,train,train,0.3333333432674408,0.3333333432674408,0.0,Positive,positive,2
LppEvM60-xo$_$9,LppEvM60-xo,9,train,train,1.3333333730697632,1.3333333730697632,0.0,Positive,positive,2
Lxs_6Tvq12E$_$3,Lxs_6Tvq12E,3,train,train,2.0,2.0,0.0,Positive,positive,2
LyOq9mOEPuk$_$8,LyOq9mOEPuk,8,test,test,-0.6666666865348816,-0.6666666865348816,0.0,Negative,negative,0
M2Pb2kx77ww$_$35,M2Pb2kx77ww,35,train,train,-0.3333333432674408,-0.3333333432674408,0.0,Negative,negative,0
M2Pb2kx77ww$_$8,M2Pb2kx77ww,8,train,train,-1.0,-1.0,0.0,Negative,negative,0
MBDZbACupsc$_$11,MBDZbACupsc,11,train,train,-0.3333333432674408,-0.3333333432674408,0.0,Negative,negative,0
MBDZbACupsc$_$7,MBDZbACupsc,7,train,train,-0.3333333432674408,-0.3333333432674408,0.0,Negative,negative,0
MCRCXXPqFOI$_$2,MCRCXXPqFOI,2,train,train,0.0,0.0,0.0,Neutral,neutral,1
MCsvw5-7lVE$_$1,MCsvw5-7lVE,1,valid,valid,1.3333333730697632,1.3333333730697632,0.0,Positive,positive,2
MCsvw5-7lVE$_$2,MCsvw5-7lVE,2,valid,valid,0.6666666865348816,0.6666666865348816,0.0,Positive,positive,2
MCsvw5-7lVE$_$4,MCsvw5-7lVE,4,valid,valid,0.0,0.0,0.0,Neutral,neutral,1
MFrwi-RibUk$_$0,MFrwi-RibUk,0,train,train,2.0,2.0,0.0,Positive,positive,2
MFrwi-RibUk$_$13,MFrwi-RibUk,13,train,train,0.3333333432674408,0.3333333432674408,0.0,Positive,positive,2
MFrwi-RibUk$_$6,MFrwi-RibUk,6,train,train,2.0,2.0,0.0,Positive,positive,2
MHVrwCEWLPI$_$4,MHVrwCEWLPI,4,test,test,1.0,1.0,0.0,Positive,positive,2
MHVrwCEWLPI$_$6,MHVrwCEWLPI,6,test,test,0.3333333432674408,0.3333333432674408,0.0,Positive,positive,2
MHyW857u_X8$_$18,MHyW857u_X8,18,test,test,-0.3333333432674408,-0.3333333432674408,0.0,Negative,negative,0
MIuJDn_0yVU$_$3,MIuJDn_0yVU,3,train,train,-0.6666666865348816,-0.6666666865348816,0.0,Negative,negative,0
MJnc4GUhUuY$_$3,MJnc4GUhUuY,3,train,train,1.0,1.0,0.0,Positive,positive,2
MJnc4GUhUuY$_$4,MJnc4GUhUuY,4,train,train,1.0,1.0,0.0,Positive,positive,2
MJnc4GUhUuY$_$9,MJnc4GUhUuY,9,train,train,0.6666666865348816,0.6666666865348816,0.0,Positive,positive,2
MKShLlJ7X7g$_$1,MKShLlJ7X7g,1,train,train,1.6666666269302368,1.6666666269302368,0.0,Positive,positive,2
MKShLlJ7X7g$_$2,MKShLlJ7X7g,2,train,train,1.3333333730697632,1.3333333730697632,0.0,Positive,positive,2
MMaEsDdBsvM$_$0,MMaEsDdBsvM,0,train,train,2.0,2.0,0.0,Positive,positive,2
MMpo2bDk-DU$_$10,MMpo2bDk-DU,10,valid,valid,-0.3333333432674408,-0.3333333432674408,0.0,Negative,negative,0
MMpo2bDk-DU$_$16,MMpo2bDk-DU,16,valid,valid,-1.0,-1.0,0.0,Negative,negative,0
MMpo2bDk-DU$_$17,MMpo2bDk-DU,17,valid,valid,-0.6666666865348816,-0.6666666865348816,0.0,Negative,negative,0
MMpo2bDk-DU$_$19,MMpo2bDk-DU,19,valid,valid,1.6666666269302368,1.6666666269302368,0.0,Positive,positive,2
MNXBOeiPhec$_$2,MNXBOeiPhec,2,train,train,0.6666666865348816,0.6666666865348816,0.0,Positive,positive,2
MNXBOeiPhec$_$7,MNXBOeiPhec,7,train,train,1.0,1.0,0.0,Positive,positive,2
MOfEl_1dh-g$_$4,MOfEl_1dh-g,4,train,train,-0.3333333432674408,-0.3333333432674408,0.0,Negative,negative,0
MPRqaQqrd9Y$_$7,MPRqaQqrd9Y,7,train,train,0.0,0.0,0.0,Neutral,neutral,1
MTU_thei3-c$_$8,MTU_thei3-c,8,train,train,-0.3333333432674408,-0.3333333432674408,0.0,Negative,negative,0
MWCNzYUCys0$_$0,MWCNzYUCys0,0,train,train,0.0,0.0,0.0,Neutral,neutral,1
MZUr1DfYNNw$_$1,MZUr1DfYNNw,1,test,test,1.3333333730697632,1.3333333730697632,0.0,Positive,positive,2
MZoLQD83R-4$_$5,MZoLQD83R-4,5,train,train,-1.0,-1.0,0.0,Negative,negative,0
MZoLQD83R-4$_$8,MZoLQD83R-4,8,train,train,0.0,0.0,0.0,Neutral,neutral,1
MbpPBLUjpV4$_$0,MbpPBLUjpV4,0,train,train,1.0,1.0,0.0,Positive,positive,2
MbpPBLUjpV4$_$16,MbpPBLUjpV4,16,train,train,0.3333333432674408,0.3333333432674408,0.0,Positive,positive,2
MjaaudUc5-4$_$0,MjaaudUc5-4,0,valid,valid,-0.3333333432674408,-0.3333333432674408,0.0,Negative,negative,0
MjaaudUc5-4$_$1,MjaaudUc5-4,1,valid,valid,0.0,0.0,0.0,Neutral,neutral,1
MjaaudUc5-4$_$3,MjaaudUc5-4,3,valid,valid,0.6666666865348816,0.6666666865348816,0.0,Positive,positive,2
MjaaudUc5-4$_$6,MjaaudUc5-4,6,valid,valid,0.6666666865348816,0.6666666865348816,0.0,Positive,positive,2
MnFRVJtHAeo$_$0,MnFRVJtHAeo,0,train,train,0.3333333432674408,0.3333333432674408,0.0,Positive,positive,2
MoQmPA7Q07Q$_$1,MoQmPA7Q07Q,1,valid,valid,1.3333333730697632,1.3333333730697632,0.0,Positive,positive,2
MoQmPA7Q07Q$_$2,MoQmPA7Q07Q,2,valid,valid,1.6666666269302368,1.6666666269302368,0.0,Positive,positive,2
MroQfGehC84$_$1,MroQfGehC84,1,train,train,1.0,1.0,0.0,Positive,positive,2
MsjnLoTKAXo$_$0,MsjnLoTKAXo,0,train,train,0.0,0.0,0.0,Neutral,neutral,1
MsjnLoTKAXo$_$2,MsjnLoTKAXo,2,train,train,1.3333333730697632,1.3333333730697632,0.0,Positive,positive,2
MsjnLoTKAXo$_$5,MsjnLoTKAXo,5,train,train,0.3333333432674408,0.3333333432674408,0.0,Positive,positive,2
MvFFYObY9A8$_$2,MvFFYObY9A8,2,train,train,1.0,1.0,0.0,Positive,positive,2
Mw4EZYZAd9c$_$5,Mw4EZYZAd9c,5,train,train,1.0,1.0,0.0,Positive,positive,2
MyfRrTjglm8$_$0,MyfRrTjglm8,0,train,train,-0.6666666865348816,-0.6666666865348816,0.0,Negative,negative,0
MyfRrTjglm8$_$1,MyfRrTjglm8,1,train,train,0.6666666865348816,0.6666666865348816,0.0,Positive,positive,2
MyfRrTjglm8$_$2,MyfRrTjglm8,2,train,train,0.6666666865348816,0.6666666865348816,0.0,Positive,positive,2
N0pKIn6VhOw$_$2,N0pKIn6VhOw,2,train,train,1.3333333730697632,1.3333333730697632,0.0,Positive,positive,2
N1X63d_jgmw$_$5,N1X63d_jgmw,5,valid,valid,0.3333333432674408,0.3333333432674408,0.0,Positive,positive,2
N3QuD26DuCI$_$0,N3QuD26DuCI,0,train,train,-1.0,-1.0,0.0,Negative,negative,0
N3QuD26DuCI$_$1,N3QuD26DuCI,1,train,train,1.0,1.0,0.0,Positive,positive,2
N3QuD26DuCI$_$2,N3QuD26DuCI,2,train,train,0.6666666865348816,0.6666666865348816,0.0,Positive,positive,2
N3QuD26DuCI$_$5,N3QuD26DuCI,5,train,train,1.0,1.0,0.0,Positive,positive,2
N5xfBtD6rLY$_$7,N5xfBtD6rLY,7,valid,valid,0.6666666865348816,0.6666666865348816,0.0,Positive,positive,2
N7tS7A0WWpM$_$1,N7tS7A0WWpM,1,train,train,-0.6666666865348816,-0.6666666865348816,0.0,Negative,negative,0
N7tS7A0WWpM$_$3,N7tS7A0WWpM,3,train,train,-0.6666666865348816,-0.6666666865348816,0.0,Negative,negative,0
NCJTV5KaJJc$_$1,NCJTV5KaJJc,1,train,train,1.0,1.0,0.0,Positive,positive,2
NCJTV5KaJJc$_$9,NCJTV5KaJJc,9,train,train,2.0,2.0,0.0,Positive,positive,2
NG7QLq4XlWo$_$1,NG7QLq4XlWo,1,train,train,0.3333333432674408,0.3333333432674408,0.0,Positive,positive,2
NG7QLq4XlWo$_$15,NG7QLq4XlWo,15,train,train,1.0,1.0,0.0,Positive,positive,2
NG7QLq4XlWo$_$3,NG7QLq4XlWo,3,train,train,0.6666666865348816,0.6666666865348816,0.0,Positive,positive,2
NG7QLq4XlWo$_$5,NG7QLq4XlWo,5,train,train,2.0,2.0,0.0,Positive,positive,2
NIpuKcoJhGM$_$0,NIpuKcoJhGM,0,test,test,2.0,2.0,0.0,Positive,positive,2
NKindd5Xn3s$_$4,NKindd5Xn3s,4,train,train,0.0,0.0,0.0,Neutral,neutral,1
NOl0v54DaXo$_$10,NOl0v54DaXo,10,train,train,1.0,1.0,0.0,Positive,positive,2
NOl0v54DaXo$_$3,NOl0v54DaXo,3,train,train,-1.6666666269302368,-1.6666666269302368,0.0,Negative,negative,0
NSihgq4R8Z0$_$16,NSihgq4R8Z0,16,train,train,0.0,0.0,0.0,Neutral,neutral,1
NSihgq4R8Z0$_$2,NSihgq4R8Z0,2,train,train,-1.0,-1.0,0.0,Negative,negative,0
NVLPURuAVLU$_$2,NVLPURuAVLU,2,test,test,-0.6666666865348816,-0.6666666865348816,0.0,Negative,negative,0
NYuY6HVjMZQ$_$1,NYuY6HVjMZQ,1,train,train,2.0,2.0,0.0,Positive,positive,2
NYuY6HVjMZQ$_$6,NYuY6HVjMZQ,6,train,train,0.0,0.0,0.0,Neutral,neutral,1
Na6170hd8po$_$11,Na6170hd8po,11,train,train,0.6666666865348816,0.6666666865348816,0.0,Positive,positive,2
NaWmaHwjElo$_$5,NaWmaHwjElo,5,test,test,0.0,0.0,0.0,Neutral,neutral,1
NiAjz4ciA60$_$1,NiAjz4ciA60,1,test,test,1.0,1.0,0.0,Positive,positive,2
NkbRuTJaj_M$_$18,NkbRuTJaj_M,18,train,train,1.6666666269302368,1.6666666269302368,0.0,Positive,positive,2
NoZsdSGnNpI$_$7,NoZsdSGnNpI,7,valid,valid,0.0,0.0,0.0,Neutral,neutral,1
NocexkPXja8$_$13,NocexkPXja8,13,test,test,-1.0,-1.0,0.0,Negative,negative,0
NocexkPXja8$_$4,NocexkPXja8,4,test,test,-2.3333332538604736,-2.3333332538604736,0.0,Negative,negative,0
Nrurc5sMUOE$_$5,Nrurc5sMUOE,5,valid,valid,-0.3333333432674408,-0.3333333432674408,0.0,Negative,negative,0
Nrurc5sMUOE$_$7,Nrurc5sMUOE,7,valid,valid,0.0,0.0,0.0,Neutral,neutral,1
Nrurc5sMUOE$_$8,Nrurc5sMUOE,8,valid,valid,0.0,0.0,0.0,Neutral,neutral,1
NzvNW7vP-Co$_$4,NzvNW7vP-Co,4,valid,valid,0.0,0.0,0.0,Neutral,neutral,1
NzvNW7vP-Co$_$5,NzvNW7vP-Co,5,valid,valid,1.3333333730697632,1.3333333730697632,0.0,Positive,positive,2
NzvNW7vP-Co$_$7,NzvNW7vP-Co,7,valid,valid,0.0,0.0,0.0,Neutral,neutral,1
O-b3DQg0QmA$_$1,O-b3DQg0QmA,1,test,test,0.0,0.0,0.0,Neutral,neutral,1
O0Nn-5UkfoA$_$2,O0Nn-5UkfoA,2,train,train,-0.3333333432674408,-0.3333333432674408,0.0,Negative,negative,0
O2CEvvYWWbU$_$10,O2CEvvYWWbU,10,train,train,0.3333333432674408,0.3333333432674408,0.0,Positive,positive,2
O3whFU2lAAk$_$11,O3whFU2lAAk,11,train,train,2.0,2.0,0.0,Positive,positive,2
O3whFU2lAAk$_$2,O3whFU2lAAk,2,train,train,0.3333333432674408,0.3333333432674408,0.0,Positive,positive,2
O3whFU2lAAk$_$5,O3whFU2lAAk,5,train,train,0.3333333432674408,0.3333333432674408,0.0,Positive,positive,2
O3whFU2lAAk$_$8,O3whFU2lAAk,8,train,train,0.3333333432674408,0.3333333432674408,0.0,Positive,positive,2
O8IJh_L0EfM$_$5,O8IJh_L0EfM,5,train,train,1.0,1.0,0.0,Positive,positive,2
OAV6KKf60bQ$_$0,OAV6KKf60bQ,0,train,train,0.3333333432674408,0.3333333432674408,0.0,Positive,positive,2
OAV6KKf60bQ$_$10,OAV6KKf60bQ,10,train,train,0.3333333432674408,0.3333333432674408,0.0,Positive,positive,2
OAV6KKf60bQ$_$6,OAV6KKf60bQ,6,train,train,0.0,0.0,0.0,Neutral,neutral,1
OBaMn1-x7jQ$_$7,OBaMn1-x7jQ,7,train,train,1.3333333730697632,1.3333333730697632,0.0,Positive,positive,2
OEOkmrKvTUo$_$0,OEOkmrKvTUo,0,train,train,0.6666666865348816,0.6666666865348816,0.0,Positive,positive,2
OEOkmrKvTUo$_$6,OEOkmrKvTUo,6,train,train,0.6666666865348816,0.6666666865348816,0.0,Positive,positive,2
OEesmAnTpeA$_$10,OEesmAnTpeA,10,train,train,-0.3333333432674408,-0.3333333432674408,0.0,Negative,negative,0
OFBc3z99bIc$_$12,OFBc3z99bIc,12,train,train,0.3333333432674408,0.3333333432674408,0.0,Positive,positive,2
OFBc3z99bIc$_$14,OFBc3z99bIc,14,train,train,0.6666666865348816,0.6666666865348816,0.0,Positive,positive,2
OFBc3z99bIc$_$15,OFBc3z99bIc,15,train,train,-0.3333333432674408,-0.3333333432674408,0.0,Negative,negative,0
OFia3dWgaoI$_$0,OFia3dWgaoI,0,test,test,-1.3333333730697632,-1.3333333730697632,0.0,Negative,negative,0
OFia3dWgaoI$_$6,OFia3dWgaoI,6,test,test,-0.6666666865348816,-0.6666666865348816,0.0,Negative,negative,0
OGXUtVG0Y9w$_$1,OGXUtVG0Y9w,1,train,train,2.0,2.0,0.0,Positive,positive,2
OHWyYVux-yw$_$10,OHWyYVux-yw,10,train,train,1.3333333730697632,1.3333333730697632,0.0,Positive,positive,2
OHWyYVux-yw$_$14,OHWyYVux-yw,14,train,train,0.6666666865348816,0.6666666865348816,0.0,Positive,positive,2
OHWyYVux-yw$_$18,OHWyYVux-yw,18,train,train,1.3333333730697632,1.3333333730697632,0.0,Positive,positive,2
OHWyYVux-yw$_$2,OHWyYVux-yw,2,train,train,1.6666666269302368,1.6666666269302368,0.0,Positive,positive,2
OKJPFisBoPY$_$0,OKJPFisBoPY,0,test,test,0.3333333432674408,0.3333333432674408,0.0,Positive,positive,2
OKSx1zxHGpQ$_$15,OKSx1zxHGpQ,15,train,train,1.3333333730697632,1.3333333730697632,0.0,Positive,positive,2
OKSx1zxHGpQ$_$16,OKSx1zxHGpQ,16,train,train,0.3333333432674408,0.3333333432674408,0.0,Positive,positive,2
OKSx1zxHGpQ$_$19,OKSx1zxHGpQ,19,train,train,0.0,0.0,0.0,Neutral,neutral,1
OKSx1zxHGpQ$_$4,OKSx1zxHGpQ,4,train,train,1.0,1.0,0.0,Positive,positive,2
OKSx1zxHGpQ$_$5,OKSx1zxHGpQ,5,train,train,1.0,1.0,0.0,Positive,positive,2
OKSx1zxHGpQ$_$8,OKSx1zxHGpQ,8,train,train,-0.3333333432674408,-0.3333333432674408,0.0,Negative,negative,0
OLP0nCKwU6k$_$6,OLP0nCKwU6k,6,valid,valid,-0.6666666865348816,-0.6666666865348816,0.0,Negative,negative,0
OORklkFql3k$_$10,OORklkFql3k,10,test,test,-0.3333333432674408,-0.3333333432674408,0.0,Negative,negative,0
OORklkFql3k$_$4,OORklkFql3k,4,test,test,-2.0,-2.0,0.0,Negative,negative,0
OOh1_ffKOKk$_$2,OOh1_ffKOKk,2,train,train,0.6666666865348816,0.6666666865348816,0.0,Positive,positive,2
OPXmk49KyiU$_$1,OPXmk49KyiU,1,train,train,0.0,0.0,0.0,Neutral,neutral,1
OSyKmOye5Uo$_$4,OSyKmOye5Uo,4,train,train,0.6666666865348816,0.6666666865348816,0.0,Positive,positive,2
OWWHjP3pX9o$_$0,OWWHjP3pX9o,0,test,test,-0.3333333432674408,-0.3333333432674408,0.0,Negative,negative,0
OWWHjP3pX9o$_$4,OWWHjP3pX9o,4,test,test,0.6666666865348816,0.6666666865348816,0.0,Positive,positive,2
OXsTIPdytiw$_$0,OXsTIPdytiw,0,test,test,0.6666666865348816,0.6666666865348816,0.0,Positive,positive,2
OXsTIPdytiw$_$7,OXsTIPdytiw,7,test,test,0.6666666865348816,0.6666666865348816,0.0,Positive,positive,2
O_fTDhCtAhw$_$6,O_fTDhCtAhw,6,train,train,0.0,0.0,0.0,Neutral,neutral,1
O_fTDhCtAhw$_$7,O_fTDhCtAhw,7,train,train,0.0,0.0,0.0,Neutral,neutral,1
O_fTDhCtAhw$_$8,O_fTDhCtAhw,8,train,train,0.3333333432674408,0.3333333432674408,0.0,Positive,positive,2
Oa2xVjzAMFc$_$9,Oa2xVjzAMFc,9,test,test,-0.3333333432674408,-0.3333333432674408,0.0,Negative,negative,0
Ob8vPQCPDX0$_$1,Ob8vPQCPDX0,1,train,train,1.3333333730697632,1.3333333730697632,0.0,Positive,positive,2
Ob8vPQCPDX0$_$2,Ob8vPQCPDX0,2,train,train,2.0,2.0,0.0,Positive,positive,2
OcqJx_cRc3Y$_$2,OcqJx_cRc3Y,2,train,train,-0.3333333432674408,-0.3333333432674408,0.0,Negative,negative,0
OctOcfI4KSs$_$3,OctOcfI4KSs,3,test,test,0.3333333432674408,0.3333333432674408,0.0,Positive,positive,2
OctOcfI4KSs$_$7,OctOcfI4KSs,7,test,test,0.3333333432674408,0.3333333432674408,0.0,Positive,positive,2
OdKp0hYomgs$_$10,OdKp0hYomgs,10,train,train,3.0,3.0,0.0,Positive,positive,2
OdKp0hYomgs$_$3,OdKp0hYomgs,3,train,train,1.6666666269302368,1.6666666269302368,0.0,Positive,positive,2
Oj3XwBBrzXc$_$1,Oj3XwBBrzXc,1,train,train,0.0,0.0,0.0,Neutral,neutral,1
Op3CnqRLD9w$_$3,Op3CnqRLD9w,3,train,train,0.6666666865348816,0.6666666865348816,0.0,Positive,positive,2
OrYBtyO0aPI$_$1,OrYBtyO0aPI,1,valid,valid,0.6666666865348816,0.6666666865348816,0.0,Positive,positive,2
OrYBtyO0aPI$_$4,OrYBtyO0aPI,4,valid,valid,1.0,1.0,0.0,Positive,positive,2
OwYfPi9St0w$_$1,OwYfPi9St0w,1,train,train,0.0,0.0,0.0,Neutral,neutral,1
OxyQSJMvWBo$_$11,OxyQSJMvWBo,11,train,train,-1.0,-1.0,0.0,Negative,negative,0
OxyQSJMvWBo$_$12,OxyQSJMvWBo,12,train,train,-1.0,-1.0,0.0,Negative,negative,0
OxyQSJMvWBo$_$13,OxyQSJMvWBo,13,train,train,-0.3333333432674408,-0.3333333432674408,0.0,Negative,negative,0
P0UHzR4CmYg$_$1,P0UHzR4CmYg,1,test,test,1.0,1.0,0.0,Positive,positive,2
P0UHzR4CmYg$_$11,P0UHzR4CmYg,11,test,test,-1.0,-1.0,0.0,Negative,negative,0
P0UHzR4CmYg$_$3,P0UHzR4CmYg,3,test,test,0.6666666865348816,0.6666666865348816,0.0,Positive,positive,2
P0UHzR4CmYg$_$4,P0UHzR4CmYg,4,test,test,1.0,1.0,0.0,Positive,positive,2
P0UHzR4CmYg$_$8,P0UHzR4CmYg,8,test,test,0.6666666865348816,0.6666666865348816,0.0,Positive,positive,2
P0WaXnH37uI$_$4,P0WaXnH37uI,4,train,train,0.3333333432674408,0.3333333432674408,0.0,Positive,positive,2
P0WaXnH37uI$_$5,P0WaXnH37uI,5,train,train,0.0,0.0,0.0,Neutral,neutral,1
P35dyIit1yM$_$4,P35dyIit1yM,4,train,train,0.6666666865348816,0.6666666865348816,0.0,Positive,positive,2
P4qxfjZlIrY$_$4,P4qxfjZlIrY,4,train,train,0.3333333432674408,0.3333333432674408,0.0,Positive,positive,2
P4qxfjZlIrY$_$6,P4qxfjZlIrY,6,train,train,0.3333333432674408,0.3333333432674408,0.0,Positive,positive,2
PANWQeBKStk$_$0,PANWQeBKStk,0,train,train,1.0,1.0,0.0,Positive,positive,2
PGBrZLC15yA$_$0,PGBrZLC15yA,0,train,train,2.6666667461395264,2.6666667461395264,0.0,Positive,positive,2
PHJ8eybXJdw$_$5,PHJ8eybXJdw,5,train,train,0.0,0.0,0.0,Neutral,neutral,1
PMH4mdJeojE$_$2,PMH4mdJeojE,2,train,train,1.0,1.0,0.0,Positive,positive,2
PMH4mdJeojE$_$3,PMH4mdJeojE,3,train,train,0.0,0.0,0.0,Neutral,neutral,1
PN3ApHIGopo$_$6,PN3ApHIGopo,6,train,train,-0.3333333432674408,-0.3333333432674408,0.0,Negative,negative,0
PQYmOknHA4c$_$4,PQYmOknHA4c,4,train,train,1.0,1.0,0.0,Positive,positive,2
PQYmOknHA4c$_$5,PQYmOknHA4c,5,train,train,0.0,0.0,0.0,Neutral,neutral,1
PUIsiLk8etk$_$11,PUIsiLk8etk,11,train,train,-0.6666666865348816,-0.6666666865348816,0.0,Negative,negative,0
PYylJk8R9Ak$_$1,PYylJk8R9Ak,1,train,train,1.6666666269302368,1.6666666269302368,0.0,Positive,positive,2
PYylJk8R9Ak$_$4,PYylJk8R9Ak,4,train,train,1.0,1.0,0.0,Positive,positive,2
PboaYD5hlG8$_$10,PboaYD5hlG8,10,valid,valid,1.0,1.0,0.0,Positive,positive,2
PboaYD5hlG8$_$2,PboaYD5hlG8,2,valid,valid,-0.6666666865348816,-0.6666666865348816,0.0,Negative,negative,0
PboaYD5hlG8$_$3,PboaYD5hlG8,3,valid,valid,1.3333333730697632,1.3333333730697632,0.0,Positive,positive,2
PboaYD5hlG8$_$7,PboaYD5hlG8,7,valid,valid,0.0,0.0,0.0,Neutral,neutral,1
PboaYD5hlG8$_$8,PboaYD5hlG8,8,valid,valid,-1.3333333730697632,-1.3333333730697632,0.0,Negative,negative,0
PboaYD5hlG8$_$9,PboaYD5hlG8,9,valid,valid,0.0,0.0,0.0,Neutral,neutral,1
PbyI-sUzLZY$_$4,PbyI-sUzLZY,4,train,train,-0.3333333432674408,-0.3333333432674408,0.0,Negative,negative,0
PbyI-sUzLZY$_$5,PbyI-sUzLZY,5,train,train,0.6666666865348816,0.6666666865348816,0.0,Positive,positive,2
PcqKFt1p3UQ$_$10,PcqKFt1p3UQ,10,test,test,0.3333333432674408,0.3333333432674408,0.0,Positive,positive,2
PmemTgQHagk$_$1,PmemTgQHagk,1,train,train,2.0,2.0,0.0,Positive,positive,2
PmemTgQHagk$_$7,PmemTgQHagk,7,train,train,2.0,2.0,0.0,Positive,positive,2
PoKZEKOf1dA$_$1,PoKZEKOf1dA,1,train,train,1.0,1.0,0.0,Positive,positive,2
PoKZEKOf1dA$_$4,PoKZEKOf1dA,4,train,train,0.0,0.0,0.0,Neutral,neutral,1
PohW-isYMK0$_$1,PohW-isYMK0,1,train,train,1.3333333730697632,1.3333333730697632,0.0,Positive,positive,2
PohW-isYMK0$_$16,PohW-isYMK0,16,train,train,0.6666666865348816,0.6666666865348816,0.0,Positive,positive,2
PohW-isYMK0$_$7,PohW-isYMK0,7,train,train,1.6666666269302368,1.6666666269302368,0.0,Positive,positive,2
Pt-D0LUHDSc$_$2,Pt-D0LUHDSc,2,valid,valid,0.3333333432674408,0.3333333432674408,0.0,Positive,positive,2
PwapK9d8IGk$_$4,PwapK9d8IGk,4,valid,valid,0.0,0.0,0.0,Neutral,neutral,1
PyQrAYl1bFs$_$0,PyQrAYl1bFs,0,valid,valid,1.0,1.0,0.0,Positive,positive,2
PyQrAYl1bFs$_$3,PyQrAYl1bFs,3,valid,valid,2.0,2.0,0.0,Positive,positive,2
PyQrAYl1bFs$_$4,PyQrAYl1bFs,4,valid,valid,0.1666666716337204,0.1666666716337204,0.0,Positive,positive,2
PzI6yY9Y2xQ$_$0,PzI6yY9Y2xQ,0,test,test,1.6666666269302368,1.6666666269302368,0.0,Positive,positive,2
PzI6yY9Y2xQ$_$2,PzI6yY9Y2xQ,2,test,test,1.3333333730697632,1.3333333730697632,0.0,Positive,positive,2
Q4WzApjaCNI$_$0,Q4WzApjaCNI,0,valid,valid,0.6666666865348816,0.6666666865348816,0.0,Positive,positive,2
Q5fZk_jPjBI$_$0,Q5fZk_jPjBI,0,train,train,1.6666666269302368,1.6666666269302368,0.0,Positive,positive,2
Q5fZk_jPjBI$_$9,Q5fZk_jPjBI,9,train,train,0.3333333432674408,0.3333333432674408,0.0,Positive,positive,2
Q7S0tX4FUNA$_$4,Q7S0tX4FUNA,4,valid,valid,0.6666666865348816,0.6666666865348816,0.0,Positive,positive,2
Q7S0tX4FUNA$_$7,Q7S0tX4FUNA,7,valid,valid,0.6666666865348816,0.6666666865348816,0.0,Positive,positive,2
Q7S0tX4FUNA$_$8,Q7S0tX4FUNA,8,valid,valid,-0.6666666865348816,-0.6666666865348816,0.0,Negative,negative,0
Q7nhtfkIPN4$_$3,Q7nhtfkIPN4,3,train,train,0.0,0.0,0.0,Neutral,neutral,1
Q7nhtfkIPN4$_$6,Q7nhtfkIPN4,6,train,train,0.0,0.0,0.0,Neutral,neutral,1
QBc7X5jj8oA$_$4,QBc7X5jj8oA,4,test,test,1.3333333730697632,1.3333333730697632,0.0,Positive,positive,2
QCR7uyowjhM$_$10,QCR7uyowjhM,10,test,test,0.3333333432674408,0.3333333432674408,0.0,Positive,positive,2
QCR7uyowjhM$_$8,QCR7uyowjhM,8,test,test,0.0,0.0,0.0,Neutral,neutral,1
QDRtKv8PvFs$_$3,QDRtKv8PvFs,3,train,train,1.3333333730697632,1.3333333730697632,0.0,Positive,positive,2
QE0pAVSPsKQ$_$12,QE0pAVSPsKQ,12,train,train,0.3333333432674408,0.3333333432674408,0.0,Positive,positive,2
QE0pAVSPsKQ$_$2,QE0pAVSPsKQ,2,train,train,2.6666667461395264,2.6666667461395264,0.0,Positive,positive,2
QE0pAVSPsKQ$_$26,QE0pAVSPsKQ,26,train,train,2.0,2.0,0.0,Positive,positive,2
QE0pAVSPsKQ$_$7,QE0pAVSPsKQ,7,train,train,-0.6666666865348816,-0.6666666865348816,0.0,Negative,negative,0
QI-TTqj0KnA$_$6,QI-TTqj0KnA,6,train,train,0.0,0.0,0.0,Neutral,neutral,1
QI-TTqj0KnA$_$7,QI-TTqj0KnA,7,train,train,0.6666666865348816,0.6666666865348816,0.0,Positive,positive,2
QIonRUsCqBs$_$1,QIonRUsCqBs,1,test,test,1.3333333730697632,1.3333333730697632,0.0,Positive,positive,2
QLEOYF7Mju0$_$11,QLEOYF7Mju0,11,train,train,1.0,1.0,0.0,Positive,positive,2
QLEOYF7Mju0$_$2,QLEOYF7Mju0,2,train,train,0.3333333432674408,0.3333333432674408,0.0,Positive,positive,2
QMAztkqnvws$_$6,QMAztkqnvws,6,train,train,0.3333333432674408,0.3333333432674408,0.0,Positive,positive,2
QNxiqu1y1N0$_$1,QNxiqu1y1N0,1,train,train,0.3333333432674408,0.3333333432674408,0.0,Positive,positive,2
QOxIdbNwpx0$_$6,QOxIdbNwpx0,6,train,train,1.0,1.0,0.0,Positive,positive,2
QQVRIGEUa_Q$_$5,QQVRIGEUa_Q,5,train,train,0.3333333432674408,0.3333333432674408,0.0,Positive,positive,2
QUpI5kMw_nA$_$10,QUpI5kMw_nA,10,train,train,0.3333333432674408,0.3333333432674408,0.0,Positive,positive,2
QUpI5kMw_nA$_$17,QUpI5kMw_nA,17,train,train,1.3333333730697632,1.3333333730697632,0.0,Positive,positive,2
QYp0lGhyL6A$_$13,QYp0lGhyL6A,13,train,train,0.0,0.0,0.0,Neutral,neutral,1
QYp0lGhyL6A$_$14,QYp0lGhyL6A,14,train,train,-1.3333333730697632,-1.3333333730697632,0.0,Negative,negative,0
QYp0lGhyL6A$_$4,QYp0lGhyL6A,4,train,train,-2.3333332538604736,-2.3333332538604736,0.0,Negative,negative,0
Qa6Yz62V-Yc$_$0,Qa6Yz62V-Yc,0,valid,valid,0.6666666865348816,0.6666666865348816,0.0,Positive,positive,2
Qfa1fY_07bQ$_$5,Qfa1fY_07bQ,5,test,test,1.3333333730697632,1.3333333730697632,0.0,Positive,positive,2
QjcQx8_PQfw$_$10,QjcQx8_PQfw,10,valid,valid,1.0,1.0,0.0,Positive,positive,2
QjcQx8_PQfw$_$7,QjcQx8_PQfw,7,valid,valid,-0.3333333432674408,-0.3333333432674408,0.0,Negative,negative,0
QkMTYY69JYQ$_$1,QkMTYY69JYQ,1,train,train,0.6666666865348816,0.6666666865348816,0.0,Positive,positive,2
QkMTYY69JYQ$_$4,QkMTYY69JYQ,4,train,train,0.6666666865348816,0.6666666865348816,0.0,Positive,positive,2
QoIsjc4-GIg$_$8,QoIsjc4-GIg,8,train,train,-1.0,-1.0,0.0,Negative,negative,0
QpchvHpGFc8$_$3,QpchvHpGFc8,3,valid,valid,0.6666666865348816,0.6666666865348816,0.0,Positive,positive,2
QzdEjKQFisQ$_$8,QzdEjKQFisQ,8,train,train,-0.3333333432674408,-0.3333333432674408,0.0,Negative,negative,0
R0o37yJ1PP0$_$3,R0o37yJ1PP0,3,train,train,0.6666666865348816,0.6666666865348816,0.0,Positive,positive,2
R0o37yJ1PP0$_$5,R0o37yJ1PP0,5,train,train,0.0,0.0,0.0,Neutral,neutral,1
R0o37yJ1PP0$_$6,R0o37yJ1PP0,6,train,train,0.3333333432674408,0.3333333432674408,0.0,Positive,positive,2
R0uRDh-engU$_$10,R0uRDh-engU,10,train,train,0.3333333432674408,0.3333333432674408,0.0,Positive,positive,2
R0uRDh-engU$_$5,R0uRDh-engU,5,train,train,-0.3333333432674408,-0.3333333432674408,0.0,Negative,negative,0
R5a3TP-l_n4$_$1,R5a3TP-l_n4,1,train,train,1.0,1.0,0.0,Positive,positive,2
R9xTBw3MCWI$_$5,R9xTBw3MCWI,5,test,test,0.3333333432674408,0.3333333432674408,0.0,Positive,positive,2
R9ypacCuEZo$_$4,R9ypacCuEZo,4,train,train,1.3333333730697632,1.3333333730697632,0.0,Positive,positive,2
R9ypacCuEZo$_$7,R9ypacCuEZo,7,train,train,-0.3333333432674408,-0.3333333432674408,0.0,Negative,negative,0
RArhIHk4Qs4$_$1,RArhIHk4Qs4,1,valid,valid,0.0,0.0,0.0,Neutral,neutral,1
RArhIHk4Qs4$_$13,RArhIHk4Qs4,13,valid,valid,0.3333333432674408,0.3333333432674408,0.0,Positive,positive,2
RArhIHk4Qs4$_$16,RArhIHk4Qs4,16,valid,valid,0.3333333432674408,0.3333333432674408,0.0,Positive,positive,2
RArhIHk4Qs4$_$17,RArhIHk4Qs4,17,valid,valid,0.0,0.0,0.0,Neutral,neutral,1
RArhIHk4Qs4$_$19,RArhIHk4Qs4,19,valid,valid,0.3333333432674408,0.3333333432674408,0.0,Positive,positive,2
RArhIHk4Qs4$_$2,RArhIHk4Qs4,2,valid,valid,0.3333333432674408,0.3333333432674408,0.0,Positive,positive,2
RArhIHk4Qs4$_$21,RArhIHk4Qs4,21,valid,valid,0.0,0.0,0.0,Neutral,neutral,1
RArhIHk4Qs4$_$6,RArhIHk4Qs4,6,valid,valid,0.3333333432674408,0.3333333432674408,0.0,Positive,positive,2
RArhIHk4Qs4$_$7,RArhIHk4Qs4,7,valid,valid,0.3333333432674408,0.3333333432674408,0.0,Positive,positive,2
RArhIHk4Qs4$_$8,RArhIHk4Qs4,8,valid,valid,0.0,0.0,0.0,Neutral,neutral,1
RE-LIPOFnrE$_$4,RE-LIPOFnrE,4,train,train,0.0,0.0,0.0,Neutral,neutral,1
REkPZ77s3Vc$_$0,REkPZ77s3Vc,0,train,train,0.0,0.0,0.0,Neutral,neutral,1
REkPZ77s3Vc$_$4,REkPZ77s3Vc,4,train,train,0.0,0.0,0.0,Neutral,neutral,1
REkPZ77s3Vc$_$7,REkPZ77s3Vc,7,train,train,0.0,0.0,0.0,Neutral,neutral,1
RImmdklTOW0$_$10,RImmdklTOW0,10,train,train,1.6666666269302368,1.6666666269302368,0.0,Positive,positive,2
RImmdklTOW0$_$15,RImmdklTOW0,15,train,train,1.3333333730697632,1.3333333730697632,0.0,Positive,positive,2
RImmdklTOW0$_$8,RImmdklTOW0,8,train,train,0.6666666865348816,0.6666666865348816,0.0,Positive,positive,2
RLHZ6xtIWSM$_$2,RLHZ6xtIWSM,2,train,train,-0.6666666865348816,-0.6666666865348816,0.0,Negative,negative,0
RLHZ6xtIWSM$_$6,RLHZ6xtIWSM,6,train,train,-1.3333333730697632,-1.3333333730697632,0.0,Negative,negative,0
ROC2YI3tDsk$_$13,ROC2YI3tDsk,13,test,test,0.3333333432674408,0.3333333432674408,0.0,Positive,positive,2
ROC2YI3tDsk$_$3,ROC2YI3tDsk,3,test,test,1.0,1.0,0.0,Positive,positive,2
ROcTx5VEn7o$_$1,ROcTx5VEn7o,1,valid,valid,0.3333333432674408,0.3333333432674408,0.0,Positive,positive,2
ROcTx5VEn7o$_$11,ROcTx5VEn7o,11,valid,valid,0.0,0.0,0.0,Neutral,neutral,1
ROcTx5VEn7o$_$5,ROcTx5VEn7o,5,valid,valid,-0.3333333432674408,-0.3333333432674408,0.0,Negative,negative,0
ROcTx5VEn7o$_$9,ROcTx5VEn7o,9,valid,valid,0.0,0.0,0.0,Neutral,neutral,1
RRKez9BR-94$_$12,RRKez9BR-94,12,train,train,0.6666666865348816,0.6666666865348816,0.0,Positive,positive,2
RS5WM3q2ZZQ$_$10,RS5WM3q2ZZQ,10,train,train,0.6666666865348816,0.6666666865348816,0.0,Positive,positive,2
RS5WM3q2ZZQ$_$11,RS5WM3q2ZZQ,11,train,train,0.0,0.0,0.0,Neutral,neutral,1
RS5WM3q2ZZQ$_$2,RS5WM3q2ZZQ,2,train,train,-0.6666666865348816,-0.6666666865348816,0.0,Negative,negative,0
RS5WM3q2ZZQ$_$6,RS5WM3q2ZZQ,6,train,train,0.0,0.0,0.0,Neutral,neutral,1
RST6PgpsLws$_$2,RST6PgpsLws,2,train,train,2.3333332538604736,2.3333332538604736,0.0,Positive,positive,2
RTzDzj4NxIM$_$7,RTzDzj4NxIM,7,train,train,0.6666666865348816,0.6666666865348816,0.0,Positive,positive,2
RVC8l5hf2Eg$_$13,RVC8l5hf2Eg,13,test,test,-0.6666666865348816,-0.6666666865348816,0.0,Negative,negative,0
RVC8l5hf2Eg$_$8,RVC8l5hf2Eg,8,test,test,-0.3333333432674408,-0.3333333432674408,0.0,Negative,negative,0
RaTQZrdICKo$_$2,RaTQZrdICKo,2,train,train,0.0,0.0,0.0,Neutral,neutral,1
RadU51t1kL0$_$8,RadU51t1kL0,8,train,train,-0.6666666865348816,-0.6666666865348816,0.0,Negative,negative,0
Rb1uzHNcYcA$_$4,Rb1uzHNcYcA,4,test,test,1.6666666269302368,1.6666666269302368,0.0,Positive,positive,2
Rdf0Psjyrwc$_$2,Rdf0Psjyrwc,2,train,train,1.3333333730697632,1.3333333730697632,0.0,Positive,positive,2
Rdf0Psjyrwc$_$3,Rdf0Psjyrwc,3,train,train,1.3333333730697632,1.3333333730697632,0.0,Positive,positive,2
RgubFcmvgDE$_$0,RgubFcmvgDE,0,train,train,-0.6666666865348816,-0.6666666865348816,0.0,Negative,negative,0
RgubFcmvgDE$_$3,RgubFcmvgDE,3,train,train,-2.0,-2.0,0.0,Negative,negative,0
RrGpzInAwCg$_$0,RrGpzInAwCg,0,valid,valid,0.6666666865348816,0.6666666865348816,0.0,Positive,positive,2
Rse6laKf1i8$_$6,Rse6laKf1i8,6,train,train,1.6666666269302368,1.6666666269302368,0.0,Positive,positive,2
Rt9rN1ntS3E$_$1,Rt9rN1ntS3E,1,train,train,1.0,1.0,0.0,Positive,positive,2
Rt9rN1ntS3E$_$2,Rt9rN1ntS3E,2,train,train,1.3333333730697632,1.3333333730697632,0.0,Positive,positive,2
Rugd2NMu4bA$_$11,Rugd2NMu4bA,11,train,train,0.6666666865348816,0.6666666865348816,0.0,Positive,positive,2
Rugd2NMu4bA$_$5,Rugd2NMu4bA,5,train,train,0.0,0.0,0.0,Neutral,neutral,1
RvIohowRPAk$_$11,RvIohowRPAk,11,train,train,-1.3333333730697632,-1.3333333730697632,0.0,Negative,negative,0
RvIohowRPAk$_$2,RvIohowRPAk,2,train,train,0.0,0.0,0.0,Neutral,neutral,1
RvmTZVNAAuQ$_$2,RvmTZVNAAuQ,2,test,test,0.0,0.0,0.0,Neutral,neutral,1
Rw2pzFGosmw$_$7,Rw2pzFGosmw,7,train,train,0.3333333432674408,0.3333333432674408,0.0,Positive,positive,2
RwcTz-tOIeo$_$2,RwcTz-tOIeo,2,train,train,-0.3333333432674408,-0.3333333432674408,0.0,Negative,negative,0
Ry2NJPd4N3s$_$14,Ry2NJPd4N3s,14,train,train,1.0,1.0,0.0,Positive,positive,2
RzOFxDk26p0$_$0,RzOFxDk26p0,0,valid,valid,1.3333333730697632,1.3333333730697632,0.0,Positive,positive,2
RzOFxDk26p0$_$1,RzOFxDk26p0,1,valid,valid,1.3333333730697632,1.3333333730697632,0.0,Positive,positive,2
S21ApRNQ9Ko$_$14,S21ApRNQ9Ko,14,train,train,-0.6666666865348816,-0.6666666865348816,0.0,Negative,negative,0
S21ApRNQ9Ko$_$15,S21ApRNQ9Ko,15,train,train,-1.0,-1.0,0.0,Negative,negative,0
S21ApRNQ9Ko$_$2,S21ApRNQ9Ko,2,train,train,1.3333333730697632,1.3333333730697632,0.0,Positive,positive,2
S21ApRNQ9Ko$_$3,S21ApRNQ9Ko,3,train,train,0.0,0.0,0.0,Neutral,neutral,1
S2znq3iRPwE$_$10,S2znq3iRPwE,10,train,train,1.0,1.0,0.0,Positive,positive,2
S2znq3iRPwE$_$13,S2znq3iRPwE,13,train,train,2.0,2.0,0.0,Positive,positive,2
S2znq3iRPwE$_$19,S2znq3iRPwE,19,train,train,1.3333333730697632,1.3333333730697632,0.0,Positive,positive,2
S6S2XL0-ZpM$_$1,S6S2XL0-ZpM,1,train,train,0.0,0.0,0.0,Neutral,neutral,1
S9PDgK7fpJI$_$14,S9PDgK7fpJI,14,train,train,0.0,0.0,0.0,Neutral,neutral,1
SGsiGz2fdpo$_$11,SGsiGz2fdpo,11,train,train,-0.3333333432674408,-0.3333333432674408,0.0,Negative,negative,0
SGsiGz2fdpo$_$15,SGsiGz2fdpo,15,train,train,0.0,0.0,0.0,Neutral,neutral,1
SGsiGz2fdpo$_$23,SGsiGz2fdpo,23,train,train,2.6666667461395264,2.6666667461395264,0.0,Positive,positive,2
SGsiGz2fdpo$_$29,SGsiGz2fdpo,29,train,train,1.0,1.0,0.0,Positive,positive,2
SGsiGz2fdpo$_$33,SGsiGz2fdpo,33,train,train,1.3333333730697632,1.3333333730697632,0.0,Positive,positive,2
SGsiGz2fdpo$_$4,SGsiGz2fdpo,4,train,train,0.3333333432674408,0.3333333432674408,0.0,Positive,positive,2
SGsiGz2fdpo$_$5,SGsiGz2fdpo,5,train,train,0.6666666865348816,0.6666666865348816,0.0,Positive,positive,2
SGsiGz2fdpo$_$6,SGsiGz2fdpo,6,train,train,0.6666666865348816,0.6666666865348816,0.0,Positive,positive,2
SGsiGz2fdpo$_$8,SGsiGz2fdpo,8,train,train,0.3333333432674408,0.3333333432674408,0.0,Positive,positive,2
SGsiGz2fdpo$_$9,SGsiGz2fdpo,9,train,train,0.0,0.0,0.0,Neutral,neutral,1
SH0wXyhsx9s$_$0,SH0wXyhsx9s,0,train,train,0.6666666865348816,0.6666666865348816,0.0,Positive,positive,2
SHa756SwGJQ$_$0,SHa756SwGJQ,0,valid,valid,0.3333333432674408,0.3333333432674408,0.0,Positive,positive,2
SHa756SwGJQ$_$2,SHa756SwGJQ,2,valid,valid,0.0,0.0,0.0,Neutral,neutral,1
SHa756SwGJQ$_$4,SHa756SwGJQ,4,valid,valid,-1.0,-1.0,0.0,Negative,negative,0
SHa756SwGJQ$_$6,SHa756SwGJQ,6,valid,valid,0.0,0.0,0.0,Neutral,neutral,1
SHa756SwGJQ$_$7,SHa756SwGJQ,7,valid,valid,0.3333333432674408,0.3333333432674408,0.0,Positive,positive,2
SI39azgVUR8$_$2,SI39azgVUR8,2,train,train,-1.6666666269302368,-1.6666666269302368,0.0,Negative,negative,0
SKTyBOhDX6U$_$11,SKTyBOhDX6U,11,test,test,1.6666666269302368,1.6666666269302368,0.0,Positive,positive,2
SKTyBOhDX6U$_$12,SKTyBOhDX6U,12,test,test,0.6666666865348816,0.6666666865348816,0.0,Positive,positive,2
SKTyBOhDX6U$_$9,SKTyBOhDX6U,9,test,test,1.0,1.0,0.0,Positive,positive,2
SLi2gT5H6m8$_$3,SLi2gT5H6m8,3,train,train,0.6666666865348816,0.6666666865348816,0.0,Positive,positive,2
SLi2gT5H6m8$_$5,SLi2gT5H6m8,5,train,train,0.3333333432674408,0.3333333432674408,0.0,Positive,positive,2
SMr2DprlLu4$_$1,SMr2DprlLu4,1,train,train,2.0,2.0,0.0,Positive,positive,2
SMzV26l6iA0$_$0,SMzV26l6iA0,0,train,train,1.0,1.0,0.0,Positive,positive,2
STeqtJLakQQ$_$2,STeqtJLakQQ,2,train,train,-1.0,-1.0,0.0,Negative,negative,0
STeqtJLakQQ$_$5,STeqtJLakQQ,5,train,train,-0.6666666865348816,-0.6666666865348816,0.0,Negative,negative,0
SWHmteF5Rlk$_$2,SWHmteF5Rlk,2,train,train,-0.6666666865348816,-0.6666666865348816,0.0,Negative,negative,0
SWHmteF5Rlk$_$6,SWHmteF5Rlk,6,train,train,1.3333333730697632,1.3333333730697632,0.0,Positive,positive,2
SWhfaL7AdEc$_$2,SWhfaL7AdEc,2,train,train,1.0,1.0,0.0,Positive,positive,2
SWhfaL7AdEc$_$4,SWhfaL7AdEc,4,train,train,0.6666666865348816,0.6666666865348816,0.0,Positive,positive,2
SYQ_zv8dWng$_$0,SYQ_zv8dWng,0,test,test,0.3333333432674408,0.3333333432674408,0.0,Positive,positive,2
SYQ_zv8dWng$_$5,SYQ_zv8dWng,5,test,test,0.6666666865348816,0.6666666865348816,0.0,Positive,positive,2
SYQ_zv8dWng$_$6,SYQ_zv8dWng,6,test,test,0.6666666865348816,0.6666666865348816,0.0,Positive,positive,2
SYQ_zv8dWng$_$9,SYQ_zv8dWng,9,test,test,0.0,0.0,0.0,Neutral,neutral,1
SYnygYs-fAg$_$0,SYnygYs-fAg,0,train,train,0.3333333432674408,0.3333333432674408,0.0,Positive,positive,2
SYnygYs-fAg$_$14,SYnygYs-fAg,14,train,train,1.6666666269302368,1.6666666269302368,0.0,Positive,positive,2
SYnygYs-fAg$_$6,SYnygYs-fAg,6,train,train,0.3333333432674408,0.3333333432674408,0.0,Positive,positive,2
SYnygYs-fAg$_$8,SYnygYs-fAg,8,train,train,2.0,2.0,0.0,Positive,positive,2
SZ7HK5ns6mE$_$11,SZ7HK5ns6mE,11,test,test,1.6666666269302368,1.6666666269302368,0.0,Positive,positive,2
S_mxvk4LEh0$_$12,S_mxvk4LEh0,12,train,train,2.0,2.0,0.0,Positive,positive,2
S_mxvk4LEh0$_$5,S_mxvk4LEh0,5,train,train,0.0,0.0,0.0,Neutral,neutral,1
Sb2xMPwNKPo$_$18,Sb2xMPwNKPo,18,train,train,0.0,0.0,0.0,Neutral,neutral,1
Sb2xMPwNKPo$_$5,Sb2xMPwNKPo,5,train,train,0.0,0.0,0.0,Neutral,neutral,1
ShgrdU9WAJE$_$12,ShgrdU9WAJE,12,train,train,-0.3333333432674408,-0.3333333432674408,0.0,Negative,negative,0
ShgrdU9WAJE$_$2,ShgrdU9WAJE,2,train,train,1.0,1.0,0.0,Positive,positive,2
ShgrdU9WAJE$_$5,ShgrdU9WAJE,5,train,train,0.0,0.0,0.0,Neutral,neutral,1
Sir2QeCh4B0$_$5,Sir2QeCh4B0,5,train,train,0.0,0.0,0.0,Neutral,neutral,1
So3bPzg2bq0$_$10,So3bPzg2bq0,10,train,train,0.3333333432674408,0.3333333432674408,0.0,Positive,positive,2
So3bPzg2bq0$_$2,So3bPzg2bq0,2,train,train,0.0,0.0,0.0,Neutral,neutral,1
Sq6DIhFxPqQ$_$4,Sq6DIhFxPqQ,4,test,test,0.0,0.0,0.0,Neutral,neutral,1
SrMN3rwvCsE$_$1,SrMN3rwvCsE,1,train,train,-0.3333333432674408,-0.3333333432674408,0.0,Negative,negative,0
StgqrTr0JqU$_$0,StgqrTr0JqU,0,train,train,0.6666666865348816,0.6666666865348816,0.0,Positive,positive,2
StgqrTr0JqU$_$10,StgqrTr0JqU,10,train,train,1.3333333730697632,1.3333333730697632,0.0,Positive,positive,2
SwT0gh0V8fI$_$10,SwT0gh0V8fI,10,test,test,0.0,0.0,0.0,Neutral,neutral,1
SwT0gh0V8fI$_$19,SwT0gh0V8fI,19,test,test,0.6666666865348816,0.6666666865348816,0.0,Positive,positive,2
SwT0gh0V8fI$_$5,SwT0gh0V8fI,5,test,test,0.0,0.0,0.0,Neutral,neutral,1
SxbTZjZD0vU$_$5,SxbTZjZD0vU,5,train,train,-0.6666666865348816,-0.6666666865348816,0.0,Negative,negative,0
SzJf6viBWBg$_$2,SzJf6viBWBg,2,train,train,0.0,0.0,0.0,Neutral,neutral,1
SzJf6viBWBg$_$4,SzJf6viBWBg,4,train,train,0.0,0.0,0.0,Neutral,neutral,1
T-8TvJcS78w$_$3,T-8TvJcS78w,3,train,train,1.6666666269302368,1.6666666269302368,0.0,Positive,positive,2
T-8TvJcS78w$_$7,T-8TvJcS78w,7,train,train,1.3333333730697632,1.3333333730697632,0.0,Positive,positive,2
T1icdxz0TNs$_$0,T1icdxz0TNs,0,train,train,1.3333333730697632,1.3333333730697632,0.0,Positive,positive,2
T4e4Ba1sRg0$_$0,T4e4Ba1sRg0,0,train,train,-2.0,-2.0,0.0,Negative,negative,0
T4e4Ba1sRg0$_$3,T4e4Ba1sRg0,3,train,train,-0.6666666865348816,-0.6666666865348816,0.0,Negative,negative,0
T4e4Ba1sRg0$_$9,T4e4Ba1sRg0,9,train,train,-0.6666666865348816,-0.6666666865348816,0.0,Negative,negative,0
TBCjKGYBNIo$_$19,TBCjKGYBNIo,19,train,train,-0.6666666865348816,-0.6666666865348816,0.0,Negative,negative,0
TBCjKGYBNIo$_$20,TBCjKGYBNIo,20,train,train,-1.0,-1.0,0.0,Negative,negative,0
TBCjKGYBNIo$_$24,TBCjKGYBNIo,24,train,train,0.6666666865348816,0.6666666865348816,0.0,Positive,positive,2
TBCjKGYBNIo$_$3,TBCjKGYBNIo,3,train,train,-1.0,-1.0,0.0,Negative,negative,0
TBwetweXRb4$_$5,TBwetweXRb4,5,train,train,0.3333333432674408,0.3333333432674408,0.0,Positive,positive,2
TFKgo5JlPro$_$0,TFKgo5JlPro,0,train,train,0.0,0.0,0.0,Neutral,neutral,1
TFKgo5JlPro$_$1,TFKgo5JlPro,1,train,train,-0.3333333432674408,-0.3333333432674408,0.0,Negative,negative,0
TH32jop4FiI$_$15,TH32jop4FiI,15,valid,valid,0.3333333432674408,0.3333333432674408,0.0,Positive,positive,2
TH32jop4FiI$_$17,TH32jop4FiI,17,valid,valid,1.0,1.0,0.0,Positive,positive,2
TM7cHOHfF70$_$30,TM7cHOHfF70,30,train,train,0.6666666865348816,0.6666666865348816,0.0,Positive,positive,2
TM7cHOHfF70$_$5,TM7cHOHfF70,5,train,train,-1.0,-1.0,0.0,Negative,negative,0
TNwwVWA-oAE$_$16,TNwwVWA-oAE,16,train,train,1.0,1.0,0.0,Positive,positive,2
TNwwVWA-oAE$_$22,TNwwVWA-oAE,22,train,train,0.6666666865348816,0.6666666865348816,0.0,Positive,positive,2
TO5HjoK8Iu8$_$10,TO5HjoK8Iu8,10,train,train,1.3333333730697632,1.3333333730697632,0.0,Positive,positive,2
TO5HjoK8Iu8$_$12,TO5HjoK8Iu8,12,train,train,0.6666666865348816,0.6666666865348816,0.0,Positive,positive,2
TSDC7CCyeGY$_$5,TSDC7CCyeGY,5,train,train,-1.0,-1.0,0.0,Negative,negative,0
TUY83eDK5jc$_$17,TUY83eDK5jc,17,train,train,1.0,1.0,0.0,Positive,positive,2
TVhXqAI9gyA$_$1,TVhXqAI9gyA,1,train,train,0.0,0.0,0.0,Neutral,neutral,1
TWMFQED1Myk$_$1,TWMFQED1Myk,1,train,train,0.6666666865348816,0.6666666865348816,0.0,Positive,positive,2
TWMFQED1Myk$_$3,TWMFQED1Myk,3,train,train,0.0,0.0,0.0,Neutral,neutral,1
TWMFQED1Myk$_$6,TWMFQED1Myk,6,train,train,1.6666666269302368,1.6666666269302368,0.0,Positive,positive,2
TWf0XFpXwfs$_$0,TWf0XFpXwfs,0,train,train,0.0,0.0,0.0,Neutral,neutral,1
TWszOxkOV0w$_$1,TWszOxkOV0w,1,valid,valid,-2.3333332538604736,-2.3333332538604736,0.0,Negative,negative,0
TXCXFYIc3Yo$_$16,TXCXFYIc3Yo,16,valid,valid,2.0,2.0,0.0,Positive,positive,2
TXCXFYIc3Yo$_$2,TXCXFYIc3Yo,2,valid,valid,0.6666666865348816,0.6666666865348816,0.0,Positive,positive,2
TXCXFYIc3Yo$_$6,TXCXFYIc3Yo,6,valid,valid,1.3333333730697632,1.3333333730697632,0.0,Positive,positive,2
TXCXFYIc3Yo$_$7,TXCXFYIc3Yo,7,valid,valid,1.3333333730697632,1.3333333730697632,0.0,Positive,positive,2
TXiOSZdaLJ8$_$2,TXiOSZdaLJ8,2,test,test,0.6666666865348816,0.6666666865348816,0.0,Positive,positive,2
TYJzg5IJN8o$_$0,TYJzg5IJN8o,0,valid,valid,1.3333333730697632,1.3333333730697632,0.0,Positive,positive,2
TYJzg5IJN8o$_$10,TYJzg5IJN8o,10,valid,valid,-0.3333333432674408,-0.3333333432674408,0.0,Negative,negative,0
TYJzg5IJN8o$_$11,TYJzg5IJN8o,11,valid,valid,-0.3333333432674408,-0.3333333432674408,0.0,Negative,negative,0
TYJzg5IJN8o$_$14,TYJzg5IJN8o,14,valid,valid,1.0,1.0,0.0,Positive,positive,2
TYJzg5IJN8o$_$4,TYJzg5IJN8o,4,valid,valid,0.3333333432674408,0.3333333432674408,0.0,Positive,positive,2
TYJzg5IJN8o$_$7,TYJzg5IJN8o,7,valid,valid,0.0,0.0,0.0,Neutral,neutral,1
TZXcQemh8n8$_$11,TZXcQemh8n8,11,train,train,-0.3333333432674408,-0.3333333432674408,0.0,Negative,negative,0
Ta_IgA3XJ3s$_$21,Ta_IgA3XJ3s,21,train,train,0.3333333432674408,0.3333333432674408,0.0,Positive,positive,2
Ta_IgA3XJ3s$_$27,Ta_IgA3XJ3s,27,train,train,1.0,1.0,0.0,Positive,positive,2
TahiuVpcROM$_$2,TahiuVpcROM,2,train,train,0.6666666865348816,0.6666666865348816,0.0,Positive,positive,2
TcTGCIh6e5s$_$4,TcTGCIh6e5s,4,test,test,0.0,0.0,0.0,Neutral,neutral,1
TfBVq9oWBmM$_$1,TfBVq9oWBmM,1,train,train,0.6666666865348816,0.6666666865348816,0.0,Positive,positive,2
Tiq67-bAV3M$_$5,Tiq67-bAV3M,5,train,train,0.6666666865348816,0.6666666865348816,0.0,Positive,positive,2
TwTLsgfpKvA$_$0,TwTLsgfpKvA,0,train,train,0.0,0.0,0.0,Neutral,neutral,1
TwTLsgfpKvA$_$9,TwTLsgfpKvA,9,train,train,0.6666666865348816,0.6666666865348816,0.0,Positive,positive,2
TxJjAK0WrOY$_$10,TxJjAK0WrOY,10,train,train,0.3333333432674408,0.3333333432674408,0.0,Positive,positive,2
TxRtSItpGMo$_$4,TxRtSItpGMo,4,test,test,2.0,2.0,0.0,Positive,positive,2
U-KihZeIfKI$_$1,U-KihZeIfKI,1,test,test,0.6666666865348816,0.6666666865348816,0.0,Positive,positive,2
U-KihZeIfKI$_$15,U-KihZeIfKI,15,test,test,0.6666666865348816,0.6666666865348816,0.0,Positive,positive,2
U-KihZeIfKI$_$16,U-KihZeIfKI,16,test,test,1.0,1.0,0.0,Positive,positive,2
U-KihZeIfKI$_$20,U-KihZeIfKI,20,test,test,1.3333333730697632,1.3333333730697632,0.0,Positive,positive,2
U-KihZeIfKI$_$6,U-KihZeIfKI,6,test,test,-1.0,-1.0,0.0,Negative,negative,0
U8Ewftg_8CI$_$2,U8Ewftg_8CI,2,train,train,-0.3333333432674408,-0.3333333432674408,0.0,Negative,negative,0
UK_IXtJ2BqI$_$17,UK_IXtJ2BqI,17,train,train,1.0,1.0,0.0,Positive,positive,2
UK_IXtJ2BqI$_$3,UK_IXtJ2BqI,3,train,train,0.6666666865348816,0.6666666865348816,0.0,Positive,positive,2
UK_IXtJ2BqI$_$7,UK_IXtJ2BqI,7,train,train,-1.0,-1.0,0.0,Negative,negative,0
ULtBuI6nMaY$_$1,ULtBuI6nMaY,1,train,train,0.0,0.0,0.0,Neutral,neutral,1
ULtBuI6nMaY$_$10,ULtBuI6nMaY,10,train,train,2.0,2.0,0.0,Positive,positive,2
UUukBV82P9A$_$10,UUukBV82P9A,10,train,train,-0.3333333432674408,-0.3333333432674408,0.0,Negative,negative,0
UUukBV82P9A$_$11,UUukBV82P9A,11,train,train,0.0,0.0,0.0,Neutral,neutral,1
UUukBV82P9A$_$2,UUukBV82P9A,2,train,train,1.3333333730697632,1.3333333730697632,0.0,Positive,positive,2
UXvMaHD9kmA$_$10,UXvMaHD9kmA,10,train,train,0.6666666865348816,0.6666666865348816,0.0,Positive,positive,2
UXvMaHD9kmA$_$14,UXvMaHD9kmA,14,train,train,0.0,0.0,0.0,Neutral,neutral,1
UXvMaHD9kmA$_$18,UXvMaHD9kmA,18,train,train,1.3333333730697632,1.3333333730697632,0.0,Positive,positive,2
Ua4g9q0r-dI$_$14,Ua4g9q0r-dI,14,train,train,-0.6666666865348816,-0.6666666865348816,0.0,Negative,negative,0
Ua4g9q0r-dI$_$15,Ua4g9q0r-dI,15,train,train,0.0,0.0,0.0,Neutral,neutral,1
Ua4g9q0r-dI$_$24,Ua4g9q0r-dI,24,train,train,0.0,0.0,0.0,Neutral,neutral,1
Ua4g9q0r-dI$_$31,Ua4g9q0r-dI,31,train,train,0.0,0.0,0.0,Neutral,neutral,1
Uc-0G7RRxoY$_$16,Uc-0G7RRxoY,16,train,train,0.0,0.0,0.0,Neutral,neutral,1
Uc-0G7RRxoY$_$6,Uc-0G7RRxoY,6,train,train,0.3333333432674408,0.3333333432674408,0.0,Positive,positive,2
Uc_6d-fkZEc$_$3,Uc_6d-fkZEc,3,valid,valid,0.0,0.0,0.0,Neutral,neutral,1
UeOIb6s0pVM$_$6,UeOIb6s0pVM,6,train,train,2.0,2.0,0.0,Positive,positive,2
UeOIb6s0pVM$_$8,UeOIb6s0pVM,8,train,train,0.6666666865348816,0.6666666865348816,0.0,Positive,positive,2
UgTM9y2rD38$_$2,UgTM9y2rD38,2,train,train,2.6666667461395264,2.6666667461395264,0.0,Positive,positive,2
UiurP5k-f1A$_$4,UiurP5k-f1A,4,test,test,1.0,1.0,0.0,Positive,positive,2
UjqA6KVW2m8$_$0,UjqA6KVW2m8,0,test,test,-0.3333333432674408,-0.3333333432674408,0.0,Negative,negative,0
UjqA6KVW2m8$_$2,UjqA6KVW2m8,2,test,test,-1.3333333730697632,-1.3333333730697632,0.0,Negative,negative,0
UjqA6KVW2m8$_$3,UjqA6KVW2m8,3,test,test,-0.6666666865348816,-0.6666666865348816,0.0,Negative,negative,0
UjqA6KVW2m8$_$4,UjqA6KVW2m8,4,test,test,1.0,1.0,0.0,Positive,positive,2
UkqTwAuA8jI$_$7,UkqTwAuA8jI,7,train,train,0.0,0.0,0.0,Neutral,neutral,1
UlTJmndbGHM$_$1,UlTJmndbGHM,1,valid,valid,1.6666666269302368,1.6666666269302368,0.0,Positive,positive,2
UlTJmndbGHM$_$4,UlTJmndbGHM,4,valid,valid,-1.0,-1.0,0.0,Negative,negative,0
UmB5c_QqUPs$_$11,UmB5c_QqUPs,11,train,train,-2.3333332538604736,-2.3333332538604736,0.0,Negative,negative,0
UtjenieM1Ak$_$6,UtjenieM1Ak,6,train,train,1.0,1.0,0.0,Positive,positive,2
UtuTyW9pUN8$_$6,UtuTyW9pUN8,6,train,train,0.0,0.0,0.0,Neutral,neutral,1
Uw1nWfSuyo8$_$2,Uw1nWfSuyo8,2,train,train,0.3333333432674408,0.3333333432674408,0.0,Positive,positive,2
UweZVaFqruU$_$1,UweZVaFqruU,1,test,test,0.3333333432674408,0.3333333432674408,0.0,Positive,positive,2
UweZVaFqruU$_$5,UweZVaFqruU,5,test,test,0.0,0.0,0.0,Neutral,neutral,1
V27mmEkN80g$_$0,V27mmEkN80g,0,test,test,0.0,0.0,0.0,Neutral,neutral,1
VAFdgtqZz4g$_$4,VAFdgtqZz4g,4,train,train,0.6666666865348816,0.6666666865348816,0.0,Positive,positive,2
VAr7gJydnys$_$0,VAr7gJydnys,0,train,train,1.0,1.0,0.0,Positive,positive,2
VAr7gJydnys$_$1,VAr7gJydnys,1,train,train,-1.3333333730697632,-1.3333333730697632,0.0,Negative,negative,0
VAr7gJydnys$_$13,VAr7gJydnys,13,train,train,0.0,0.0,0.0,Neutral,neutral,1
VAr7gJydnys$_$6,VAr7gJydnys,6,train,train,1.0,1.0,0.0,Positive,positive,2
VDjnKdFxuBE$_$0,VDjnKdFxuBE,0,train,train,2.6666667461395264,2.6666667461395264,0.0,Positive,positive,2
VDkBM0ZG4q8$_$4,VDkBM0ZG4q8,4,test,test,0.0,0.0,0.0,Neutral,neutral,1
VDkBM0ZG4q8$_$7,VDkBM0ZG4q8,7,test,test,0.3333333432674408,0.3333333432674408,0.0,Positive,positive,2
VLQgw-88v4Q$_$2,VLQgw-88v4Q,2,test,test,1.0,1.0,0.0,Positive,positive,2
VLQgw-88v4Q$_$6,VLQgw-88v4Q,6,test,test,1.6666666269302368,1.6666666269302368,0.0,Positive,positive,2
VLQgw-88v4Q$_$8,VLQgw-88v4Q,8,test,test,1.3333333730697632,1.3333333730697632,0.0,Positive,positive,2
VN1IPN1TL3Q$_$0,VN1IPN1TL3Q,0,train,train,-1.3333333730697632,-1.3333333730697632,0.0,Negative,negative,0
VN1IPN1TL3Q$_$5,VN1IPN1TL3Q,5,train,train,-1.6666666269302368,-1.6666666269302368,0.0,Negative,negative,0
VUrTT7xsrec$_$1,VUrTT7xsrec,1,train,train,1.0,1.0,0.0,Positive,positive,2
VWik5oKP6IU$_$3,VWik5oKP6IU,3,train,train,0.3333333432674408,0.3333333432674408,0.0,Positive,positive,2
VXy21GwGs8o$_$0,VXy21GwGs8o,0,test,test,0.0,0.0,0.0,Neutral,neutral,1
VZqkWIPmH6w$_$4,VZqkWIPmH6w,4,train,train,0.0,0.0,0.0,Neutral,neutral,1
Va54WZgPTdY$_$6,Va54WZgPTdY,6,train,train,-2.0,-2.0,0.0,Negative,negative,0
VbSsGRXIwjc$_$2,VbSsGRXIwjc,2,train,train,1.6666666269302368,1.6666666269302368,0.0,Positive,positive,2
VbV9S4svrTg$_$13,VbV9S4svrTg,13,valid,valid,0.0,0.0,0.0,Neutral,neutral,1
VbV9S4svrTg$_$3,VbV9S4svrTg,3,valid,valid,1.3333333730697632,1.3333333730697632,0.0,Positive,positive,2
VbV9S4svrTg$_$7,VbV9S4svrTg,7,valid,valid,1.0,1.0,0.0,Positive,positive,2
VbV9S4svrTg$_$8,VbV9S4svrTg,8,valid,valid,0.6666666865348816,0.6666666865348816,0.0,Positive,positive,2
Vdf1McvE9ao$_$9,Vdf1McvE9ao,9,test,test,0.0,0.0,0.0,Neutral,neutral,1
Ve-mmCM8TI0$_$15,Ve-mmCM8TI0,15,train,train,0.0,0.0,0.0,Neutral,neutral,1
Ve-mmCM8TI0$_$2,Ve-mmCM8TI0,2,train,train,0.0,0.0,0.0,Neutral,neutral,1
Ve-mmCM8TI0$_$4,Ve-mmCM8TI0,4,train,train,0.0,0.0,0.0,Neutral,neutral,1
Ve-mmCM8TI0$_$6,Ve-mmCM8TI0,6,train,train,-1.0,-1.0,0.0,Negative,negative,0
Ve-mmCM8TI0$_$7,Ve-mmCM8TI0,7,train,train,0.3333333432674408,0.3333333432674408,0.0,Positive,positive,2
VhKJm_jiciU$_$10,VhKJm_jiciU,10,train,train,1.3333333730697632,1.3333333730697632,0.0,Positive,positive,2
VinxKpWioTo$_$0,VinxKpWioTo,0,valid,valid,0.0,0.0,0.0,Neutral,neutral,1
VinxKpWioTo$_$1,VinxKpWioTo,1,valid,valid,1.0,1.0,0.0,Positive,positive,2
VinxKpWioTo$_$3,VinxKpWioTo,3,valid,valid,0.3333333432674408,0.3333333432674408,0.0,Positive,positive,2
VinxKpWioTo$_$5,VinxKpWioTo,5,valid,valid,0.6666666865348816,0.6666666865348816,0.0,Positive,positive,2
ViyQVpGW05w$_$1,ViyQVpGW05w,1,valid,valid,1.6666666269302368,1.6666666269302368,0.0,Positive,positive,2
ViyQVpGW05w$_$4,ViyQVpGW05w,4,valid,valid,0.0,0.0,0.0,Neutral,neutral,1
ViyQVpGW05w$_$6,ViyQVpGW05w,6,valid,valid,-0.3333333432674408,-0.3333333432674408,0.0,Negative,negative,0
VjAvqFXEmmk$_$2,VjAvqFXEmmk,2,train,train,0.0,0.0,0.0,Neutral,neutral,1
VjAvqFXEmmk$_$3,VjAvqFXEmmk,3,train,train,0.0,0.0,0.0,Neutral,neutral,1
VjAvqFXEmmk$_$4,VjAvqFXEmmk,4,train,train,0.6666666865348816,0.6666666865348816,0.0,Positive,positive,2
Vlas-mPydcg$_$17,Vlas-mPydcg,17,test,test,0.6666666865348816,0.6666666865348816,0.0,Positive,positive,2
Vlas-mPydcg$_$3,Vlas-mPydcg,3,test,test,1.0,1.0,0.0,Positive,positive,2
VoETCD8fBLI$_$5,VoETCD8fBLI,5,train,train,0.6666666865348816,0.6666666865348816,0.0,Positive,positive,2
VsXGwSZazwA$_$4,VsXGwSZazwA,4,test,test,0.0,0.0,0.0,Neutral,neutral,1
VsXGwSZazwA$_$6,VsXGwSZazwA,6,test,test,1.6666666269302368,1.6666666269302368,0.0,Positive,positive,2
Vuay0mVKkik$_$3,Vuay0mVKkik,3,valid,valid,-2.0,-2.0,0.0,Negative,negative,0
Vv2DTPyyw90$_$0,Vv2DTPyyw90,0,train,train,0.0,0.0,0.0,Neutral,neutral,1
Vw4-ae-ucHE$_$0,Vw4-ae-ucHE,0,train,train,-0.3333333432674408,-0.3333333432674408,0.0,Negative,negative,0
Vw4-ae-ucHE$_$2,Vw4-ae-ucHE,2,train,train,0.6666666865348816,0.6666666865348816,0.0,Positive,positive,2
Vw4-ae-ucHE$_$3,Vw4-ae-ucHE,3,train,train,0.3333333432674408,0.3333333432674408,0.0,Positive,positive,2
VwGPIUNayKM$_$1,VwGPIUNayKM,1,test,test,0.0,0.0,0.0,Neutral,neutral,1
VwGPIUNayKM$_$5,VwGPIUNayKM,5,test,test,-1.0,-1.0,0.0,Negative,negative,0
VwGPIUNayKM$_$8,VwGPIUNayKM,8,test,test,1.0,1.0,0.0,Positive,positive,2
Vx8npmcFxak$_$5,Vx8npmcFxak,5,train,train,2.0,2.0,0.0,Positive,positive,2
VybXjsmsjAY$_$13,VybXjsmsjAY,13,train,train,1.0,1.0,0.0,Positive,positive,2
W-pA0lOGLR0$_$5,W-pA0lOGLR0,5,train,train,0.3333333432674408,0.3333333432674408,0.0,Positive,positive,2
W-ptEZFARVo$_$2,W-ptEZFARVo,2,train,train,1.0,1.0,0.0,Positive,positive,2
W-q9bPlMIVI$_$14,W-q9bPlMIVI,14,train,train,0.0,0.0,0.0,Neutral,neutral,1
W1CWpktWtTs$_$5,W1CWpktWtTs,5,test,test,1.0,1.0,0.0,Positive,positive,2
W1CWpktWtTs$_$9,W1CWpktWtTs,9,test,test,0.6666666865348816,0.6666666865348816,0.0,Positive,positive,2
W40BaML7mzc$_$0,W40BaML7mzc,0,train,train,1.0,1.0,0.0,Positive,positive,2
W53uRqITk2I$_$0,W53uRqITk2I,0,train,train,0.6666666865348816,0.6666666865348816,0.0,Positive,positive,2
W53uRqITk2I$_$6,W53uRqITk2I,6,train,train,1.0,1.0,0.0,Positive,positive,2
WAXJRnJXmOA$_$18,WAXJRnJXmOA,18,train,train,0.6666666865348816,0.6666666865348816,0.0,Positive,positive,2
WAXJRnJXmOA$_$5,WAXJRnJXmOA,5,train,train,0.3333333432674408,0.3333333432674408,0.0,Positive,positive,2
WBCRTcMJZZc$_$3,WBCRTcMJZZc,3,train,train,0.6666666865348816,0.6666666865348816,0.0,Positive,positive,2
WGfGxoI05ew$_$3,WGfGxoI05ew,3,train,train,2.0,2.0,0.0,Positive,positive,2
WHUHTmtBJWU$_$14,WHUHTmtBJWU,14,train,train,0.0,0.0,0.0,Neutral,neutral,1
WMzvDL7b4sM$_$0,WMzvDL7b4sM,0,train,train,0.6666666865348816,0.6666666865348816,0.0,Positive,positive,2
WTF9xgqLIvI$_$2,WTF9xgqLIvI,2,train,train,0.6666666865348816,0.6666666865348816,0.0,Positive,positive,2
WTF9xgqLIvI$_$7,WTF9xgqLIvI,7,train,train,1.3333333730697632,1.3333333730697632,0.0,Positive,positive,2
WUeSV0Z23Kg$_$1,WUeSV0Z23Kg,1,train,train,-0.3333333432674408,-0.3333333432674408,0.0,Negative,negative,0
WXKgBIiP8IA$_$1,WXKgBIiP8IA,1,train,train,0.3333333432674408,0.3333333432674408,0.0,Positive,positive,2
WXKgBIiP8IA$_$10,WXKgBIiP8IA,10,train,train,0.0,0.0,0.0,Neutral,neutral,1
WXKgBIiP8IA$_$2,WXKgBIiP8IA,2,train,train,1.3333333730697632,1.3333333730697632,0.0,Positive,positive,2
WXKgBIiP8IA$_$5,WXKgBIiP8IA,5,train,train,0.3333333432674408,0.3333333432674408,0.0,Positive,positive,2
WfNiQBXmPw8$_$3,WfNiQBXmPw8,3,test,test,-0.3333333432674408,-0.3333333432674408,0.0,Negative,negative,0
WfNiQBXmPw8$_$5,WfNiQBXmPw8,5,test,test,0.3333333432674408,0.3333333432674408,0.0,Positive,positive,2
Wfn7XvSEwUA$_$1,Wfn7XvSEwUA,1,train,train,0.0,0.0,0.0,Neutral,neutral,1
Wfn7XvSEwUA$_$3,Wfn7XvSEwUA,3,train,train,0.3333333432674408,0.3333333432674408,0.0,Positive,positive,2
WgI8IbJtXHw$_$0,WgI8IbJtXHw,0,test,test,0.0,0.0,0.0,Neutral,neutral,1
Wh6sht7xwqQ$_$0,Wh6sht7xwqQ,0,train,train,0.3333333432674408,0.3333333432674408,0.0,Positive,positive,2
Wh6sht7xwqQ$_$11,Wh6sht7xwqQ,11,train,train,0.6666666865348816,0.6666666865348816,0.0,Positive,positive,2
WmQF5RmbsVQ$_$6,WmQF5RmbsVQ,6,valid,valid,0.0,0.0,0.0,Neutral,neutral,1
Wn8nz8GPKkI$_$0,Wn8nz8GPKkI,0,train,train,0.3333333432674408,0.3333333432674408,0.0,Positive,positive,2
Wn8nz8GPKkI$_$1,Wn8nz8GPKkI,1,train,train,-0.3333333432674408,-0.3333333432674408,0.0,Negative,negative,0
Wnw1IAEDwDM$_$0,Wnw1IAEDwDM,0,train,train,0.0,0.0,0.0,Neutral,neutral,1
Wo1RxRjXyYw$_$2,Wo1RxRjXyYw,2,train,train,0.3333333432674408,0.3333333432674408,0.0,Positive,positive,2
Wo1RxRjXyYw$_$3,Wo1RxRjXyYw,3,train,train,0.3333333432674408,0.3333333432674408,0.0,Positive,positive,2
Wo1RxRjXyYw$_$6,Wo1RxRjXyYw,6,train,train,0.0,0.0,0.0,Neutral,neutral,1
Wo1RxRjXyYw$_$8,Wo1RxRjXyYw,8,train,train,0.3333333432674408,0.3333333432674408,0.0,Positive,positive,2
Wrcf2xtqbkQ$_$8,Wrcf2xtqbkQ,8,valid,valid,-0.3333333432674408,-0.3333333432674408,0.0,Negative,negative,0
Wrcf2xtqbkQ$_$9,Wrcf2xtqbkQ,9,valid,valid,0.0,0.0,0.0,Neutral,neutral,1
WtiBpLt2wuA$_$2,WtiBpLt2wuA,2,train,train,0.0,0.0,0.0,Neutral,neutral,1
Wx9nThz5z_Y$_$31,Wx9nThz5z_Y,31,train,train,0.0,0.0,0.0,Neutral,neutral,1
WxYb2x_irTM$_$2,WxYb2x_irTM,2,train,train,1.3333333730697632,1.3333333730697632,0.0,Positive,positive,2
WxajvjGKz7Y$_$0,WxajvjGKz7Y,0,valid,valid,0.6666666865348816,0.6666666865348816,0.0,Positive,positive,2
WxajvjGKz7Y$_$3,WxajvjGKz7Y,3,valid,valid,0.0,0.0,0.0,Neutral,neutral,1
WxajvjGKz7Y$_$6,WxajvjGKz7Y,6,valid,valid,0.0,0.0,0.0,Neutral,neutral,1
X0jMZoxUL2A$_$4,X0jMZoxUL2A,4,train,train,0.3333333432674408,0.3333333432674408,0.0,Positive,positive,2
X0jMZoxUL2A$_$7,X0jMZoxUL2A,7,train,train,1.0,1.0,0.0,Positive,positive,2
X0jMZoxUL2A$_$8,X0jMZoxUL2A,8,train,train,1.3333333730697632,1.3333333730697632,0.0,Positive,positive,2
X2Hs89fZ2-c$_$4,X2Hs89fZ2-c,4,test,test,1.0,1.0,0.0,Positive,positive,2
X2leyjuolDM$_$8,X2leyjuolDM,8,train,train,0.6666666865348816,0.6666666865348816,0.0,Positive,positive,2
X6-jJO00DMg$_$8,X6-jJO00DMg,8,train,train,0.0,0.0,0.0,Neutral,neutral,1
X6N7UEFJLNY$_$0,X6N7UEFJLNY,0,test,test,0.3333333432674408,0.3333333432674408,0.0,Positive,positive,2
X6N7UEFJLNY$_$2,X6N7UEFJLNY,2,test,test,0.0,0.0,0.0,Neutral,neutral,1
X6N7UEFJLNY$_$4,X6N7UEFJLNY,4,test,test,0.6666666865348816,0.6666666865348816,0.0,Positive,positive,2
X7-Gbk8gAD0$_$0,X7-Gbk8gAD0,0,train,train,0.6666666865348816,0.6666666865348816,0.0,Positive,positive,2
X7-Gbk8gAD0$_$2,X7-Gbk8gAD0,2,train,train,0.0,0.0,0.0,Neutral,neutral,1
X7-Gbk8gAD0$_$6,X7-Gbk8gAD0,6,train,train,1.3333333730697632,1.3333333730697632,0.0,Positive,positive,2
XAT2IfFFAU0$_$3,XAT2IfFFAU0,3,train,train,0.0,0.0,0.0,Neutral,neutral,1
XAgD-xoil40$_$16,XAgD-xoil40,16,train,train,0.0,0.0,0.0,Neutral,neutral,1
XAgD-xoil40$_$2,XAgD-xoil40,2,train,train,0.0,0.0,0.0,Neutral,neutral,1
XCyngF93SmU$_$4,XCyngF93SmU,4,train,train,0.0,0.0,0.0,Neutral,neutral,1
XCyngF93SmU$_$5,XCyngF93SmU,5,train,train,0.0,0.0,0.0,Neutral,neutral,1
XDVit9ASVUg$_$2,XDVit9ASVUg,2,test,test,0.3333333432674408,0.3333333432674408,0.0,Positive,positive,2
XDVkhOziCkg$_$1,XDVkhOziCkg,1,train,train,1.3333333730697632,1.3333333730697632,0.0,Positive,positive,2
XEZ7e4pf1xE$_$11,XEZ7e4pf1xE,11,train,train,-1.3333333730697632,-1.3333333730697632,0.0,Negative,negative,0
XEZ7e4pf1xE$_$12,XEZ7e4pf1xE,12,train,train,-1.6666666269302368,-1.6666666269302368,0.0,Negative,negative,0
XFGHTk_3hGg$_$5,XFGHTk_3hGg,5,train,train,0.3333333432674408,0.3333333432674408,0.0,Positive,positive,2
XFGHTk_3hGg$_$6,XFGHTk_3hGg,6,train,train,0.3333333432674408,0.3333333432674408,0.0,Positive,positive,2
XFGHTk_3hGg$_$9,XFGHTk_3hGg,9,train,train,0.6666666865348816,0.6666666865348816,0.0,Positive,positive,2
XIGpuL-Kkyk$_$0,XIGpuL-Kkyk,0,valid,valid,0.0,0.0,0.0,Neutral,neutral,1
XIGpuL-Kkyk$_$12,XIGpuL-Kkyk,12,valid,valid,2.0,2.0,0.0,Positive,positive,2
XIGpuL-Kkyk$_$4,XIGpuL-Kkyk,4,valid,valid,1.0,1.0,0.0,Positive,positive,2
XIGpuL-Kkyk$_$7,XIGpuL-Kkyk,7,valid,valid,0.0,0.0,0.0,Neutral,neutral,1
XKyumlBmix8$_$0,XKyumlBmix8,0,test,test,0.0,0.0,0.0,Neutral,neutral,1
XKyumlBmix8$_$2,XKyumlBmix8,2,test,test,-0.6666666865348816,-0.6666666865348816,0.0,Negative,negative,0
XPoY4LD-A1I$_$12,XPoY4LD-A1I,12,train,train,0.0,0.0,0.0,Neutral,neutral,1
XPoY4LD-A1I$_$8,XPoY4LD-A1I,8,train,train,-0.3333333432674408,-0.3333333432674408,0.0,Negative,negative,0
XQOUZhWI1B0$_$3,XQOUZhWI1B0,3,train,train,-3.0,-3.0,0.0,Negative,negative,0
XQxnAPleuCE$_$3,XQxnAPleuCE,3,train,train,0.6666666865348816,0.6666666865348816,0.0,Positive,positive,2
XVSDfgstFUQ$_$1,XVSDfgstFUQ,1,train,train,2.0,2.0,0.0,Positive,positive,2
XVSDfgstFUQ$_$3,XVSDfgstFUQ,3,train,train,2.6666667461395264,2.6666667461395264,0.0,Positive,positive,2
XVSDfgstFUQ$_$4,XVSDfgstFUQ,4,train,train,2.6666667461395264,2.6666667461395264,0.0,Positive,positive,2
XVWiAArXYpE$_$3,XVWiAArXYpE,3,test,test,-0.6666666865348816,-0.6666666865348816,0.0,Negative,negative,0
XVWiAArXYpE$_$4,XVWiAArXYpE,4,test,test,-2.0,-2.0,0.0,Negative,negative,0
XVWiAArXYpE$_$9,XVWiAArXYpE,9,test,test,-0.3333333432674408,-0.3333333432674408,0.0,Negative,negative,0
XXvSLz8QmGk$_$10,XXvSLz8QmGk,10,train,train,1.6666666269302368,1.6666666269302368,0.0,Positive,positive,2
XXvSLz8QmGk$_$7,XXvSLz8QmGk,7,train,train,2.0,2.0,0.0,Positive,positive,2
X_TusmBIlC0$_$5,X_TusmBIlC0,5,test,test,0.0,0.0,0.0,Neutral,neutral,1
Xa086gxLJ3Y$_$12,Xa086gxLJ3Y,12,test,test,0.3333333432674408,0.3333333432674408,0.0,Positive,positive,2
XaVYxIW0FDg$_$2,XaVYxIW0FDg,2,valid,valid,0.3333333432674408,0.3333333432674408,0.0,Positive,positive,2
XbolrpSc0KU$_$5,XbolrpSc0KU,5,train,train,-0.6666666865348816,-0.6666666865348816,0.0,Negative,negative,0
XcHLB-qfv5M$_$0,XcHLB-qfv5M,0,train,train,0.0,0.0,0.0,Neutral,neutral,1
XcHLB-qfv5M$_$3,XcHLB-qfv5M,3,train,train,0.0,0.0,0.0,Neutral,neutral,1
XgT2WWcXip4$_$7,XgT2WWcXip4,7,train,train,0.0,0.0,0.0,Neutral,neutral,1
Xo6-V2RlWss$_$0,Xo6-V2RlWss,0,train,train,1.6666666269302368,1.6666666269302368,0.0,Positive,positive,2
Xo6-V2RlWss$_$1,Xo6-V2RlWss,1,train,train,2.6666667461395264,2.6666667461395264,0.0,Positive,positive,2
Xq7zLxYHxd8$_$10,Xq7zLxYHxd8,10,train,train,0.0,0.0,0.0,Neutral,neutral,1
XrNaL-MTjXg$_$3,XrNaL-MTjXg,3,test,test,0.0,0.0,0.0,Neutral,neutral,1
XsEPZydHWdo$_$4,XsEPZydHWdo,4,train,train,1.3333333730697632,1.3333333730697632,0.0,Positive,positive,2
XwOdPYlyqXA$_$12,XwOdPYlyqXA,12,train,train,0.6666666865348816,0.6666666865348816,0.0,Positive,positive,2
Xx7Y2YIbleA$_$16,Xx7Y2YIbleA,16,train,train,1.0,1.0,0.0,Positive,positive,2
Xx7Y2YIbleA$_$8,Xx7Y2YIbleA,8,train,train,0.0,0.0,0.0,Neutral,neutral,1
Xx7Y2YIbleA$_$9,Xx7Y2YIbleA,9,train,train,1.6666666269302368,1.6666666269302368,0.0,Positive,positive,2
Xy57UpKRNEo$_$7,Xy57UpKRNEo,7,test,test,-1.0,-1.0,0.0,Negative,negative,0
XyBU_gZtU0M$_$23,XyBU_gZtU0M,23,train,train,0.3333333432674408,0.3333333432674408,0.0,Positive,positive,2
XyBU_gZtU0M$_$4,XyBU_gZtU0M,4,train,train,-0.3333333432674408,-0.3333333432674408,0.0,Negative,negative,0
XyBU_gZtU0M$_$9,XyBU_gZtU0M,9,train,train,0.0,0.0,0.0,Neutral,neutral,1
XyP8bVmGX6M$_$4,XyP8bVmGX6M,4,valid,valid,0.6666666865348816,0.6666666865348816,0.0,Positive,positive,2
XzVapdEr_GY$_$3,XzVapdEr_GY,3,valid,valid,1.3333333730697632,1.3333333730697632,0.0,Positive,positive,2
XzVapdEr_GY$_$4,XzVapdEr_GY,4,valid,valid,2.3333332538604736,2.3333332538604736,0.0,Positive,positive,2
XzhRYIeczg4$_$6,XzhRYIeczg4,6,train,train,0.3333333432674408,0.3333333432674408,0.0,Positive,positive,2
Y6zyM1nDhN0$_$2,Y6zyM1nDhN0,2,train,train,-1.0,-1.0,0.0,Negative,negative,0
Y6zyM1nDhN0$_$4,Y6zyM1nDhN0,4,train,train,0.0,0.0,0.0,Neutral,neutral,1
Y7h-S3cJ52o$_$0,Y7h-S3cJ52o,0,valid,valid,0.0,0.0,0.0,Neutral,neutral,1
Y7qkyMyanjU$_$2,Y7qkyMyanjU,2,valid,valid,0.0,0.0,0.0,Neutral,neutral,1
Y7qkyMyanjU$_$4,Y7qkyMyanjU,4,valid,valid,0.6666666865348816,0.6666666865348816,0.0,Positive,positive,2
Y8dI1GTWCk4$_$6,Y8dI1GTWCk4,6,test,test,1.3333333730697632,1.3333333730697632,0.0,Positive,positive,2
YAYfMkxhRiQ$_$3,YAYfMkxhRiQ,3,train,train,-0.6666666865348816,-0.6666666865348816,0.0,Negative,negative,0
YB9EUgrzCCo$_$10,YB9EUgrzCCo,10,train,train,-2.0,-2.0,0.0,Negative,negative,0
YB9EUgrzCCo$_$5,YB9EUgrzCCo,5,train,train,0.6666666865348816,0.6666666865348816,0.0,Positive,positive,2
YGeVGXXK3ao$_$1,YGeVGXXK3ao,1,train,train,0.0,0.0,0.0,Neutral,neutral,1
YGeVGXXK3ao$_$4,YGeVGXXK3ao,4,train,train,0.0,0.0,0.0,Neutral,neutral,1
YITXOmhQhYE$_$0,YITXOmhQhYE,0,train,train,1.6666666269302368,1.6666666269302368,0.0,Positive,positive,2
YITXOmhQhYE$_$3,YITXOmhQhYE,3,train,train,1.0,1.0,0.0,Positive,positive,2
YITXOmhQhYE$_$5,YITXOmhQhYE,5,train,train,2.0,2.0,0.0,Positive,positive,2
YITXOmhQhYE$_$6,YITXOmhQhYE,6,train,train,0.3333333432674408,0.3333333432674408,0.0,Positive,positive,2
YITXOmhQhYE$_$7,YITXOmhQhYE,7,train,train,0.3333333432674408,0.3333333432674408,0.0,Positive,positive,2
YJJoYkFPmds$_$10,YJJoYkFPmds,10,train,train,0.6666666865348816,0.6666666865348816,0.0,Positive,positive,2
YJJoYkFPmds$_$5,YJJoYkFPmds,5,train,train,0.3333333432674408,0.3333333432674408,0.0,Positive,positive,2
YJJoYkFPmds$_$7,YJJoYkFPmds,7,train,train,0.3333333432674408,0.3333333432674408,0.0,Positive,positive,2
YLA7h1RTa9w$_$4,YLA7h1RTa9w,4,train,train,0.0,0.0,0.0,Neutral,neutral,1
YLK58srjhNI$_$3,YLK58srjhNI,3,test,test,0.6666666865348816,0.6666666865348816,0.0,Positive,positive,2
YQZPnHZRp1w$_$1,YQZPnHZRp1w,1,test,test,0.3333333432674408,0.3333333432674408,0.0,Positive,positive,2
YRmjALBdTdE$_$7,YRmjALBdTdE,7,train,train,-1.0,-1.0,0.0,Negative,negative,0
YUNxD04EvfE$_$1,YUNxD04EvfE,1,test,test,-0.3333333432674408,-0.3333333432674408,0.0,Negative,negative,0
YVBsDJtAbk4$_$7,YVBsDJtAbk4,7,train,train,-0.6666666865348816,-0.6666666865348816,0.0,Negative,negative,0
YVHJpAROBvQ$_$2,YVHJpAROBvQ,2,train,train,0.6666666865348816,0.6666666865348816,0.0,Positive,positive,2
YWjTWl0oNLk$_$1,YWjTWl0oNLk,1,train,train,0.0,0.0,0.0,Neutral,neutral,1
YWjTWl0oNLk$_$11,YWjTWl0oNLk,11,train,train,1.6666666269302368,1.6666666269302368,0.0,Positive,positive,2
YWjTWl0oNLk$_$3,YWjTWl0oNLk,3,train,train,0.0,0.0,0.0,Neutral,neutral,1
YWjTWl0oNLk$_$4,YWjTWl0oNLk,4,train,train,-0.3333333432674408,-0.3333333432674408,0.0,Negative,negative,0
YWjTWl0oNLk$_$7,YWjTWl0oNLk,7,train,train,0.6666666865348816,0.6666666865348816,0.0,Positive,positive,2
YWjTWl0oNLk$_$9,YWjTWl0oNLk,9,train,train,0.6666666865348816,0.6666666865348816,0.0,Positive,positive,2
YWxvIFmYnNU$_$13,YWxvIFmYnNU,13,train,train,0.0,0.0,0.0,Neutral,neutral,1
YWxvIFmYnNU$_$20,YWxvIFmYnNU,20,train,train,0.0,0.0,0.0,Neutral,neutral,1
YWxvIFmYnNU$_$26,YWxvIFmYnNU,26,train,train,0.6666666865348816,0.6666666865348816,0.0,Positive,positive,2
YbuG8xyUO-o$_$2,YbuG8xyUO-o,2,valid,valid,0.6666666865348816,0.6666666865348816,0.0,Positive,positive,2
YbuG8xyUO-o$_$3,YbuG8xyUO-o,3,valid,valid,0.0,0.0,0.0,Neutral,neutral,1
YcJ5RJYUr7Y$_$17,YcJ5RJYUr7Y,17,train,train,2.3333332538604736,2.3333332538604736,0.0,Positive,positive,2
YcJ5RJYUr7Y$_$19,YcJ5RJYUr7Y,19,train,train,1.6666666269302368,1.6666666269302368,0.0,Positive,positive,2
YcJ5RJYUr7Y$_$2,YcJ5RJYUr7Y,2,train,train,0.3333333432674408,0.3333333432674408,0.0,Positive,positive,2
YcyHQQXGXWA$_$4,YcyHQQXGXWA,4,train,train,1.6666666269302368,1.6666666269302368,0.0,Positive,positive,2
YfxtwXXkCmc$_$0,YfxtwXXkCmc,0,train,train,0.0,0.0,0.0,Neutral,neutral,1
Yi6Qyn4X8is$_$16,Yi6Qyn4X8is,16,train,train,-0.6666666865348816,-0.6666666865348816,0.0,Negative,negative,0
Yi6Qyn4X8is$_$7,Yi6Qyn4X8is,7,train,train,-2.0,-2.0,0.0,Negative,negative,0
YmGfjU5PGyE$_$5,YmGfjU5PGyE,5,train,train,0.3333333432674408,0.3333333432674408,0.0,Positive,positive,2
Yn8vNC41UMg$_$10,Yn8vNC41UMg,10,train,train,0.6666666865348816,0.6666666865348816,0.0,Positive,positive,2
YodtMIsjM0c$_$7,YodtMIsjM0c,7,train,train,0.6666666865348816,0.6666666865348816,0.0,Positive,positive,2
Z-26eyME6Co$_$10,Z-26eyME6Co,10,train,train,-0.3333333432674408,-0.3333333432674408,0.0,Negative,negative,0
Z3fcd1wdzr0$_$2,Z3fcd1wdzr0,2,train,train,0.0,0.0,0.0,Neutral,neutral,1
Z3fcd1wdzr0$_$4,Z3fcd1wdzr0,4,train,train,1.3333333730697632,1.3333333730697632,0.0,Positive,positive,2
Z3fcd1wdzr0$_$5,Z3fcd1wdzr0,5,train,train,0.6666666865348816,0.6666666865348816,0.0,Positive,positive,2
Z3fcd1wdzr0$_$7,Z3fcd1wdzr0,7,train,train,0.0,0.0,0.0,Neutral,neutral,1
Z4iYSMMMycQ$_$4,Z4iYSMMMycQ,4,test,test,0.6666666865348816,0.6666666865348816,0.0,Positive,positive,2
Z7L3V5bwzI0$_$2,Z7L3V5bwzI0,2,valid,valid,2.3333332538604736,2.3333332538604736,0.0,Positive,positive,2
ZDz8Qr-sJ3E$_$3,ZDz8Qr-sJ3E,3,train,train,-0.3333333432674408,-0.3333333432674408,0.0,Negative,negative,0
ZDz8Qr-sJ3E$_$4,ZDz8Qr-sJ3E,4,train,train,0.0,0.0,0.0,Neutral,neutral,1
ZJGzEeDXbyM$_$0,ZJGzEeDXbyM,0,train,train,0.6666666865348816,0.6666666865348816,0.0,Positive,positive,2
ZKErPftd--w$_$6,ZKErPftd--w,6,test,test,0.6666666865348816,0.6666666865348816,0.0,Positive,positive,2
ZKZ8UjaQQT4$_$7,ZKZ8UjaQQT4,7,test,test,0.0,0.0,0.0,Neutral,neutral,1
ZQuGizjoCTY$_$4,ZQuGizjoCTY,4,train,train,-0.3333333432674408,-0.3333333432674408,0.0,Negative,negative,0
ZQuGizjoCTY$_$8,ZQuGizjoCTY,8,train,train,2.0,2.0,0.0,Positive,positive,2
ZS1Nb0OWYNE$_$11,ZS1Nb0OWYNE,11,test,test,0.6666666865348816,0.6666666865348816,0.0,Positive,positive,2
ZS1Nb0OWYNE$_$15,ZS1Nb0OWYNE,15,test,test,0.0,0.0,0.0,Neutral,neutral,1
ZS1Nb0OWYNE$_$5,ZS1Nb0OWYNE,5,test,test,0.6666666865348816,0.6666666865348816,0.0,Positive,positive,2
ZS1Nb0OWYNE$_$9,ZS1Nb0OWYNE,9,test,test,2.6666667461395264,2.6666667461395264,0.0,Positive,positive,2
ZSBoSJaD2tQ$_$1,ZSBoSJaD2tQ,1,train,train,0.0,0.0,0.0,Neutral,neutral,1
ZSBoSJaD2tQ$_$8,ZSBoSJaD2tQ,8,train,train,0.0,0.0,0.0,Neutral,neutral,1
ZW4Oe_fKJM0$_$7,ZW4Oe_fKJM0,7,train,train,1.0,1.0,0.0,Positive,positive,2
ZXHX_e6HCI0$_$0,ZXHX_e6HCI0,0,train,train,0.6666666865348816,0.6666666865348816,0.0,Positive,positive,2
ZZ1IyZaMTWQ$_$0,ZZ1IyZaMTWQ,0,train,train,2.0,2.0,0.0,Positive,positive,2
ZZ1IyZaMTWQ$_$5,ZZ1IyZaMTWQ,5,train,train,0.6666666865348816,0.6666666865348816,0.0,Positive,positive,2
Zae-zQ3VBpY$_$2,Zae-zQ3VBpY,2,train,train,1.0,1.0,0.0,Positive,positive,2
ZaoFHcbRM9g$_$2,ZaoFHcbRM9g,2,valid,valid,0.0,0.0,0.0,Neutral,neutral,1
ZaoFHcbRM9g$_$3,ZaoFHcbRM9g,3,valid,valid,1.6666666269302368,1.6666666269302368,0.0,Positive,positive,2
ZaoFHcbRM9g$_$5,ZaoFHcbRM9g,5,valid,valid,0.3333333432674408,0.3333333432674408,0.0,Positive,positive,2
ZaoFHcbRM9g$_$8,ZaoFHcbRM9g,8,valid,valid,-1.0,-1.0,0.0,Negative,negative,0
ZaoFHcbRM9g$_$9,ZaoFHcbRM9g,9,valid,valid,-1.3333333730697632,-1.3333333730697632,0.0,Negative,negative,0
ZcFzcd4ZoMg$_$4,ZcFzcd4ZoMg,4,test,test,-0.3333333432674408,-0.3333333432674408,0.0,Negative,negative,0
ZeH7gZw94k0$_$1,ZeH7gZw94k0,1,test,test,1.6666666269302368,1.6666666269302368,0.0,Positive,positive,2
Zg9DKOHJdw8$_$3,Zg9DKOHJdw8,3,train,train,0.6666666865348816,0.6666666865348816,0.0,Positive,positive,2
Zj_4YmbMWtg$_$10,Zj_4YmbMWtg,10,train,train,1.0,1.0,0.0,Positive,positive,2
Zo8jCDGMWjw$_$0,Zo8jCDGMWjw,0,train,train,0.6666666865348816,0.6666666865348816,0.0,Positive,positive,2
Zs8x712Y-CM$_$8,Zs8x712Y-CM,8,train,train,-0.3333333432674408,-0.3333333432674408,0.0,Negative,negative,0
ZtocGyL3Tfc$_$10,ZtocGyL3Tfc,10,test,test,1.0,1.0,0.0,Positive,positive,2
ZtocGyL3Tfc$_$13,ZtocGyL3Tfc,13,test,test,1.0,1.0,0.0,Positive,positive,2
ZtocGyL3Tfc$_$9,ZtocGyL3Tfc,9,test,test,1.6666666269302368,1.6666666269302368,0.0,Positive,positive,2
ZtuTCuh9C1M$_$11,ZtuTCuh9C1M,11,train,train,1.6666666269302368,1.6666666269302368,0.0,Positive,positive,2
ZtuTCuh9C1M$_$8,ZtuTCuh9C1M,8,train,train,1.0,1.0,0.0,Positive,positive,2
Zvisaa77Cng$_$1,Zvisaa77Cng,1,valid,valid,-0.6666666865348816,-0.6666666865348816,0.0,Negative,negative,0
Zvisaa77Cng$_$5,Zvisaa77Cng,5,valid,valid,0.6666666865348816,0.6666666865348816,0.0,Positive,positive,2
ZzL2sHtTWRc$_$1,ZzL2sHtTWRc,1,train,train,0.0,0.0,0.0,Neutral,neutral,1
ZznoGQVwTtw$_$4,ZznoGQVwTtw,4,test,test,1.6666666269302368,1.6666666269302368,0.0,Positive,positive,2
_1nvuNk7EFY$_$10,_1nvuNk7EFY,10,test,test,-0.3333333432674408,-0.3333333432674408,0.0,Negative,negative,0
_26JmJnPKfM$_$11,_26JmJnPKfM,11,train,train,1.6666666269302368,1.6666666269302368,0.0,Positive,positive,2
_26JmJnPKfM$_$12,_26JmJnPKfM,12,train,train,1.3333333730697632,1.3333333730697632,0.0,Positive,positive,2
_26JmJnPKfM$_$13,_26JmJnPKfM,13,train,train,1.0,1.0,0.0,Positive,positive,2
_26JmJnPKfM$_$14,_26JmJnPKfM,14,train,train,0.0,0.0,0.0,Neutral,neutral,1
_26JmJnPKfM$_$15,_26JmJnPKfM,15,train,train,0.0,0.0,0.0,Neutral,neutral,1
_26JmJnPKfM$_$5,_26JmJnPKfM,5,train,train,1.3333333730697632,1.3333333730697632,0.0,Positive,positive,2
_26JmJnPKfM$_$8,_26JmJnPKfM,8,train,train,1.0,1.0,0.0,Positive,positive,2
_4PNh8dIILI$_$3,_4PNh8dIILI,3,train,train,2.0,2.0,0.0,Positive,positive,2
_7HVhnSYX1Y$_$12,_7HVhnSYX1Y,12,valid,valid,0.0,0.0,0.0,Neutral,neutral,1
_7HVhnSYX1Y$_$14,_7HVhnSYX1Y,14,valid,valid,0.3333333432674408,0.3333333432674408,0.0,Positive,positive,2
_7HVhnSYX1Y$_$19,_7HVhnSYX1Y,19,valid,valid,0.6666666865348816,0.6666666865348816,0.0,Positive,positive,2
_7HVhnSYX1Y$_$26,_7HVhnSYX1Y,26,valid,valid,0.0,0.0,0.0,Neutral,neutral,1
_7HVhnSYX1Y$_$3,_7HVhnSYX1Y,3,valid,valid,0.6666666865348816,0.6666666865348816,0.0,Positive,positive,2
_7HVhnSYX1Y$_$31,_7HVhnSYX1Y,31,valid,valid,0.6666666865348816,0.6666666865348816,0.0,Positive,positive,2
_8pvMpMdGM4$_$0,_8pvMpMdGM4,0,train,train,0.3333333432674408,0.3333333432674408,0.0,Positive,positive,2
_8pvMpMdGM4$_$1,_8pvMpMdGM4,1,train,train,1.0,1.0,0.0,Positive,positive,2
_8pvMpMdGM4$_$4,_8pvMpMdGM4,4,train,train,1.3333333730697632,1.3333333730697632,0.0,Positive,positive,2
_8pvMpMdGM4$_$6,_8pvMpMdGM4,6,train,train,0.3333333432674408,0.3333333432674408,0.0,Positive,positive,2
_BvNNdEkhZA$_$14,_BvNNdEkhZA,14,valid,valid,-0.6666666865348816,-0.6666666865348816,0.0,Negative,negative,0
_BvNNdEkhZA$_$19,_BvNNdEkhZA,19,valid,valid,0.6666666865348816,0.6666666865348816,0.0,Positive,positive,2
_BvNNdEkhZA$_$6,_BvNNdEkhZA,6,valid,valid,0.0,0.0,0.0,Neutral,neutral,1
_BvNNdEkhZA$_$7,_BvNNdEkhZA,7,valid,valid,1.0,1.0,0.0,Positive,positive,2
_BvNNdEkhZA$_$9,_BvNNdEkhZA,9,valid,valid,0.3333333432674408,0.3333333432674408,0.0,Positive,positive,2
_HabvL0VnrQ$_$0,_HabvL0VnrQ,0,train,train,0.0,0.0,0.0,Neutral,neutral,1
_HabvL0VnrQ$_$31,_HabvL0VnrQ,31,train,train,0.3333333432674408,0.3333333432674408,0.0,Positive,positive,2
_HabvL0VnrQ$_$9,_HabvL0VnrQ,9,train,train,-0.3333333432674408,-0.3333333432674408,0.0,Negative,negative,0
_HanACduNJk$_$10,_HanACduNJk,10,train,train,-1.0,-1.0,0.0,Negative,negative,0
_HanACduNJk$_$12,_HanACduNJk,12,train,train,0.0,0.0,0.0,Neutral,neutral,1
_HanACduNJk$_$2,_HanACduNJk,2,train,train,0.0,0.0,0.0,Neutral,neutral,1
_JcML8u5Wes$_$3,_JcML8u5Wes,3,train,train,1.6666666269302368,1.6666666269302368,0.0,Positive,positive,2
_OmWVs0-6UM$_$0,_OmWVs0-6UM,0,test,test,0.0,0.0,0.0,Neutral,neutral,1
_PKP676ez2c$_$4,_PKP676ez2c,4,train,train,0.3333333432674408,0.3333333432674408,0.0,Positive,positive,2
_PKP676ez2c$_$7,_PKP676ez2c,7,train,train,0.0,0.0,0.0,Neutral,neutral,1
_UNQDdiAbWI$_$4,_UNQDdiAbWI,4,train,train,1.0,1.0,0.0,Positive,positive,2
_XWUKMkxa-Q$_$4,_XWUKMkxa-Q,4,train,train,1.0,1.0,0.0,Positive,positive,2
_YzIvwvyIq4$_$5,_YzIvwvyIq4,5,train,train,1.0,1.0,0.0,Positive,positive,2
_aZDaIfGfPo$_$0,_aZDaIfGfPo,0,valid,valid,1.3333333730697632,1.3333333730697632,0.0,Positive,positive,2
_aZDaIfGfPo$_$1,_aZDaIfGfPo,1,valid,valid,0.6666666865348816,0.6666666865348816,0.0,Positive,positive,2
_bIJOxiIJFk$_$4,_bIJOxiIJFk,4,train,train,1.3333333730697632,1.3333333730697632,0.0,Positive,positive,2
_bIJOxiIJFk$_$5,_bIJOxiIJFk,5,train,train,1.3333333730697632,1.3333333730697632,0.0,Positive,positive,2
_gr7o5ynhnw$_$12,_gr7o5ynhnw,12,valid,valid,0.6666666865348816,0.6666666865348816,0.0,Positive,positive,2
_gr7o5ynhnw$_$13,_gr7o5ynhnw,13,valid,valid,0.3333333432674408,0.3333333432674408,0.0,Positive,positive,2
_gr7o5ynhnw$_$15,_gr7o5ynhnw,15,valid,valid,1.6666666269302368,1.6666666269302368,0.0,Positive,positive,2
_gzYkdjNvPc$_$1,_gzYkdjNvPc,1,valid,valid,-0.3333333432674408,-0.3333333432674408,0.0,Negative,negative,0
_gzYkdjNvPc$_$12,_gzYkdjNvPc,12,valid,valid,1.3333333730697632,1.3333333730697632,0.0,Positive,positive,2
_gzYkdjNvPc$_$17,_gzYkdjNvPc,17,valid,valid,-1.3333333730697632,-1.3333333730697632,0.0,Negative,negative,0
_gzYkdjNvPc$_$2,_gzYkdjNvPc,2,valid,valid,-0.6666666865348816,-0.6666666865348816,0.0,Negative,negative,0
_gzYkdjNvPc$_$3,_gzYkdjNvPc,3,valid,valid,0.0,0.0,0.0,Neutral,neutral,1
_gzYkdjNvPc$_$4,_gzYkdjNvPc,4,valid,valid,0.0,0.0,0.0,Neutral,neutral,1
_gzYkdjNvPc$_$5,_gzYkdjNvPc,5,valid,valid,0.6666666865348816,0.6666666865348816,0.0,Positive,positive,2
_gzYkdjNvPc$_$6,_gzYkdjNvPc,6,valid,valid,-0.3333333432674408,-0.3333333432674408,0.0,Negative,negative,0
_gzYkdjNvPc$_$9,_gzYkdjNvPc,9,valid,valid,0.3333333432674408,0.3333333432674408,0.0,Positive,positive,2
_iRAn6feOmw$_$14,_iRAn6feOmw,14,train,train,0.3333333432674408,0.3333333432674408,0.0,Positive,positive,2
_iRAn6feOmw$_$15,_iRAn6feOmw,15,train,train,0.3333333432674408,0.3333333432674408,0.0,Positive,positive,2
_iRAn6feOmw$_$25,_iRAn6feOmw,25,train,train,0.0,0.0,0.0,Neutral,neutral,1
_iy7ftq27xE$_$11,_iy7ftq27xE,11,train,train,0.0,0.0,0.0,Neutral,neutral,1
_iy7ftq27xE$_$6,_iy7ftq27xE,6,train,train,-1.6666666269302368,-1.6666666269302368,0.0,Negative,negative,0
_iy7ftq27xE$_$9,_iy7ftq27xE,9,train,train,0.0,0.0,0.0,Neutral,neutral,1
_on_E-ZWy0I$_$12,_on_E-ZWy0I,12,test,test,-1.0,-1.0,0.0,Negative,negative,0
_on_E-ZWy0I$_$21,_on_E-ZWy0I,21,test,test,1.3333333730697632,1.3333333730697632,0.0,Positive,positive,2
_on_E-ZWy0I$_$3,_on_E-ZWy0I,3,test,test,0.0,0.0,0.0,Neutral,neutral,1
_q7DM8WkzAQ$_$3,_q7DM8WkzAQ,3,test,test,0.6666666865348816,0.6666666865348816,0.0,Positive,positive,2
_qVgNLJCYdA$_$0,_qVgNLJCYdA,0,train,train,0.0,0.0,0.0,Neutral,neutral,1
_qVgNLJCYdA$_$6,_qVgNLJCYdA,6,train,train,0.0,0.0,0.0,Neutral,neutral,1
_t8ETpf2LnM$_$0,_t8ETpf2LnM,0,train,train,0.0,0.0,0.0,Neutral,neutral,1
_v8c7iWkYz0$_$4,_v8c7iWkYz0,4,train,train,0.0,0.0,0.0,Neutral,neutral,1
_xjBqNfiEY4$_$0,_xjBqNfiEY4,0,train,train,2.0,2.0,0.0,Positive,positive,2
a-WihYDk6vc$_$0,a-WihYDk6vc,0,valid,valid,0.3333333432674408,0.3333333432674408,0.0,Positive,positive,2
a-WihYDk6vc$_$8,a-WihYDk6vc,8,valid,valid,0.6666666865348816,0.6666666865348816,0.0,Positive,positive,2
a4PHWxILDp0$_$15,a4PHWxILDp0,15,test,test,0.0,0.0,0.0,Neutral,neutral,1
a4vRa-_nuJw$_$10,a4vRa-_nuJw,10,train,train,1.0,1.0,0.0,Positive,positive,2
a4vRa-_nuJw$_$11,a4vRa-_nuJw,11,train,train,-1.3333333730697632,-1.3333333730697632,0.0,Negative,negative,0
a4vRa-_nuJw$_$4,a4vRa-_nuJw,4,train,train,0.6666666865348816,0.6666666865348816,0.0,Positive,positive,2
a5CSKvCAhbs$_$11,a5CSKvCAhbs,11,train,train,0.0,0.0,0.0,Neutral,neutral,1
a5CSKvCAhbs$_$6,a5CSKvCAhbs,6,train,train,0.3333333432674408,0.3333333432674408,0.0,Positive,positive,2
a5CSKvCAhbs$_$7,a5CSKvCAhbs,7,train,train,0.0,0.0,0.0,Neutral,neutral,1
a5FKWiI90hk$_$3,a5FKWiI90hk,3,train,train,0.3333333432674408,0.3333333432674408,0.0,Positive,positive,2
a7HHg_JygJo$_$5,a7HHg_JygJo,5,train,train,0.3333333432674408,0.3333333432674408,0.0,Positive,positive,2
a7HHg_JygJo$_$6,a7HHg_JygJo,6,train,train,0.6666666865348816,0.6666666865348816,0.0,Positive,positive,2
a8WV5KEMKSw$_$0,a8WV5KEMKSw,0,train,train,-1.0,-1.0,0.0,Negative,negative,0
a8WV5KEMKSw$_$1,a8WV5KEMKSw,1,train,train,-1.6666666269302368,-1.6666666269302368,0.0,Negative,negative,0
aCwLQrJz4Bo$_$0,aCwLQrJz4Bo,0,train,train,1.3333333730697632,1.3333333730697632,0.0,Positive,positive,2
aDvgbBqTWWE$_$10,aDvgbBqTWWE,10,train,train,0.0,0.0,0.0,Neutral,neutral,1
aDvgbBqTWWE$_$23,aDvgbBqTWWE,23,train,train,-0.3333333432674408,-0.3333333432674408,0.0,Negative,negative,0
aDvgbBqTWWE$_$30,aDvgbBqTWWE,30,train,train,1.6666666269302368,1.6666666269302368,0.0,Positive,positive,2
aE7sckIAWuw$_$4,aE7sckIAWuw,4,train,train,-0.6666666865348816,-0.6666666865348816,0.0,Negative,negative,0
aE7sckIAWuw$_$8,aE7sckIAWuw,8,train,train,0.6666666865348816,0.6666666865348816,0.0,Positive,positive,2
aFhc2ddipoM$_$14,aFhc2ddipoM,14,valid,valid,1.0,1.0,0.0,Positive,positive,2
aFjMWlR1QAY$_$0,aFjMWlR1QAY,0,train,train,-0.6666666865348816,-0.6666666865348816,0.0,Negative,negative,0
aFjMWlR1QAY$_$2,aFjMWlR1QAY,2,train,train,0.0,0.0,0.0,Neutral,neutral,1
aFjMWlR1QAY$_$3,aFjMWlR1QAY,3,train,train,-1.3333333730697632,-1.3333333730697632,0.0,Negative,negative,0
aFjMWlR1QAY$_$9,aFjMWlR1QAY,9,train,train,-1.3333333730697632,-1.3333333730697632,0.0,Negative,negative,0
aI1tdJPHz2I$_$1,aI1tdJPHz2I,1,train,train,0.0,0.0,0.0,Neutral,neutral,1
aIUF3QJJOF4$_$0,aIUF3QJJOF4,0,train,train,1.0,1.0,0.0,Positive,positive,2
aIUF3QJJOF4$_$12,aIUF3QJJOF4,12,train,train,1.0,1.0,0.0,Positive,positive,2
aIUF3QJJOF4$_$2,aIUF3QJJOF4,2,train,train,0.3333333432674408,0.3333333432674408,0.0,Positive,positive,2
aIUF3QJJOF4$_$3,aIUF3QJJOF4,3,train,train,0.3333333432674408,0.3333333432674408,0.0,Positive,positive,2
aIUF3QJJOF4$_$7,aIUF3QJJOF4,7,train,train,0.0,0.0,0.0,Neutral,neutral,1
aK5tRCXjUvU$_$0,aK5tRCXjUvU,0,valid,valid,2.0,2.0,0.0,Positive,positive,2
aNOuoSVlunM$_$0,aNOuoSVlunM,0,train,train,0.0,0.0,0.0,Neutral,neutral,1
aNOuoSVlunM$_$8,aNOuoSVlunM,8,train,train,-1.0,-1.0,0.0,Negative,negative,0
afCsKTHteg4$_$5,afCsKTHteg4,5,train,train,2.3333332538604736,2.3333332538604736,0.0,Positive,positive,2
ahG9c_uaf8s$_$1,ahG9c_uaf8s,1,test,test,0.3333333432674408,0.3333333432674408,0.0,Positive,positive,2
ahG9c_uaf8s$_$3,ahG9c_uaf8s,3,test,test,0.3333333432674408,0.3333333432674408,0.0,Positive,positive,2
ahcAFnY6iAY$_$1,ahcAFnY6iAY,1,train,train,0.0,0.0,0.0,Neutral,neutral,1
aiUq5xksJy0$_$5,aiUq5xksJy0,5,train,train,0.0,0.0,0.0,Neutral,neutral,1
aiUq5xksJy0$_$7,aiUq5xksJy0,7,train,train,0.0,0.0,0.0,Neutral,neutral,1
ak7N0BqMluI$_$2,ak7N0BqMluI,2,train,train,-0.3333333432674408,-0.3333333432674408,0.0,Negative,negative,0
ak7N0BqMluI$_$3,ak7N0BqMluI,3,train,train,-0.3333333432674408,-0.3333333432674408,0.0,Negative,negative,0
amem5EmRG3s$_$2,amem5EmRG3s,2,train,train,2.0,2.0,0.0,Positive,positive,2
ap465Tlzf88$_$1,ap465Tlzf88,1,train,train,0.3333333432674408,0.3333333432674408,0.0,Positive,positive,2
aqmRPNfeOy8$_$0,aqmRPNfeOy8,0,train,train,0.3333333432674408,0.3333333432674408,0.0,Positive,positive,2
aqmRPNfeOy8$_$2,aqmRPNfeOy8,2,train,train,0.6666666865348816,0.6666666865348816,0.0,Positive,positive,2
asWraTfIqq0$_$11,asWraTfIqq0,11,train,train,1.0,1.0,0.0,Positive,positive,2
asWraTfIqq0$_$4,asWraTfIqq0,4,train,train,0.0,0.0,0.0,Neutral,neutral,1
asWraTfIqq0$_$6,asWraTfIqq0,6,train,train,1.3333333730697632,1.3333333730697632,0.0,Positive,positive,2
assx_NKo-L8$_$14,assx_NKo-L8,14,train,train,0.0,0.0,0.0,Neutral,neutral,1
assx_NKo-L8$_$20,assx_NKo-L8,20,train,train,-0.3333333432674408,-0.3333333432674408,0.0,Negative,negative,0
assx_NKo-L8$_$4,assx_NKo-L8,4,train,train,-0.3333333432674408,-0.3333333432674408,0.0,Negative,negative,0
assx_NKo-L8$_$9,assx_NKo-L8,9,train,train,-1.3333333730697632,-1.3333333730697632,0.0,Negative,negative,0
atxoi7pB5TM$_$2,atxoi7pB5TM,2,train,train,0.0,0.0,0.0,Neutral,neutral,1
avW2m6VHTyg$_$2,avW2m6VHTyg,2,train,train,2.0,2.0,0.0,Positive,positive,2
b-FX9NOVQOM$_$1,b-FX9NOVQOM,1,valid,valid,-1.0,-1.0,0.0,Negative,negative,0
b-FX9NOVQOM$_$4,b-FX9NOVQOM,4,valid,valid,-1.3333333730697632,-1.3333333730697632,0.0,Negative,negative,0
b1Il3Nf6BrU$_$6,b1Il3Nf6BrU,6,train,train,0.6666666865348816,0.6666666865348816,0.0,Positive,positive,2
b1LEcg6z66g$_$0,b1LEcg6z66g,0,valid,valid,-0.6666666865348816,-0.6666666865348816,0.0,Negative,negative,0
b1LEcg6z66g$_$4,b1LEcg6z66g,4,valid,valid,0.6666666865348816,0.6666666865348816,0.0,Positive,positive,2
b1LEcg6z66g$_$8,b1LEcg6z66g,8,valid,valid,-1.0,-1.0,0.0,Negative,negative,0
b8xmgi4VV0M$_$9,b8xmgi4VV0M,9,train,train,1.0,1.0,0.0,Positive,positive,2
b92iw0OAnI4$_$7,b92iw0OAnI4,7,test,test,1.3333333730697632,1.3333333730697632,0.0,Positive,positive,2
bAkUEnPoucg$_$3,bAkUEnPoucg,3,valid,valid,1.6666666269302368,1.6666666269302368,0.0,Positive,positive,2
bBJ0BxmIocQ$_$0,bBJ0BxmIocQ,0,train,train,1.6666666269302368,1.6666666269302368,0.0,Positive,positive,2
bBJ0BxmIocQ$_$1,bBJ0BxmIocQ,1,train,train,2.3333332538604736,2.3333332538604736,0.0,Positive,positive,2
bBJ0BxmIocQ$_$12,bBJ0BxmIocQ,12,train,train,0.0,0.0,0.0,Neutral,neutral,1
bBJ0BxmIocQ$_$18,bBJ0BxmIocQ,18,train,train,-0.3333333432674408,-0.3333333432674408,0.0,Negative,negative,0
bBJ0BxmIocQ$_$19,bBJ0BxmIocQ,19,train,train,0.6666666865348816,0.6666666865348816,0.0,Positive,positive,2
bCDfIJ12oqM$_$0,bCDfIJ12oqM,0,train,train,1.0,1.0,0.0,Positive,positive,2
bNQOeiAotbk$_$8,bNQOeiAotbk,8,test,test,0.0,0.0,0.0,Neutral,neutral,1
bNQkb4K5DX0$_$3,bNQkb4K5DX0,3,valid,valid,0.3333333432674408,0.3333333432674408,0.0,Positive,positive,2
bNQkb4K5DX0$_$7,bNQkb4K5DX0,7,valid,valid,2.3333332538604736,2.3333332538604736,0.0,Positive,positive,2
bQcJVJcpgAs$_$1,bQcJVJcpgAs,1,train,train,1.0,1.0,0.0,Positive,positive,2
bU6CgE_kMRY$_$5,bU6CgE_kMRY,5,train,train,2.0,2.0,0.0,Positive,positive,2
bUFAN2TgPaU$_$11,bUFAN2TgPaU,11,train,train,1.6666666269302368,1.6666666269302368,0.0,Positive,positive,2
bVhWpCvpSs4$_$1,bVhWpCvpSs4,1,train,train,1.3333333730697632,1.3333333730697632,0.0,Positive,positive,2
bVhWpCvpSs4$_$2,bVhWpCvpSs4,2,train,train,1.6666666269302368,1.6666666269302368,0.0,Positive,positive,2
bVhWpCvpSs4$_$3,bVhWpCvpSs4,3,train,train,1.3333333730697632,1.3333333730697632,0.0,Positive,positive,2
bVhWpCvpSs4$_$6,bVhWpCvpSs4,6,train,train,2.0,2.0,0.0,Positive,positive,2
bWunvAd96zI$_$1,bWunvAd96zI,1,valid,valid,-0.3333333432674408,-0.3333333432674408,0.0,Negative,negative,0
bWunvAd96zI$_$2,bWunvAd96zI,2,valid,valid,0.3333333432674408,0.3333333432674408,0.0,Positive,positive,2
bWunvAd96zI$_$4,bWunvAd96zI,4,valid,valid,0.0,0.0,0.0,Neutral,neutral,1
bWunvAd96zI$_$5,bWunvAd96zI,5,valid,valid,0.0,0.0,0.0,Neutral,neutral,1
bYt4wybVLRQ$_$16,bYt4wybVLRQ,16,train,train,-0.3333333432674408,-0.3333333432674408,0.0,Negative,negative,0
bYt4wybVLRQ$_$3,bYt4wybVLRQ,3,train,train,1.6666666269302368,1.6666666269302368,0.0,Positive,positive,2
bZ2ytqPtyK4$_$14,bZ2ytqPtyK4,14,train,train,2.0,2.0,0.0,Positive,positive,2
b_SffSbPVJM$_$5,b_SffSbPVJM,5,train,train,-0.3333333432674408,-0.3333333432674408,0.0,Negative,negative,0
babuyKl7EAw$_$5,babuyKl7EAw,5,train,train,0.0,0.0,0.0,Neutral,neutral,1
badtXoOJaf8$_$7,badtXoOJaf8,7,train,train,0.0,0.0,0.0,Neutral,neutral,1
bcns0Gu66D8$_$3,bcns0Gu66D8,3,train,train,-0.6666666865348816,-0.6666666865348816,0.0,Negative,negative,0
bdFCD-3BCRg$_$11,bdFCD-3BCRg,11,test,test,0.6666666865348816,0.6666666865348816,0.0,Positive,positive,2
bdFCD-3BCRg$_$12,bdFCD-3BCRg,12,test,test,1.0,1.0,0.0,Positive,positive,2
bdFCD-3BCRg$_$2,bdFCD-3BCRg,2,test,test,1.0,1.0,0.0,Positive,positive,2
bdtwQxwySN0$_$15,bdtwQxwySN0,15,train,train,1.3333333730697632,1.3333333730697632,0.0,Positive,positive,2
bdtwQxwySN0$_$2,bdtwQxwySN0,2,train,train,-1.3333333730697632,-1.3333333730697632,0.0,Negative,negative,0
bfy28AlY-TQ$_$3,bfy28AlY-TQ,3,train,train,0.6666666865348816,0.6666666865348816,0.0,Positive,positive,2
bh4_Kd4hhd4$_$1,bh4_Kd4hhd4,1,train,train,0.6666666865348816,0.6666666865348816,0.0,Positive,positive,2
bhFK-xy76U4$_$1,bhFK-xy76U4,1,train,train,0.6666666865348816,0.6666666865348816,0.0,Positive,positive,2
bhPB19tr-JY$_$0,bhPB19tr-JY,0,train,train,2.0,2.0,0.0,Positive,positive,2
bhPB19tr-JY$_$6,bhPB19tr-JY,6,train,train,0.6666666865348816,0.6666666865348816,0.0,Positive,positive,2
bj9e8w4vNxo$_$12,bj9e8w4vNxo,12,valid,valid,0.0,0.0,0.0,Neutral,neutral,1
bkP-BNW4oMg$_$0,bkP-BNW4oMg,0,train,train,1.3333333730697632,1.3333333730697632,0.0,Positive,positive,2
bpvYdXVlgvc$_$1,bpvYdXVlgvc,1,valid,valid,0.0,0.0,0.0,Neutral,neutral,1
bpvYdXVlgvc$_$3,bpvYdXVlgvc,3,valid,valid,-1.3333333730697632,-1.3333333730697632,0.0,Negative,negative,0
bpvYdXVlgvc$_$4,bpvYdXVlgvc,4,valid,valid,-1.6666666269302368,-1.6666666269302368,0.0,Negative,negative,0
bpvYdXVlgvc$_$6,bpvYdXVlgvc,6,valid,valid,-2.0,-2.0,0.0,Negative,negative,0
c1a1y9ytHH0$_$0,c1a1y9ytHH0,0,valid,valid,0.3333333432674408,0.3333333432674408,0.0,Positive,positive,2
c1a1y9ytHH0$_$3,c1a1y9ytHH0,3,valid,valid,0.0,0.0,0.0,Neutral,neutral,1
c1a1y9ytHH0$_$7,c1a1y9ytHH0,7,valid,valid,0.0,0.0,0.0,Neutral,neutral,1
c5-L8vC6_sk$_$8,c5-L8vC6_sk,8,train,train,0.0,0.0,0.0,Neutral,neutral,1
c5VEvmutmVg$_$0,c5VEvmutmVg,0,test,test,1.6666666269302368,1.6666666269302368,0.0,Positive,positive,2
c5VEvmutmVg$_$13,c5VEvmutmVg,13,test,test,1.0,1.0,0.0,Positive,positive,2
c5VEvmutmVg$_$19,c5VEvmutmVg,19,test,test,0.0,0.0,0.0,Neutral,neutral,1
c5cB7AfVgcE$_$12,c5cB7AfVgcE,12,valid,valid,1.3333333730697632,1.3333333730697632,0.0,Positive,positive,2
c5cB7AfVgcE$_$5,c5cB7AfVgcE,5,valid,valid,-0.6666666865348816,-0.6666666865348816,0.0,Negative,negative,0
c5zxqITn3ZM$_$5,c5zxqITn3ZM,5,test,test,0.6666666865348816,0.6666666865348816,0.0,Positive,positive,2
c5zxqITn3ZM$_$6,c5zxqITn3ZM,6,test,test,1.0,1.0,0.0,Positive,positive,2
c6wuh0NRG1s$_$0,c6wuh0NRG1s,0,train,train,0.0,0.0,0.0,Neutral,neutral,1
c6wuh0NRG1s$_$1,c6wuh0NRG1s,1,train,train,0.0,0.0,0.0,Neutral,neutral,1
c6wuh0NRG1s$_$9,c6wuh0NRG1s,9,train,train,1.0,1.0,0.0,Positive,positive,2
c7xUcM68IFE$_$2,c7xUcM68IFE,2,train,train,0.6666666865348816,0.6666666865348816,0.0,Positive,positive,2
c7xUcM68IFE$_$5,c7xUcM68IFE,5,train,train,0.6666666865348816,0.6666666865348816,0.0,Positive,positive,2
c7xUcM68IFE$_$9,c7xUcM68IFE,9,train,train,1.0,1.0,0.0,Positive,positive,2
c805Td8A_Ek$_$16,c805Td8A_Ek,16,train,train,0.6666666865348816,0.6666666865348816,0.0,Positive,positive,2
c805Td8A_Ek$_$17,c805Td8A_Ek,17,train,train,0.3333333432674408,0.3333333432674408,0.0,Positive,positive,2
c805Td8A_Ek$_$22,c805Td8A_Ek,22,train,train,1.3333333730697632,1.3333333730697632,0.0,Positive,positive,2
c9hE1ghElrM$_$2,c9hE1ghElrM,2,test,test,0.0,0.0,0.0,Neutral,neutral,1
c9hE1ghElrM$_$4,c9hE1ghElrM,4,test,test,0.0,0.0,0.0,Neutral,neutral,1
c9jD33baJ60$_$0,c9jD33baJ60,0,train,train,0.0,0.0,0.0,Neutral,neutral,1
c9jD33baJ60$_$1,c9jD33baJ60,1,train,train,-1.3333333730697632,-1.3333333730697632,0.0,Negative,negative,0
cAA2mONG98w$_$2,cAA2mONG98w,2,train,train,0.3333333432674408,0.3333333432674408,0.0,Positive,positive,2
cEXJ2zFbC9I$_$4,cEXJ2zFbC9I,4,train,train,-1.0,-1.0,0.0,Negative,negative,0
cKUPgzZu-Fk$_$4,cKUPgzZu-Fk,4,train,train,1.3333333730697632,1.3333333730697632,0.0,Positive,positive,2
cKldvZeyRDA$_$2,cKldvZeyRDA,2,train,train,-1.3333333730697632,-1.3333333730697632,0.0,Negative,negative,0
cKxNJY7sA8s$_$1,cKxNJY7sA8s,1,train,train,0.3333333432674408,0.3333333432674408,0.0,Positive,positive,2
cM1Zuji24dI$_$2,cM1Zuji24dI,2,train,train,0.0,0.0,0.0,Neutral,neutral,1
cM1Zuji24dI$_$3,cM1Zuji24dI,3,train,train,0.0,0.0,0.0,Neutral,neutral,1
cOcNe3L4VAg$_$10,cOcNe3L4VAg,10,train,train,2.0,2.0,0.0,Positive,positive,2
cOcNe3L4VAg$_$13,cOcNe3L4VAg,13,train,train,0.0,0.0,0.0,Neutral,neutral,1
cOcNe3L4VAg$_$2,cOcNe3L4VAg,2,train,train,1.3333333730697632,1.3333333730697632,0.0,Positive,positive,2
cRFiXLzcCOA$_$3,cRFiXLzcCOA,3,train,train,2.0,2.0,0.0,Positive,positive,2
cS3BDGNDu_8$_$10,cS3BDGNDu_8,10,train,train,-1.3333333730697632,-1.3333333730697632,0.0,Negative,negative,0
cS3BDGNDu_8$_$2,cS3BDGNDu_8,2,train,train,-0.6666666865348816,-0.6666666865348816,0.0,Negative,negative,0
cUm0TN3vXRc$_$2,cUm0TN3vXRc,2,train,train,-1.0,-1.0,0.0,Negative,negative,0
cW-aX4dPVfk$_$11,cW-aX4dPVfk,11,test,test,0.3333333432674408,0.3333333432674408,0.0,Positive,positive,2
cW-aX4dPVfk$_$30,cW-aX4dPVfk,30,test,test,2.3333332538604736,2.3333332538604736,0.0,Positive,positive,2
cW-aX4dPVfk$_$32,cW-aX4dPVfk,32,test,test,1.6666666269302368,1.6666666269302368,0.0,Positive,positive,2
cW-aX4dPVfk$_$4,cW-aX4dPVfk,4,test,test,-0.3333333432674408,-0.3333333432674408,0.0,Negative,negative,0
cZVM4svwE90$_$1,cZVM4svwE90,1,train,train,0.6666666865348816,0.6666666865348816,0.0,Positive,positive,2
cZVM4svwE90$_$12,cZVM4svwE90,12,train,train,0.6666666865348816,0.6666666865348816,0.0,Positive,positive,2
cZVM4svwE90$_$13,cZVM4svwE90,13,train,train,1.3333333730697632,1.3333333730697632,0.0,Positive,positive,2
cZVM4svwE90$_$15,cZVM4svwE90,15,train,train,1.0,1.0,0.0,Positive,positive,2
cZVM4svwE90$_$25,cZVM4svwE90,25,train,train,1.0,1.0,0.0,Positive,positive,2
cZVM4svwE90$_$26,cZVM4svwE90,26,train,train,1.3333333730697632,1.3333333730697632,0.0,Positive,positive,2
cZVM4svwE90$_$3,cZVM4svwE90,3,train,train,0.0,0.0,0.0,Neutral,neutral,1
cZVM4svwE90$_$4,cZVM4svwE90,4,train,train,1.0,1.0,0.0,Positive,positive,2
cZVM4svwE90$_$6,cZVM4svwE90,6,train,train,1.0,1.0,0.0,Positive,positive,2
c_FJuhSte8Q$_$5,c_FJuhSte8Q,5,train,train,-0.3333333432674408,-0.3333333432674408,0.0,Negative,negative,0
c_FJuhSte8Q$_$7,c_FJuhSte8Q,7,train,train,1.3333333730697632,1.3333333730697632,0.0,Positive,positive,2
c_FJuhSte8Q$_$8,c_FJuhSte8Q,8,train,train,2.0,2.0,0.0,Positive,positive,2
caLWajc18Y4$_$5,caLWajc18Y4,5,train,train,0.0,0.0,0.0,Neutral,neutral,1
caLWajc18Y4$_$6,caLWajc18Y4,6,train,train,0.3333333432674408,0.3333333432674408,0.0,Positive,positive,2
caLWajc18Y4$_$9,caLWajc18Y4,9,train,train,0.0,0.0,0.0,Neutral,neutral,1
cfX_iuhCbRY$_$1,cfX_iuhCbRY,1,train,train,0.6666666865348816,0.6666666865348816,0.0,Positive,positive,2
cfX_iuhCbRY$_$5,cfX_iuhCbRY,5,train,train,0.0,0.0,0.0,Neutral,neutral,1
cjgq9d8Zn9g$_$2,cjgq9d8Zn9g,2,train,train,0.0,0.0,0.0,Neutral,neutral,1
cmJW6mkspkI$_$0,cmJW6mkspkI,0,train,train,2.3333332538604736,2.3333332538604736,0.0,Positive,positive,2
cml9rShionM$_$3,cml9rShionM,3,test,test,-0.3333333432674408,-0.3333333432674408,0.0,Negative,negative,0
cnllFPRyBFs$_$0,cnllFPRyBFs,0,train,train,0.0,0.0,0.0,Neutral,neutral,1
ctMCSUT2LlQ$_$4,ctMCSUT2LlQ,4,train,train,0.0,0.0,0.0,Neutral,neutral,1
d-Uw_uZyUys$_$1,d-Uw_uZyUys,1,test,test,-2.3333332538604736,-2.3333332538604736,0.0,Negative,negative,0
d-Uw_uZyUys$_$6,d-Uw_uZyUys,6,test,test,-2.3333332538604736,-2.3333332538604736,0.0,Negative,negative,0
d0QNH2vcDgU$_$13,d0QNH2vcDgU,13,train,train,2.3333332538604736,2.3333332538604736,0.0,Positive,positive,2
d0QNH2vcDgU$_$3,d0QNH2vcDgU,3,train,train,0.3333333432674408,0.3333333432674408,0.0,Positive,positive,2
d38u9n5GOLM$_$18,d38u9n5GOLM,18,train,train,1.6666666269302368,1.6666666269302368,0.0,Positive,positive,2
d38u9n5GOLM$_$26,d38u9n5GOLM,26,train,train,1.6666666269302368,1.6666666269302368,0.0,Positive,positive,2
d38u9n5GOLM$_$28,d38u9n5GOLM,28,train,train,1.3333333730697632,1.3333333730697632,0.0,Positive,positive,2
d38u9n5GOLM$_$6,d38u9n5GOLM,6,train,train,2.3333332538604736,2.3333332538604736,0.0,Positive,positive,2
d3I7Ug-_3L0$_$0,d3I7Ug-_3L0,0,train,train,0.6666666865348816,0.6666666865348816,0.0,Positive,positive,2
d3I7Ug-_3L0$_$5,d3I7Ug-_3L0,5,train,train,-0.6666666865348816,-0.6666666865348816,0.0,Negative,negative,0
d3I7Ug-_3L0$_$6,d3I7Ug-_3L0,6,train,train,-0.3333333432674408,-0.3333333432674408,0.0,Negative,negative,0
d89Z_olwc2Y$_$24,d89Z_olwc2Y,24,train,train,0.3333333432674408,0.3333333432674408,0.0,Positive,positive,2
d8BR6hsvzoY$_$0,d8BR6hsvzoY,0,valid,valid,0.0,0.0,0.0,Neutral,neutral,1
d8BR6hsvzoY$_$1,d8BR6hsvzoY,1,valid,valid,0.6666666865348816,0.6666666865348816,0.0,Positive,positive,2
d8BR6hsvzoY$_$2,d8BR6hsvzoY,2,valid,valid,0.0,0.0,0.0,Neutral,neutral,1
d8BR6hsvzoY$_$5,d8BR6hsvzoY,5,valid,valid,0.0,0.0,0.0,Neutral,neutral,1
d8BR6hsvzoY$_$6,d8BR6hsvzoY,6,valid,valid,0.3333333432674408,0.3333333432674408,0.0,Positive,positive,2
d8BR6hsvzoY$_$8,d8BR6hsvzoY,8,valid,valid,0.3333333432674408,0.3333333432674408,0.0,Positive,positive,2
d8BR6hsvzoY$_$9,d8BR6hsvzoY,9,valid,valid,0.0,0.0,0.0,Neutral,neutral,1
d99mfGIenCo$_$1,d99mfGIenCo,1,train,train,0.6666666865348816,0.6666666865348816,0.0,Positive,positive,2
d99mfGIenCo$_$15,d99mfGIenCo,15,train,train,0.6666666865348816,0.6666666865348816,0.0,Positive,positive,2
d99mfGIenCo$_$16,d99mfGIenCo,16,train,train,1.0,1.0,0.0,Positive,positive,2
d99mfGIenCo$_$2,d99mfGIenCo,2,train,train,2.0,2.0,0.0,Positive,positive,2
dBWvtPeHpWM$_$4,dBWvtPeHpWM,4,valid,valid,0.6666666865348816,0.6666666865348816,0.0,Positive,positive,2
dCDAcBR505Q$_$14,dCDAcBR505Q,14,train,train,0.0,0.0,0.0,Neutral,neutral,1
dEDbm2ubVRQ$_$0,dEDbm2ubVRQ,0,valid,valid,-0.3333333432674408,-0.3333333432674408,0.0,Negative,negative,0
dEDbm2ubVRQ$_$3,dEDbm2ubVRQ,3,valid,valid,0.3333333432674408,0.3333333432674408,0.0,Positive,positive,2
dEDbm2ubVRQ$_$8,dEDbm2ubVRQ,8,valid,valid,0.3333333432674408,0.3333333432674408,0.0,Positive,positive,2
dHk--ExZbHs$_$7,dHk--ExZbHs,7,test,test,0.6666666865348816,0.6666666865348816,0.0,Positive,positive,2
dJ5MXl66-UQ$_$1,dJ5MXl66-UQ,1,train,train,0.6666666865348816,0.6666666865348816,0.0,Positive,positive,2
dQ56b0bqmc8$_$5,dQ56b0bqmc8,5,train,train,0.6666666865348816,0.6666666865348816,0.0,Positive,positive,2
dR68gbeOWOc$_$1,dR68gbeOWOc,1,test,test,0.3333333432674408,0.3333333432674408,0.0,Positive,positive,2
dSax_7klbfE$_$1,dSax_7klbfE,1,train,train,-0.3333333432674408,-0.3333333432674408,0.0,Negative,negative,0
dSax_7klbfE$_$17,dSax_7klbfE,17,train,train,0.3333333432674408,0.3333333432674408,0.0,Positive,positive,2
dTcz1am1eUw$_$2,dTcz1am1eUw,2,test,test,1.3333333730697632,1.3333333730697632,0.0,Positive,positive,2
dWfgSGnd9zM$_$6,dWfgSGnd9zM,6,train,train,1.0,1.0,0.0,Positive,positive,2
dXMAS2tIknw$_$6,dXMAS2tIknw,6,train,train,-0.6666666865348816,-0.6666666865348816,0.0,Negative,negative,0
dYyg91d7zjY$_$2,dYyg91d7zjY,2,train,train,-0.3333333432674408,-0.3333333432674408,0.0,Negative,negative,0
damyXH7mBic$_$11,damyXH7mBic,11,train,train,0.6666666865348816,0.6666666865348816,0.0,Positive,positive,2
dbpGH5iP0GE$_$2,dbpGH5iP0GE,2,train,train,0.3333333432674408,0.3333333432674408,0.0,Positive,positive,2
dbpGH5iP0GE$_$3,dbpGH5iP0GE,3,train,train,0.0,0.0,0.0,Neutral,neutral,1
dcUlt6zk_S0$_$5,dcUlt6zk_S0,5,train,train,0.3333333432674408,0.3333333432674408,0.0,Positive,positive,2
ddWHTdJz2O8$_$1,ddWHTdJz2O8,1,test,test,-0.3333333432674408,-0.3333333432674408,0.0,Negative,negative,0
ddix4XuaUlY$_$4,ddix4XuaUlY,4,train,train,0.6666666865348816,0.6666666865348816,0.0,Positive,positive,2
dlE05KC95uk$_$11,dlE05KC95uk,11,test,test,0.3333333432674408,0.3333333432674408,0.0,Positive,positive,2
dqragS38hCk$_$10,dqragS38hCk,10,train,train,0.0,0.0,0.0,Neutral,neutral,1
dqragS38hCk$_$2,dqragS38hCk,2,train,train,-0.6666666865348816,-0.6666666865348816,0.0,Negative,negative,0
dqragS38hCk$_$8,dqragS38hCk,8,train,train,-0.3333333432674408,-0.3333333432674408,0.0,Negative,negative,0
dsob2MgUPpA$_$13,dsob2MgUPpA,13,train,train,2.6666667461395264,2.6666667461395264,0.0,Positive,positive,2
dsob2MgUPpA$_$2,dsob2MgUPpA,2,train,train,2.3333332538604736,2.3333332538604736,0.0,Positive,positive,2
dsob2MgUPpA$_$3,dsob2MgUPpA,3,train,train,2.3333332538604736,2.3333332538604736,0.0,Positive,positive,2
dsob2MgUPpA$_$5,dsob2MgUPpA,5,train,train,2.0,2.0,0.0,Positive,positive,2
dt641WxonBI$_$1,dt641WxonBI,1,valid,valid,0.3333333432674408,0.3333333432674408,0.0,Positive,positive,2
dt641WxonBI$_$3,dt641WxonBI,3,valid,valid,0.6666666865348816,0.6666666865348816,0.0,Positive,positive,2
dyZdiWNflko$_$6,dyZdiWNflko,6,train,train,1.0,1.0,0.0,Positive,positive,2
e-2QlzFeyNU$_$4,e-2QlzFeyNU,4,train,train,1.3333333730697632,1.3333333730697632,0.0,Positive,positive,2
e0hYEr848TE$_$0,e0hYEr848TE,0,train,train,0.6666666865348816,0.6666666865348816,0.0,Positive,positive,2
e0ltF8zpEcw$_$8,e0ltF8zpEcw,8,train,train,0.0,0.0,0.0,Neutral,neutral,1
e0ltF8zpEcw$_$9,e0ltF8zpEcw,9,train,train,0.6666666865348816,0.6666666865348816,0.0,Positive,positive,2
e1E5W_ZefmY$_$10,e1E5W_ZefmY,10,train,train,-0.3333333432674408,-0.3333333432674408,0.0,Negative,negative,0
e1E5W_ZefmY$_$3,e1E5W_ZefmY,3,train,train,0.0,0.0,0.0,Neutral,neutral,1
e7_2U4lm6TE$_$28,e7_2U4lm6TE,28,train,train,-1.3333333730697632,-1.3333333730697632,0.0,Negative,negative,0
e7_2U4lm6TE$_$38,e7_2U4lm6TE,38,train,train,0.0,0.0,0.0,Neutral,neutral,1
e7_2U4lm6TE$_$7,e7_2U4lm6TE,7,train,train,1.3333333730697632,1.3333333730697632,0.0,Positive,positive,2
eE8Qr9fOvVA$_$2,eE8Qr9fOvVA,2,test,test,-1.3333333730697632,-1.3333333730697632,0.0,Negative,negative,0
eFV7iFPYZB4$_$12,eFV7iFPYZB4,12,test,test,1.6666666269302368,1.6666666269302368,0.0,Positive,positive,2
eFV7iFPYZB4$_$14,eFV7iFPYZB4,14,test,test,1.3333333730697632,1.3333333730697632,0.0,Positive,positive,2
eJfT7-dDqzA$_$2,eJfT7-dDqzA,2,test,test,0.6666666865348816,0.6666666865348816,0.0,Positive,positive,2
eJfT7-dDqzA$_$3,eJfT7-dDqzA,3,test,test,0.6666666865348816,0.6666666865348816,0.0,Positive,positive,2
eJfT7-dDqzA$_$7,eJfT7-dDqzA,7,test,test,0.6666666865348816,0.6666666865348816,0.0,Positive,positive,2
eJwZfdtlks8$_$15,eJwZfdtlks8,15,train,train,0.6666666865348816,0.6666666865348816,0.0,Positive,positive,2
eKQKEi2-0Ws$_$0,eKQKEi2-0Ws,0,test,test,0.0,0.0,0.0,Neutral,neutral,1
eOiC1kb17P4$_$0,eOiC1kb17P4,0,valid,valid,1.3333333730697632,1.3333333730697632,0.0,Positive,positive,2
ePtlUYCdrNM$_$1,ePtlUYCdrNM,1,train,train,0.0,0.0,0.0,Neutral,neutral,1
eQc5uI7FKCU$_$5,eQc5uI7FKCU,5,test,test,0.3333333432674408,0.3333333432674408,0.0,Positive,positive,2
eSHOcLD5T58$_$7,eSHOcLD5T58,7,train,train,-0.3333333432674408,-0.3333333432674408,0.0,Negative,negative,0
eSHOcLD5T58$_$9,eSHOcLD5T58,9,train,train,1.6666666269302368,1.6666666269302368,0.0,Positive,positive,2
eTCnM472-cQ$_$0,eTCnM472-cQ,0,train,train,0.0,0.0,0.0,Neutral,neutral,1
eTn2P4wmFr4$_$12,eTn2P4wmFr4,12,train,train,-0.3333333432674408,-0.3333333432674408,0.0,Negative,negative,0
eTn2P4wmFr4$_$15,eTn2P4wmFr4,15,train,train,-0.6666666865348816,-0.6666666865348816,0.0,Negative,negative,0
eTn2P4wmFr4$_$3,eTn2P4wmFr4,3,train,train,-1.0,-1.0,0.0,Negative,negative,0
eTn2P4wmFr4$_$7,eTn2P4wmFr4,7,train,train,-2.0,-2.0,0.0,Negative,negative,0
eTn2P4wmFr4$_$9,eTn2P4wmFr4,9,train,train,0.3333333432674408,0.3333333432674408,0.0,Positive,positive,2
eW1vgHE6FRM$_$14,eW1vgHE6FRM,14,train,train,1.6666666269302368,1.6666666269302368,0.0,Positive,positive,2
eW1vgHE6FRM$_$3,eW1vgHE6FRM,3,train,train,0.3333333432674408,0.3333333432674408,0.0,Positive,positive,2
eY64P27khzk$_$0,eY64P27khzk,0,train,train,-0.3333333432674408,-0.3333333432674408,0.0,Negative,negative,0
eY64P27khzk$_$3,eY64P27khzk,3,train,train,0.0,0.0,0.0,Neutral,neutral,1
eeN7l4R3nPc$_$10,eeN7l4R3nPc,10,train,train,0.3333333432674408,0.3333333432674408,0.0,Positive,positive,2
efLrpnuLwyU$_$1,efLrpnuLwyU,1,train,train,0.0,0.0,0.0,Neutral,neutral,1
emtvrtk-jsU$_$7,emtvrtk-jsU,7,train,train,-1.0,-1.0,0.0,Negative,negative,0
ep3IasggD3k$_$10,ep3IasggD3k,10,train,train,0.3333333432674408,0.3333333432674408,0.0,Positive,positive,2
erNDEjQeox8$_$12,erNDEjQeox8,12,valid,valid,2.0,2.0,0.0,Positive,positive,2
esR-tOjT6KM$_$0,esR-tOjT6KM,0,train,train,0.6666666865348816,0.6666666865348816,0.0,Positive,positive,2
esR-tOjT6KM$_$3,esR-tOjT6KM,3,train,train,2.0,2.0,0.0,Positive,positive,2
esR-tOjT6KM$_$6,esR-tOjT6KM,6,train,train,2.0,2.0,0.0,Positive,positive,2
esnOE1LefKA$_$1,esnOE1LefKA,1,train,train,0.3333333432674408,0.3333333432674408,0.0,Positive,positive,2
ewBrNsyY82Q$_$4,ewBrNsyY82Q,4,valid,valid,0.0,0.0,0.0,Neutral,neutral,1
ey1lr8wFFDc$_$0,ey1lr8wFFDc,0,test,test,0.6666666865348816,0.6666666865348816,0.0,Positive,positive,2
f-VdKweez2U$_$4,f-VdKweez2U,4,test,test,0.0,0.0,0.0,Neutral,neutral,1
f49boM5fb8U$_$6,f49boM5fb8U,6,train,train,0.0,0.0,0.0,Neutral,neutral,1
f5k5cF80aUE$_$4,f5k5cF80aUE,4,train,train,0.3333333432674408,0.3333333432674408,0.0,Positive,positive,2
f5k5cF80aUE$_$6,f5k5cF80aUE,6,train,train,1.0,1.0,0.0,Positive,positive,2
f6S2XNPIiFk$_$19,f6S2XNPIiFk,19,train,train,1.0,1.0,0.0,Positive,positive,2
f6S2XNPIiFk$_$2,f6S2XNPIiFk,2,train,train,1.0,1.0,0.0,Positive,positive,2
f6S2XNPIiFk$_$5,f6S2XNPIiFk,5,train,train,0.0,0.0,0.0,Neutral,neutral,1
f8Puta8k8fU$_$1,f8Puta8k8fU,1,test,test,0.0,0.0,0.0,Neutral,neutral,1
fB816aeHRFk$_$0,fB816aeHRFk,0,train,train,0.0,0.0,0.0,Neutral,neutral,1
fGYbbP8RDLQ$_$5,fGYbbP8RDLQ,5,train,train,0.0,0.0,0.0,Neutral,neutral,1
fOxg1NstCHA$_$4,fOxg1NstCHA,4,train,train,0.0,0.0,0.0,Neutral,neutral,1
fT6SrlsWV7M$_$12,fT6SrlsWV7M,12,test,test,-1.3333333730697632,-1.3333333730697632,0.0,Negative,negative,0
fTNOAssiTYk$_$3,fTNOAssiTYk,3,train,train,1.0,1.0,0.0,Positive,positive,2
fTNOAssiTYk$_$6,fTNOAssiTYk,6,train,train,0.3333333432674408,0.3333333432674408,0.0,Positive,positive,2
fW1pK2L6RgM$_$3,fW1pK2L6RgM,3,train,train,0.3333333432674408,0.3333333432674408,0.0,Positive,positive,2
fWAKek8jA5M$_$0,fWAKek8jA5M,0,test,test,-1.6666666269302368,-1.6666666269302368,0.0,Negative,negative,0
fWAKek8jA5M$_$3,fWAKek8jA5M,3,test,test,-1.3333333730697632,-1.3333333730697632,0.0,Negative,negative,0
fWAKek8jA5M$_$4,fWAKek8jA5M,4,test,test,0.0,0.0,0.0,Neutral,neutral,1
fWOIAxzBQFY$_$12,fWOIAxzBQFY,12,valid,valid,0.0,0.0,0.0,Neutral,neutral,1
fWOIAxzBQFY$_$5,fWOIAxzBQFY,5,valid,valid,1.3333333730697632,1.3333333730697632,0.0,Positive,positive,2
fWOIAxzBQFY$_$7,fWOIAxzBQFY,7,valid,valid,0.0,0.0,0.0,Neutral,neutral,1
f_ZJ7L14oYQ$_$11,f_ZJ7L14oYQ,11,valid,valid,1.3333333730697632,1.3333333730697632,0.0,Positive,positive,2
f_ZJ7L14oYQ$_$17,f_ZJ7L14oYQ,17,valid,valid,-0.6666666865348816,-0.6666666865348816,0.0,Negative,negative,0
f_ZJ7L14oYQ$_$21,f_ZJ7L14oYQ,21,valid,valid,2.0,2.0,0.0,Positive,positive,2
f_ZJ7L14oYQ$_$27,f_ZJ7L14oYQ,27,valid,valid,1.6666666269302368,1.6666666269302368,0.0,Positive,positive,2
f_ZJ7L14oYQ$_$8,f_ZJ7L14oYQ,8,valid,valid,0.6666666865348816,0.6666666865348816,0.0,Positive,positive,2
f_ZJ7L14oYQ$_$9,f_ZJ7L14oYQ,9,valid,valid,0.0,0.0,0.0,Neutral,neutral,1
faXGVcVcVsE$_$14,faXGVcVcVsE,14,train,train,0.0,0.0,0.0,Neutral,neutral,1
faXGVcVcVsE$_$8,faXGVcVcVsE,8,train,train,2.0,2.0,0.0,Positive,positive,2
faXGVcVcVsE$_$9,faXGVcVcVsE,9,train,train,0.0,0.0,0.0,Neutral,neutral,1
fbHlBmq7Ipo$_$10,fbHlBmq7Ipo,10,train,train,0.3333333432674408,0.3333333432674408,0.0,Positive,positive,2
fbHlBmq7Ipo$_$8,fbHlBmq7Ipo,8,train,train,-0.3333333432674408,-0.3333333432674408,0.0,Negative,negative,0
fbSxct2JcKU$_$5,fbSxct2JcKU,5,train,train,0.6666666865348816,0.6666666865348816,0.0,Positive,positive,2
fdK_tsvBXJ8$_$5,fdK_tsvBXJ8,5,train,train,0.3333333432674408,0.3333333432674408,0.0,Positive,positive,2
ffrJ91swyq0$_$1,ffrJ91swyq0,1,valid,valid,0.6666666865348816,0.6666666865348816,0.0,Positive,positive,2
fi7g4GoK-z4$_$4,fi7g4GoK-z4,4,train,train,0.6666666865348816,0.6666666865348816,0.0,Positive,positive,2
fjE2EZKgQm8$_$4,fjE2EZKgQm8,4,train,train,2.0,2.0,0.0,Positive,positive,2
fjE2EZKgQm8$_$5,fjE2EZKgQm8,5,train,train,2.3333332538604736,2.3333332538604736,0.0,Positive,positive,2
flBtk736di4$_$8,flBtk736di4,8,train,train,1.0,1.0,0.0,Positive,positive,2
frCWtiam4tE$_$0,frCWtiam4tE,0,test,test,1.6666666269302368,1.6666666269302368,0.0,Positive,positive,2
frNJdG0GkYw$_$1,frNJdG0GkYw,1,train,train,1.6666666269302368,1.6666666269302368,0.0,Positive,positive,2
fsBzpr4k3rY$_$0,fsBzpr4k3rY,0,test,test,2.0,2.0,0.0,Positive,positive,2
fz-MzQcOBwQ$_$1,fz-MzQcOBwQ,1,test,test,1.3333333730697632,1.3333333730697632,0.0,Positive,positive,2
fzuTEKwNS94$_$16,fzuTEKwNS94,16,train,train,2.6666667461395264,2.6666667461395264,0.0,Positive,positive,2
fzuTEKwNS94$_$8,fzuTEKwNS94,8,train,train,1.6666666269302368,1.6666666269302368,0.0,Positive,positive,2
g8Cl74tS3oY$_$2,g8Cl74tS3oY,2,valid,valid,-0.6666666865348816,-0.6666666865348816,0.0,Negative,negative,0
g8Cl74tS3oY$_$6,g8Cl74tS3oY,6,valid,valid,0.6666666865348816,0.6666666865348816,0.0,Positive,positive,2
g99kISQbyuI$_$0,g99kISQbyuI,0,train,train,-0.3333333432674408,-0.3333333432674408,0.0,Negative,negative,0
g99kISQbyuI$_$11,g99kISQbyuI,11,train,train,0.3333333432674408,0.3333333432674408,0.0,Positive,positive,2
g99kISQbyuI$_$3,g99kISQbyuI,3,train,train,0.6666666865348816,0.6666666865348816,0.0,Positive,positive,2
g99kISQbyuI$_$5,g99kISQbyuI,5,train,train,-0.6666666865348816,-0.6666666865348816,0.0,Negative,negative,0
g9rNhtFG9aU$_$12,g9rNhtFG9aU,12,train,train,0.0,0.0,0.0,Neutral,neutral,1
gAMbkJk6gnE$_$2,gAMbkJk6gnE,2,train,train,0.3333333432674408,0.3333333432674408,0.0,Positive,positive,2
gAMbkJk6gnE$_$4,gAMbkJk6gnE,4,train,train,1.3333333730697632,1.3333333730697632,0.0,Positive,positive,2
gC_wF3uKFW0$_$2,gC_wF3uKFW0,2,train,train,-0.3333333432674408,-0.3333333432674408,0.0,Negative,negative,0
gC_wF3uKFW0$_$4,gC_wF3uKFW0,4,train,train,2.0,2.0,0.0,Positive,positive,2
gC_wF3uKFW0$_$5,gC_wF3uKFW0,5,train,train,2.0,2.0,0.0,Positive,positive,2
gE7kUqMqQ9g$_$2,gE7kUqMqQ9g,2,test,test,-0.6666666865348816,-0.6666666865348816,0.0,Negative,negative,0
gEgcpVY8WK4$_$14,gEgcpVY8WK4,14,train,train,0.3333333432674408,0.3333333432674408,0.0,Positive,positive,2
gEgcpVY8WK4$_$17,gEgcpVY8WK4,17,train,train,0.0,0.0,0.0,Neutral,neutral,1
gEgcpVY8WK4$_$21,gEgcpVY8WK4,21,train,train,1.0,1.0,0.0,Positive,positive,2
gEgcpVY8WK4$_$22,gEgcpVY8WK4,22,train,train,0.0,0.0,0.0,Neutral,neutral,1
gEgcpVY8WK4$_$27,gEgcpVY8WK4,27,train,train,0.0,0.0,0.0,Neutral,neutral,1
gEgcpVY8WK4$_$28,gEgcpVY8WK4,28,train,train,0.0,0.0,0.0,Neutral,neutral,1
gEgcpVY8WK4$_$30,gEgcpVY8WK4,30,train,train,0.6666666865348816,0.6666666865348816,0.0,Positive,positive,2
gEgcpVY8WK4$_$8,gEgcpVY8WK4,8,train,train,0.0,0.0,0.0,Neutral,neutral,1
gFAOKuqpUq4$_$0,gFAOKuqpUq4,0,train,train,0.0,0.0,0.0,Neutral,neutral,1
gJjkCPO7iXg$_$0,gJjkCPO7iXg,0,test,test,1.0,1.0,0.0,Positive,positive,2
gJjkCPO7iXg$_$1,gJjkCPO7iXg,1,test,test,1.0,1.0,0.0,Positive,positive,2
gLTxaEcx41E$_$2,gLTxaEcx41E,2,test,test,0.0,0.0,0.0,Neutral,neutral,1
gLTxaEcx41E$_$4,gLTxaEcx41E,4,test,test,0.0,0.0,0.0,Neutral,neutral,1
gLTxaEcx41E$_$6,gLTxaEcx41E,6,test,test,0.3333333432674408,0.3333333432674408,0.0,Positive,positive,2
gLTxaEcx41E$_$7,gLTxaEcx41E,7,test,test,0.0,0.0,0.0,Neutral,neutral,1
gPWyANEm0eE$_$10,gPWyANEm0eE,10,train,train,-2.0,-2.0,0.0,Negative,negative,0
gPWyANEm0eE$_$2,gPWyANEm0eE,2,train,train,0.0,0.0,0.0,Neutral,neutral,1
gPWyANEm0eE$_$4,gPWyANEm0eE,4,train,train,0.6666666865348816,0.6666666865348816,0.0,Positive,positive,2
gR4gM_WXesQ$_$10,gR4gM_WXesQ,10,valid,valid,0.3333333432674408,0.3333333432674408,0.0,Positive,positive,2
gR4gM_WXesQ$_$18,gR4gM_WXesQ,18,valid,valid,0.6666666865348816,0.6666666865348816,0.0,Positive,positive,2
gR4gM_WXesQ$_$20,gR4gM_WXesQ,20,valid,valid,-1.3333333730697632,-1.3333333730697632,0.0,Negative,negative,0
gR4gM_WXesQ$_$24,gR4gM_WXesQ,24,valid,valid,-0.3333333432674408,-0.3333333432674408,0.0,Negative,negative,0
gR4gM_WXesQ$_$26,gR4gM_WXesQ,26,valid,valid,0.0,0.0,0.0,Neutral,neutral,1
gR4gM_WXesQ$_$3,gR4gM_WXesQ,3,valid,valid,0.3333333432674408,0.3333333432674408,0.0,Positive,positive,2
gR4gM_WXesQ$_$4,gR4gM_WXesQ,4,valid,valid,1.6666666269302368,1.6666666269302368,0.0,Positive,positive,2
gR4gM_WXesQ$_$8,gR4gM_WXesQ,8,valid,valid,0.6666666865348816,0.6666666865348816,0.0,Positive,positive,2
gRAmIaSlm80$_$0,gRAmIaSlm80,0,train,train,0.6666666865348816,0.6666666865348816,0.0,Positive,positive,2
gU7McujYYPY$_$1,gU7McujYYPY,1,train,train,2.0,2.0,0.0,Positive,positive,2
gU7McujYYPY$_$3,gU7McujYYPY,3,train,train,0.3333333432674408,0.3333333432674408,0.0,Positive,positive,2
gU7McujYYPY$_$8,gU7McujYYPY,8,train,train,0.3333333432674408,0.3333333432674408,0.0,Positive,positive,2
gVqs4TzqySw$_$1,gVqs4TzqySw,1,valid,valid,0.3333333432674408,0.3333333432674408,0.0,Positive,positive,2
gVqs4TzqySw$_$2,gVqs4TzqySw,2,valid,valid,0.0,0.0,0.0,Neutral,neutral,1
gVqs4TzqySw$_$3,gVqs4TzqySw,3,valid,valid,0.0,0.0,0.0,Neutral,neutral,1
gVqs4TzqySw$_$4,gVqs4TzqySw,4,valid,valid,0.0,0.0,0.0,Neutral,neutral,1
gXDRWhJbfFU$_$1,gXDRWhJbfFU,1,train,train,1.5,1.5,0.0,Positive,positive,2
gXDRWhJbfFU$_$4,gXDRWhJbfFU,4,train,train,0.6666666865348816,0.6666666865348816,0.0,Positive,positive,2
gXDRWhJbfFU$_$8,gXDRWhJbfFU,8,train,train,1.1666666269302368,1.1666666269302368,0.0,Positive,positive,2
gXDRWhJbfFU$_$9,gXDRWhJbfFU,9,train,train,0.1666666716337204,0.1666666716337204,0.0,Positive,positive,2
gXuiIWRxrw4$_$0,gXuiIWRxrw4,0,train,train,0.6666666865348816,0.6666666865348816,0.0,Positive,positive,2
gXuiIWRxrw4$_$18,gXuiIWRxrw4,18,train,train,1.3333333730697632,1.3333333730697632,0.0,Positive,positive,2
gXuiIWRxrw4$_$19,gXuiIWRxrw4,19,train,train,1.0,1.0,0.0,Positive,positive,2
gXuiIWRxrw4$_$6,gXuiIWRxrw4,6,train,train,0.3333333432674408,0.3333333432674408,0.0,Positive,positive,2
gZDyk95Xob4$_$11,gZDyk95Xob4,11,train,train,1.0,1.0,0.0,Positive,positive,2
gZDyk95Xob4$_$12,gZDyk95Xob4,12,train,train,1.0,1.0,0.0,Positive,positive,2
gZDyk95Xob4$_$9,gZDyk95Xob4,9,train,train,1.0,1.0,0.0,Positive,positive,2
gZF-YNQHqwI$_$1,gZF-YNQHqwI,1,train,train,0.6666666865348816,0.6666666865348816,0.0,Positive,positive,2
gZF-YNQHqwI$_$13,gZF-YNQHqwI,13,train,train,0.0,0.0,0.0,Neutral,neutral,1
gZF-YNQHqwI$_$9,gZF-YNQHqwI,9,train,train,2.6666667461395264,2.6666667461395264,0.0,Positive,positive,2
gcFECfN4BCU$_$10,gcFECfN4BCU,10,test,test,0.6666666865348816,0.6666666865348816,0.0,Positive,positive,2
gcFECfN4BCU$_$15,gcFECfN4BCU,15,test,test,1.3333333730697632,1.3333333730697632,0.0,Positive,positive,2
gcFECfN4BCU$_$23,gcFECfN4BCU,23,test,test,2.0,2.0,0.0,Positive,positive,2
gcpsSao7kHM$_$1,gcpsSao7kHM,1,train,train,0.0,0.0,0.0,Neutral,neutral,1
gcpsSao7kHM$_$10,gcpsSao7kHM,10,train,train,1.0,1.0,0.0,Positive,positive,2
ge071m9bGeY$_$0,ge071m9bGeY,0,train,train,0.3333333432674408,0.3333333432674408,0.0,Positive,positive,2
ge071m9bGeY$_$1,ge071m9bGeY,1,train,train,0.3333333432674408,0.3333333432674408,0.0,Positive,positive,2
ge071m9bGeY$_$4,ge071m9bGeY,4,train,train,0.0,0.0,0.0,Neutral,neutral,1
ge071m9bGeY$_$5,ge071m9bGeY,5,train,train,0.6666666865348816,0.6666666865348816,0.0,Positive,positive,2
gjEYmdWrBLM$_$0,gjEYmdWrBLM,0,train,train,0.6666666865348816,0.6666666865348816,0.0,Positive,positive,2
gjEYmdWrBLM$_$18,gjEYmdWrBLM,18,train,train,1.6666666269302368,1.6666666269302368,0.0,Positive,positive,2
gjEYmdWrBLM$_$24,gjEYmdWrBLM,24,train,train,1.3333333730697632,1.3333333730697632,0.0,Positive,positive,2
gjEYmdWrBLM$_$26,gjEYmdWrBLM,26,train,train,2.0,2.0,0.0,Positive,positive,2
gjEYmdWrBLM$_$3,gjEYmdWrBLM,3,train,train,0.0,0.0,0.0,Neutral,neutral,1
gjEYmdWrBLM$_$9,gjEYmdWrBLM,9,train,train,1.6666666269302368,1.6666666269302368,0.0,Positive,positive,2
gjGL6YY6oMs$_$2,gjGL6YY6oMs,2,train,train,0.0,0.0,0.0,Neutral,neutral,1
gjSyl6evrWk$_$12,gjSyl6evrWk,12,train,train,1.3333333730697632,1.3333333730697632,0.0,Positive,positive,2
goMtnNHQ_z4$_$1,goMtnNHQ_z4,1,valid,valid,0.0,0.0,0.0,Neutral,neutral,1
goMtnNHQ_z4$_$12,goMtnNHQ_z4,12,valid,valid,-0.3333333432674408,-0.3333333432674408,0.0,Negative,negative,0
goMtnNHQ_z4$_$13,goMtnNHQ_z4,13,valid,valid,1.0,1.0,0.0,Positive,positive,2
goMtnNHQ_z4$_$2,goMtnNHQ_z4,2,valid,valid,1.6666666269302368,1.6666666269302368,0.0,Positive,positive,2
gpn71-aKWwQ$_$2,gpn71-aKWwQ,2,test,test,1.6666666269302368,1.6666666269302368,0.0,Positive,positive,2
gr9YU-UTJzQ$_$15,gr9YU-UTJzQ,15,train,train,0.0,0.0,0.0,Neutral,neutral,1
grePRQ8zonA$_$2,grePRQ8zonA,2,train,train,0.3333333432674408,0.3333333432674408,0.0,Positive,positive,2
guRD0zQC6Q0$_$7,guRD0zQC6Q0,7,train,train,1.3333333730697632,1.3333333730697632,0.0,Positive,positive,2
gv43BPYYxKQ$_$2,gv43BPYYxKQ,2,train,train,-0.3333333432674408,-0.3333333432674408,0.0,Negative,negative,0
gvrfI9e5xHQ$_$9,gvrfI9e5xHQ,9,train,train,-0.3333333432674408,-0.3333333432674408,0.0,Negative,negative,0
gzZ8NTeTzRs$_$1,gzZ8NTeTzRs,1,train,train,0.0,0.0,0.0,Neutral,neutral,1
h1ZZHUU4j0k$_$10,h1ZZHUU4j0k,10,test,test,1.0,1.0,0.0,Positive,positive,2
h1ZZHUU4j0k$_$13,h1ZZHUU4j0k,13,test,test,-1.0,-1.0,0.0,Negative,negative,0
h1ZZHUU4j0k$_$3,h1ZZHUU4j0k,3,test,test,0.6666666865348816,0.6666666865348816,0.0,Positive,positive,2
h1ZZHUU4j0k$_$4,h1ZZHUU4j0k,4,test,test,0.6666666865348816,0.6666666865348816,0.0,Positive,positive,2
h4LrwMn94ss$_$9,h4LrwMn94ss,9,train,train,0.0,0.0,0.0,Neutral,neutral,1
h7p5URoookk$_$2,h7p5URoookk,2,train,train,1.3333333730697632,1.3333333730697632,0.0,Positive,positive,2
h7p5URoookk$_$27,h7p5URoookk,27,train,train,0.3333333432674408,0.3333333432674408,0.0,Positive,positive,2
hASTLbFHrEs$_$0,hASTLbFHrEs,0,train,train,-1.6666666269302368,-1.6666666269302368,0.0,Negative,negative,0
hASTLbFHrEs$_$7,hASTLbFHrEs,7,train,train,2.3333332538604736,2.3333332538604736,0.0,Positive,positive,2
hCFV5VLgS0A$_$8,hCFV5VLgS0A,8,train,train,-0.6666666865348816,-0.6666666865348816,0.0,Negative,negative,0
hF6kFQPdBjY$_$13,hF6kFQPdBjY,13,train,train,0.3333333432674408,0.3333333432674408,0.0,Positive,positive,2
hF6kFQPdBjY$_$2,hF6kFQPdBjY,2,train,train,-0.6666666865348816,-0.6666666865348816,0.0,Negative,negative,0
hF6kFQPdBjY$_$9,hF6kFQPdBjY,9,train,train,0.0,0.0,0.0,Neutral,neutral,1
hGRRlXfH0BY$_$1,hGRRlXfH0BY,1,train,train,-0.6666666865348816,-0.6666666865348816,0.0,Negative,negative,0
hGRRlXfH0BY$_$11,hGRRlXfH0BY,11,train,train,-0.6666666865348816,-0.6666666865348816,0.0,Negative,negative,0
hGRRlXfH0BY$_$8,hGRRlXfH0BY,8,train,train,-2.0,-2.0,0.0,Negative,negative,0
hIQhkTjNaQc$_$11,hIQhkTjNaQc,11,train,train,0.3333333432674408,0.3333333432674408,0.0,Positive,positive,2
hOp6I4jGvu4$_$1,hOp6I4jGvu4,1,train,train,0.0,0.0,0.0,Neutral,neutral,1
hOp6I4jGvu4$_$4,hOp6I4jGvu4,4,train,train,1.6666666269302368,1.6666666269302368,0.0,Positive,positive,2
hSgKOKK3L8M$_$0,hSgKOKK3L8M,0,train,train,0.3333333432674408,0.3333333432674408,0.0,Positive,positive,2
hSgKOKK3L8M$_$5,hSgKOKK3L8M,5,train,train,0.0,0.0,0.0,Neutral,neutral,1
hawztAtYHCE$_$9,hawztAtYHCE,9,train,train,1.3333333730697632,1.3333333730697632,0.0,Positive,positive,2
he475nnmMi0$_$14,he475nnmMi0,14,train,train,-0.3333333432674408,-0.3333333432674408,0.0,Negative,negative,0
he475nnmMi0$_$9,he475nnmMi0,9,train,train,0.3333333432674408,0.3333333432674408,0.0,Positive,positive,2
hfVXx8hfKak$_$0,hfVXx8hfKak,0,train,train,2.0,2.0,0.0,Positive,positive,2
hfVXx8hfKak$_$16,hfVXx8hfKak,16,train,train,-1.3333333730697632,-1.3333333730697632,0.0,Negative,negative,0
hfvmQuhqMmY$_$8,hfvmQuhqMmY,8,train,train,2.0,2.0,0.0,Positive,positive,2
hh04W3xXa5s$_$0,hh04W3xXa5s,0,train,train,1.0,1.0,0.0,Positive,positive,2
hh04W3xXa5s$_$2,hh04W3xXa5s,2,train,train,-0.3333333432674408,-0.3333333432674408,0.0,Negative,negative,0
hj1ph17-0jE$_$2,hj1ph17-0jE,2,train,train,-1.3333333730697632,-1.3333333730697632,0.0,Negative,negative,0
hjBQmIWiWgw$_$2,hjBQmIWiWgw,2,train,train,0.3333333432674408,0.3333333432674408,0.0,Positive,positive,2
hlBOP5NskhM$_$10,hlBOP5NskhM,10,train,train,2.0,2.0,0.0,Positive,positive,2
hlBOP5NskhM$_$12,hlBOP5NskhM,12,train,train,1.0,1.0,0.0,Positive,positive,2
hlBOP5NskhM$_$2,hlBOP5NskhM,2,train,train,0.0,0.0,0.0,Neutral,neutral,1
hlBOP5NskhM$_$8,hlBOP5NskhM,8,train,train,1.3333333730697632,1.3333333730697632,0.0,Positive,positive,2
hlYDicOj2m0$_$2,hlYDicOj2m0,2,train,train,0.3333333432674408,0.3333333432674408,0.0,Positive,positive,2
hlYDicOj2m0$_$6,hlYDicOj2m0,6,train,train,-0.3333333432674408,-0.3333333432674408,0.0,Negative,negative,0
hmjfBZGGZR8$_$1,hmjfBZGGZR8,1,train,train,2.6666667461395264,2.6666667461395264,0.0,Positive,positive,2
hntnelpiyl8$_$13,hntnelpiyl8,13,train,train,0.0,0.0,0.0,Neutral,neutral,1
hp3nsb_eIc0$_$1,hp3nsb_eIc0,1,train,train,0.0,0.0,0.0,Neutral,neutral,1
hp3nsb_eIc0$_$18,hp3nsb_eIc0,18,train,train,0.0,0.0,0.0,Neutral,neutral,1
hqzF4IDaIYE$_$0,hqzF4IDaIYE,0,valid,valid,-1.3333333730697632,-1.3333333730697632,0.0,Negative,negative,0
hqzF4IDaIYE$_$2,hqzF4IDaIYE,2,valid,valid,0.6666666865348816,0.6666666865348816,0.0,Positive,positive,2
hqzF4IDaIYE$_$3,hqzF4IDaIYE,3,valid,valid,1.0,1.0,0.0,Positive,positive,2
hqzF4IDaIYE$_$4,hqzF4IDaIYE,4,valid,valid,0.3333333432674408,0.3333333432674408,0.0,Positive,positive,2
hqzF4IDaIYE$_$6,hqzF4IDaIYE,6,valid,valid,-0.6666666865348816,-0.6666666865348816,0.0,Negative,negative,0
hvfaYsv7p8E$_$0,hvfaYsv7p8E,0,valid,valid,-0.6666666865348816,-0.6666666865348816,0.0,Negative,negative,0
hyazktfsZew$_$11,hyazktfsZew,11,train,train,0.0,0.0,0.0,Neutral,neutral,1
hyazktfsZew$_$22,hyazktfsZew,22,train,train,1.0,1.0,0.0,Positive,positive,2
hyazktfsZew$_$26,hyazktfsZew,26,train,train,1.0,1.0,0.0,Positive,positive,2
hyazktfsZew$_$28,hyazktfsZew,28,train,train,0.3333333432674408,0.3333333432674408,0.0,Positive,positive,2
hyazktfsZew$_$30,hyazktfsZew,30,train,train,0.3333333432674408,0.3333333432674408,0.0,Positive,positive,2
hyazktfsZew$_$9,hyazktfsZew,9,train,train,-0.6666666865348816,-0.6666666865348816,0.0,Negative,negative,0
i5bmKlHv-SA$_$3,i5bmKlHv-SA,3,train,train,0.6666666865348816,0.6666666865348816,0.0,Positive,positive,2
iEOBNT0HFtU$_$0,iEOBNT0HFtU,0,train,train,1.3333333730697632,1.3333333730697632,0.0,Positive,positive,2
iEOBNT0HFtU$_$12,iEOBNT0HFtU,12,train,train,2.3333332538604736,2.3333332538604736,0.0,Positive,positive,2
iEOBNT0HFtU$_$17,iEOBNT0HFtU,17,train,train,-0.3333333432674408,-0.3333333432674408,0.0,Negative,negative,0
iEOBNT0HFtU$_$2,iEOBNT0HFtU,2,train,train,0.6666666865348816,0.6666666865348816,0.0,Positive,positive,2
iH04VOkbof0$_$1,iH04VOkbof0,1,train,train,0.0,0.0,0.0,Neutral,neutral,1
iH04VOkbof0$_$4,iH04VOkbof0,4,train,train,-0.6666666865348816,-0.6666666865348816,0.0,Negative,negative,0
iM3wSwoAtwk$_$3,iM3wSwoAtwk,3,train,train,0.3333333432674408,0.3333333432674408,0.0,Positive,positive,2
iMss8xBhFiI$_$12,iMss8xBhFiI,12,train,train,0.6666666865348816,0.6666666865348816,0.0,Positive,positive,2
iO34hER47xA$_$3,iO34hER47xA,3,train,train,1.6666666269302368,1.6666666269302368,0.0,Positive,positive,2
iQDB_OkAQWs$_$4,iQDB_OkAQWs,4,test,test,0.0,0.0,0.0,Neutral,neutral,1
iR1Os7FVGHs$_$6,iR1Os7FVGHs,6,train,train,0.0,0.0,0.0,Neutral,neutral,1
iREkcXde5ds$_$0,iREkcXde5ds,0,train,train,0.0,0.0,0.0,Neutral,neutral,1
iS91daVpH2E$_$10,iS91daVpH2E,10,train,train,0.3333333432674408,0.3333333432674408,0.0,Positive,positive,2
iS91daVpH2E$_$7,iS91daVpH2E,7,train,train,0.0,0.0,0.0,Neutral,neutral,1
iUXqlrui25c$_$10,iUXqlrui25c,10,valid,valid,-0.6666666865348816,-0.6666666865348816,0.0,Negative,negative,0
iUXqlrui25c$_$21,iUXqlrui25c,21,valid,valid,-0.6666666865348816,-0.6666666865348816,0.0,Negative,negative,0
iUXqlrui25c$_$23,iUXqlrui25c,23,valid,valid,0.0,0.0,0.0,Neutral,neutral,1
iXiMifHNKPI$_$8,iXiMifHNKPI,8,test,test,0.3333333432674408,0.3333333432674408,0.0,Positive,positive,2
iYtD_ArCdKw$_$3,iYtD_ArCdKw,3,train,train,0.0,0.0,0.0,Neutral,neutral,1
iYtD_ArCdKw$_$9,iYtD_ArCdKw,9,train,train,0.3333333432674408,0.3333333432674408,0.0,Positive,positive,2
icIS9VfbzMw$_$1,icIS9VfbzMw,1,train,train,-1.3333333730697632,-1.3333333730697632,0.0,Negative,negative,0
icIS9VfbzMw$_$17,icIS9VfbzMw,17,train,train,1.3333333730697632,1.3333333730697632,0.0,Positive,positive,2
icIS9VfbzMw$_$25,icIS9VfbzMw,25,train,train,-0.3333333432674408,-0.3333333432674408,0.0,Negative,negative,0
icIS9VfbzMw$_$3,icIS9VfbzMw,3,train,train,0.3333333432674408,0.3333333432674408,0.0,Positive,positive,2
icbUzboLcDQ$_$0,icbUzboLcDQ,0,valid,valid,-0.6666666865348816,-0.6666666865348816,0.0,Negative,negative,0
icehEYAiimM$_$0,icehEYAiimM,0,train,train,0.6666666865348816,0.6666666865348816,0.0,Positive,positive,2
iex7I7iVnLk$_$3,iex7I7iVnLk,3,train,train,0.6666666865348816,0.6666666865348816,0.0,Positive,positive,2
ihuGFUrzD30$_$8,ihuGFUrzD30,8,train,train,0.6666666865348816,0.6666666865348816,0.0,Positive,positive,2
ioupaiAuRr0$_$4,ioupaiAuRr0,4,valid,valid,0.0,0.0,0.0,Neutral,neutral,1
ioupaiAuRr0$_$5,ioupaiAuRr0,5,valid,valid,0.0,0.0,0.0,Neutral,neutral,1
ipLoS44xfO4$_$0,ipLoS44xfO4,0,train,train,-1.3333333730697632,-1.3333333730697632,0.0,Negative,negative,0
ipLoS44xfO4$_$1,ipLoS44xfO4,1,train,train,0.3333333432674408,0.3333333432674408,0.0,Positive,positive,2
ipLoS44xfO4$_$3,ipLoS44xfO4,3,train,train,-1.3333333730697632,-1.3333333730697632,0.0,Negative,negative,0
ixQbCXLUUj8$_$1,ixQbCXLUUj8,1,train,train,0.3333333432674408,0.3333333432674408,0.0,Positive,positive,2
ixZAEncExWI$_$1,ixZAEncExWI,1,train,train,-0.3333333432674408,-0.3333333432674408,0.0,Negative,negative,0
izFBeXMTgds$_$1,izFBeXMTgds,1,train,train,1.6666666269302368,1.6666666269302368,0.0,Positive,positive,2
j1m6ctAgjsM$_$1,j1m6ctAgjsM,1,test,test,1.3333333730697632,1.3333333730697632,0.0,Positive,positive,2
j1m6ctAgjsM$_$14,j1m6ctAgjsM,14,test,test,0.0,0.0,0.0,Neutral,neutral,1
j1m6ctAgjsM$_$18,j1m6ctAgjsM,18,test,test,1.0,1.0,0.0,Positive,positive,2
j1m6ctAgjsM$_$2,j1m6ctAgjsM,2,test,test,1.0,1.0,0.0,Positive,positive,2
j1m6ctAgjsM$_$30,j1m6ctAgjsM,30,test,test,0.3333333432674408,0.3333333432674408,0.0,Positive,positive,2
j1m6ctAgjsM$_$33,j1m6ctAgjsM,33,test,test,0.3333333432674408,0.3333333432674408,0.0,Positive,positive,2
j1m6ctAgjsM$_$35,j1m6ctAgjsM,35,test,test,1.0,1.0,0.0,Positive,positive,2
j1m6ctAgjsM$_$37,j1m6ctAgjsM,37,test,test,0.0,0.0,0.0,Neutral,neutral,1
j1m6ctAgjsM$_$4,j1m6ctAgjsM,4,test,test,0.3333333432674408,0.3333333432674408,0.0,Positive,positive,2
j6R1NTrosuM$_$0,j6R1NTrosuM,0,train,train,1.3333333730697632,1.3333333730697632,0.0,Positive,positive,2
j7fRIGphgtk$_$0,j7fRIGphgtk,0,train,train,0.0,0.0,0.0,Neutral,neutral,1
j7fRIGphgtk$_$1,j7fRIGphgtk,1,train,train,1.6666666269302368,1.6666666269302368,0.0,Positive,positive,2
jEQoBvc7V1o$_$12,jEQoBvc7V1o,12,train,train,1.0,1.0,0.0,Positive,positive,2
jFNgOznarMo$_$10,jFNgOznarMo,10,train,train,0.0,0.0,0.0,Neutral,neutral,1
jFNgOznarMo$_$9,jFNgOznarMo,9,train,train,-1.0,-1.0,0.0,Negative,negative,0
jFpRdhl3fgw$_$2,jFpRdhl3fgw,2,train,train,0.3333333432674408,0.3333333432674408,0.0,Positive,positive,2
jICmfLeFymA$_$16,jICmfLeFymA,16,valid,valid,1.6666666269302368,1.6666666269302368,0.0,Positive,positive,2
jNdvceZ4etc$_$2,jNdvceZ4etc,2,train,train,1.3333333730697632,1.3333333730697632,0.0,Positive,positive,2
jNdvceZ4etc$_$7,jNdvceZ4etc,7,train,train,0.6666666865348816,0.6666666865348816,0.0,Positive,positive,2
jPf0LjZAS14$_$0,jPf0LjZAS14,0,train,train,0.6666666865348816,0.6666666865348816,0.0,Positive,positive,2
jPrEKz1rAno$_$11,jPrEKz1rAno,11,valid,valid,0.6666666865348816,0.6666666865348816,0.0,Positive,positive,2
jPrEKz1rAno$_$6,jPrEKz1rAno,6,valid,valid,0.3333333432674408,0.3333333432674408,0.0,Positive,positive,2
jPrEKz1rAno$_$7,jPrEKz1rAno,7,valid,valid,0.0,0.0,0.0,Neutral,neutral,1
jQ3EmbRIe58$_$14,jQ3EmbRIe58,14,train,train,2.0,2.0,0.0,Positive,positive,2
jT3FSTBA8Us$_$2,jT3FSTBA8Us,2,train,train,0.0,0.0,0.0,Neutral,neutral,1
jV6qzF2YROc$_$0,jV6qzF2YROc,0,train,train,0.6666666865348816,0.6666666865348816,0.0,Positive,positive,2
jVayR0VClxQ$_$0,jVayR0VClxQ,0,train,train,-0.6666666865348816,-0.6666666865348816,0.0,Negative,negative,0
jVayR0VClxQ$_$12,jVayR0VClxQ,12,train,train,1.6666666269302368,1.6666666269302368,0.0,Positive,positive,2
jVayR0VClxQ$_$9,jVayR0VClxQ,9,train,train,1.0,1.0,0.0,Positive,positive,2
jXQmVFcOiUI$_$0,jXQmVFcOiUI,0,test,test,1.0,1.0,0.0,Positive,positive,2
jYT3-RQFy1U$_$1,jYT3-RQFy1U,1,train,train,-1.6666666269302368,-1.6666666269302368,0.0,Negative,negative,0
jYT3-RQFy1U$_$10,jYT3-RQFy1U,10,train,train,0.0,0.0,0.0,Neutral,neutral,1
jakiZQd4boM$_$3,jakiZQd4boM,3,train,train,0.6666666865348816,0.6666666865348816,0.0,Positive,positive,2
jbKDW9URnvM$_$0,jbKDW9URnvM,0,train,train,0.6666666865348816,0.6666666865348816,0.0,Positive,positive,2
jcQi90n008o$_$18,jcQi90n008o,18,train,train,0.3333333432674408,0.3333333432674408,0.0,Positive,positive,2
jcQi90n008o$_$2,jcQi90n008o,2,train,train,0.0,0.0,0.0,Neutral,neutral,1
jcQi90n008o$_$20,jcQi90n008o,20,train,train,1.3333333730697632,1.3333333730697632,0.0,Positive,positive,2
jcQi90n008o$_$23,jcQi90n008o,23,train,train,1.6666666269302368,1.6666666269302368,0.0,Positive,positive,2
jcQi90n008o$_$5,jcQi90n008o,5,train,train,0.6666666865348816,0.6666666865348816,0.0,Positive,positive,2
jgNu58Da9cs$_$2,jgNu58Da9cs,2,train,train,0.3333333432674408,0.3333333432674408,0.0,Positive,positive,2
jgNu58Da9cs$_$6,jgNu58Da9cs,6,train,train,0.0,0.0,0.0,Neutral,neutral,1
jj8aSNPHMw8$_$14,jj8aSNPHMw8,14,test,test,0.0,0.0,0.0,Neutral,neutral,1
jj8aSNPHMw8$_$5,jj8aSNPHMw8,5,test,test,-1.3333333730697632,-1.3333333730697632,0.0,Negative,negative,0
jjb1cWmkhI8$_$2,jjb1cWmkhI8,2,train,train,1.6666666269302368,1.6666666269302368,0.0,Positive,positive,2
jjbOD6u7V34$_$3,jjbOD6u7V34,3,train,train,0.0,0.0,0.0,Neutral,neutral,1
jlCFLG6rKKY$_$2,jlCFLG6rKKY,2,train,train,-0.6666666865348816,-0.6666666865348816,0.0,Negative,negative,0
jnG9zog4NCs$_$2,jnG9zog4NCs,2,train,train,0.6666666865348816,0.6666666865348816,0.0,Positive,positive,2
jnG9zog4NCs$_$4,jnG9zog4NCs,4,train,train,-0.3333333432674408,-0.3333333432674408,0.0,Negative,negative,0
jqKzaEniiKo$_$13,jqKzaEniiKo,13,train,train,0.3333333432674408,0.3333333432674408,0.0,Positive,positive,2
jqKzaEniiKo$_$8,jqKzaEniiKo,8,train,train,0.3333333432674408,0.3333333432674408,0.0,Positive,positive,2
jqutn5ou8_0$_$6,jqutn5ou8_0,6,test,test,0.6666666865348816,0.6666666865348816,0.0,Positive,positive,2
jscKL5jS-SQ$_$17,jscKL5jS-SQ,17,test,test,1.0,1.0,0.0,Positive,positive,2
juI9KoLA87A$_$5,juI9KoLA87A,5,train,train,0.3333333432674408,0.3333333432674408,0.0,Positive,positive,2
jzNIU-w0MVo$_$15,jzNIU-w0MVo,15,train,train,1.0,1.0,0.0,Positive,positive,2
jzNIU-w0MVo$_$16,jzNIU-w0MVo,16,train,train,0.0,0.0,0.0,Neutral,neutral,1
jzNIU-w0MVo$_$7,jzNIU-w0MVo,7,train,train,-0.6666666865348816,-0.6666666865348816,0.0,Negative,negative,0
k1ca_xbhohk$_$13,k1ca_xbhohk,13,train,train,0.6666666865348816,0.6666666865348816,0.0,Positive,positive,2
k4T6GaDrcjs$_$2,k4T6GaDrcjs,2,train,train,1.3333333730697632,1.3333333730697632,0.0,Positive,positive,2
k4T6GaDrcjs$_$4,k4T6GaDrcjs,4,train,train,1.3333333730697632,1.3333333730697632,0.0,Positive,positive,2
k4T6GaDrcjs$_$7,k4T6GaDrcjs,7,train,train,-0.6666666865348816,-0.6666666865348816,0.0,Negative,negative,0
k4T6GaDrcjs$_$9,k4T6GaDrcjs,9,train,train,0.0,0.0,0.0,Neutral,neutral,1
k5-3KuvCFms$_$0,k5-3KuvCFms,0,train,train,0.6666666865348816,0.6666666865348816,0.0,Positive,positive,2
k5ZOshC2LP4$_$1,k5ZOshC2LP4,1,valid,valid,-1.3333333730697632,-1.3333333730697632,0.0,Negative,negative,0
k8NgVOCDYKM$_$10,k8NgVOCDYKM,10,train,train,-0.3333333432674408,-0.3333333432674408,0.0,Negative,negative,0
k8NgVOCDYKM$_$19,k8NgVOCDYKM,19,train,train,-1.6666666269302368,-1.6666666269302368,0.0,Negative,negative,0
k8NgVOCDYKM$_$2,k8NgVOCDYKM,2,train,train,0.3333333432674408,0.3333333432674408,0.0,Positive,positive,2
kCQqLNiO0mk$_$11,kCQqLNiO0mk,11,train,train,-1.0,-1.0,0.0,Negative,negative,0
kCQqLNiO0mk$_$12,kCQqLNiO0mk,12,train,train,0.6666666865348816,0.6666666865348816,0.0,Positive,positive,2
kCQqLNiO0mk$_$15,kCQqLNiO0mk,15,train,train,1.3333333730697632,1.3333333730697632,0.0,Positive,positive,2
kCQqLNiO0mk$_$17,kCQqLNiO0mk,17,train,train,-1.3333333730697632,-1.3333333730697632,0.0,Negative,negative,0
kCQqLNiO0mk$_$6,kCQqLNiO0mk,6,train,train,0.0,0.0,0.0,Neutral,neutral,1
kCQqLNiO0mk$_$8,kCQqLNiO0mk,8,train,train,0.3333333432674408,0.3333333432674408,0.0,Positive,positive,2
kKMfsWrigTE$_$1,kKMfsWrigTE,1,train,train,0.3333333432674408,0.3333333432674408,0.0,Positive,positive,2
kKkZihSbxF4$_$2,kKkZihSbxF4,2,train,train,2.3333332538604736,2.3333332538604736,0.0,Positive,positive,2
kPn-t6NSxfQ$_$0,kPn-t6NSxfQ,0,train,train,0.3333333432674408,0.3333333432674408,0.0,Positive,positive,2
kPn-t6NSxfQ$_$11,kPn-t6NSxfQ,11,train,train,0.3333333432674408,0.3333333432674408,0.0,Positive,positive,2
kPn-t6NSxfQ$_$14,kPn-t6NSxfQ,14,train,train,0.3333333432674408,0.3333333432674408,0.0,Positive,positive,2
kPn-t6NSxfQ$_$4,kPn-t6NSxfQ,4,train,train,-0.6666666865348816,-0.6666666865348816,0.0,Negative,negative,0
kRs39SO-neY$_$17,kRs39SO-neY,17,train,train,0.6666666865348816,0.6666666865348816,0.0,Positive,positive,2
kU6YY2z7z0I$_$10,kU6YY2z7z0I,10,train,train,1.0,1.0,0.0,Positive,positive,2
kU6YY2z7z0I$_$4,kU6YY2z7z0I,4,train,train,-1.3333333730697632,-1.3333333730697632,0.0,Negative,negative,0
kU6YY2z7z0I$_$5,kU6YY2z7z0I,5,train,train,-0.3333333432674408,-0.3333333432674408,0.0,Negative,negative,0
kU6YY2z7z0I$_$8,kU6YY2z7z0I,8,train,train,-1.0,-1.0,0.0,Negative,negative,0
kU6YY2z7z0I$_$9,kU6YY2z7z0I,9,train,train,0.0,0.0,0.0,Neutral,neutral,1
kY64gXOapYk$_$0,kY64gXOapYk,0,train,train,0.6666666865348816,0.6666666865348816,0.0,Positive,positive,2
kZfcQ4a0kx4$_$0,kZfcQ4a0kx4,0,train,train,2.0,2.0,0.0,Positive,positive,2
kZfcQ4a0kx4$_$15,kZfcQ4a0kx4,15,train,train,1.6666666269302368,1.6666666269302368,0.0,Positive,positive,2
kZfcQ4a0kx4$_$21,kZfcQ4a0kx4,21,train,train,1.3333333730697632,1.3333333730697632,0.0,Positive,positive,2
kZfcQ4a0kx4$_$3,kZfcQ4a0kx4,3,train,train,2.0,2.0,0.0,Positive,positive,2
kZfcQ4a0kx4$_$8,kZfcQ4a0kx4,8,train,train,2.3333332538604736,2.3333332538604736,0.0,Positive,positive,2
kaudsLIvYC8$_$0,kaudsLIvYC8,0,test,test,1.6666666269302368,1.6666666269302368,0.0,Positive,positive,2
kbGhEJ4W44o$_$0,kbGhEJ4W44o,0,valid,valid,1.3333333730697632,1.3333333730697632,0.0,Positive,positive,2
kcIGTPHEsNo$_$10,kcIGTPHEsNo,10,train,train,2.0,2.0,0.0,Positive,positive,2
kcIGTPHEsNo$_$17,kcIGTPHEsNo,17,train,train,1.6666666269302368,1.6666666269302368,0.0,Positive,positive,2
kcIGTPHEsNo$_$20,kcIGTPHEsNo,20,train,train,3.0,3.0,0.0,Positive,positive,2
kddCewAsxfA$_$5,kddCewAsxfA,5,train,train,0.3333333432674408,0.3333333432674408,0.0,Positive,positive,2
kf3fZcx8nIo$_$2,kf3fZcx8nIo,2,train,train,-0.3333333432674408,-0.3333333432674408,0.0,Negative,negative,0
kfsO4c0Ekes$_$7,kfsO4c0Ekes,7,valid,valid,0.6666666865348816,0.6666666865348816,0.0,Positive,positive,2
kg-W6-hP2Do$_$3,kg-W6-hP2Do,3,test,test,0.0,0.0,0.0,Neutral,neutral,1
kh6eynD9OIk$_$10,kh6eynD9OIk,10,train,train,0.3333333432674408,0.3333333432674408,0.0,Positive,positive,2
kh6eynD9OIk$_$5,kh6eynD9OIk,5,train,train,-2.0,-2.0,0.0,Negative,negative,0
kh6eynD9OIk$_$6,kh6eynD9OIk,6,train,train,-1.3333333730697632,-1.3333333730697632,0.0,Negative,negative,0
kiR5zVo2zvU$_$14,kiR5zVo2zvU,14,train,train,1.0,1.0,0.0,Positive,positive,2
kiR5zVo2zvU$_$17,kiR5zVo2zvU,17,train,train,0.6666666865348816,0.6666666865348816,0.0,Positive,positive,2
kiR5zVo2zvU$_$24,kiR5zVo2zvU,24,train,train,1.6666666269302368,1.6666666269302368,0.0,Positive,positive,2
kj63uF0RhW8$_$7,kj63uF0RhW8,7,train,train,0.0,0.0,0.0,Neutral,neutral,1
kjQAkrdbREk$_$1,kjQAkrdbREk,1,train,train,-2.3333332538604736,-2.3333332538604736,0.0,Negative,negative,0
kjQAkrdbREk$_$2,kjQAkrdbREk,2,train,train,2.0,2.0,0.0,Positive,positive,2
kpS4BXif_Sw$_$12,kpS4BXif_Sw,12,test,test,-2.0,-2.0,0.0,Negative,negative,0
kpS4BXif_Sw$_$15,kpS4BXif_Sw,15,test,test,1.3333333730697632,1.3333333730697632,0.0,Positive,positive,2
kpS4BXif_Sw$_$4,kpS4BXif_Sw,4,test,test,0.0,0.0,0.0,Neutral,neutral,1
kpS4BXif_Sw$_$8,kpS4BXif_Sw,8,test,test,-1.0,-1.0,0.0,Negative,negative,0
kqXpf26EL-s$_$11,kqXpf26EL-s,11,train,train,0.6666666865348816,0.6666666865348816,0.0,Positive,positive,2
kqXpf26EL-s$_$3,kqXpf26EL-s,3,train,train,0.0,0.0,0.0,Neutral,neutral,1
kqXpf26EL-s$_$5,kqXpf26EL-s,5,train,train,0.0,0.0,0.0,Neutral,neutral,1
krHZuqfXrPU$_$11,krHZuqfXrPU,11,train,train,-0.3333333432674408,-0.3333333432674408,0.0,Negative,negative,0
krHZuqfXrPU$_$13,krHZuqfXrPU,13,train,train,0.0,0.0,0.0,Neutral,neutral,1
krHZuqfXrPU$_$22,krHZuqfXrPU,22,train,train,1.6666666269302368,1.6666666269302368,0.0,Positive,positive,2
krHZuqfXrPU$_$28,krHZuqfXrPU,28,train,train,2.0,2.0,0.0,Positive,positive,2
ktblaVOnFVE$_$4,ktblaVOnFVE,4,test,test,1.3333333730697632,1.3333333730697632,0.0,Positive,positive,2
ku-dtUqCm2o$_$1,ku-dtUqCm2o,1,train,train,-0.6666666865348816,-0.6666666865348816,0.0,Negative,negative,0
kuQWPuhnlHs$_$5,kuQWPuhnlHs,5,train,train,1.3333333730697632,1.3333333730697632,0.0,Positive,positive,2
kuQWPuhnlHs$_$6,kuQWPuhnlHs,6,train,train,1.0,1.0,0.0,Positive,positive,2
kvUb78Rdzdc$_$3,kvUb78Rdzdc,3,valid,valid,1.0,1.0,0.0,Positive,positive,2
kwkhYpCHWPw$_$6,kwkhYpCHWPw,6,train,train,0.6666666865348816,0.6666666865348816,0.0,Positive,positive,2
kx544gnOZB0$_$0,kx544gnOZB0,0,train,train,-0.6666666865348816,-0.6666666865348816,0.0,Negative,negative,0
kxcCxbsKx3w$_$2,kxcCxbsKx3w,2,train,train,1.0,1.0,0.0,Positive,positive,2
kxcCxbsKx3w$_$8,kxcCxbsKx3w,8,train,train,1.0,1.0,0.0,Positive,positive,2
ky7Q5onqxGw$_$7,ky7Q5onqxGw,7,train,train,-1.3333333730697632,-1.3333333730697632,0.0,Negative,negative,0
kyPepNmxaj8$_$2,kyPepNmxaj8,2,train,train,0.0,0.0,0.0,Neutral,neutral,1
kz7ahNfXFsk$_$9,kz7ahNfXFsk,9,train,train,1.3333333730697632,1.3333333730697632,0.0,Positive,positive,2
kzmaKnujN64$_$1,kzmaKnujN64,1,train,train,0.3333333432674408,0.3333333432674408,0.0,Positive,positive,2
kzmaKnujN64$_$6,kzmaKnujN64,6,train,train,-0.3333333432674408,-0.3333333432674408,0.0,Negative,negative,0
l-nM_U1qpko$_$2,l-nM_U1qpko,2,train,train,2.3333332538604736,2.3333332538604736,0.0,Positive,positive,2
l-nM_U1qpko$_$5,l-nM_U1qpko,5,train,train,2.6666667461395264,2.6666667461395264,0.0,Positive,positive,2
l0vCKpk6Aes$_$12,l0vCKpk6Aes,12,test,test,1.0,1.0,0.0,Positive,positive,2
l0vCKpk6Aes$_$19,l0vCKpk6Aes,19,test,test,0.0,0.0,0.0,Neutral,neutral,1
l0vCKpk6Aes$_$24,l0vCKpk6Aes,24,test,test,0.0,0.0,0.0,Neutral,neutral,1
l4oMbKDuW3Y$_$3,l4oMbKDuW3Y,3,test,test,-0.6666666865348816,-0.6666666865348816,0.0,Negative,negative,0
l5_DDqck4Rs$_$0,l5_DDqck4Rs,0,train,train,0.3333333432674408,0.3333333432674408,0.0,Positive,positive,2
l8LTcZJ-_8k$_$17,l8LTcZJ-_8k,17,train,train,0.6666666865348816,0.6666666865348816,0.0,Positive,positive,2
l8LTcZJ-_8k$_$19,l8LTcZJ-_8k,19,train,train,0.3333333432674408,0.3333333432674408,0.0,Positive,positive,2
lD4xtQ6NpDY$_$2,lD4xtQ6NpDY,2,test,test,0.0,0.0,0.0,Neutral,neutral,1
lEsFI5YJGDo$_$5,lEsFI5YJGDo,5,train,train,2.0,2.0,0.0,Positive,positive,2
lEsFI5YJGDo$_$6,lEsFI5YJGDo,6,train,train,2.3333332538604736,2.3333332538604736,0.0,Positive,positive,2
lEsFI5YJGDo$_$7,lEsFI5YJGDo,7,train,train,1.3333333730697632,1.3333333730697632,0.0,Positive,positive,2
lO87-4Kf0cQ$_$2,lO87-4Kf0cQ,2,valid,valid,0.0,0.0,0.0,Neutral,neutral,1
lO87-4Kf0cQ$_$5,lO87-4Kf0cQ,5,valid,valid,0.3333333432674408,0.3333333432674408,0.0,Positive,positive,2
lTfsqoo-jKg$_$4,lTfsqoo-jKg,4,train,train,-2.3333332538604736,-2.3333332538604736,0.0,Negative,negative,0
lTfsqoo-jKg$_$7,lTfsqoo-jKg,7,train,train,0.0,0.0,0.0,Neutral,neutral,1
lUNNDDsm7R8$_$3,lUNNDDsm7R8,3,train,train,1.3333333730697632,1.3333333730697632,0.0,Positive,positive,2
lWf5hHRHIDs$_$11,lWf5hHRHIDs,11,valid,valid,1.0,1.0,0.0,Positive,positive,2
lWvaIexY2WU$_$0,lWvaIexY2WU,0,train,train,-1.6666666269302368,-1.6666666269302368,0.0,Negative,negative,0
lYwgLa4R5XQ$_$1,lYwgLa4R5XQ,1,test,test,0.0,0.0,0.0,Neutral,neutral,1
lawHYX5eB20$_$1,lawHYX5eB20,1,valid,valid,-1.0,-1.0,0.0,Negative,negative,0
lawHYX5eB20$_$2,lawHYX5eB20,2,valid,valid,0.6666666865348816,0.6666666865348816,0.0,Positive,positive,2
laxadgca3Fo$_$0,laxadgca3Fo,0,train,train,0.6666666865348816,0.6666666865348816,0.0,Positive,positive,2
lbx3eu8LUl8$_$4,lbx3eu8LUl8,4,train,train,0.0,0.0,0.0,Neutral,neutral,1
lkIe41StoGI$_$10,lkIe41StoGI,10,test,test,0.0,0.0,0.0,Neutral,neutral,1
lkIe41StoGI$_$2,lkIe41StoGI,2,test,test,0.6666666865348816,0.6666666865348816,0.0,Positive,positive,2
lkIe41StoGI$_$3,lkIe41StoGI,3,test,test,0.6666666865348816,0.6666666865348816,0.0,Positive,positive,2
lkIe41StoGI$_$8,lkIe41StoGI,8,test,test,0.0,0.0,0.0,Neutral,neutral,1
ll10nEjTvGE$_$8,ll10nEjTvGE,8,train,train,-1.6666666269302368,-1.6666666269302368,0.0,Negative,negative,0
ll10nEjTvGE$_$9,ll10nEjTvGE,9,train,train,1.0,1.0,0.0,Positive,positive,2
lp9vkkimXqg$_$12,lp9vkkimXqg,12,train,train,0.6666666865348816,0.6666666865348816,0.0,Positive,positive,2
lp9vkkimXqg$_$15,lp9vkkimXqg,15,train,train,0.6666666865348816,0.6666666865348816,0.0,Positive,positive,2
lp9vkkimXqg$_$6,lp9vkkimXqg,6,train,train,0.0,0.0,0.0,Neutral,neutral,1
lpF-yBYou0s$_$5,lpF-yBYou0s,5,train,train,0.0,0.0,0.0,Neutral,neutral,1
lpF-yBYou0s$_$6,lpF-yBYou0s,6,train,train,-1.6666666269302368,-1.6666666269302368,0.0,Negative,negative,0
luQfWSfb1s0$_$13,luQfWSfb1s0,13,train,train,1.3333333730697632,1.3333333730697632,0.0,Positive,positive,2
luQfWSfb1s0$_$16,luQfWSfb1s0,16,train,train,0.0,0.0,0.0,Neutral,neutral,1
luQfWSfb1s0$_$4,luQfWSfb1s0,4,train,train,1.6666666269302368,1.6666666269302368,0.0,Positive,positive,2
luQfWSfb1s0$_$6,luQfWSfb1s0,6,train,train,1.6666666269302368,1.6666666269302368,0.0,Positive,positive,2
lwL4hjhkid4$_$1,lwL4hjhkid4,1,test,test,0.0,0.0,0.0,Neutral,neutral,1
lwL4hjhkid4$_$3,lwL4hjhkid4,3,test,test,2.0,2.0,0.0,Positive,positive,2
lwL4hjhkid4$_$6,lwL4hjhkid4,6,test,test,0.3333333432674408,0.3333333432674408,0.0,Positive,positive,2
lzVA--tIse0$_$0,lzVA--tIse0,0,train,train,1.6666666269302368,1.6666666269302368,0.0,Positive,positive,2
lzyVWNrkgbQ$_$9,lzyVWNrkgbQ,9,train,train,-0.3333333432674408,-0.3333333432674408,0.0,Negative,negative,0
m-7yRWZLwLY$_$0,m-7yRWZLwLY,0,test,test,0.0,0.0,0.0,Neutral,neutral,1
m7SJs73SF8w$_$4,m7SJs73SF8w,4,train,train,1.3333333730697632,1.3333333730697632,0.0,Positive,positive,2
m8tzdtrgFUA$_$0,m8tzdtrgFUA,0,train,train,1.0,1.0,0.0,Positive,positive,2
m8tzdtrgFUA$_$12,m8tzdtrgFUA,12,train,train,0.3333333432674408,0.3333333432674408,0.0,Positive,positive,2
m8tzdtrgFUA$_$2,m8tzdtrgFUA,2,train,train,0.3333333432674408,0.3333333432674408,0.0,Positive,positive,2
m8tzdtrgFUA$_$5,m8tzdtrgFUA,5,train,train,1.3333333730697632,1.3333333730697632,0.0,Positive,positive,2
m8tzdtrgFUA$_$7,m8tzdtrgFUA,7,train,train,0.0,0.0,0.0,Neutral,neutral,1
mHGaQ_nv9UY$_$13,mHGaQ_nv9UY,13,valid,valid,1.3333333730697632,1.3333333730697632,0.0,Positive,positive,2
mHGaQ_nv9UY$_$14,mHGaQ_nv9UY,14,valid,valid,-0.3333333432674408,-0.3333333432674408,0.0,Negative,negative,0
mHGaQ_nv9UY$_$17,mHGaQ_nv9UY,17,valid,valid,0.0,0.0,0.0,Neutral,neutral,1
mHGaQ_nv9UY$_$22,mHGaQ_nv9UY,22,valid,valid,-0.3333333432674408,-0.3333333432674408,0.0,Negative,negative,0
mHGaQ_nv9UY$_$4,mHGaQ_nv9UY,4,valid,valid,-1.6666666269302368,-1.6666666269302368,0.0,Negative,negative,0
mHGaQ_nv9UY$_$5,mHGaQ_nv9UY,5,valid,valid,0.0,0.0,0.0,Neutral,neutral,1
mHIvH6Nnrls$_$1,mHIvH6Nnrls,1,train,train,0.0,0.0,0.0,Neutral,neutral,1
mI50zj8cTNw$_$1,mI50zj8cTNw,1,train,train,0.0,0.0,0.0,Neutral,neutral,1
mKP6TVuixWg$_$11,mKP6TVuixWg,11,train,train,-0.3333333432674408,-0.3333333432674408,0.0,Negative,negative,0
mKP6TVuixWg$_$18,mKP6TVuixWg,18,train,train,0.0,0.0,0.0,Neutral,neutral,1
mL2v-sODUZ8$_$11,mL2v-sODUZ8,11,train,train,0.0,0.0,0.0,Neutral,neutral,1
mLW-jn67gRE$_$1,mLW-jn67gRE,1,valid,valid,-0.6666666865348816,-0.6666666865348816,0.0,Negative,negative,0
mLW-jn67gRE$_$17,mLW-jn67gRE,17,valid,valid,0.6666666865348816,0.6666666865348816,0.0,Positive,positive,2
mLW-jn67gRE$_$20,mLW-jn67gRE,20,valid,valid,1.3333333730697632,1.3333333730697632,0.0,Positive,positive,2
mLW-jn67gRE$_$3,mLW-jn67gRE,3,valid,valid,0.0,0.0,0.0,Neutral,neutral,1
mLW-jn67gRE$_$5,mLW-jn67gRE,5,valid,valid,0.0,0.0,0.0,Neutral,neutral,1
mLW-jn67gRE$_$6,mLW-jn67gRE,6,valid,valid,-0.3333333432674408,-0.3333333432674408,0.0,Negative,negative,0
mLW-jn67gRE$_$9,mLW-jn67gRE,9,valid,valid,0.0,0.0,0.0,Neutral,neutral,1
mMeGgB9-hSE$_$10,mMeGgB9-hSE,10,train,train,0.6666666865348816,0.6666666865348816,0.0,Positive,positive,2
mMeGgB9-hSE$_$13,mMeGgB9-hSE,13,train,train,1.3333333730697632,1.3333333730697632,0.0,Positive,positive,2
mN1Z5xEOy10$_$4,mN1Z5xEOy10,4,train,train,-0.6666666865348816,-0.6666666865348816,0.0,Negative,negative,0
mQTaEIrNxnQ$_$11,mQTaEIrNxnQ,11,train,train,0.6666666865348816,0.6666666865348816,0.0,Positive,positive,2
mRPIse3OO74$_$1,mRPIse3OO74,1,train,train,-0.6666666865348816,-0.6666666865348816,0.0,Negative,negative,0
mRnEJOLkhp8$_$2,mRnEJOLkhp8,2,train,train,0.6666666865348816,0.6666666865348816,0.0,Positive,positive,2
mSWwz7dXUP8$_$6,mSWwz7dXUP8,6,train,train,2.3333332538604736,2.3333332538604736,0.0,Positive,positive,2
mVnqP-vLpuo$_$0,mVnqP-vLpuo,0,test,test,0.6666666865348816,0.6666666865348816,0.0,Positive,positive,2
mW8eL4e7Wrg$_$14,mW8eL4e7Wrg,14,train,train,0.0,0.0,0.0,Neutral,neutral,1
mW8eL4e7Wrg$_$15,mW8eL4e7Wrg,15,train,train,-0.3333333432674408,-0.3333333432674408,0.0,Negative,negative,0
mW8eL4e7Wrg$_$2,mW8eL4e7Wrg,2,train,train,0.0,0.0,0.0,Neutral,neutral,1
mW8eL4e7Wrg$_$3,mW8eL4e7Wrg,3,train,train,1.0,1.0,0.0,Positive,positive,2
mW8eL4e7Wrg$_$6,mW8eL4e7Wrg,6,train,train,0.0,0.0,0.0,Neutral,neutral,1
mZ_8em_-CGc$_$7,mZ_8em_-CGc,7,test,test,0.6666666865348816,0.6666666865348816,0.0,Positive,positive,2
maO6KmmgcB8$_$4,maO6KmmgcB8,4,train,train,-0.6666666865348816,-0.6666666865348816,0.0,Negative,negative,0
mgovo8VYtvk$_$12,mgovo8VYtvk,12,train,train,2.3333332538604736,2.3333332538604736,0.0,Positive,positive,2
mgovo8VYtvk$_$13,mgovo8VYtvk,13,train,train,0.6666666865348816,0.6666666865348816,0.0,Positive,positive,2
mgovo8VYtvk$_$20,mgovo8VYtvk,20,train,train,1.6666666269302368,1.6666666269302368,0.0,Positive,positive,2
mgovo8VYtvk$_$22,mgovo8VYtvk,22,train,train,0.6666666865348816,0.6666666865348816,0.0,Positive,positive,2
mgovo8VYtvk$_$23,mgovo8VYtvk,23,train,train,1.3333333730697632,1.3333333730697632,0.0,Positive,positive,2
mgovo8VYtvk$_$24,mgovo8VYtvk,24,train,train,2.0,2.0,0.0,Positive,positive,2
mgovo8VYtvk$_$29,mgovo8VYtvk,29,train,train,1.6666666269302368,1.6666666269302368,0.0,Positive,positive,2
mgovo8VYtvk$_$3,mgovo8VYtvk,3,train,train,1.3333333730697632,1.3333333730697632,0.0,Positive,positive,2
mgovo8VYtvk$_$30,mgovo8VYtvk,30,train,train,2.6666667461395264,2.6666667461395264,0.0,Positive,positive,2
mgovo8VYtvk$_$34,mgovo8VYtvk,34,train,train,0.6666666865348816,0.6666666865348816,0.0,Positive,positive,2
mgovo8VYtvk$_$37,mgovo8VYtvk,37,train,train,1.6666666269302368,1.6666666269302368,0.0,Positive,positive,2
mgovo8VYtvk$_$8,mgovo8VYtvk,8,train,train,2.0,2.0,0.0,Positive,positive,2
mgpoY1-110U$_$1,mgpoY1-110U,1,train,train,-0.6666666865348816,-0.6666666865348816,0.0,Negative,negative,0
mgpoY1-110U$_$14,mgpoY1-110U,14,train,train,0.3333333432674408,0.3333333432674408,0.0,Positive,positive,2
mgsvwAVQAQo$_$4,mgsvwAVQAQo,4,test,test,0.3333333432674408,0.3333333432674408,0.0,Positive,positive,2
mjpCK2Edsv8$_$0,mjpCK2Edsv8,0,valid,valid,2.0,2.0,0.0,Positive,positive,2
mkkoJ2iVbGs$_$0,mkkoJ2iVbGs,0,train,train,0.6666666865348816,0.6666666865348816,0.0,Positive,positive,2
mkkoJ2iVbGs$_$4,mkkoJ2iVbGs,4,train,train,1.3333333730697632,1.3333333730697632,0.0,Positive,positive,2
mkkoJ2iVbGs$_$5,mkkoJ2iVbGs,5,train,train,0.0,0.0,0.0,Neutral,neutral,1
mmg_eTDHjkk$_$15,mmg_eTDHjkk,15,test,test,1.0,1.0,0.0,Positive,positive,2
mmg_eTDHjkk$_$5,mmg_eTDHjkk,5,test,test,0.3333333432674408,0.3333333432674408,0.0,Positive,positive,2
mmg_eTDHjkk$_$8,mmg_eTDHjkk,8,test,test,0.6666666865348816,0.6666666865348816,0.0,Positive,positive,2
mn8_HvzbN5c$_$5,mn8_HvzbN5c,5,train,train,0.0,0.0,0.0,Neutral,neutral,1
mpfSRGHFY0g$_$3,mpfSRGHFY0g,3,train,train,-0.3333333432674408,-0.3333333432674408,0.0,Negative,negative,0
mrQIrm6hYMQ$_$1,mrQIrm6hYMQ,1,train,train,1.3333333730697632,1.3333333730697632,0.0,Positive,positive,2
mrQIrm6hYMQ$_$2,mrQIrm6hYMQ,2,train,train,1.6666666269302368,1.6666666269302368,0.0,Positive,positive,2
muOYAxkG-Zo$_$15,muOYAxkG-Zo,15,train,train,0.3333333432674408,0.3333333432674408,0.0,Positive,positive,2
muOYAxkG-Zo$_$6,muOYAxkG-Zo,6,train,train,0.0,0.0,0.0,Neutral,neutral,1
mud6tEqFiEM$_$2,mud6tEqFiEM,2,train,train,0.6666666865348816,0.6666666865348816,0.0,Positive,positive,2
mud6tEqFiEM$_$5,mud6tEqFiEM,5,train,train,1.6666666269302368,1.6666666269302368,0.0,Positive,positive,2
mw_ZwML0SbY$_$0,mw_ZwML0SbY,0,train,train,0.0,0.0,0.0,Neutral,neutral,1
mw_ZwML0SbY$_$2,mw_ZwML0SbY,2,train,train,0.3333333432674408,0.3333333432674408,0.0,Positive,positive,2
mxFU6TrHChY$_$0,mxFU6TrHChY,0,train,train,-0.6666666865348816,-0.6666666865348816,0.0,Negative,negative,0
mxFU6TrHChY$_$11,mxFU6TrHChY,11,train,train,-1.6666666269302368,-1.6666666269302368,0.0,Negative,negative,0
mxFU6TrHChY$_$8,mxFU6TrHChY,8,train,train,0.0,0.0,0.0,Neutral,neutral,1
mxa4KXSz9rw$_$0,mxa4KXSz9rw,0,train,train,0.6666666865348816,0.6666666865348816,0.0,Positive,positive,2
mxa4KXSz9rw$_$6,mxa4KXSz9rw,6,train,train,0.3333333432674408,0.3333333432674408,0.0,Positive,positive,2
mzAu5gxjE-w$_$2,mzAu5gxjE-w,2,test,test,1.6666666269302368,1.6666666269302368,0.0,Positive,positive,2
mzTHW2dtbs4$_$8,mzTHW2dtbs4,8,train,train,0.0,0.0,0.0,Neutral,neutral,1
mziQcFSsdRI$_$4,mziQcFSsdRI,4,train,train,1.6666666269302368,1.6666666269302368,0.0,Positive,positive,2
n-sgVVTE9Io$_$0,n-sgVVTE9Io,0,train,train,0.3333333432674408,0.3333333432674408,0.0,Positive,positive,2
n4xRx0J3rYQ$_$0,n4xRx0J3rYQ,0,train,train,1.0,1.0,0.0,Positive,positive,2
n4xRx0J3rYQ$_$10,n4xRx0J3rYQ,10,train,train,1.0,1.0,0.0,Positive,positive,2
n4xRx0J3rYQ$_$4,n4xRx0J3rYQ,4,train,train,-0.3333333432674408,-0.3333333432674408,0.0,Negative,negative,0
n5MU2-GFjo8$_$1,n5MU2-GFjo8,1,train,train,0.0,0.0,0.0,Neutral,neutral,1
n7K5SpMrQt0$_$17,n7K5SpMrQt0,17,train,train,-0.3333333432674408,-0.3333333432674408,0.0,Negative,negative,0
nD1R4UedEDo$_$1,nD1R4UedEDo,1,train,train,-1.0,-1.0,0.0,Negative,negative,0
nD1R4UedEDo$_$10,nD1R4UedEDo,10,train,train,0.6666666865348816,0.6666666865348816,0.0,Positive,positive,2
nD1R4UedEDo$_$2,nD1R4UedEDo,2,train,train,1.3333333730697632,1.3333333730697632,0.0,Positive,positive,2
nD1R4UedEDo$_$4,nD1R4UedEDo,4,train,train,0.3333333432674408,0.3333333432674408,0.0,Positive,positive,2
nDXKvarLEOM$_$3,nDXKvarLEOM,3,train,train,1.0,1.0,0.0,Positive,positive,2
nErOMpqvcRg$_$7,nErOMpqvcRg,7,train,train,1.3333333730697632,1.3333333730697632,0.0,Positive,positive,2
nFTo-Lz4Fr8$_$1,nFTo-Lz4Fr8,1,test,test,0.6666666865348816,0.6666666865348816,0.0,Positive,positive,2
nHP7l5zAwGA$_$0,nHP7l5zAwGA,0,train,train,1.6666666269302368,1.6666666269302368,0.0,Positive,positive,2
nHP7l5zAwGA$_$8,nHP7l5zAwGA,8,train,train,-1.3333333730697632,-1.3333333730697632,0.0,Negative,negative,0
nISNBD3I95A$_$0,nISNBD3I95A,0,train,train,0.6666666865348816,0.6666666865348816,0.0,Positive,positive,2
nKiC9sEP2vM$_$5,nKiC9sEP2vM,5,train,train,0.3333333432674408,0.3333333432674408,0.0,Positive,positive,2
nM5S3xxNOlQ$_$0,nM5S3xxNOlQ,0,train,train,0.0,0.0,0.0,Neutral,neutral,1
nM5S3xxNOlQ$_$10,nM5S3xxNOlQ,10,train,train,1.6666666269302368,1.6666666269302368,0.0,Positive,positive,2
nM5S3xxNOlQ$_$3,nM5S3xxNOlQ,3,train,train,0.3333333432674408,0.3333333432674408,0.0,Positive,positive,2
nM5S3xxNOlQ$_$7,nM5S3xxNOlQ,7,train,train,0.3333333432674408,0.3333333432674408,0.0,Positive,positive,2
nM5S3xxNOlQ$_$9,nM5S3xxNOlQ,9,train,train,0.0,0.0,0.0,Neutral,neutral,1
nTBKtwqPIYw$_$7,nTBKtwqPIYw,7,train,train,0.0,0.0,0.0,Neutral,neutral,1
nUZYqTRSGDw$_$4,nUZYqTRSGDw,4,valid,valid,-0.6666666865348816,-0.6666666865348816,0.0,Negative,negative,0
nZFPKP9kBkw$_$4,nZFPKP9kBkw,4,test,test,0.0,0.0,0.0,Neutral,neutral,1
namehdJxRIM$_$1,namehdJxRIM,1,test,test,0.3333333432674408,0.3333333432674408,0.0,Positive,positive,2
ngp7s5Wvde0$_$11,ngp7s5Wvde0,11,train,train,2.0,2.0,0.0,Positive,positive,2
ngp7s5Wvde0$_$3,ngp7s5Wvde0,3,train,train,1.3333333730697632,1.3333333730697632,0.0,Positive,positive,2
ngp7s5Wvde0$_$8,ngp7s5Wvde0,8,train,train,2.0,2.0,0.0,Positive,positive,2
npIVLL_fTf0$_$12,npIVLL_fTf0,12,train,train,-1.0,-1.0,0.0,Negative,negative,0
npIVLL_fTf0$_$13,npIVLL_fTf0,13,train,train,-2.6666667461395264,-2.6666667461395264,0.0,Negative,negative,0
npIVLL_fTf0$_$17,npIVLL_fTf0,17,train,train,-1.6666666269302368,-1.6666666269302368,0.0,Negative,negative,0
nsLACXjD4KU$_$2,nsLACXjD4KU,2,train,train,0.0,0.0,0.0,Neutral,neutral,1
nsLACXjD4KU$_$3,nsLACXjD4KU,3,train,train,-0.6666666865348816,-0.6666666865348816,0.0,Negative,negative,0
nw6Kf3AtCz4$_$15,nw6Kf3AtCz4,15,train,train,1.0,1.0,0.0,Positive,positive,2
nw6Kf3AtCz4$_$18,nw6Kf3AtCz4,18,train,train,0.6666666865348816,0.6666666865348816,0.0,Positive,positive,2
nw6Kf3AtCz4$_$21,nw6Kf3AtCz4,21,train,train,1.6666666269302368,1.6666666269302368,0.0,Positive,positive,2
nw6Kf3AtCz4$_$23,nw6Kf3AtCz4,23,train,train,1.6666666269302368,1.6666666269302368,0.0,Positive,positive,2
nw6Kf3AtCz4$_$28,nw6Kf3AtCz4,28,train,train,1.0,1.0,0.0,Positive,positive,2
nw6Kf3AtCz4$_$33,nw6Kf3AtCz4,33,train,train,2.0,2.0,0.0,Positive,positive,2
nw6Kf3AtCz4$_$4,nw6Kf3AtCz4,4,train,train,0.3333333432674408,0.3333333432674408,0.0,Positive,positive,2
nw6Kf3AtCz4$_$8,nw6Kf3AtCz4,8,train,train,1.3333333730697632,1.3333333730697632,0.0,Positive,positive,2
nyzIL6YAonY$_$5,nyzIL6YAonY,5,valid,valid,1.0,1.0,0.0,Positive,positive,2
nyzIL6YAonY$_$6,nyzIL6YAonY,6,valid,valid,1.0,1.0,0.0,Positive,positive,2
nz2vkMyqfeE$_$15,nz2vkMyqfeE,15,train,train,0.3333333432674408,0.3333333432674408,0.0,Positive,positive,2
nz2vkMyqfeE$_$4,nz2vkMyqfeE,4,train,train,1.3333333730697632,1.3333333730697632,0.0,Positive,positive,2
o2XbNJDpOlc$_$6,o2XbNJDpOlc,6,test,test,1.6666666269302368,1.6666666269302368,0.0,Positive,positive,2
o2miCpS7Hwo$_$6,o2miCpS7Hwo,6,train,train,1.3333333730697632,1.3333333730697632,0.0,Positive,positive,2
o4b7hjQwpv0$_$5,o4b7hjQwpv0,5,train,train,0.3333333432674408,0.3333333432674408,0.0,Positive,positive,2
o4b7hjQwpv0$_$6,o4b7hjQwpv0,6,train,train,0.0,0.0,0.0,Neutral,neutral,1
o4b7hjQwpv0$_$8,o4b7hjQwpv0,8,train,train,0.6666666865348816,0.6666666865348816,0.0,Positive,positive,2
o63doZKEIds$_$1,o63doZKEIds,1,train,train,-1.3333333730697632,-1.3333333730697632,0.0,Negative,negative,0
o63doZKEIds$_$3,o63doZKEIds,3,train,train,-0.3333333432674408,-0.3333333432674408,0.0,Negative,negative,0
o63doZKEIds$_$9,o63doZKEIds,9,train,train,0.3333333432674408,0.3333333432674408,0.0,Positive,positive,2
oANUXY3xXKM$_$2,oANUXY3xXKM,2,train,train,-1.0,-1.0,0.0,Negative,negative,0
oBS-IW-BO00$_$3,oBS-IW-BO00,3,test,test,0.0,0.0,0.0,Neutral,neutral,1
oCsrnIomHos$_$11,oCsrnIomHos,11,train,train,-0.3333333432674408,-0.3333333432674408,0.0,Negative,negative,0
oDznO5w3v0U$_$3,oDznO5w3v0U,3,train,train,0.0,0.0,0.0,Neutral,neutral,1
oDznO5w3v0U$_$6,oDznO5w3v0U,6,train,train,1.0,1.0,0.0,Positive,positive,2
oGnKsroR0R0$_$13,oGnKsroR0R0,13,train,train,-2.0,-2.0,0.0,Negative,negative,0
oGnKsroR0R0$_$14,oGnKsroR0R0,14,train,train,0.0,0.0,0.0,Neutral,neutral,1
oHV99Y_EWfI$_$12,oHV99Y_EWfI,12,train,train,1.0,1.0,0.0,Positive,positive,2
oHV99Y_EWfI$_$19,oHV99Y_EWfI,19,train,train,0.6666666865348816,0.6666666865348816,0.0,Positive,positive,2
oHff2W51wZ8$_$1,oHff2W51wZ8,1,test,test,1.3333333730697632,1.3333333730697632,0.0,Positive,positive,2
oHff2W51wZ8$_$2,oHff2W51wZ8,2,test,test,2.0,2.0,0.0,Positive,positive,2
oHff2W51wZ8$_$5,oHff2W51wZ8,5,test,test,2.6666667461395264,2.6666667461395264,0.0,Positive,positive,2
oK951Y2N_k0$_$1,oK951Y2N_k0,1,train,train,-0.3333333432674408,-0.3333333432674408,0.0,Negative,negative,0
oNCvb0F-c88$_$6,oNCvb0F-c88,6,train,train,0.0,0.0,0.0,Neutral,neutral,1
oOhxCwkZsUI$_$0,oOhxCwkZsUI,0,train,train,0.0,0.0,0.0,Neutral,neutral,1
oPlnhc0DkcU$_$1,oPlnhc0DkcU,1,test,test,-0.3333333432674408,-0.3333333432674408,0.0,Negative,negative,0
oPvUDLhTrjI$_$11,oPvUDLhTrjI,11,train,train,1.0,1.0,0.0,Positive,positive,2
oPvUDLhTrjI$_$13,oPvUDLhTrjI,13,train,train,2.3333332538604736,2.3333332538604736,0.0,Positive,positive,2
oVqBUyKvgdU$_$7,oVqBUyKvgdU,7,train,train,-0.3333333432674408,-0.3333333432674408,0.0,Negative,negative,0
oW1OEsP7Dds$_$12,oW1OEsP7Dds,12,train,train,0.0,0.0,0.0,Neutral,neutral,1
oW1OEsP7Dds$_$8,oW1OEsP7Dds,8,train,train,-0.3333333432674408,-0.3333333432674408,0.0,Negative,negative,0
oWAyEzyp2xQ$_$15,oWAyEzyp2xQ,15,train,train,-1.6666666269302368,-1.6666666269302368,0.0,Negative,negative,0
oZxMx8e0x2U$_$2,oZxMx8e0x2U,2,test,test,0.3333333432674408,0.3333333432674408,0.0,Positive,positive,2
obGF3RfWQKE$_$24,obGF3RfWQKE,24,test,test,0.0,0.0,0.0,Neutral,neutral,1
obGF3RfWQKE$_$3,obGF3RfWQKE,3,test,test,1.3333333730697632,1.3333333730697632,0.0,Positive,positive,2
obnOnuzb-Xw$_$1,obnOnuzb-Xw,1,train,train,-0.3333333432674408,-0.3333333432674408,0.0,Negative,negative,0
ogGweZUAVtU$_$10,ogGweZUAVtU,10,train,train,0.0,0.0,0.0,Neutral,neutral,1
ogGweZUAVtU$_$17,ogGweZUAVtU,17,train,train,0.0,0.0,0.0,Neutral,neutral,1
ogGweZUAVtU$_$20,ogGweZUAVtU,20,train,train,0.3333333432674408,0.3333333432674408,0.0,Positive,positive,2
ogGweZUAVtU$_$32,ogGweZUAVtU,32,train,train,0.6666666865348816,0.6666666865348816,0.0,Positive,positive,2
ogGweZUAVtU$_$36,ogGweZUAVtU,36,train,train,-0.3333333432674408,-0.3333333432674408,0.0,Negative,negative,0
ogGweZUAVtU$_$37,ogGweZUAVtU,37,train,train,-0.3333333432674408,-0.3333333432674408,0.0,Negative,negative,0
ogGweZUAVtU$_$38,ogGweZUAVtU,38,train,train,1.0,1.0,0.0,Positive,positive,2
ogGweZUAVtU$_$40,ogGweZUAVtU,40,train,train,0.0,0.0,0.0,Neutral,neutral,1
ogGweZUAVtU$_$46,ogGweZUAVtU,46,train,train,-0.3333333432674408,-0.3333333432674408,0.0,Negative,negative,0
ogGweZUAVtU$_$49,ogGweZUAVtU,49,train,train,0.3333333432674408,0.3333333432674408,0.0,Positive,positive,2
ogGweZUAVtU$_$51,ogGweZUAVtU,51,train,train,0.0,0.0,0.0,Neutral,neutral,1
ogGweZUAVtU$_$7,ogGweZUAVtU,7,train,train,0.6666666865348816,0.6666666865348816,0.0,Positive,positive,2
ogGweZUAVtU$_$9,ogGweZUAVtU,9,train,train,0.0,0.0,0.0,Neutral,neutral,1
oj7A8mpuBeQ$_$11,oj7A8mpuBeQ,11,train,train,0.3333333432674408,0.3333333432674408,0.0,Positive,positive,2
oj7A8mpuBeQ$_$5,oj7A8mpuBeQ,5,train,train,0.6666666865348816,0.6666666865348816,0.0,Positive,positive,2
olcPEN9x5VY$_$2,olcPEN9x5VY,2,train,train,0.3333333432674408,0.3333333432674408,0.0,Positive,positive,2
olcPEN9x5VY$_$7,olcPEN9x5VY,7,train,train,1.0,1.0,0.0,Positive,positive,2
olcPEN9x5VY$_$8,olcPEN9x5VY,8,train,train,1.0,1.0,0.0,Positive,positive,2
olcPEN9x5VY$_$9,olcPEN9x5VY,9,train,train,2.3333332538604736,2.3333332538604736,0.0,Positive,positive,2
omBcvw7izuM$_$10,omBcvw7izuM,10,train,train,1.3333333730697632,1.3333333730697632,0.0,Positive,positive,2
omBcvw7izuM$_$17,omBcvw7izuM,17,train,train,0.0,0.0,0.0,Neutral,neutral,1
omBcvw7izuM$_$2,omBcvw7izuM,2,train,train,0.0,0.0,0.0,Neutral,neutral,1
omBcvw7izuM$_$6,omBcvw7izuM,6,train,train,0.6666666865348816,0.6666666865348816,0.0,Positive,positive,2
omHQ68k50XY$_$8,omHQ68k50XY,8,train,train,-1.3333333730697632,-1.3333333730697632,0.0,Negative,negative,0
ooAF6I-fmTg$_$3,ooAF6I-fmTg,3,valid,valid,0.0,0.0,0.0,Neutral,neutral,1
ooAF6I-fmTg$_$5,ooAF6I-fmTg,5,valid,valid,-0.3333333432674408,-0.3333333432674408,0.0,Negative,negative,0
ooAF6I-fmTg$_$7,ooAF6I-fmTg,7,valid,valid,-2.0,-2.0,0.0,Negative,negative,0
ossKC1VrusE$_$2,ossKC1VrusE,2,test,test,1.6666666269302368,1.6666666269302368,0.0,Positive,positive,2
ossKC1VrusE$_$3,ossKC1VrusE,3,test,test,0.6666666865348816,0.6666666865348816,0.0,Positive,positive,2
ouhCx4TgHlE$_$0,ouhCx4TgHlE,0,train,train,-1.0,-1.0,0.0,Negative,negative,0
ouhCx4TgHlE$_$1,ouhCx4TgHlE,1,train,train,-0.3333333432674408,-0.3333333432674408,0.0,Negative,negative,0
ouhCx4TgHlE$_$2,ouhCx4TgHlE,2,train,train,-1.0,-1.0,0.0,Negative,negative,0
owT0_Xfu8a0$_$0,owT0_Xfu8a0,0,train,train,0.3333333432674408,0.3333333432674408,0.0,Positive,positive,2
oyHKiX5YGDE$_$10,oyHKiX5YGDE,10,train,train,-0.3333333432674408,-0.3333333432674408,0.0,Negative,negative,0
oyHKiX5YGDE$_$15,oyHKiX5YGDE,15,train,train,-0.3333333432674408,-0.3333333432674408,0.0,Negative,negative,0
ozA7pRW4gFM$_$7,ozA7pRW4gFM,7,test,test,0.0,0.0,0.0,Neutral,neutral,1
p18PVgfxook$_$3,p18PVgfxook,3,train,train,0.0,0.0,0.0,Neutral,neutral,1
p19Hsjx2xgI$_$8,p19Hsjx2xgI,8,train,train,0.0,0.0,0.0,Neutral,neutral,1
p4WmcxrXkc4$_$0,p4WmcxrXkc4,0,test,test,0.3333333432674408,0.3333333432674408,0.0,Positive,positive,2
p5LEk2u8tXk$_$13,p5LEk2u8tXk,13,train,train,1.6666666269302368,1.6666666269302368,0.0,Positive,positive,2
p5LEk2u8tXk$_$4,p5LEk2u8tXk,4,train,train,0.6666666865348816,0.6666666865348816,0.0,Positive,positive,2
p7zuPEZgtY4$_$0,p7zuPEZgtY4,0,test,test,0.3333333432674408,0.3333333432674408,0.0,Positive,positive,2
pAclBdj20ZU$_$0,pAclBdj20ZU,0,train,train,-0.3333333432674408,-0.3333333432674408,0.0,Negative,negative,0
pAclBdj20ZU$_$10,pAclBdj20ZU,10,train,train,1.0,1.0,0.0,Positive,positive,2
pAclBdj20ZU$_$6,pAclBdj20ZU,6,train,train,0.0,0.0,0.0,Neutral,neutral,1
pAclBdj20ZU$_$8,pAclBdj20ZU,8,train,train,1.0,1.0,0.0,Positive,positive,2
pFh-SLxltms$_$1,pFh-SLxltms,1,train,train,0.3333333432674408,0.3333333432674408,0.0,Positive,positive,2
pFh-SLxltms$_$14,pFh-SLxltms,14,train,train,0.6666666865348816,0.6666666865348816,0.0,Positive,positive,2
pFh-SLxltms$_$16,pFh-SLxltms,16,train,train,1.6666666269302368,1.6666666269302368,0.0,Positive,positive,2
pFh-SLxltms$_$23,pFh-SLxltms,23,train,train,2.0,2.0,0.0,Positive,positive,2
pFh-SLxltms$_$9,pFh-SLxltms,9,train,train,0.3333333432674408,0.3333333432674408,0.0,Positive,positive,2
pIMByitigYI$_$10,pIMByitigYI,10,train,train,0.6666666865348816,0.6666666865348816,0.0,Positive,positive,2
pIaEcqnzI-s$_$3,pIaEcqnzI-s,3,test,test,0.3333333432674408,0.3333333432674408,0.0,Positive,positive,2
pIaEcqnzI-s$_$5,pIaEcqnzI-s,5,test,test,-0.3333333432674408,-0.3333333432674408,0.0,Negative,negative,0
pIaEcqnzI-s$_$6,pIaEcqnzI-s,6,test,test,0.0,0.0,0.0,Neutral,neutral,1
pIaEcqnzI-s$_$7,pIaEcqnzI-s,7,test,test,-0.3333333432674408,-0.3333333432674408,0.0,Negative,negative,0
pOrk7fl1AYo$_$1,pOrk7fl1AYo,1,valid,valid,0.0,0.0,0.0,Neutral,neutral,1
pOrk7fl1AYo$_$2,pOrk7fl1AYo,2,valid,valid,0.0,0.0,0.0,Neutral,neutral,1
pOrk7fl1AYo$_$3,pOrk7fl1AYo,3,valid,valid,0.3333333432674408,0.3333333432674408,0.0,Positive,positive,2
pOrk7fl1AYo$_$4,pOrk7fl1AYo,4,valid,valid,-0.6666666865348816,-0.6666666865348816,0.0,Negative,negative,0
pQpy7RSfWzM$_$19,pQpy7RSfWzM,19,test,test,0.3333333432674408,0.3333333432674408,0.0,Positive,positive,2
pQpy7RSfWzM$_$8,pQpy7RSfWzM,8,test,test,0.0,0.0,0.0,Neutral,neutral,1
pSxte-ms0t8$_$2,pSxte-ms0t8,2,test,test,0.6666666865348816,0.6666666865348816,0.0,Positive,positive,2
pSxte-ms0t8$_$33,pSxte-ms0t8,33,test,test,-0.3333333432674408,-0.3333333432674408,0.0,Negative,negative,0
pSxte-ms0t8$_$6,pSxte-ms0t8,6,test,test,1.0,1.0,0.0,Positive,positive,2
pSxte-ms0t8$_$7,pSxte-ms0t8,7,test,test,-2.0,-2.0,0.0,Negative,negative,0
pU-MjERGTUk$_$6,pU-MjERGTUk,6,train,train,1.0,1.0,0.0,Positive,positive,2
pVzHaakhKAw$_$0,pVzHaakhKAw,0,train,train,0.3333333432674408,0.3333333432674408,0.0,Positive,positive,2
pVzHaakhKAw$_$5,pVzHaakhKAw,5,train,train,-0.3333333432674408,-0.3333333432674408,0.0,Negative,negative,0
pZye4zFzk3o$_$2,pZye4zFzk3o,2,test,test,-0.6666666865348816,-0.6666666865348816,0.0,Negative,negative,0
pZye4zFzk3o$_$5,pZye4zFzk3o,5,test,test,-0.6666666865348816,-0.6666666865348816,0.0,Negative,negative,0
pbFwuNCQlH8$_$3,pbFwuNCQlH8,3,train,train,0.0,0.0,0.0,Neutral,neutral,1
pbFwuNCQlH8$_$7,pbFwuNCQlH8,7,train,train,0.0,0.0,0.0,Neutral,neutral,1
pf-78LF4ORE$_$22,pf-78LF4ORE,22,train,train,0.0,0.0,0.0,Neutral,neutral,1
pfCPogxnUfw$_$26,pfCPogxnUfw,26,train,train,1.0,1.0,0.0,Positive,positive,2
pfCPogxnUfw$_$8,pfCPogxnUfw,8,train,train,0.0,0.0,0.0,Neutral,neutral,1
pjWLxORDDP4$_$2,pjWLxORDDP4,2,train,train,2.3333332538604736,2.3333332538604736,0.0,Positive,positive,2
pnpFPX34Agk$_$2,pnpFPX34Agk,2,test,test,0.3333333432674408,0.3333333432674408,0.0,Positive,positive,2
pqAGD3ijMPw$_$9,pqAGD3ijMPw,9,train,train,-1.0,-1.0,0.0,Negative,negative,0
pu1C7tmYHxI$_$2,pu1C7tmYHxI,2,train,train,1.0,1.0,0.0,Positive,positive,2
puum3vabpb4$_$15,puum3vabpb4,15,train,train,-0.6666666865348816,-0.6666666865348816,0.0,Negative,negative,0
pvlmYjQdRmA$_$0,pvlmYjQdRmA,0,train,train,0.0,0.0,0.0,Neutral,neutral,1
pwj9YeMJC08$_$15,pwj9YeMJC08,15,train,train,-1.0,-1.0,0.0,Negative,negative,0
q-0gu48ClF4$_$2,q-0gu48ClF4,2,train,train,0.3333333432674408,0.3333333432674408,0.0,Positive,positive,2
q1_knonj0Lw$_$16,q1_knonj0Lw,16,train,train,1.3333333730697632,1.3333333730697632,0.0,Positive,positive,2
q1_knonj0Lw$_$17,q1_knonj0Lw,17,train,train,-0.6666666865348816,-0.6666666865348816,0.0,Negative,negative,0
q1_knonj0Lw$_$4,q1_knonj0Lw,4,train,train,0.3333333432674408,0.3333333432674408,0.0,Positive,positive,2
q1_knonj0Lw$_$7,q1_knonj0Lw,7,train,train,1.0,1.0,0.0,Positive,positive,2
q3QUybiOYeU$_$0,q3QUybiOYeU,0,train,train,0.3333333432674408,0.3333333432674408,0.0,Positive,positive,2
q4hP2j7oewo$_$1,q4hP2j7oewo,1,train,train,-0.3333333432674408,-0.3333333432674408,0.0,Negative,negative,0
q5M1God4M6Y$_$9,q5M1God4M6Y,9,test,test,0.6666666865348816,0.6666666865348816,0.0,Positive,positive,2
q7BxnIM2_z0$_$5,q7BxnIM2_z0,5,train,train,2.0,2.0,0.0,Positive,positive,2
q9yDL81QppI$_$0,q9yDL81QppI,0,valid,valid,-0.3333333432674408,-0.3333333432674408,0.0,Negative,negative,0
q9yDL81QppI$_$1,q9yDL81QppI,1,valid,valid,1.0,1.0,0.0,Positive,positive,2
q9yDL81QppI$_$2,q9yDL81QppI,2,valid,valid,0.0,0.0,0.0,Neutral,neutral,1
qDfSYz0PX9g$_$0,qDfSYz0PX9g,0,test,test,-2.0,-2.0,0.0,Negative,negative,0
qDfSYz0PX9g$_$8,qDfSYz0PX9g,8,test,test,-0.6666666865348816,-0.6666666865348816,0.0,Negative,negative,0
qEkFReBuwxc$_$20,qEkFReBuwxc,20,train,train,1.6666666269302368,1.6666666269302368,0.0,Positive,positive,2
qEuJj4uW93E$_$1,qEuJj4uW93E,1,test,test,0.0,0.0,0.0,Neutral,neutral,1
qFppeQvdfxI$_$5,qFppeQvdfxI,5,train,train,1.0,1.0,0.0,Positive,positive,2
qFppeQvdfxI$_$7,qFppeQvdfxI,7,train,train,1.6666666269302368,1.6666666269302368,0.0,Positive,positive,2
qFppeQvdfxI$_$8,qFppeQvdfxI,8,train,train,1.0,1.0,0.0,Positive,positive,2
qJBQH14qtHc$_$26,qJBQH14qtHc,26,train,train,1.6666666269302368,1.6666666269302368,0.0,Positive,positive,2
qJZlp9uxoTU$_$10,qJZlp9uxoTU,10,train,train,0.0,0.0,0.0,Neutral,neutral,1
qJZlp9uxoTU$_$17,qJZlp9uxoTU,17,train,train,-0.3333333432674408,-0.3333333432674408,0.0,Negative,negative,0
qJZlp9uxoTU$_$18,qJZlp9uxoTU,18,train,train,-0.3333333432674408,-0.3333333432674408,0.0,Negative,negative,0
qJh6x4wmmh8$_$0,qJh6x4wmmh8,0,train,train,-0.3333333432674408,-0.3333333432674408,0.0,Negative,negative,0
qK77ZmbqmOM$_$0,qK77ZmbqmOM,0,valid,valid,-0.3333333432674408,-0.3333333432674408,0.0,Negative,negative,0
qK77ZmbqmOM$_$9,qK77ZmbqmOM,9,valid,valid,-0.3333333432674408,-0.3333333432674408,0.0,Negative,negative,0
qP4uuMI-JSk$_$3,qP4uuMI-JSk,3,train,train,0.6666666865348816,0.6666666865348816,0.0,Positive,positive,2
qP4uuMI-JSk$_$4,qP4uuMI-JSk,4,train,train,2.0,2.0,0.0,Positive,positive,2
qY1sXq-YCHs$_$8,qY1sXq-YCHs,8,valid,valid,-0.3333333432674408,-0.3333333432674408,0.0,Negative,negative,0
qYJtbgLqizk$_$1,qYJtbgLqizk,1,train,train,2.6666667461395264,2.6666667461395264,0.0,Positive,positive,2
qd6YuFGcBGk$_$0,qd6YuFGcBGk,0,train,train,1.3333333730697632,1.3333333730697632,0.0,Positive,positive,2
qd6YuFGcBGk$_$12,qd6YuFGcBGk,12,train,train,1.0,1.0,0.0,Positive,positive,2
qgC8_emxSIU$_$6,qgC8_emxSIU,6,test,test,0.0,0.0,0.0,Neutral,neutral,1
qjMyjLSORY4$_$1,qjMyjLSORY4,1,train,train,2.0,2.0,0.0,Positive,positive,2
qjMyjLSORY4$_$2,qjMyjLSORY4,2,train,train,2.3333332538604736,2.3333332538604736,0.0,Positive,positive,2
qjMyjLSORY4$_$20,qjMyjLSORY4,20,train,train,2.3333332538604736,2.3333332538604736,0.0,Positive,positive,2
qjMyjLSORY4$_$29,qjMyjLSORY4,29,train,train,0.3333333432674408,0.3333333432674408,0.0,Positive,positive,2
qjMyjLSORY4$_$33,qjMyjLSORY4,33,train,train,1.0,1.0,0.0,Positive,positive,2
qjMyjLSORY4$_$5,qjMyjLSORY4,5,train,train,0.0,0.0,0.0,Neutral,neutral,1
qkWdc-E6jGI$_$21,qkWdc-E6jGI,21,train,train,1.0,1.0,0.0,Positive,positive,2
qkWdc-E6jGI$_$6,qkWdc-E6jGI,6,train,train,0.0,0.0,0.0,Neutral,neutral,1
qlDT-bmIzQI$_$4,qlDT-bmIzQI,4,train,train,3.0,3.0,0.0,Positive,positive,2
qlDiE1d45Bc$_$5,qlDiE1d45Bc,5,train,train,0.3333333432674408,0.3333333432674408,0.0,Positive,positive,2
qmMSumMloAs$_$1,qmMSumMloAs,1,valid,valid,2.3333332538604736,2.3333332538604736,0.0,Positive,positive,2
qmMSumMloAs$_$2,qmMSumMloAs,2,valid,valid,2.6666667461395264,2.6666667461395264,0.0,Positive,positive,2
qmMSumMloAs$_$3,qmMSumMloAs,3,valid,valid,1.0,1.0,0.0,Positive,positive,2
qpht9L3s9G4$_$3,qpht9L3s9G4,3,train,train,0.6666666865348816,0.6666666865348816,0.0,Positive,positive,2
qrI7XCKRFNk$_$3,qrI7XCKRFNk,3,train,train,0.0,0.0,0.0,Neutral,neutral,1
qrI7XCKRFNk$_$4,qrI7XCKRFNk,4,train,train,0.0,0.0,0.0,Neutral,neutral,1
qrI7XCKRFNk$_$5,qrI7XCKRFNk,5,train,train,-0.3333333432674408,-0.3333333432674408,0.0,Negative,negative,0
qszy_WSRFUM$_$10,qszy_WSRFUM,10,train,train,1.3333333730697632,1.3333333730697632,0.0,Positive,positive,2
qvIhzmujTi8$_$14,qvIhzmujTi8,14,train,train,0.0,0.0,0.0,Neutral,neutral,1
qyJiDgtj6YE$_$4,qyJiDgtj6YE,4,train,train,1.0,1.0,0.0,Positive,positive,2
r13W4H8ZhqI$_$1,r13W4H8ZhqI,1,valid,valid,0.0,0.0,0.0,Neutral,neutral,1
r13W4H8ZhqI$_$12,r13W4H8ZhqI,12,valid,valid,1.0,1.0,0.0,Positive,positive,2
r13W4H8ZhqI$_$5,r13W4H8ZhqI,5,valid,valid,1.0,1.0,0.0,Positive,positive,2
r13W4H8ZhqI$_$8,r13W4H8ZhqI,8,valid,valid,0.6666666865348816,0.6666666865348816,0.0,Positive,positive,2
r1erb5PSm1A$_$2,r1erb5PSm1A,2,train,train,1.6666666269302368,1.6666666269302368,0.0,Positive,positive,2
r46amqjpWgg$_$15,r46amqjpWgg,15,test,test,0.0,0.0,0.0,Neutral,neutral,1
r46amqjpWgg$_$22,r46amqjpWgg,22,test,test,0.6666666865348816,0.6666666865348816,0.0,Positive,positive,2
r46amqjpWgg$_$26,r46amqjpWgg,26,test,test,0.6666666865348816,0.6666666865348816,0.0,Positive,positive,2
r46amqjpWgg$_$32,r46amqjpWgg,32,test,test,1.0,1.0,0.0,Positive,positive,2
r46amqjpWgg$_$6,r46amqjpWgg,6,test,test,1.3333333730697632,1.3333333730697632,0.0,Positive,positive,2
r4ul1wl_1T8$_$9,r4ul1wl_1T8,9,train,train,0.0,0.0,0.0,Neutral,neutral,1
r5ijC2W9ddk$_$0,r5ijC2W9ddk,0,valid,valid,0.0,0.0,0.0,Neutral,neutral,1
r5ijC2W9ddk$_$8,r5ijC2W9ddk,8,valid,valid,0.3333333432674408,0.3333333432674408,0.0,Positive,positive,2
r8OPmbZZlpE$_$3,r8OPmbZZlpE,3,train,train,1.0,1.0,0.0,Positive,positive,2
r917wP1qsL4$_$6,r917wP1qsL4,6,train,train,0.3333333432674408,0.3333333432674408,0.0,Positive,positive,2
r9tgDqXEcuc$_$4,r9tgDqXEcuc,4,valid,valid,0.3333333432674408,0.3333333432674408,0.0,Positive,positive,2
rApOTQgFW6Y$_$6,rApOTQgFW6Y,6,train,train,0.6666666865348816,0.6666666865348816,0.0,Positive,positive,2
rB6WmWvvyxg$_$1,rB6WmWvvyxg,1,train,train,-0.6666666865348816,-0.6666666865348816,0.0,Negative,negative,0
rB6WmWvvyxg$_$2,rB6WmWvvyxg,2,train,train,0.0,0.0,0.0,Neutral,neutral,1
rB6WmWvvyxg$_$3,rB6WmWvvyxg,3,train,train,0.0,0.0,0.0,Neutral,neutral,1
rB6WmWvvyxg$_$8,rB6WmWvvyxg,8,train,train,-0.3333333432674408,-0.3333333432674408,0.0,Negative,negative,0
rBWeo_rEdcU$_$6,rBWeo_rEdcU,6,train,train,0.3333333432674408,0.3333333432674408,0.0,Positive,positive,2
rBWeo_rEdcU$_$8,rBWeo_rEdcU,8,train,train,0.0,0.0,0.0,Neutral,neutral,1
rC7qKZMKa0U$_$0,rC7qKZMKa0U,0,train,train,0.3333333432674408,0.3333333432674408,0.0,Positive,positive,2
rCQYq4T8SEI$_$0,rCQYq4T8SEI,0,train,train,1.0,1.0,0.0,Positive,positive,2
rCQYq4T8SEI$_$7,rCQYq4T8SEI,7,train,train,-0.6666666865348816,-0.6666666865348816,0.0,Negative,negative,0
rEWQW_ibDwg$_$7,rEWQW_ibDwg,7,train,train,0.3333333432674408,0.3333333432674408,0.0,Positive,positive,2
rFHIApgUtoI$_$1,rFHIApgUtoI,1,train,train,0.3333333432674408,0.3333333432674408,0.0,Positive,positive,2
rFHIApgUtoI$_$5,rFHIApgUtoI,5,train,train,0.6666666865348816,0.6666666865348816,0.0,Positive,positive,2
rLHJ_ebXCHQ$_$3,rLHJ_ebXCHQ,3,train,train,0.6666666865348816,0.6666666865348816,0.0,Positive,positive,2
raQ9Pcgo-II$_$3,raQ9Pcgo-II,3,train,train,-1.3333333730697632,-1.3333333730697632,0.0,Negative,negative,0
rcfnqiD0y8o$_$0,rcfnqiD0y8o,0,test,test,1.6666666269302368,1.6666666269302368,0.0,Positive,positive,2
rexJoy4RMdY$_$4,rexJoy4RMdY,4,train,train,0.0,0.0,0.0,Neutral,neutral,1
rf0yDSeVEUA$_$0,rf0yDSeVEUA,0,valid,valid,2.3333332538604736,2.3333332538604736,0.0,Positive,positive,2
rf0yDSeVEUA$_$1,rf0yDSeVEUA,1,valid,valid,1.6666666269302368,1.6666666269302368,0.0,Positive,positive,2
rf0yDSeVEUA$_$3,rf0yDSeVEUA,3,valid,valid,0.3333333432674408,0.3333333432674408,0.0,Positive,positive,2
rhQB8e999-Q$_$0,rhQB8e999-Q,0,test,test,0.6666666865348816,0.6666666865348816,0.0,Positive,positive,2
rhQB8e999-Q$_$10,rhQB8e999-Q,10,test,test,1.0,1.0,0.0,Positive,positive,2
rhQB8e999-Q$_$5,rhQB8e999-Q,5,test,test,0.0,0.0,0.0,Neutral,neutral,1
rhQB8e999-Q$_$7,rhQB8e999-Q,7,test,test,0.6666666865348816,0.6666666865348816,0.0,Positive,positive,2
rhQB8e999-Q$_$8,rhQB8e999-Q,8,test,test,0.0,0.0,0.0,Neutral,neutral,1
rojyUp4FPSg$_$10,rojyUp4FPSg,10,valid,valid,1.3333333730697632,1.3333333730697632,0.0,Positive,positive,2
rojyUp4FPSg$_$12,rojyUp4FPSg,12,valid,valid,0.6666666865348816,0.6666666865348816,0.0,Positive,positive,2
rojyUp4FPSg$_$16,rojyUp4FPSg,16,valid,valid,0.6666666865348816,0.6666666865348816,0.0,Positive,positive,2
rojyUp4FPSg$_$18,rojyUp4FPSg,18,valid,valid,2.5,2.5,0.0,Positive,positive,2
rojyUp4FPSg$_$20,rojyUp4FPSg,20,valid,valid,1.3333333730697632,1.3333333730697632,0.0,Positive,positive,2
rojyUp4FPSg$_$21,rojyUp4FPSg,21,valid,valid,1.3333333730697632,1.3333333730697632,0.0,Positive,positive,2
rojyUp4FPSg$_$23,rojyUp4FPSg,23,valid,valid,2.3333332538604736,2.3333332538604736,0.0,Positive,positive,2
rojyUp4FPSg$_$26,rojyUp4FPSg,26,valid,valid,1.0,1.0,0.0,Positive,positive,2
rojyUp4FPSg$_$32,rojyUp4FPSg,32,valid,valid,0.3333333432674408,0.3333333432674408,0.0,Positive,positive,2
rojyUp4FPSg$_$34,rojyUp4FPSg,34,valid,valid,2.0,2.0,0.0,Positive,positive,2
rojyUp4FPSg$_$36,rojyUp4FPSg,36,valid,valid,0.6666666865348816,0.6666666865348816,0.0,Positive,positive,2
rojyUp4FPSg$_$37,rojyUp4FPSg,37,valid,valid,1.5,1.5,0.0,Positive,positive,2
rojyUp4FPSg$_$5,rojyUp4FPSg,5,valid,valid,0.6666666865348816,0.6666666865348816,0.0,Positive,positive,2
rojyUp4FPSg$_$7,rojyUp4FPSg,7,valid,valid,0.3333333432674408,0.3333333432674408,0.0,Positive,positive,2
rojyUp4FPSg$_$9,rojyUp4FPSg,9,valid,valid,2.0,2.0,0.0,Positive,positive,2
rsQRiALH5FU$_$10,rsQRiALH5FU,10,train,train,0.6666666865348816,0.6666666865348816,0.0,Positive,positive,2
rsQRiALH5FU$_$11,rsQRiALH5FU,11,train,train,0.6666666865348816,0.6666666865348816,0.0,Positive,positive,2
rsQRiALH5FU$_$4,rsQRiALH5FU,4,train,train,2.0,2.0,0.0,Positive,positive,2
rvQ2cRnroOU$_$2,rvQ2cRnroOU,2,train,train,0.6666666865348816,0.6666666865348816,0.0,Positive,positive,2
rvQ2cRnroOU$_$20,rvQ2cRnroOU,20,train,train,0.3333333432674408,0.3333333432674408,0.0,Positive,positive,2
rvQ2cRnroOU$_$9,rvQ2cRnroOU,9,train,train,-1.0,-1.0,0.0,Negative,negative,0
rwNlqh0k1j4$_$15,rwNlqh0k1j4,15,valid,valid,-0.6666666865348816,-0.6666666865348816,0.0,Negative,negative,0
rwNlqh0k1j4$_$2,rwNlqh0k1j4,2,valid,valid,0.0,0.0,0.0,Neutral,neutral,1
rwNlqh0k1j4$_$3,rwNlqh0k1j4,3,valid,valid,-0.6666666865348816,-0.6666666865348816,0.0,Negative,negative,0
rwNlqh0k1j4$_$7,rwNlqh0k1j4,7,valid,valid,-0.3333333432674408,-0.3333333432674408,0.0,Negative,negative,0
rwe-hBNpzH8$_$1,rwe-hBNpzH8,1,train,train,-0.3333333432674408,-0.3333333432674408,0.0,Negative,negative,0
rz4Ax6xfZHQ$_$8,rz4Ax6xfZHQ,8,train,train,2.0,2.0,0.0,Positive,positive,2
s1Yo_MCiMPc$_$12,s1Yo_MCiMPc,12,train,train,0.0,0.0,0.0,Neutral,neutral,1
s1Yo_MCiMPc$_$5,s1Yo_MCiMPc,5,train,train,0.0,0.0,0.0,Neutral,neutral,1
s53UAEi7JEY$_$9,s53UAEi7JEY,9,train,train,0.0,0.0,0.0,Neutral,neutral,1
sC16n1k66io$_$16,sC16n1k66io,16,valid,valid,0.3333333432674408,0.3333333432674408,0.0,Positive,positive,2
sC16n1k66io$_$2,sC16n1k66io,2,valid,valid,1.6666666269302368,1.6666666269302368,0.0,Positive,positive,2
sC1NvtirijU$_$16,sC1NvtirijU,16,train,train,0.6666666865348816,0.6666666865348816,0.0,Positive,positive,2
sC1NvtirijU$_$19,sC1NvtirijU,19,train,train,0.6666666865348816,0.6666666865348816,0.0,Positive,positive,2
sC1NvtirijU$_$22,sC1NvtirijU,22,train,train,2.3333332538604736,2.3333332538604736,0.0,Positive,positive,2
sC1NvtirijU$_$3,sC1NvtirijU,3,train,train,0.3333333432674408,0.3333333432674408,0.0,Positive,positive,2
sFLTjqVS7AE$_$0,sFLTjqVS7AE,0,train,train,1.6666666269302368,1.6666666269302368,0.0,Positive,positive,2
sFLTjqVS7AE$_$5,sFLTjqVS7AE,5,train,train,1.0,1.0,0.0,Positive,positive,2
sFxUNO2HOKY$_$5,sFxUNO2HOKY,5,train,train,2.0,2.0,0.0,Positive,positive,2
sIGAq2J4KKI$_$1,sIGAq2J4KKI,1,train,train,0.3333333432674408,0.3333333432674408,0.0,Positive,positive,2
sKwPCpFtUUI$_$6,sKwPCpFtUUI,6,train,train,0.0,0.0,0.0,Neutral,neutral,1
sLaTZtL0ZIk$_$5,sLaTZtL0ZIk,5,train,train,0.3333333432674408,0.3333333432674408,0.0,Positive,positive,2
sMnbpyFqrlE$_$0,sMnbpyFqrlE,0,train,train,0.6666666865348816,0.6666666865348816,0.0,Positive,positive,2
sMnbpyFqrlE$_$15,sMnbpyFqrlE,15,train,train,2.3333332538604736,2.3333332538604736,0.0,Positive,positive,2
sPremsknoLM$_$1,sPremsknoLM,1,valid,valid,-0.3333333432674408,-0.3333333432674408,0.0,Negative,negative,0
sPxoGNvnVzg$_$5,sPxoGNvnVzg,5,train,train,1.3333333730697632,1.3333333730697632,0.0,Positive,positive,2
sPxoGNvnVzg$_$7,sPxoGNvnVzg,7,train,train,1.0,1.0,0.0,Positive,positive,2
sWsDAG6x9n0$_$3,sWsDAG6x9n0,3,train,train,2.6666667461395264,2.6666667461395264,0.0,Positive,positive,2
skp_SpnIOCM$_$2,skp_SpnIOCM,2,train,train,0.6666666865348816,0.6666666865348816,0.0,Positive,positive,2
soqnBdPOwoo$_$4,soqnBdPOwoo,4,train,train,0.0,0.0,0.0,Neutral,neutral,1
srbrWyZRMCI$_$0,srbrWyZRMCI,0,train,train,0.6666666865348816,0.6666666865348816,0.0,Positive,positive,2
srbrWyZRMCI$_$1,srbrWyZRMCI,1,train,train,0.3333333432674408,0.3333333432674408,0.0,Positive,positive,2
srbrWyZRMCI$_$11,srbrWyZRMCI,11,train,train,1.0,1.0,0.0,Positive,positive,2
srbrWyZRMCI$_$5,srbrWyZRMCI,5,train,train,1.0,1.0,0.0,Positive,positive,2
srbrWyZRMCI$_$8,srbrWyZRMCI,8,train,train,1.3333333730697632,1.3333333730697632,0.0,Positive,positive,2
ssqiwP19JhM$_$10,ssqiwP19JhM,10,valid,valid,0.0,0.0,0.0,Neutral,neutral,1
ssqiwP19JhM$_$2,ssqiwP19JhM,2,valid,valid,0.3333333432674408,0.3333333432674408,0.0,Positive,positive,2
svsbGQn389o$_$8,svsbGQn389o,8,test,test,-1.3333333730697632,-1.3333333730697632,0.0,Negative,negative,0
sw-smuVRByI$_$6,sw-smuVRByI,6,train,train,-0.3333333432674408,-0.3333333432674408,0.0,Negative,negative,0
sw-smuVRByI$_$7,sw-smuVRByI,7,train,train,0.0,0.0,0.0,Neutral,neutral,1
szic2IB9HB4$_$5,szic2IB9HB4,5,valid,valid,0.3333333432674408,0.3333333432674408,0.0,Positive,positive,2
t0Wi5Nb6kbI$_$10,t0Wi5Nb6kbI,10,train,train,-1.3333333730697632,-1.3333333730697632,0.0,Negative,negative,0
t4-ZulW5np4$_$1,t4-ZulW5np4,1,train,train,-0.6666666865348816,-0.6666666865348816,0.0,Negative,negative,0
t4-ZulW5np4$_$5,t4-ZulW5np4,5,train,train,2.0,2.0,0.0,Positive,positive,2
t7a3zECpT4k$_$17,t7a3zECpT4k,17,train,train,-0.3333333432674408,-0.3333333432674408,0.0,Negative,negative,0
tC2KicUHB9Q$_$7,tC2KicUHB9Q,7,test,test,-0.3333333432674408,-0.3333333432674408,0.0,Negative,negative,0
tL8RzwWSmAE$_$0,tL8RzwWSmAE,0,train,train,-0.3333333432674408,-0.3333333432674408,0.0,Negative,negative,0
tL8RzwWSmAE$_$2,tL8RzwWSmAE,2,train,train,0.6666666865348816,0.6666666865348816,0.0,Positive,positive,2
tNd3--lvSXE$_$6,tNd3--lvSXE,6,test,test,0.6666666865348816,0.6666666865348816,0.0,Positive,positive,2
tQ-CIfgj-Js$_$3,tQ-CIfgj-Js,3,valid,valid,0.0,0.0,0.0,Neutral,neutral,1
tQk-eoA7JyE$_$5,tQk-eoA7JyE,5,train,train,0.3333333432674408,0.3333333432674408,0.0,Positive,positive,2
tXQpm-nKxNA$_$5,tXQpm-nKxNA,5,valid,valid,1.6666666269302368,1.6666666269302368,0.0,Positive,positive,2
tXQpm-nKxNA$_$7,tXQpm-nKxNA,7,valid,valid,1.6666666269302368,1.6666666269302368,0.0,Positive,positive,2
tXxf6-CilNI$_$20,tXxf6-CilNI,20,train,train,0.0,0.0,0.0,Neutral,neutral,1
tXxf6-CilNI$_$21,tXxf6-CilNI,21,train,train,-0.3333333432674408,-0.3333333432674408,0.0,Negative,negative,0
tXxf6-CilNI$_$9,tXxf6-CilNI,9,train,train,0.0,0.0,0.0,Neutral,neutral,1
ta26Z2YEVMQ$_$0,ta26Z2YEVMQ,0,train,train,1.3333333730697632,1.3333333730697632,0.0,Positive,positive,2
ta26Z2YEVMQ$_$2,ta26Z2YEVMQ,2,train,train,-0.6666666865348816,-0.6666666865348816,0.0,Negative,negative,0
taCchyi5h68$_$3,taCchyi5h68,3,train,train,0.3333333432674408,0.3333333432674408,0.0,Positive,positive,2
taGs3-SMoYM$_$3,taGs3-SMoYM,3,train,train,1.0,1.0,0.0,Positive,positive,2
taGs3-SMoYM$_$4,taGs3-SMoYM,4,train,train,1.3333333730697632,1.3333333730697632,0.0,Positive,positive,2
tdIZZ9v0IGA$_$6,tdIZZ9v0IGA,6,train,train,0.0,0.0,0.0,Neutral,neutral,1
tdIZZ9v0IGA$_$8,tdIZZ9v0IGA,8,train,train,0.3333333432674408,0.3333333432674408,0.0,Positive,positive,2
teQqaAmqqx0$_$0,teQqaAmqqx0,0,test,test,0.0,0.0,0.0,Neutral,neutral,1
teQqaAmqqx0$_$3,teQqaAmqqx0,3,test,test,0.0,0.0,0.0,Neutral,neutral,1
tgrxA3CiBv0$_$7,tgrxA3CiBv0,7,train,train,0.0,0.0,0.0,Neutral,neutral,1
tgrxA3CiBv0$_$8,tgrxA3CiBv0,8,train,train,0.6666666865348816,0.6666666865348816,0.0,Positive,positive,2
tnWmVXZ87h0$_$0,tnWmVXZ87h0,0,test,test,2.0,2.0,0.0,Positive,positive,2
tnWmVXZ87h0$_$3,tnWmVXZ87h0,3,test,test,1.6666666269302368,1.6666666269302368,0.0,Positive,positive,2
ttfaZ8IIWCo$_$2,ttfaZ8IIWCo,2,test,test,2.3333332538604736,2.3333332538604736,0.0,Positive,positive,2
ttfaZ8IIWCo$_$4,ttfaZ8IIWCo,4,test,test,2.3333332538604736,2.3333332538604736,0.0,Positive,positive,2
ttfaZ8IIWCo$_$5,ttfaZ8IIWCo,5,test,test,2.3333332538604736,2.3333332538604736,0.0,Positive,positive,2
tv8IhQZQuJI$_$12,tv8IhQZQuJI,12,train,train,-1.3333333730697632,-1.3333333730697632,0.0,Negative,negative,0
tv8IhQZQuJI$_$5,tv8IhQZQuJI,5,train,train,0.0,0.0,0.0,Neutral,neutral,1
tvE_DucE0_k$_$7,tvE_DucE0_k,7,train,train,0.3333333432674408,0.3333333432674408,0.0,Positive,positive,2
tw2xFbfgV4U$_$18,tw2xFbfgV4U,18,train,train,-1.3333333730697632,-1.3333333730697632,0.0,Negative,negative,0
tw2xFbfgV4U$_$2,tw2xFbfgV4U,2,train,train,0.6666666865348816,0.6666666865348816,0.0,Positive,positive,2
tw2xFbfgV4U$_$3,tw2xFbfgV4U,3,train,train,0.3333333432674408,0.3333333432674408,0.0,Positive,positive,2
tw2xFbfgV4U$_$6,tw2xFbfgV4U,6,train,train,1.3333333730697632,1.3333333730697632,0.0,Positive,positive,2
txjqbr6FoZs$_$7,txjqbr6FoZs,7,train,train,1.0,1.0,0.0,Positive,positive,2
tymso_pAxhk$_$12,tymso_pAxhk,12,test,test,-1.0,-1.0,0.0,Negative,negative,0
u94VPxEIJPg$_$3,u94VPxEIJPg,3,train,train,-0.3333333432674408,-0.3333333432674408,0.0,Negative,negative,0
u9ZV8jb_-U0$_$0,u9ZV8jb_-U0,0,test,test,-1.6666666269302368,-1.6666666269302368,0.0,Negative,negative,0
uAExKaLeOl8$_$13,uAExKaLeOl8,13,train,train,0.6666666865348816,0.6666666865348816,0.0,Positive,positive,2
uAExKaLeOl8$_$8,uAExKaLeOl8,8,train,train,0.0,0.0,0.0,Neutral,neutral,1
uAExKaLeOl8$_$9,uAExKaLeOl8,9,train,train,0.6666666865348816,0.6666666865348816,0.0,Positive,positive,2
uBgRo9tnv-I$_$0,uBgRo9tnv-I,0,train,train,0.3333333432674408,0.3333333432674408,0.0,Positive,positive,2
uBgRo9tnv-I$_$6,uBgRo9tnv-I,6,train,train,-0.3333333432674408,-0.3333333432674408,0.0,Negative,negative,0
uTWeng4h5eM$_$8,uTWeng4h5eM,8,train,train,0.0,0.0,0.0,Neutral,neutral,1
uU_3tbZ1zG8$_$1,uU_3tbZ1zG8,1,train,train,-1.3333333730697632,-1.3333333730697632,0.0,Negative,negative,0
uU_3tbZ1zG8$_$14,uU_3tbZ1zG8,14,train,train,1.0,1.0,0.0,Positive,positive,2
uU_3tbZ1zG8$_$21,uU_3tbZ1zG8,21,train,train,0.6666666865348816,0.6666666865348816,0.0,Positive,positive,2
uU_3tbZ1zG8$_$23,uU_3tbZ1zG8,23,train,train,1.6666666269302368,1.6666666269302368,0.0,Positive,positive,2
uXYAfpQUYVE$_$22,uXYAfpQUYVE,22,train,train,0.3333333432674408,0.3333333432674408,0.0,Positive,positive,2
uXYAfpQUYVE$_$4,uXYAfpQUYVE,4,train,train,0.0,0.0,0.0,Neutral,neutral,1
uXYAfpQUYVE$_$5,uXYAfpQUYVE,5,train,train,-0.3333333432674408,-0.3333333432674408,0.0,Negative,negative,0
uYzZB4ccG1Q$_$10,uYzZB4ccG1Q,10,train,train,0.6666666865348816,0.6666666865348816,0.0,Positive,positive,2
uYzZB4ccG1Q$_$15,uYzZB4ccG1Q,15,train,train,0.0,0.0,0.0,Neutral,neutral,1
uYzZB4ccG1Q$_$19,uYzZB4ccG1Q,19,train,train,-0.3333333432674408,-0.3333333432674408,0.0,Negative,negative,0
uYzZB4ccG1Q$_$24,uYzZB4ccG1Q,24,train,train,1.0,1.0,0.0,Positive,positive,2
uYzZB4ccG1Q$_$27,uYzZB4ccG1Q,27,train,train,1.6666666269302368,1.6666666269302368,0.0,Positive,positive,2
uYzZB4ccG1Q$_$30,uYzZB4ccG1Q,30,train,train,1.6666666269302368,1.6666666269302368,0.0,Positive,positive,2
uYzZB4ccG1Q$_$5,uYzZB4ccG1Q,5,train,train,0.3333333432674408,0.3333333432674408,0.0,Positive,positive,2
uacdDoBtT1k$_$0,uacdDoBtT1k,0,valid,valid,-1.3333333730697632,-1.3333333730697632,0.0,Negative,negative,0
uacdDoBtT1k$_$6,uacdDoBtT1k,6,valid,valid,-0.6666666865348816,-0.6666666865348816,0.0,Negative,negative,0
ueCWy7aTmyo$_$14,ueCWy7aTmyo,14,train,train,-0.6666666865348816,-0.6666666865348816,0.0,Negative,negative,0
ueCWy7aTmyo$_$3,ueCWy7aTmyo,3,train,train,0.6666666865348816,0.6666666865348816,0.0,Positive,positive,2
ueCWy7aTmyo$_$5,ueCWy7aTmyo,5,train,train,0.3333333432674408,0.3333333432674408,0.0,Positive,positive,2
um8WVjZMLUc$_$1,um8WVjZMLUc,1,test,test,0.0,0.0,0.0,Neutral,neutral,1
unNY4zIk8MM$_$1,unNY4zIk8MM,1,valid,valid,1.6666666269302368,1.6666666269302368,0.0,Positive,positive,2
unNY4zIk8MM$_$3,unNY4zIk8MM,3,valid,valid,0.6666666865348816,0.6666666865348816,0.0,Positive,positive,2
unNY4zIk8MM$_$5,unNY4zIk8MM,5,valid,valid,1.0,1.0,0.0,Positive,positive,2
unNY4zIk8MM$_$8,unNY4zIk8MM,8,valid,valid,0.0,0.0,0.0,Neutral,neutral,1
unOeTDc2rlY$_$27,unOeTDc2rlY,27,test,test,1.0,1.0,0.0,Positive,positive,2
unOeTDc2rlY$_$29,unOeTDc2rlY,29,test,test,-0.3333333432674408,-0.3333333432674408,0.0,Negative,negative,0
unOeTDc2rlY$_$31,unOeTDc2rlY,31,test,test,1.0,1.0,0.0,Positive,positive,2
uogwnZGb-iE$_$13,uogwnZGb-iE,13,test,test,2.3333332538604736,2.3333332538604736,0.0,Positive,positive,2
uogwnZGb-iE$_$21,uogwnZGb-iE,21,test,test,0.3333333432674408,0.3333333432674408,0.0,Positive,positive,2
uogwnZGb-iE$_$22,uogwnZGb-iE,22,test,test,2.0,2.0,0.0,Positive,positive,2
uogwnZGb-iE$_$26,uogwnZGb-iE,26,test,test,2.0,2.0,0.0,Positive,positive,2
uogwnZGb-iE$_$28,uogwnZGb-iE,28,test,test,2.3333332538604736,2.3333332538604736,0.0,Positive,positive,2
uogwnZGb-iE$_$6,uogwnZGb-iE,6,test,test,1.0,1.0,0.0,Positive,positive,2
uooIiW6dEyg$_$1,uooIiW6dEyg,1,valid,valid,-0.3333333432674408,-0.3333333432674408,0.0,Negative,negative,0
uooIiW6dEyg$_$5,uooIiW6dEyg,5,valid,valid,0.0,0.0,0.0,Neutral,neutral,1
uxHBEfIhY-E$_$2,uxHBEfIhY-E,2,train,train,0.0,0.0,0.0,Neutral,neutral,1
uy9MGhVqCp8$_$5,uy9MGhVqCp8,5,train,train,-0.3333333432674408,-0.3333333432674408,0.0,Negative,negative,0
uyOrVTq8Tjk$_$3,uyOrVTq8Tjk,3,train,train,0.3333333432674408,0.3333333432674408,0.0,Positive,positive,2
v1GKBjohgHc$_$2,v1GKBjohgHc,2,train,train,-1.3333333730697632,-1.3333333730697632,0.0,Negative,negative,0
v2DFe9X-jCY$_$22,v2DFe9X-jCY,22,train,train,1.3333333730697632,1.3333333730697632,0.0,Positive,positive,2
v2Rr-EsJda8$_$0,v2Rr-EsJda8,0,valid,valid,-0.3333333432674408,-0.3333333432674408,0.0,Negative,negative,0
v2Rr-EsJda8$_$6,v2Rr-EsJda8,6,valid,valid,0.6666666865348816,0.6666666865348816,0.0,Positive,positive,2
v3l56fl6aJM$_$4,v3l56fl6aJM,4,train,train,0.0,0.0,0.0,Neutral,neutral,1
v5AAvrZuR2U$_$6,v5AAvrZuR2U,6,train,train,0.0,0.0,0.0,Neutral,neutral,1
v9gjg7TDlTA$_$0,v9gjg7TDlTA,0,valid,valid,0.3333333432674408,0.3333333432674408,0.0,Positive,positive,2
v9gjg7TDlTA$_$4,v9gjg7TDlTA,4,valid,valid,-0.6666666865348816,-0.6666666865348816,0.0,Negative,negative,0
vB_kZocHtYo$_$8,vB_kZocHtYo,8,test,test,0.0,0.0,0.0,Neutral,neutral,1
vCWpKubBbcw$_$1,vCWpKubBbcw,1,train,train,0.6666666865348816,0.6666666865348816,0.0,Positive,positive,2
vGkIaClHKDg$_$6,vGkIaClHKDg,6,test,test,1.3333333730697632,1.3333333730697632,0.0,Positive,positive,2
vHzbn_YW76s$_$3,vHzbn_YW76s,3,valid,valid,-1.0,-1.0,0.0,Negative,negative,0
vM3YB7LmMq4$_$13,vM3YB7LmMq4,13,train,train,0.0,0.0,0.0,Neutral,neutral,1
vM3YB7LmMq4$_$28,vM3YB7LmMq4,28,train,train,0.3333333432674408,0.3333333432674408,0.0,Positive,positive,2
vM3YB7LmMq4$_$33,vM3YB7LmMq4,33,train,train,2.0,2.0,0.0,Positive,positive,2
vM3YB7LmMq4$_$37,vM3YB7LmMq4,37,train,train,1.0,1.0,0.0,Positive,positive,2
vM3YB7LmMq4$_$38,vM3YB7LmMq4,38,train,train,0.3333333432674408,0.3333333432674408,0.0,Positive,positive,2
vM3YB7LmMq4$_$41,vM3YB7LmMq4,41,train,train,0.3333333432674408,0.3333333432674408,0.0,Positive,positive,2
vM3YB7LmMq4$_$50,vM3YB7LmMq4,50,train,train,0.6666666865348816,0.6666666865348816,0.0,Positive,positive,2
vM3YB7LmMq4$_$8,vM3YB7LmMq4,8,train,train,1.0,1.0,0.0,Positive,positive,2
vM7m581tHn0$_$3,vM7m581tHn0,3,train,train,0.0,0.0,0.0,Neutral,neutral,1
vM7m581tHn0$_$4,vM7m581tHn0,4,train,train,0.0,0.0,0.0,Neutral,neutral,1
vM9AH4EqCaA$_$2,vM9AH4EqCaA,2,train,train,1.0,1.0,0.0,Positive,positive,2
vM9AH4EqCaA$_$6,vM9AH4EqCaA,6,train,train,0.6666666865348816,0.6666666865348816,0.0,Positive,positive,2
vR90Pdx9wxs$_$3,vR90Pdx9wxs,3,test,test,0.3333333432674408,0.3333333432674408,0.0,Positive,positive,2
vRhj2bLo1ho$_$5,vRhj2bLo1ho,5,train,train,0.0,0.0,0.0,Neutral,neutral,1
vRhj2bLo1ho$_$8,vRhj2bLo1ho,8,train,train,0.0,0.0,0.0,Neutral,neutral,1
vU0a4F36Ksw$_$0,vU0a4F36Ksw,0,valid,valid,1.3333333730697632,1.3333333730697632,0.0,Positive,positive,2
vU0a4F36Ksw$_$12,vU0a4F36Ksw,12,valid,valid,0.3333333432674408,0.3333333432674408,0.0,Positive,positive,2
vU0a4F36Ksw$_$13,vU0a4F36Ksw,13,valid,valid,0.6666666865348816,0.6666666865348816,0.0,Positive,positive,2
vU0a4F36Ksw$_$17,vU0a4F36Ksw,17,valid,valid,1.0,1.0,0.0,Positive,positive,2
vU0a4F36Ksw$_$20,vU0a4F36Ksw,20,valid,valid,1.6666666269302368,1.6666666269302368,0.0,Positive,positive,2
vU0a4F36Ksw$_$3,vU0a4F36Ksw,3,valid,valid,1.0,1.0,0.0,Positive,positive,2
vU0a4F36Ksw$_$5,vU0a4F36Ksw,5,valid,valid,1.0,1.0,0.0,Positive,positive,2
vU0a4F36Ksw$_$7,vU0a4F36Ksw,7,valid,valid,0.6666666865348816,0.6666666865348816,0.0,Positive,positive,2
vYOr36tdcpc$_$0,vYOr36tdcpc,0,train,train,1.3333333730697632,1.3333333730697632,0.0,Positive,positive,2
vYOr36tdcpc$_$1,vYOr36tdcpc,1,train,train,0.6666666865348816,0.6666666865348816,0.0,Positive,positive,2
v_8QeoNc4QY$_$5,v_8QeoNc4QY,5,test,test,0.3333333432674408,0.3333333432674408,0.0,Positive,positive,2
vbVLgaP5IYU$_$0,vbVLgaP5IYU,0,train,train,0.3333333432674408,0.3333333432674408,0.0,Positive,positive,2
vbr3EA8cJTI$_$0,vbr3EA8cJTI,0,valid,valid,1.3333333730697632,1.3333333730697632,0.0,Positive,positive,2
vbr3EA8cJTI$_$2,vbr3EA8cJTI,2,valid,valid,1.6666666269302368,1.6666666269302368,0.0,Positive,positive,2
vbr3EA8cJTI$_$6,vbr3EA8cJTI,6,valid,valid,1.0,1.0,0.0,Positive,positive,2
vbr3EA8cJTI$_$7,vbr3EA8cJTI,7,valid,valid,0.0,0.0,0.0,Neutral,neutral,1
veA6ECsGFxI$_$0,veA6ECsGFxI,0,test,test,0.6666666865348816,0.6666666865348816,0.0,Positive,positive,2
vlnKSMw5v1o$_$6,vlnKSMw5v1o,6,train,train,1.3333333730697632,1.3333333730697632,0.0,Positive,positive,2
vop7tN_K64I$_$1,vop7tN_K64I,1,train,train,0.6666666865348816,0.6666666865348816,0.0,Positive,positive,2
vop7tN_K64I$_$14,vop7tN_K64I,14,train,train,0.0,0.0,0.0,Neutral,neutral,1
vop7tN_K64I$_$17,vop7tN_K64I,17,train,train,-0.3333333432674408,-0.3333333432674408,0.0,Negative,negative,0
vttEPA6Xffk$_$2,vttEPA6Xffk,2,train,train,-0.3333333432674408,-0.3333333432674408,0.0,Negative,negative,0
vwUBtNvjrU4$_$16,vwUBtNvjrU4,16,train,train,0.0,0.0,0.0,Neutral,neutral,1
vwUBtNvjrU4$_$23,vwUBtNvjrU4,23,train,train,0.3333333432674408,0.3333333432674408,0.0,Positive,positive,2
vwUBtNvjrU4$_$25,vwUBtNvjrU4,25,train,train,0.0,0.0,0.0,Neutral,neutral,1
vwUBtNvjrU4$_$26,vwUBtNvjrU4,26,train,train,0.0,0.0,0.0,Neutral,neutral,1
w-PFjo89Dpw$_$14,w-PFjo89Dpw,14,train,train,0.3333333432674408,0.3333333432674408,0.0,Positive,positive,2
w-PFjo89Dpw$_$2,w-PFjo89Dpw,2,train,train,0.0,0.0,0.0,Neutral,neutral,1
w-PFjo89Dpw$_$7,w-PFjo89Dpw,7,train,train,0.0,0.0,0.0,Neutral,neutral,1
w1MxXu5D7ho$_$0,w1MxXu5D7ho,0,train,train,2.0,2.0,0.0,Positive,positive,2
wC_1M7KIv9s$_$1,wC_1M7KIv9s,1,test,test,0.6666666865348816,0.6666666865348816,0.0,Positive,positive,2
wC_1M7KIv9s$_$12,wC_1M7KIv9s,12,test,test,0.3333333432674408,0.3333333432674408,0.0,Positive,positive,2
wC_1M7KIv9s$_$21,wC_1M7KIv9s,21,test,test,-0.3333333432674408,-0.3333333432674408,0.0,Negative,negative,0
wC_1M7KIv9s$_$23,wC_1M7KIv9s,23,test,test,0.0,0.0,0.0,Neutral,neutral,1
wC_1M7KIv9s$_$24,wC_1M7KIv9s,24,test,test,0.0,0.0,0.0,Neutral,neutral,1
wC_1M7KIv9s$_$25,wC_1M7KIv9s,25,test,test,2.0,2.0,0.0,Positive,positive,2
wC_1M7KIv9s$_$5,wC_1M7KIv9s,5,test,test,0.0,0.0,0.0,Neutral,neutral,1
wCtZdAdoIm8$_$0,wCtZdAdoIm8,0,train,train,0.3333333432674408,0.3333333432674408,0.0,Positive,positive,2
wEs7pJH2mqQ$_$1,wEs7pJH2mqQ,1,train,train,1.3333333730697632,1.3333333730697632,0.0,Positive,positive,2
wEs7pJH2mqQ$_$3,wEs7pJH2mqQ,3,train,train,-0.3333333432674408,-0.3333333432674408,0.0,Negative,negative,0
wEs7pJH2mqQ$_$7,wEs7pJH2mqQ,7,train,train,-1.3333333730697632,-1.3333333730697632,0.0,Negative,negative,0
wF8980oGklk$_$0,wF8980oGklk,0,valid,valid,0.0,0.0,0.0,Neutral,neutral,1
wF8980oGklk$_$1,wF8980oGklk,1,valid,valid,0.0,0.0,0.0,Neutral,neutral,1
wF8980oGklk$_$17,wF8980oGklk,17,valid,valid,0.6666666865348816,0.6666666865348816,0.0,Positive,positive,2
wF8980oGklk$_$2,wF8980oGklk,2,valid,valid,-0.3333333432674408,-0.3333333432674408,0.0,Negative,negative,0
wF8980oGklk$_$24,wF8980oGklk,24,valid,valid,0.6666666865348816,0.6666666865348816,0.0,Positive,positive,2
wF8980oGklk$_$25,wF8980oGklk,25,valid,valid,1.6666666269302368,1.6666666269302368,0.0,Positive,positive,2
wF8980oGklk$_$3,wF8980oGklk,3,valid,valid,-0.3333333432674408,-0.3333333432674408,0.0,Negative,negative,0
wF8980oGklk$_$6,wF8980oGklk,6,valid,valid,0.0,0.0,0.0,Neutral,neutral,1
wHQYmMZzyJY$_$10,wHQYmMZzyJY,10,train,train,2.0,2.0,0.0,Positive,positive,2
wHQYmMZzyJY$_$18,wHQYmMZzyJY,18,train,train,0.6666666865348816,0.6666666865348816,0.0,Positive,positive,2
wHQYmMZzyJY$_$20,wHQYmMZzyJY,20,train,train,1.0,1.0,0.0,Positive,positive,2
wHQYmMZzyJY$_$24,wHQYmMZzyJY,24,train,train,1.0,1.0,0.0,Positive,positive,2
wHeZHLv9wGI$_$12,wHeZHLv9wGI,12,test,test,-0.6666666865348816,-0.6666666865348816,0.0,Negative,negative,0
wI7DDCRh4Nw$_$1,wI7DDCRh4Nw,1,train,train,-0.6666666865348816,-0.6666666865348816,0.0,Negative,negative,0
wI7DDCRh4Nw$_$2,wI7DDCRh4Nw,2,train,train,-0.6666666865348816,-0.6666666865348816,0.0,Negative,negative,0
wLj_gnNON7A$_$10,wLj_gnNON7A,10,train,train,-1.6666666269302368,-1.6666666269302368,0.0,Negative,negative,0
wLj_gnNON7A$_$12,wLj_gnNON7A,12,train,train,-2.6666667461395264,-2.6666667461395264,0.0,Negative,negative,0
wLj_gnNON7A$_$14,wLj_gnNON7A,14,train,train,-0.3333333432674408,-0.3333333432674408,0.0,Negative,negative,0
wLj_gnNON7A$_$4,wLj_gnNON7A,4,train,train,-0.3333333432674408,-0.3333333432674408,0.0,Negative,negative,0
wLj_gnNON7A$_$5,wLj_gnNON7A,5,train,train,-1.0,-1.0,0.0,Negative,negative,0
wMggOhhVouA$_$6,wMggOhhVouA,6,train,train,0.0,0.0,0.0,Neutral,neutral,1
wNx1ZnQ0MDQ$_$4,wNx1ZnQ0MDQ,4,train,train,0.3333333432674408,0.3333333432674408,0.0,Positive,positive,2
wNx1ZnQ0MDQ$_$8,wNx1ZnQ0MDQ,8,train,train,0.0,0.0,0.0,Neutral,neutral,1
wNx1ZnQ0MDQ$_$9,wNx1ZnQ0MDQ,9,train,train,1.3333333730697632,1.3333333730697632,0.0,Positive,positive,2
wOKWTFYYMuk$_$9,wOKWTFYYMuk,9,train,train,1.0,1.0,0.0,Positive,positive,2
wOjnqud5GBA$_$4,wOjnqud5GBA,4,train,train,0.3333333432674408,0.3333333432674408,0.0,Positive,positive,2
wR3zalLV_6c$_$14,wR3zalLV_6c,14,train,train,1.3333333730697632,1.3333333730697632,0.0,Positive,positive,2
wR3zalLV_6c$_$5,wR3zalLV_6c,5,train,train,-1.0,-1.0,0.0,Negative,negative,0
wRKVNiABc0w$_$1,wRKVNiABc0w,1,train,train,-0.6666666865348816,-0.6666666865348816,0.0,Negative,negative,0
wRKVNiABc0w$_$12,wRKVNiABc0w,12,train,train,1.0,1.0,0.0,Positive,positive,2
wRKVNiABc0w$_$14,wRKVNiABc0w,14,train,train,-0.3333333432674408,-0.3333333432674408,0.0,Negative,negative,0
w_qYZSVx2dM$_$12,w_qYZSVx2dM,12,train,train,0.3333333432674408,0.3333333432674408,0.0,Positive,positive,2
w_qYZSVx2dM$_$13,w_qYZSVx2dM,13,train,train,0.6666666865348816,0.6666666865348816,0.0,Positive,positive,2
w_qYZSVx2dM$_$9,w_qYZSVx2dM,9,train,train,2.0,2.0,0.0,Positive,positive,2
wb7CfuiIZFQ$_$5,wb7CfuiIZFQ,5,train,train,1.3333333730697632,1.3333333730697632,0.0,Positive,positive,2
wd-LTpCtAzw$_$1,wd-LTpCtAzw,1,train,train,2.3333332538604736,2.3333332538604736,0.0,Positive,positive,2
wd-LTpCtAzw$_$14,wd-LTpCtAzw,14,train,train,1.6666666269302368,1.6666666269302368,0.0,Positive,positive,2
wd-LTpCtAzw$_$9,wd-LTpCtAzw,9,train,train,1.0,1.0,0.0,Positive,positive,2
wdU-0bttAkc$_$3,wdU-0bttAkc,3,train,train,0.6666666865348816,0.6666666865348816,0.0,Positive,positive,2
werKCgZ5dFE$_$14,werKCgZ5dFE,14,train,train,-0.6666666865348816,-0.6666666865348816,0.0,Negative,negative,0
wfLrS6CdFs4$_$0,wfLrS6CdFs4,0,train,train,1.0,1.0,0.0,Positive,positive,2
wgCSuviySwg$_$0,wgCSuviySwg,0,train,train,1.6666666269302368,1.6666666269302368,0.0,Positive,positive,2
wj3ur4fsiN4$_$13,wj3ur4fsiN4,13,train,train,0.0,0.0,0.0,Neutral,neutral,1
wj3ur4fsiN4$_$17,wj3ur4fsiN4,17,train,train,0.6666666865348816,0.6666666865348816,0.0,Positive,positive,2
wj3ur4fsiN4$_$2,wj3ur4fsiN4,2,train,train,0.3333333432674408,0.3333333432674408,0.0,Positive,positive,2
wj3ur4fsiN4$_$24,wj3ur4fsiN4,24,train,train,0.3333333432674408,0.3333333432674408,0.0,Positive,positive,2
wj3ur4fsiN4$_$3,wj3ur4fsiN4,3,train,train,0.3333333432674408,0.3333333432674408,0.0,Positive,positive,2
wnL3ld9bM2o$_$14,wnL3ld9bM2o,14,test,test,0.0,0.0,0.0,Neutral,neutral,1
wnL3ld9bM2o$_$15,wnL3ld9bM2o,15,test,test,0.0,0.0,0.0,Neutral,neutral,1
wnL3ld9bM2o$_$21,wnL3ld9bM2o,21,test,test,0.3333333432674408,0.3333333432674408,0.0,Positive,positive,2
wnL3ld9bM2o$_$25,wnL3ld9bM2o,25,test,test,2.0,2.0,0.0,Positive,positive,2
wnL3ld9bM2o$_$4,wnL3ld9bM2o,4,test,test,0.3333333432674408,0.3333333432674408,0.0,Positive,positive,2
wnL3ld9bM2o$_$9,wnL3ld9bM2o,9,test,test,1.0,1.0,0.0,Positive,positive,2
wosolsrH3sM$_$6,wosolsrH3sM,6,valid,valid,0.3333333432674408,0.3333333432674408,0.0,Positive,positive,2
wrQVnClcNPM$_$11,wrQVnClcNPM,11,train,train,1.3333333730697632,1.3333333730697632,0.0,Positive,positive,2
wrQVnClcNPM$_$12,wrQVnClcNPM,12,train,train,2.3333332538604736,2.3333332538604736,0.0,Positive,positive,2
wrQVnClcNPM$_$16,wrQVnClcNPM,16,train,train,2.0,2.0,0.0,Positive,positive,2
wrQVnClcNPM$_$2,wrQVnClcNPM,2,train,train,0.0,0.0,0.0,Neutral,neutral,1
wrQVnClcNPM$_$5,wrQVnClcNPM,5,train,train,0.0,0.0,0.0,Neutral,neutral,1
wxxqXK9x-64$_$2,wxxqXK9x-64,2,train,train,0.0,0.0,0.0,Neutral,neutral,1
wz3nVBPVgIA$_$6,wz3nVBPVgIA,6,train,train,1.0,1.0,0.0,Positive,positive,2
wznRBN1fWj4$_$0,wznRBN1fWj4,0,test,test,0.0,0.0,0.0,Neutral,neutral,1
wznRBN1fWj4$_$6,wznRBN1fWj4,6,test,test,0.0,0.0,0.0,Neutral,neutral,1
x-zGBp7axao$_$3,x-zGBp7axao,3,valid,valid,1.6666666269302368,1.6666666269302368,0.0,Positive,positive,2
x0rLwBIocuI$_$7,x0rLwBIocuI,7,test,test,-0.6666666865348816,-0.6666666865348816,0.0,Negative,negative,0
x2lOwQaAn4g$_$4,x2lOwQaAn4g,4,valid,valid,0.0,0.0,0.0,Neutral,neutral,1
x92920ole0w$_$18,x92920ole0w,18,train,train,0.0,0.0,0.0,Neutral,neutral,1
x9E8yaFCX0Y$_$4,x9E8yaFCX0Y,4,train,train,1.0,1.0,0.0,Positive,positive,2
x9E8yaFCX0Y$_$5,x9E8yaFCX0Y,5,train,train,0.6666666865348816,0.6666666865348816,0.0,Positive,positive,2
x9E8yaFCX0Y$_$7,x9E8yaFCX0Y,7,train,train,0.6666666865348816,0.6666666865348816,0.0,Positive,positive,2
xBE9YWYGjtk$_$7,xBE9YWYGjtk,7,test,test,2.0,2.0,0.0,Positive,positive,2
xNYsfeSgDCQ$_$1,xNYsfeSgDCQ,1,train,train,1.3333333730697632,1.3333333730697632,0.0,Positive,positive,2
xNYsfeSgDCQ$_$4,xNYsfeSgDCQ,4,train,train,1.0,1.0,0.0,Positive,positive,2
xP81rX2ATLI$_$2,xP81rX2ATLI,2,train,train,-0.3333333432674408,-0.3333333432674408,0.0,Negative,negative,0
xP81rX2ATLI$_$6,xP81rX2ATLI,6,train,train,-0.6666666865348816,-0.6666666865348816,0.0,Negative,negative,0
xPhlDO-2Foc$_$2,xPhlDO-2Foc,2,train,train,-0.3333333432674408,-0.3333333432674408,0.0,Negative,negative,0
xRJXYUZVdas$_$1,xRJXYUZVdas,1,train,train,1.0,1.0,0.0,Positive,positive,2
xSCvspXYU9k$_$19,xSCvspXYU9k,19,test,test,-1.0,-1.0,0.0,Negative,negative,0
xSCvspXYU9k$_$7,xSCvspXYU9k,7,test,test,0.0,0.0,0.0,Neutral,neutral,1
xTBBDx3DkXQ$_$10,xTBBDx3DkXQ,10,train,train,1.6666666269302368,1.6666666269302368,0.0,Positive,positive,2
xUgAP84vsg4$_$15,xUgAP84vsg4,15,valid,valid,2.0,2.0,0.0,Positive,positive,2
xUgAP84vsg4$_$4,xUgAP84vsg4,4,valid,valid,2.3333332538604736,2.3333332538604736,0.0,Positive,positive,2
xUgAP84vsg4$_$8,xUgAP84vsg4,8,valid,valid,1.3333333730697632,1.3333333730697632,0.0,Positive,positive,2
xUz5cCA-oTo$_$14,xUz5cCA-oTo,14,train,train,0.0,0.0,0.0,Neutral,neutral,1
xXIq7YPkdUQ$_$1,xXIq7YPkdUQ,1,train,train,0.3333333432674408,0.3333333432674408,0.0,Positive,positive,2
xXIq7YPkdUQ$_$2,xXIq7YPkdUQ,2,train,train,0.3333333432674408,0.3333333432674408,0.0,Positive,positive,2
xXIq7YPkdUQ$_$4,xXIq7YPkdUQ,4,train,train,1.6666666269302368,1.6666666269302368,0.0,Positive,positive,2
xXXcgb9eZ9Y$_$7,xXXcgb9eZ9Y,7,test,test,-0.3333333432674408,-0.3333333432674408,0.0,Negative,negative,0
xYtNgq9eTlg$_$6,xYtNgq9eTlg,6,train,train,0.3333333432674408,0.3333333432674408,0.0,Positive,positive,2
xZ1FrxU6hcg$_$23,xZ1FrxU6hcg,23,train,train,0.3333333432674408,0.3333333432674408,0.0,Positive,positive,2
xZ1FrxU6hcg$_$6,xZ1FrxU6hcg,6,train,train,0.3333333432674408,0.3333333432674408,0.0,Positive,positive,2
xaSf1d13WoY$_$1,xaSf1d13WoY,1,train,train,1.0,1.0,0.0,Positive,positive,2
xaSf1d13WoY$_$13,xaSf1d13WoY,13,train,train,1.0,1.0,0.0,Positive,positive,2
xaSf1d13WoY$_$4,xaSf1d13WoY,4,train,train,0.0,0.0,0.0,Neutral,neutral,1
xbl7bU5PGBs$_$0,xbl7bU5PGBs,0,train,train,0.6666666865348816,0.6666666865348816,0.0,Positive,positive,2
xfP0bm6Z-7E$_$2,xfP0bm6Z-7E,2,train,train,0.3333333432674408,0.3333333432674408,0.0,Positive,positive,2
xge9aYTxxOA$_$0,xge9aYTxxOA,0,train,train,-1.3333333730697632,-1.3333333730697632,0.0,Negative,negative,0
xiRUWSUrGSg$_$0,xiRUWSUrGSg,0,train,train,0.3333333432674408,0.3333333432674408,0.0,Positive,positive,2
xiRUWSUrGSg$_$4,xiRUWSUrGSg,4,train,train,-0.6666666865348816,-0.6666666865348816,0.0,Negative,negative,0
xivYoEUQ5sk$_$4,xivYoEUQ5sk,4,valid,valid,2.3333332538604736,2.3333332538604736,0.0,Positive,positive,2
xivYoEUQ5sk$_$5,xivYoEUQ5sk,5,valid,valid,2.6666667461395264,2.6666667461395264,0.0,Positive,positive,2
xjsaS-LeZ14$_$14,xjsaS-LeZ14,14,valid,valid,1.0,1.0,0.0,Positive,positive,2
xjsaS-LeZ14$_$20,xjsaS-LeZ14,20,valid,valid,0.3333333432674408,0.3333333432674408,0.0,Positive,positive,2
xjsaS-LeZ14$_$6,xjsaS-LeZ14,6,valid,valid,2.0,2.0,0.0,Positive,positive,2
xk4C4p5vHDk$_$1,xk4C4p5vHDk,1,train,train,2.0,2.0,0.0,Positive,positive,2
xk4C4p5vHDk$_$12,xk4C4p5vHDk,12,train,train,1.3333333730697632,1.3333333730697632,0.0,Positive,positive,2
xmLJHru6Z1M$_$12,xmLJHru6Z1M,12,test,test,1.0,1.0,0.0,Positive,positive,2
xmLJHru6Z1M$_$14,xmLJHru6Z1M,14,test,test,1.0,1.0,0.0,Positive,positive,2
xmLJHru6Z1M$_$8,xmLJHru6Z1M,8,test,test,0.3333333432674408,0.3333333432674408,0.0,Positive,positive,2
xn9_4n4NpEw$_$10,xn9_4n4NpEw,10,train,train,0.5,0.5,0.0,Positive,positive,2
xn9_4n4NpEw$_$5,xn9_4n4NpEw,5,train,train,0.6666666865348816,0.6666666865348816,0.0,Positive,positive,2
xn9_4n4NpEw$_$7,xn9_4n4NpEw,7,train,train,0.1666666716337204,0.1666666716337204,0.0,Positive,positive,2
xnNZyfhusAk$_$2,xnNZyfhusAk,2,train,train,0.3333333432674408,0.3333333432674408,0.0,Positive,positive,2
xobMRm5Vs44$_$1,xobMRm5Vs44,1,test,test,0.0,0.0,0.0,Neutral,neutral,1
xomMHflvVDw$_$0,xomMHflvVDw,0,train,train,0.0,0.0,0.0,Neutral,neutral,1
xomMHflvVDw$_$1,xomMHflvVDw,1,train,train,0.0,0.0,0.0,Neutral,neutral,1
xomMHflvVDw$_$3,xomMHflvVDw,3,train,train,0.0,0.0,0.0,Neutral,neutral,1
xomMHflvVDw$_$6,xomMHflvVDw,6,train,train,0.0,0.0,0.0,Neutral,neutral,1
xu53lk4dhSc$_$13,xu53lk4dhSc,13,train,train,0.3333333432674408,0.3333333432674408,0.0,Positive,positive,2
xu53lk4dhSc$_$14,xu53lk4dhSc,14,train,train,-1.0,-1.0,0.0,Negative,negative,0
xu53lk4dhSc$_$17,xu53lk4dhSc,17,train,train,0.3333333432674408,0.3333333432674408,0.0,Positive,positive,2
xu53lk4dhSc$_$20,xu53lk4dhSc,20,train,train,0.0,0.0,0.0,Neutral,neutral,1
xu53lk4dhSc$_$9,xu53lk4dhSc,9,train,train,1.3333333730697632,1.3333333730697632,0.0,Positive,positive,2
xvnFF0FiyS4$_$6,xvnFF0FiyS4,6,train,train,0.0,0.0,0.0,Neutral,neutral,1
xvnFF0FiyS4$_$8,xvnFF0FiyS4,8,train,train,1.0,1.0,0.0,Positive,positive,2
xwNQ7QuXaps$_$5,xwNQ7QuXaps,5,train,train,1.3333333730697632,1.3333333730697632,0.0,Positive,positive,2
xyOa9ivNrg4$_$0,xyOa9ivNrg4,0,train,train,0.0,0.0,0.0,Neutral,neutral,1
y-nEcwAyQos$_$11,y-nEcwAyQos,11,train,train,1.0,1.0,0.0,Positive,positive,2
y-nEcwAyQos$_$4,y-nEcwAyQos,4,train,train,-0.3333333432674408,-0.3333333432674408,0.0,Negative,negative,0
y8HXGm1-Ecw$_$7,y8HXGm1-Ecw,7,valid,valid,-0.6666666865348816,-0.6666666865348816,0.0,Negative,negative,0
y9FyTEyGy5Y$_$1,y9FyTEyGy5Y,1,valid,valid,0.6666666865348816,0.6666666865348816,0.0,Positive,positive,2
yBGuxyO-ElM$_$2,yBGuxyO-ElM,2,train,train,1.0,1.0,0.0,Positive,positive,2
yCpHmPSshKY$_$0,yCpHmPSshKY,0,test,test,0.6666666865348816,0.6666666865348816,0.0,Positive,positive,2
yCpHmPSshKY$_$1,yCpHmPSshKY,1,test,test,1.6666666269302368,1.6666666269302368,0.0,Positive,positive,2
yDIFWzOBjXc$_$13,yDIFWzOBjXc,13,train,train,0.3333333432674408,0.3333333432674408,0.0,Positive,positive,2
yDIFWzOBjXc$_$15,yDIFWzOBjXc,15,train,train,0.0,0.0,0.0,Neutral,neutral,1
yDIFWzOBjXc$_$19,yDIFWzOBjXc,19,train,train,0.3333333432674408,0.3333333432674408,0.0,Positive,positive,2
yDIFWzOBjXc$_$22,yDIFWzOBjXc,22,train,train,0.6666666865348816,0.6666666865348816,0.0,Positive,positive,2
yDIFWzOBjXc$_$23,yDIFWzOBjXc,23,train,train,0.0,0.0,0.0,Neutral,neutral,1
yDIFWzOBjXc$_$30,yDIFWzOBjXc,30,train,train,0.0,0.0,0.0,Neutral,neutral,1
yDIFWzOBjXc$_$40,yDIFWzOBjXc,40,train,train,1.0,1.0,0.0,Positive,positive,2
yEtfjJOMMCs$_$11,yEtfjJOMMCs,11,train,train,0.6666666865348816,0.6666666865348816,0.0,Positive,positive,2
yEtfjJOMMCs$_$14,yEtfjJOMMCs,14,train,train,0.0,0.0,0.0,Neutral,neutral,1
yEtfjJOMMCs$_$15,yEtfjJOMMCs,15,train,train,0.3333333432674408,0.3333333432674408,0.0,Positive,positive,2
yEtfjJOMMCs$_$21,yEtfjJOMMCs,21,train,train,0.6666666865348816,0.6666666865348816,0.0,Positive,positive,2
yEtfjJOMMCs$_$3,yEtfjJOMMCs,3,train,train,-0.3333333432674408,-0.3333333432674408,0.0,Negative,negative,0
yEtfjJOMMCs$_$4,yEtfjJOMMCs,4,train,train,-0.3333333432674408,-0.3333333432674408,0.0,Negative,negative,0
yEtfjJOMMCs$_$7,yEtfjJOMMCs,7,train,train,0.3333333432674408,0.3333333432674408,0.0,Positive,positive,2
yHtR71rx16I$_$3,yHtR71rx16I,3,train,train,0.0,0.0,0.0,Neutral,neutral,1
yKdIZR5xfcc$_$11,yKdIZR5xfcc,11,train,train,1.0,1.0,0.0,Positive,positive,2
yKdIZR5xfcc$_$12,yKdIZR5xfcc,12,train,train,2.0,2.0,0.0,Positive,positive,2
yKdIZR5xfcc$_$4,yKdIZR5xfcc,4,train,train,-0.6666666865348816,-0.6666666865348816,0.0,Negative,negative,0
yKdIZR5xfcc$_$7,yKdIZR5xfcc,7,train,train,0.0,0.0,0.0,Neutral,neutral,1
yKdIZR5xfcc$_$8,yKdIZR5xfcc,8,train,train,1.0,1.0,0.0,Positive,positive,2
yKdIZR5xfcc$_$9,yKdIZR5xfcc,9,train,train,0.6666666865348816,0.6666666865348816,0.0,Positive,positive,2
yLo-Jl8nBXU$_$0,yLo-Jl8nBXU,0,test,test,0.0,0.0,0.0,Neutral,neutral,1
yLo-Jl8nBXU$_$11,yLo-Jl8nBXU,11,test,test,0.6666666865348816,0.6666666865348816,0.0,Positive,positive,2
yLo-Jl8nBXU$_$6,yLo-Jl8nBXU,6,test,test,1.3333333730697632,1.3333333730697632,0.0,Positive,positive,2
yOQHOiswVjc$_$1,yOQHOiswVjc,1,train,train,0.3333333432674408,0.3333333432674408,0.0,Positive,positive,2
yOQHOiswVjc$_$13,yOQHOiswVjc,13,train,train,0.6666666865348816,0.6666666865348816,0.0,Positive,positive,2
yOQHOiswVjc$_$15,yOQHOiswVjc,15,train,train,2.0,2.0,0.0,Positive,positive,2
ySblgk7T7eQ$_$0,ySblgk7T7eQ,0,test,test,1.0,1.0,0.0,Positive,positive,2
ySblgk7T7eQ$_$12,ySblgk7T7eQ,12,test,test,-0.3333333432674408,-0.3333333432674408,0.0,Negative,negative,0
ySblgk7T7eQ$_$4,ySblgk7T7eQ,4,test,test,0.6666666865348816,0.6666666865348816,0.0,Positive,positive,2
ySblgk7T7eQ$_$9,ySblgk7T7eQ,9,test,test,1.0,1.0,0.0,Positive,positive,2
ySfHPyaDbqY$_$7,ySfHPyaDbqY,7,train,train,0.0,0.0,0.0,Neutral,neutral,1
yUqNp-poh9M$_$2,yUqNp-poh9M,2,test,test,-0.3333333432674408,-0.3333333432674408,0.0,Negative,negative,0
yUqNp-poh9M$_$9,yUqNp-poh9M,9,test,test,0.0,0.0,0.0,Neutral,neutral,1
ydzNAuqUAnc$_$6,ydzNAuqUAnc,6,test,test,-1.0,-1.0,0.0,Negative,negative,0
ygb8Cfxghbs$_$0,ygb8Cfxghbs,0,train,train,1.0,1.0,0.0,Positive,positive,2
ygb8Cfxghbs$_$14,ygb8Cfxghbs,14,train,train,0.3333333432674408,0.3333333432674408,0.0,Positive,positive,2
ygb8Cfxghbs$_$15,ygb8Cfxghbs,15,train,train,0.6666666865348816,0.6666666865348816,0.0,Positive,positive,2
ygb8Cfxghbs$_$7,ygb8Cfxghbs,7,train,train,0.0,0.0,0.0,Neutral,neutral,1
ymPQOY2O_nw$_$0,ymPQOY2O_nw,0,train,train,0.0,0.0,0.0,Neutral,neutral,1
yoDMh8FlHR8$_$0,yoDMh8FlHR8,0,test,test,1.6666666269302368,1.6666666269302368,0.0,Positive,positive,2
yp6Gd2NPwOU$_$6,yp6Gd2NPwOU,6,train,train,0.3333333432674408,0.3333333432674408,0.0,Positive,positive,2
yp6Gd2NPwOU$_$9,yp6Gd2NPwOU,9,train,train,1.3333333730697632,1.3333333730697632,0.0,Positive,positive,2
yrIXBklJ5YQ$_$0,yrIXBklJ5YQ,0,train,train,-1.0,-1.0,0.0,Negative,negative,0
yrIXBklJ5YQ$_$1,yrIXBklJ5YQ,1,train,train,0.0,0.0,0.0,Neutral,neutral,1
yrIXBklJ5YQ$_$3,yrIXBklJ5YQ,3,train,train,1.6666666269302368,1.6666666269302368,0.0,Positive,positive,2
yyToAEoUuek$_$3,yyToAEoUuek,3,train,train,0.0,0.0,0.0,Neutral,neutral,1
yzCHa2qchpg$_$1,yzCHa2qchpg,1,test,test,-2.0,-2.0,0.0,Negative,negative,0
yzCHa2qchpg$_$2,yzCHa2qchpg,2,test,test,1.3333333730697632,1.3333333730697632,0.0,Positive,positive,2
z441aDJvAcU$_$20,z441aDJvAcU,20,test,test,1.0,1.0,0.0,Positive,positive,2
z441aDJvAcU$_$21,z441aDJvAcU,21,test,test,0.3333333432674408,0.3333333432674408,0.0,Positive,positive,2
z441aDJvAcU$_$22,z441aDJvAcU,22,test,test,0.0,0.0,0.0,Neutral,neutral,1
z6E-ocntPo4$_$2,z6E-ocntPo4,2,train,train,1.3333333730697632,1.3333333730697632,0.0,Positive,positive,2
z6E-ocntPo4$_$4,z6E-ocntPo4,4,train,train,2.0,2.0,0.0,Positive,positive,2
z6E-ocntPo4$_$8,z6E-ocntPo4,8,train,train,0.0,0.0,0.0,Neutral,neutral,1
z6E-ocntPo4$_$9,z6E-ocntPo4,9,train,train,1.3333333730697632,1.3333333730697632,0.0,Positive,positive,2
z7FicxE_pMU$_$18,z7FicxE_pMU,18,train,train,0.3333333432674408,0.3333333432674408,0.0,Positive,positive,2
z7FicxE_pMU$_$7,z7FicxE_pMU,7,train,train,1.3333333730697632,1.3333333730697632,0.0,Positive,positive,2
z8bWG2z-bMM$_$1,z8bWG2z-bMM,1,train,train,0.6666666865348816,0.6666666865348816,0.0,Positive,positive,2
z8bWG2z-bMM$_$5,z8bWG2z-bMM,5,train,train,0.0,0.0,0.0,Neutral,neutral,1
zFTuwjr3xq0$_$4,zFTuwjr3xq0,4,train,train,-0.3333333432674408,-0.3333333432674408,0.0,Negative,negative,0
zFuRNvfC4So$_$14,zFuRNvfC4So,14,train,train,0.3333333432674408,0.3333333432674408,0.0,Positive,positive,2
zFuRNvfC4So$_$7,zFuRNvfC4So,7,train,train,1.6666666269302368,1.6666666269302368,0.0,Positive,positive,2
zJWmmDk9fCE$_$0,zJWmmDk9fCE,0,train,train,0.0,0.0,0.0,Neutral,neutral,1
zJWmmDk9fCE$_$10,zJWmmDk9fCE,10,train,train,0.3333333432674408,0.3333333432674408,0.0,Positive,positive,2
zOHZDq2BvGo$_$0,zOHZDq2BvGo,0,train,train,0.3333333432674408,0.3333333432674408,0.0,Positive,positive,2
zPskvGHHQtE$_$0,zPskvGHHQtE,0,train,train,0.3333333432674408,0.3333333432674408,0.0,Positive,positive,2
zR62DCEMWgs$_$0,zR62DCEMWgs,0,train,train,1.3333333730697632,1.3333333730697632,0.0,Positive,positive,2
zU2_X9lIcUM$_$2,zU2_X9lIcUM,2,train,train,0.3333333432674408,0.3333333432674408,0.0,Positive,positive,2
zU2_X9lIcUM$_$4,zU2_X9lIcUM,4,train,train,0.6666666865348816,0.6666666865348816,0.0,Positive,positive,2
zU2_X9lIcUM$_$5,zU2_X9lIcUM,5,train,train,0.0,0.0,0.0,Neutral,neutral,1
zaTyjiyrHnk$_$6,zaTyjiyrHnk,6,train,train,1.6666666269302368,1.6666666269302368,0.0,Positive,positive,2
zeQKU2L173M$_$5,zeQKU2L173M,5,train,train,0.0,0.0,0.0,Neutral,neutral,1
zeQKU2L173M$_$9,zeQKU2L173M,9,train,train,1.6666666269302368,1.6666666269302368,0.0,Positive,positive,2
zfZUOvZZTuk$_$1,zfZUOvZZTuk,1,test,test,0.0,0.0,0.0,Neutral,neutral,1
zfZUOvZZTuk$_$8,zfZUOvZZTuk,8,test,test,0.0,0.0,0.0,Neutral,neutral,1
zg-ZIxVsBbQ$_$0,zg-ZIxVsBbQ,0,train,train,0.3333333432674408,0.3333333432674408,0.0,Positive,positive,2
zhE_68GMJIk$_$5,zhE_68GMJIk,5,valid,valid,1.3333333730697632,1.3333333730697632,0.0,Positive,positive,2
zhE_68GMJIk$_$8,zhE_68GMJIk,8,valid,valid,0.0,0.0,0.0,Neutral,neutral,1
zhNksSReaQk$_$1,zhNksSReaQk,1,test,test,0.0,0.0,0.0,Neutral,neutral,1
zhNksSReaQk$_$15,zhNksSReaQk,15,test,test,0.0,0.0,0.0,Neutral,neutral,1
zhNksSReaQk$_$27,zhNksSReaQk,27,test,test,0.0,0.0,0.0,Neutral,neutral,1
zhNksSReaQk$_$28,zhNksSReaQk,28,test,test,-1.0,-1.0,0.0,Negative,negative,0
zhNksSReaQk$_$36,zhNksSReaQk,36,test,test,0.0,0.0,0.0,Neutral,neutral,1
zhNksSReaQk$_$4,zhNksSReaQk,4,test,test,-0.3333333432674408,-0.3333333432674408,0.0,Negative,negative,0
zhNksSReaQk$_$44,zhNksSReaQk,44,test,test,-1.0,-1.0,0.0,Negative,negative,0
zj4PzGtFwJM$_$1,zj4PzGtFwJM,1,train,train,0.0,0.0,0.0,Neutral,neutral,1
zjYEBwXGD8I$_$0,zjYEBwXGD8I,0,valid,valid,0.0,0.0,0.0,Neutral,neutral,1
zjYEBwXGD8I$_$13,zjYEBwXGD8I,13,valid,valid,-0.3333333432674408,-0.3333333432674408,0.0,Negative,negative,0
zjYEBwXGD8I$_$15,zjYEBwXGD8I,15,valid,valid,0.3333333432674408,0.3333333432674408,0.0,Positive,positive,2
zjYEBwXGD8I$_$2,zjYEBwXGD8I,2,valid,valid,1.0,1.0,0.0,Positive,positive,2
zjYEBwXGD8I$_$4,zjYEBwXGD8I,4,valid,valid,0.0,0.0,0.0,Neutral,neutral,1
zjYEBwXGD8I$_$9,zjYEBwXGD8I,9,valid,valid,0.3333333432674408,0.3333333432674408,0.0,Positive,positive,2
zk2jTlAtvSU$_$3,zk2jTlAtvSU,3,valid,valid,0.0,0.0,0.0,Neutral,neutral,1
zqkawTdHN5s$_$1,zqkawTdHN5s,1,train,train,1.0,1.0,0.0,Positive,positive,2
zrFZAofNGi4$_$10,zrFZAofNGi4,10,train,train,-2.3333332538604736,-2.3333332538604736,0.0,Negative,negative,0
zwTrXwi54us$_$0,zwTrXwi54us,0,train,train,0.0,0.0,0.0,Neutral,neutral,1
zwTrXwi54us$_$12,zwTrXwi54us,12,train,train,1.6666666269302368,1.6666666269302368,0.0,Positive,positive,2
zwTrXwi54us$_$9,zwTrXwi54us,9,train,train,0.6666666865348816,0.6666666865348816,0.0,Positive,positive,2
