version,split,id,video_id,clip_id,text_char_len,text_word_len,text_bert_valid_len,attention_mask_has_internal_zero,regression_label,classification_label,polarity_from_regression,polarity_from_classification,label_sources_agree,audio_valid_length,audio_inferred_length,audio_nonzero_steps,audio_internal_zero_steps,vision_valid_length,vision_inferred_length,vision_nonzero_steps,vision_internal_zero_steps,text_inferred_length,text_internal_zero_steps,audio_matches_bert_length,text_bert_starts_with_101
aligned,train,-3g5yACwYnA$_$4,-3g5yACwYnA,4,187,34,41,False,1.0,2,positive,positive,True,40,40,39,0,40,40,39,0,50,0,True,True
aligned,train,-HwX2H8Z4hY$_$3,-HwX2H8Z4hY,3,106,16,20,False,0.3333333432674408,2,positive,positive,True,19,19,18,0,12,12,3,8,50,0,True,True
aligned,train,-HwX2H8Z4hY$_$9,-HwX2H8Z4hY,9,119,22,26,False,-0.3333333432674408,0,negative,negative,True,25,25,24,0,25,25,18,6,50,0,True,True
aligned,train,-NFrJFQijFE$_$0,-NFrJFQijFE,0,54,10,12,False,0.0,1,neutral,neutral,True,11,11,10,0,0,0,0,0,50,0,True,True
aligned,train,-THoVjtIkeU$_$2,-THoVjtIkeU,2,63,10,13,False,1.3333333730697632,2,positive,positive,True,12,12,11,0,12,12,11,0,50,0,True,True
aligned,train,-UuX1xuaiiE$_$9,-UuX1xuaiiE,9,96,16,20,False,0.6666666865348816,2,positive,positive,True,19,19,18,0,19,19,18,0,50,0,True,True
aligned,train,-WXXTNIJcVM$_$0,-WXXTNIJcVM,0,29,7,10,False,2.0,2,positive,positive,True,9,9,8,0,0,0,0,0,50,0,True,True
aligned,train,-a55Q6RWvTA$_$3,-a55Q6RWvTA,3,339,65,50,False,0.6666666865348816,2,positive,positive,True,49,49,48,0,49,49,48,0,50,0,True,True
aligned,train,-aNfi7CP8vM$_$10,-aNfi7CP8vM,10,129,23,30,False,0.0,1,neutral,neutral,True,29,29,28,0,29,29,28,0,50,0,True,True
aligned,train,-aqamKhZ1Ec$_$1,-aqamKhZ1Ec,1,150,26,31,False,-0.6666666865348816,0,negative,negative,True,30,30,29,0,30,30,29,0,50,0,True,True
aligned,train,-aqamKhZ1Ec$_$0,-aqamKhZ1Ec,0,87,14,18,False,-2.0,0,negative,negative,True,17,17,16,0,17,17,16,0,50,0,True,True
aligned,train,-dxfTGcXJoc$_$0,-dxfTGcXJoc,0,265,41,50,False,1.0,2,positive,positive,True,49,49,48,0,49,49,48,0,50,0,True,True
aligned,train,-dxfTGcXJoc$_$6,-dxfTGcXJoc,6,188,27,34,False,0.6666666865348816,2,positive,positive,True,33,33,32,0,33,33,32,0,50,0,True,True
aligned,train,-egA8-b7-3M$_$3,-egA8-b7-3M,3,105,20,23,False,0.6666666865348816,2,positive,positive,True,22,22,21,0,22,22,21,0,50,0,True,True
aligned,train,-lqc32Zpr7M$_$18,-lqc32Zpr7M,18,139,26,31,False,-0.6666666865348816,0,negative,negative,True,30,30,29,0,30,30,29,0,50,0,True,True
aligned,train,-lzEya4AM_4$_$6,-lzEya4AM_4,6,228,43,50,False,-0.3333333432674408,0,negative,negative,True,49,49,48,0,49,49,48,0,50,0,True,True
aligned,train,-mJ2ud6oKI8$_$9,-mJ2ud6oKI8,9,112,22,31,False,0.0,1,neutral,neutral,True,30,30,29,0,30,30,29,0,50,0,True,True
aligned,train,-mqbVkbCndg$_$1,-mqbVkbCndg,1,40,8,10,False,0.0,1,neutral,neutral,True,9,9,8,0,9,9,8,0,50,0,True,True
aligned,train,-mqbVkbCndg$_$4,-mqbVkbCndg,4,91,16,23,False,0.3333333432674408,2,positive,positive,True,22,22,21,0,22,22,21,0,50,0,True,True
aligned,train,-tPCytz4rww$_$16,-tPCytz4rww,16,74,16,19,False,0.0,1,neutral,neutral,True,18,18,17,0,18,18,17,0,50,0,True,True
aligned,train,-vxjVxOeScU$_$2,-vxjVxOeScU,2,90,16,21,False,0.6666666865348816,2,positive,positive,True,20,20,19,0,20,20,19,0,50,0,True,True
aligned,train,-wny0OAz3g8$_$0,-wny0OAz3g8,0,53,9,13,False,0.3333333432674408,2,positive,positive,True,12,12,11,0,12,12,11,0,50,0,True,True
aligned,train,-wny0OAz3g8$_$5,-wny0OAz3g8,5,125,20,29,False,1.0,2,positive,positive,True,28,28,27,0,28,28,27,0,50,0,True,True
aligned,train,03X1FwF6udc$_$22,03X1FwF6udc,22,102,20,23,False,0.6666666865348816,2,positive,positive,True,22,22,21,0,22,22,21,0,50,0,True,True
aligned,train,07Z16yRBFUQ$_$5,07Z16yRBFUQ,5,194,33,41,False,0.0,1,neutral,neutral,True,40,40,39,0,40,40,39,0,50,0,True,True
aligned,train,0BVed2nBq1g$_$0,0BVed2nBq1g,0,37,8,10,False,0.0,1,neutral,neutral,True,9,9,8,0,9,9,8,0,50,0,True,True
aligned,train,0BVed2nBq1g$_$3,0BVed2nBq1g,3,50,10,13,False,-0.6666666865348816,0,negative,negative,True,12,12,11,0,12,12,11,0,50,0,True,True
aligned,train,0BVed2nBq1g$_$2,0BVed2nBq1g,2,118,23,28,False,-0.3333333432674408,0,negative,negative,True,27,27,26,0,27,27,26,0,50,0,True,True
aligned,train,0DBfvvIVmqY$_$13,0DBfvvIVmqY,13,39,8,10,False,0.3333333432674408,2,positive,positive,True,9,9,8,0,9,9,8,0,50,0,True,True
aligned,train,0DBfvvIVmqY$_$14,0DBfvvIVmqY,14,76,12,18,False,0.6666666865348816,2,positive,positive,True,17,17,16,0,17,17,16,0,50,0,True,True
aligned,train,0DBfvvIVmqY$_$4,0DBfvvIVmqY,4,37,9,11,False,0.3333333432674408,2,positive,positive,True,10,10,9,0,10,10,9,0,50,0,True,True
aligned,train,0DBfvvIVmqY$_$8,0DBfvvIVmqY,8,40,5,13,False,2.3333332538604736,2,positive,positive,True,12,12,11,0,12,12,11,0,50,0,True,True
aligned,train,0EphpADwdPg$_$6,0EphpADwdPg,6,63,13,16,False,0.6666666865348816,2,positive,positive,True,15,15,14,0,15,15,14,0,50,0,True,True
aligned,train,0FA32bEZ6xI$_$24,0FA32bEZ6xI,24,184,26,32,False,0.0,1,neutral,neutral,True,31,31,30,0,31,31,30,0,50,0,True,True
aligned,train,0FA32bEZ6xI$_$25,0FA32bEZ6xI,25,87,17,20,False,0.6666666865348816,2,positive,positive,True,19,19,18,0,19,19,18,0,50,0,True,True
aligned,train,0FA32bEZ6xI$_$28,0FA32bEZ6xI,28,60,10,20,False,0.0,1,neutral,neutral,True,19,19,18,0,19,19,18,0,50,0,True,True
aligned,train,0FA32bEZ6xI$_$3,0FA32bEZ6xI,3,64,12,14,False,0.0,1,neutral,neutral,True,13,13,12,0,13,13,12,0,50,0,True,True
aligned,train,0FA32bEZ6xI$_$6,0FA32bEZ6xI,6,73,11,14,False,0.0,1,neutral,neutral,True,13,13,12,0,13,13,12,0,50,0,True,True
aligned,train,0FA32bEZ6xI$_$15,0FA32bEZ6xI,15,198,30,37,False,0.0,1,neutral,neutral,True,36,36,35,0,36,36,35,0,50,0,True,True
aligned,train,0FA32bEZ6xI$_$14,0FA32bEZ6xI,14,47,9,13,False,0.3333333432674408,2,positive,positive,True,12,12,11,0,12,12,11,0,50,0,True,True
aligned,train,0FA32bEZ6xI$_$18,0FA32bEZ6xI,18,40,8,10,False,0.0,1,neutral,neutral,True,9,9,8,0,9,9,8,0,50,0,True,True
aligned,train,0JuRmhhgMw8$_$0,0JuRmhhgMw8,0,87,14,17,False,1.0,2,positive,positive,True,16,16,15,0,16,16,15,0,50,0,True,True
aligned,train,0OC3wf9x3zQ$_$7,0OC3wf9x3zQ,7,74,11,21,False,0.0,1,neutral,neutral,True,20,20,19,0,20,20,19,0,50,0,True,True
aligned,train,0OC3wf9x3zQ$_$6,0OC3wf9x3zQ,6,111,18,28,False,0.0,1,neutral,neutral,True,27,27,26,0,27,27,26,0,50,0,True,True
aligned,train,0OXeN3MhFeA$_$19,0OXeN3MhFeA,19,108,18,31,False,-0.3333333432674408,0,negative,negative,True,30,30,29,0,30,30,29,0,50,0,True,True
aligned,train,0OXeN3MhFeA$_$18,0OXeN3MhFeA,18,76,14,17,False,0.6666666865348816,2,positive,positive,True,16,16,15,0,16,16,15,0,50,0,True,True
aligned,train,0OXeN3MhFeA$_$15,0OXeN3MhFeA,15,63,13,22,False,0.6666666865348816,2,positive,positive,True,21,21,20,0,21,21,20,0,50,0,True,True
aligned,train,0Svu5BldR5A$_$0,0Svu5BldR5A,0,150,27,38,False,1.6666666269302368,2,positive,positive,True,37,37,36,0,37,37,36,0,50,0,True,True
aligned,train,0YdYFtVdlWE$_$7,0YdYFtVdlWE,7,15,4,6,False,0.0,1,neutral,neutral,True,5,5,4,0,5,5,4,0,50,0,True,True
aligned,train,0YdYFtVdlWE$_$6,0YdYFtVdlWE,6,49,9,12,False,-0.6666666865348816,0,negative,negative,True,11,11,10,0,11,11,10,0,50,0,True,True
aligned,train,0YdYFtVdlWE$_$8,0YdYFtVdlWE,8,67,14,16,False,-0.6666666865348816,0,negative,negative,True,15,15,14,0,15,15,14,0,50,0,True,True
aligned,train,0YdYFtVdlWE$_$10,0YdYFtVdlWE,10,61,13,21,False,-0.6666666865348816,0,negative,negative,True,20,20,19,0,20,20,19,0,50,0,True,True
aligned,train,0YdYFtVdlWE$_$15,0YdYFtVdlWE,15,143,29,39,False,0.0,1,neutral,neutral,True,38,38,37,0,38,38,34,3,50,0,True,True
aligned,train,0YdYFtVdlWE$_$14,0YdYFtVdlWE,14,64,15,17,False,2.0,2,positive,positive,True,16,16,15,0,16,16,15,0,50,0,True,True
aligned,train,0bsTzavb-AE$_$3,0bsTzavb-AE,3,85,15,17,False,0.3333333432674408,2,positive,positive,True,16,16,15,0,16,16,15,0,50,0,True,True
aligned,train,0hCOCt6fWas$_$15,0hCOCt6fWas,15,146,27,33,False,0.3333333432674408,2,positive,positive,True,32,32,31,0,32,32,31,0,50,0,True,True
aligned,train,0hCOCt6fWas$_$2,0hCOCt6fWas,2,147,26,35,False,0.0,1,neutral,neutral,True,34,34,33,0,34,34,33,0,50,0,True,True
aligned,train,0hCihQ5Kep0$_$3,0hCihQ5Kep0,3,119,19,21,False,1.6666666269302368,2,positive,positive,True,20,20,19,0,20,20,19,0,50,0,True,True
aligned,train,0hCihQ5Kep0$_$4,0hCihQ5Kep0,4,43,5,9,False,1.6666666269302368,2,positive,positive,True,8,8,7,0,8,8,7,0,50,0,True,True
aligned,train,0jtdrsmVzYQ$_$5,0jtdrsmVzYQ,5,113,20,27,False,0.0,1,neutral,neutral,True,26,26,25,0,26,26,25,0,50,0,True,True
aligned,train,0mXv97u2OCM$_$7,0mXv97u2OCM,7,86,15,20,False,0.0,1,neutral,neutral,True,19,19,18,0,19,19,18,0,50,0,True,True
aligned,train,0p9XKC_J3hU$_$2,0p9XKC_J3hU,2,123,24,31,False,0.3333333432674408,2,positive,positive,True,30,30,29,0,30,30,29,0,50,0,True,True
aligned,train,0rE8jEvQW_I$_$3,0rE8jEvQW_I,3,85,19,22,False,1.0,2,positive,positive,True,21,21,20,0,21,21,20,0,50,0,True,True
aligned,train,0rE8jEvQW_I$_$4,0rE8jEvQW_I,4,88,16,23,False,1.3333333730697632,2,positive,positive,True,22,22,21,0,22,22,21,0,50,0,True,True
aligned,train,0rE8jEvQW_I$_$9,0rE8jEvQW_I,9,26,6,8,False,2.3333332538604736,2,positive,positive,True,7,7,6,0,7,7,6,0,50,0,True,True
aligned,train,0tkWa2skSmA$_$8,0tkWa2skSmA,8,242,47,50,False,0.0,1,neutral,neutral,True,49,49,48,0,49,49,48,0,50,0,True,True
aligned,train,0tkWa2skSmA$_$6,0tkWa2skSmA,6,78,13,19,False,0.0,1,neutral,neutral,True,18,18,17,0,18,18,17,0,50,0,True,True
aligned,train,100499$_$5,100499,5,346,70,50,False,-1.3333333730697632,0,negative,negative,True,49,49,48,0,49,49,48,0,50,0,True,True
aligned,train,100499$_$4,100499,4,85,16,20,False,0.0,1,neutral,neutral,True,19,19,18,0,19,19,18,0,50,0,True,True
aligned,train,101851$_$13,101851,13,68,13,19,False,0.6666666865348816,2,positive,positive,True,18,18,17,0,18,18,17,0,50,0,True,True
aligned,train,101851$_$14,101851,14,21,5,10,False,1.0,2,positive,positive,True,9,9,8,0,9,9,1,7,50,0,True,True
aligned,train,101851$_$16,101851,16,59,10,20,False,-1.0,0,negative,negative,True,19,19,18,0,19,19,18,0,50,0,True,True
aligned,train,101851$_$0,101851,0,74,15,22,False,0.0,1,neutral,neutral,True,21,21,20,0,16,16,15,0,50,0,True,True
aligned,train,102184$_$12,102184,12,162,33,48,False,-1.3333333730697632,0,negative,negative,True,47,47,46,0,47,47,46,0,50,0,True,True
aligned,train,102184$_$1,102184,1,83,18,21,False,0.6666666865348816,2,positive,positive,True,20,20,19,0,20,20,19,0,50,0,True,True
aligned,train,102184$_$3,102184,3,129,23,31,False,1.0,2,positive,positive,True,30,30,29,0,30,30,29,0,50,0,True,True
aligned,train,102184$_$7,102184,7,57,11,16,False,-1.6666666269302368,0,negative,negative,True,15,15,14,0,15,15,14,0,50,0,True,True
aligned,train,10223$_$1,10223,1,71,13,18,False,-1.0,0,negative,negative,True,17,17,16,0,17,17,16,0,50,0,True,True
aligned,train,10223$_$9,10223,9,53,12,19,False,0.6666666865348816,2,positive,positive,True,18,18,17,0,18,18,17,0,50,0,True,True
aligned,train,106077$_$1,106077,1,63,12,14,False,0.3333333432674408,2,positive,positive,True,13,13,12,0,13,13,12,0,50,0,True,True
aligned,train,106077$_$2,106077,2,99,18,20,False,0.0,1,neutral,neutral,True,19,19,18,0,19,19,18,0,50,0,True,True
aligned,train,106077$_$7,106077,7,44,7,13,False,-1.0,0,negative,negative,True,12,12,11,0,12,12,11,0,50,0,True,True
aligned,train,106514$_$10,106514,10,113,21,27,False,-1.0,0,negative,negative,True,26,26,25,0,26,26,25,0,50,0,True,True
aligned,train,106514$_$2,106514,2,76,15,22,False,1.3333333730697632,2,positive,positive,True,21,21,20,0,21,21,20,0,50,0,True,True
aligned,train,106514$_$9,106514,9,26,4,6,False,-0.3333333432674408,0,negative,negative,True,5,5,4,0,5,5,4,0,50,0,True,True
aligned,train,106941$_$10,106941,10,129,26,32,False,-2.0,0,negative,negative,True,31,31,30,0,31,31,30,0,50,0,True,True
aligned,train,106941$_$12,106941,12,109,21,28,False,-1.6666666269302368,0,negative,negative,True,27,27,26,0,27,27,26,0,50,0,True,True
aligned,train,106941$_$3,106941,3,116,23,31,False,-0.3333333432674408,0,negative,negative,True,30,30,29,0,30,30,29,0,50,0,True,True
aligned,train,106941$_$2,106941,2,39,5,13,False,-0.6666666865348816,0,negative,negative,True,12,12,11,0,12,12,11,0,50,0,True,True
aligned,train,106941$_$7,106941,7,35,6,13,False,-1.6666666269302368,0,negative,negative,True,12,12,11,0,12,12,11,0,50,0,True,True
aligned,train,106941$_$9,106941,9,51,6,11,False,-0.6666666865348816,0,negative,negative,True,10,10,9,0,10,10,9,0,50,0,True,True
aligned,train,106941$_$8,106941,8,61,11,14,False,-1.6666666269302368,0,negative,negative,True,13,13,12,0,13,13,12,0,50,0,True,True
aligned,train,107551$_$1,107551,1,118,24,29,False,0.3333333432674408,2,positive,positive,True,28,28,27,0,28,28,27,0,50,0,True,True
aligned,train,107551$_$3,107551,3,47,9,14,False,-1.3333333730697632,0,negative,negative,True,13,13,12,0,13,13,12,0,50,0,True,True
aligned,train,107551$_$5,107551,5,263,54,50,False,-2.3333332538604736,0,negative,negative,True,49,49,48,0,49,49,48,0,50,0,True,True
aligned,train,107551$_$6,107551,6,37,7,11,False,0.0,1,neutral,neutral,True,10,10,9,0,10,10,9,0,50,0,True,True
aligned,train,108793$_$10,108793,10,87,17,30,False,-1.6666666269302368,0,negative,negative,True,29,29,28,0,29,29,28,0,50,0,True,True
aligned,train,108793$_$17,108793,17,61,15,23,False,-1.3333333730697632,0,negative,negative,True,22,22,21,0,22,22,10,11,50,0,True,True
aligned,train,108793$_$1,108793,1,55,11,17,False,1.3333333730697632,2,positive,positive,True,16,16,15,0,16,16,15,0,50,0,True,True
aligned,train,108793$_$0,108793,0,14,3,5,False,0.0,1,neutral,neutral,True,4,4,3,0,4,4,3,0,50,0,True,True
aligned,train,108793$_$8,108793,8,43,10,14,False,0.6666666865348816,2,positive,positive,True,13,13,12,0,13,13,12,0,50,0,True,True
aligned,train,110203$_$2,110203,2,265,47,50,False,0.0,1,neutral,neutral,True,49,49,48,0,37,37,17,19,50,0,True,True
aligned,train,110203$_$7,110203,7,59,11,15,False,-1.3333333730697632,0,negative,negative,True,14,14,13,0,14,14,3,10,50,0,True,True
aligned,train,110754$_$3,110754,3,104,20,25,False,0.0,1,neutral,neutral,True,24,24,23,0,21,21,20,0,50,0,True,True
aligned,train,110754$_$2,110754,2,105,19,25,False,0.0,1,neutral,neutral,True,24,24,23,0,24,24,14,9,50,0,True,True
aligned,train,110766$_$8,110766,8,29,5,9,False,-1.0,0,negative,negative,True,8,8,7,0,8,8,7,0,50,0,True,True
aligned,train,110788$_$0,110788,0,67,13,15,False,0.0,1,neutral,neutral,True,14,14,13,0,14,14,13,0,50,0,True,True
aligned,train,110788$_$5,110788,5,48,9,17,False,0.0,1,neutral,neutral,True,16,16,15,0,16,16,15,0,50,0,True,True
aligned,train,112148$_$12,112148,12,54,13,18,False,1.0,2,positive,positive,True,17,17,16,0,17,17,16,0,50,0,True,True
aligned,train,112148$_$5,112148,5,34,7,13,False,-0.6666666865348816,0,negative,negative,True,12,12,11,0,12,12,11,0,50,0,True,True
aligned,train,112148$_$4,112148,4,34,5,13,False,-0.6666666865348816,0,negative,negative,True,12,12,11,0,12,12,11,0,50,0,True,True
aligned,train,112148$_$7,112148,7,63,12,21,False,-1.6666666269302368,0,negative,negative,True,20,20,19,0,20,20,19,0,50,0,True,True
aligned,train,112169$_$7,112169,7,28,6,10,False,-0.3333333432674408,0,negative,negative,True,9,9,8,0,9,9,8,0,50,0,True,True
aligned,train,112604$_$1,112604,1,394,75,50,False,0.6666666865348816,2,positive,positive,True,49,49,48,0,49,49,48,0,50,0,True,True
aligned,train,112631$_$1,112631,1,256,47,50,False,0.0,1,neutral,neutral,True,49,49,48,0,49,49,48,0,50,0,True,True
aligned,train,112631$_$6,112631,6,86,18,22,False,-0.6666666865348816,0,negative,negative,True,21,21,20,0,21,21,20,0,50,0,True,True
aligned,train,112903$_$0,112903,0,137,23,32,False,0.3333333432674408,2,positive,positive,True,31,31,30,0,31,31,30,0,50,0,True,True
aligned,train,112903$_$3,112903,3,120,22,29,False,-0.3333333432674408,0,negative,negative,True,28,28,27,0,28,28,27,0,50,0,True,True
aligned,train,112903$_$6,112903,6,218,41,50,False,-2.6666667461395264,0,negative,negative,True,49,49,48,0,49,49,48,0,50,0,True,True
aligned,train,113265$_$3,113265,3,60,14,20,False,-2.0,0,negative,negative,True,19,19,18,0,19,19,18,0,50,0,True,True
aligned,train,113265$_$4,113265,4,135,29,35,False,-2.0,0,negative,negative,True,34,34,33,0,34,34,33,0,50,0,True,True
aligned,train,114624$_$11,114624,11,19,3,7,False,-1.0,0,negative,negative,True,6,6,5,0,6,6,5,0,50,0,True,True
aligned,train,114624$_$6,114624,6,60,12,20,False,-1.6666666269302368,0,negative,negative,True,19,19,18,0,19,19,18,0,50,0,True,True
aligned,train,114624$_$8,114624,8,36,6,11,False,0.0,1,neutral,neutral,True,10,10,9,0,10,10,9,0,50,0,True,True
aligned,train,11650$_$0,11650,0,12,3,6,False,0.3333333432674408,2,positive,positive,True,5,5,4,0,5,5,4,0,50,0,True,True
aligned,train,11650$_$3,11650,3,100,20,27,False,0.0,1,neutral,neutral,True,26,26,25,0,26,26,25,0,50,0,True,True
aligned,train,11650$_$4,11650,4,147,26,35,False,-0.3333333432674408,0,negative,negative,True,34,34,33,0,34,34,33,0,50,0,True,True
aligned,train,11650$_$13,11650,13,39,8,12,False,-1.0,0,negative,negative,True,11,11,10,0,11,11,10,0,50,0,True,True
aligned,train,11650$_$18,11650,18,94,18,24,False,-2.3333332538604736,0,negative,negative,True,23,23,22,0,23,23,22,0,50,0,True,True
aligned,train,119348$_$11,119348,11,87,17,22,False,-1.3333333730697632,0,negative,negative,True,21,21,20,0,21,21,20,0,50,0,True,True
aligned,train,119348$_$3,119348,3,99,20,26,False,1.0,2,positive,positive,True,25,25,24,0,25,25,24,0,50,0,True,True
aligned,train,119348$_$2,119348,2,66,13,22,False,0.0,1,neutral,neutral,True,21,21,20,0,21,21,8,12,50,0,True,True
aligned,train,120vnZnmhq4$_$2,120vnZnmhq4,2,113,24,31,False,1.6666666269302368,2,positive,positive,True,30,30,29,0,30,30,29,0,50,0,True,True
aligned,train,121358$_$1,121358,1,32,6,10,False,0.3333333432674408,2,positive,positive,True,9,9,8,0,9,9,8,0,50,0,True,True
aligned,train,121358$_$4,121358,4,31,5,7,False,1.0,2,positive,positive,True,6,6,5,0,6,6,5,0,50,0,True,True
aligned,train,121358$_$10,121358,10,71,13,16,False,0.3333333432674408,2,positive,positive,True,15,15,14,0,15,15,14,0,50,0,True,True
aligned,train,121358$_$13,121358,13,22,5,9,False,0.6666666865348816,2,positive,positive,True,8,8,7,0,8,8,7,0,50,0,True,True
aligned,train,121358$_$15,121358,15,56,10,20,False,0.0,1,neutral,neutral,True,19,19,18,0,19,19,18,0,50,0,True,True
aligned,train,121358$_$14,121358,14,81,14,20,False,-0.6666666865348816,0,negative,negative,True,19,19,18,0,19,19,18,0,50,0,True,True
aligned,train,122439$_$4,122439,4,116,22,29,False,0.0,1,neutral,neutral,True,28,28,27,0,28,28,27,0,50,0,True,True
aligned,train,122602$_$12,122602,12,155,27,35,False,-1.0,0,negative,negative,True,34,34,33,0,34,34,33,0,50,0,True,True
aligned,train,122602$_$15,122602,15,59,12,14,False,-1.3333333730697632,0,negative,negative,True,13,13,12,0,13,13,12,0,50,0,True,True
aligned,train,122602$_$0,122602,0,71,12,16,False,0.0,1,neutral,neutral,True,15,15,14,0,15,15,14,0,50,0,True,True
aligned,train,122602$_$4,122602,4,36,7,11,False,-1.3333333730697632,0,negative,negative,True,10,10,9,0,10,10,9,0,50,0,True,True
aligned,train,122842$_$1,122842,1,47,10,12,False,3.0,2,positive,positive,True,11,11,10,0,0,0,0,0,50,0,True,True
aligned,train,122842$_$6,122842,6,104,21,30,False,0.0,1,neutral,neutral,True,29,29,28,0,29,29,28,0,50,0,True,True
aligned,train,125730$_$12,125730,12,112,20,24,False,-1.0,0,negative,negative,True,23,23,22,0,23,23,22,0,50,0,True,True
aligned,train,125730$_$1,125730,1,106,21,26,False,1.6666666269302368,2,positive,positive,True,25,25,24,0,25,25,24,0,50,0,True,True
aligned,train,125730$_$0,125730,0,100,19,30,False,0.0,1,neutral,neutral,True,29,29,28,0,29,29,28,0,50,0,True,True
aligned,train,125730$_$2,125730,2,35,7,9,False,2.3333332538604736,2,positive,positive,True,8,8,7,0,8,8,7,0,50,0,True,True
aligned,train,125730$_$8,125730,8,78,17,20,False,-0.3333333432674408,0,negative,negative,True,19,19,18,0,19,19,18,0,50,0,True,True
aligned,train,125845$_$1,125845,1,161,31,45,False,0.6666666865348816,2,positive,positive,True,44,44,43,0,44,44,43,0,50,0,True,True
aligned,train,125845$_$3,125845,3,153,30,43,False,1.6666666269302368,2,positive,positive,True,42,42,41,0,42,42,41,0,50,0,True,True
aligned,train,125845$_$5,125845,5,171,31,40,False,1.3333333730697632,2,positive,positive,True,39,39,38,0,39,39,38,0,50,0,True,True
aligned,train,126542$_$11,126542,11,120,23,33,False,-1.6666666269302368,0,negative,negative,True,32,32,31,0,32,32,31,0,50,0,True,True
aligned,train,126542$_$12,126542,12,18,4,6,False,-1.3333333730697632,0,negative,negative,True,5,5,4,0,5,5,4,0,50,0,True,True
aligned,train,126542$_$17,126542,17,50,8,15,False,-2.0,0,negative,negative,True,14,14,13,0,14,14,13,0,50,0,True,True
aligned,train,126542$_$16,126542,16,68,10,21,False,-1.3333333730697632,0,negative,negative,True,20,20,19,0,20,20,19,0,50,0,True,True
aligned,train,126542$_$3,126542,3,31,6,12,False,0.0,1,neutral,neutral,True,11,11,10,0,11,11,10,0,50,0,True,True
aligned,train,126831$_$10,126831,10,106,20,28,False,-2.3333332538604736,0,negative,negative,True,27,27,26,0,27,27,26,0,50,0,True,True
aligned,train,126831$_$3,126831,3,93,19,27,False,-1.6666666269302368,0,negative,negative,True,26,26,25,0,26,26,25,0,50,0,True,True
aligned,train,127470$_$5,127470,5,41,8,12,False,-0.3333333432674408,0,negative,negative,True,11,11,10,0,11,11,10,0,50,0,True,True
aligned,train,127470$_$6,127470,6,48,10,18,False,-1.6666666269302368,0,negative,negative,True,17,17,16,0,17,17,16,0,50,0,True,True
aligned,train,127539$_$5,127539,5,49,8,15,False,0.0,1,neutral,neutral,True,14,14,13,0,14,14,13,0,50,0,True,True
aligned,train,127539$_$7,127539,7,117,19,37,False,-2.0,0,negative,negative,True,36,36,35,0,36,36,35,0,50,0,True,True
aligned,train,127539$_$6,127539,6,119,20,33,False,-0.6666666865348816,0,negative,negative,True,32,32,31,0,32,32,31,0,50,0,True,True
aligned,train,127539$_$9,127539,9,48,10,19,False,-1.0,0,negative,negative,True,18,18,17,0,18,18,17,0,50,0,True,True
aligned,train,127539$_$8,127539,8,169,34,45,False,-1.3333333730697632,0,negative,negative,True,44,44,43,0,44,44,43,0,50,0,True,True
aligned,train,12812$_$3,12812,3,231,40,50,False,1.6666666269302368,2,positive,positive,True,49,49,48,0,49,49,48,0,50,0,True,True
aligned,train,12812$_$6,12812,6,174,32,47,False,2.3333332538604736,2,positive,positive,True,46,46,45,0,46,46,45,0,50,0,True,True
aligned,train,128258$_$13,128258,13,149,32,38,False,-1.0,0,negative,negative,True,37,37,36,0,37,37,36,0,50,0,True,True
aligned,train,128258$_$1,128258,1,127,25,29,False,-1.3333333730697632,0,negative,negative,True,28,28,27,0,28,28,27,0,50,0,True,True
aligned,train,128752$_$15,128752,15,77,14,24,False,-1.0,0,negative,negative,True,23,23,22,0,23,23,22,0,50,0,True,True
aligned,train,128752$_$16,128752,16,35,6,10,False,-2.0,0,negative,negative,True,9,9,8,0,9,9,8,0,50,0,True,True
aligned,train,128752$_$3,128752,3,78,14,29,False,0.0,1,neutral,neutral,True,28,28,27,0,28,28,27,0,50,0,True,True
aligned,train,128752$_$7,128752,7,69,15,24,False,0.0,1,neutral,neutral,True,23,23,22,0,23,23,22,0,50,0,True,True
aligned,train,128752$_$9,128752,9,95,17,25,False,-0.3333333432674408,0,negative,negative,True,24,24,23,0,24,24,23,0,50,0,True,True
aligned,train,128949$_$2,128949,2,133,27,34,False,0.0,1,neutral,neutral,True,33,33,32,0,33,33,32,0,50,0,True,True
aligned,train,129733$_$7,129733,7,143,28,38,False,0.0,1,neutral,neutral,True,37,37,36,0,37,37,36,0,50,0,True,True
aligned,train,130149$_$3,130149,3,40,9,15,False,0.0,1,neutral,neutral,True,14,14,13,0,14,14,13,0,50,0,True,True
aligned,train,130149$_$6,130149,6,68,14,25,False,-1.6666666269302368,0,negative,negative,True,24,24,23,0,24,24,23,0,50,0,True,True
aligned,train,130426$_$0,130426,0,131,20,30,False,-2.0,0,negative,negative,True,29,29,28,0,29,29,28,0,50,0,True,True
aligned,train,130426$_$6,130426,6,115,22,33,False,-2.0,0,negative,negative,True,32,32,31,0,32,32,31,0,50,0,True,True
aligned,train,130633$_$5,130633,5,200,43,50,False,0.0,1,neutral,neutral,True,49,49,48,0,49,49,48,0,50,0,True,True
aligned,train,130633$_$7,130633,7,74,13,18,False,2.3333332538604736,2,positive,positive,True,17,17,16,0,17,17,16,0,50,0,True,True
aligned,train,131650$_$1,131650,1,159,32,40,False,1.6666666269302368,2,positive,positive,True,39,39,38,0,39,39,38,0,50,0,True,True
aligned,train,131650$_$0,131650,0,72,16,21,False,0.3333333432674408,2,positive,positive,True,20,20,19,0,20,20,19,0,50,0,True,True
aligned,train,131650$_$3,131650,3,76,14,16,False,-1.3333333730697632,0,negative,negative,True,15,15,14,0,15,15,14,0,50,0,True,True
aligned,train,131650$_$9,131650,9,12,3,5,False,-3.0,0,negative,negative,True,4,4,3,0,4,4,3,0,50,0,True,True
aligned,train,131871$_$1,131871,1,121,24,33,False,-2.0,0,negative,negative,True,32,32,31,0,32,32,31,0,50,0,True,True
aligned,train,131936$_$2,131936,2,43,7,11,False,0.0,1,neutral,neutral,True,10,10,9,0,10,10,9,0,50,0,True,True
aligned,train,131936$_$4,131936,4,136,28,32,False,-1.3333333730697632,0,negative,negative,True,31,31,30,0,31,31,30,0,50,0,True,True
aligned,train,134252$_$1,134252,1,69,13,21,False,0.0,1,neutral,neutral,True,20,20,19,0,18,18,17,0,50,0,True,True
aligned,train,134252$_$0,134252,0,2,1,3,False,0.3333333432674408,2,positive,positive,True,2,2,1,0,2,2,1,0,50,0,True,True
aligned,train,136205$_$12,136205,12,55,11,13,False,-0.6666666865348816,0,negative,negative,True,12,12,11,0,12,12,11,0,50,0,True,True
aligned,train,136205$_$0,136205,0,60,12,15,False,0.0,1,neutral,neutral,True,14,14,13,0,14,14,13,0,50,0,True,True
aligned,train,136205$_$6,136205,6,31,5,8,False,-0.6666666865348816,0,negative,negative,True,7,7,6,0,7,7,6,0,50,0,True,True
aligned,train,136211$_$3,136211,3,67,10,16,False,-0.6666666865348816,0,negative,negative,True,15,15,14,0,15,15,14,0,50,0,True,True
aligned,train,136211$_$2,136211,2,167,35,47,False,2.0,2,positive,positive,True,46,46,45,0,46,46,45,0,50,0,True,True
aligned,train,137827$_$1,137827,1,49,10,14,False,1.3333333730697632,2,positive,positive,True,13,13,12,0,13,13,12,0,50,0,True,True
aligned,train,137827$_$2,137827,2,143,26,33,False,-1.6666666269302368,0,negative,negative,True,32,32,31,0,32,32,31,0,50,0,True,True
aligned,train,137827$_$4,137827,4,103,18,26,False,-1.3333333730697632,0,negative,negative,True,25,25,24,0,25,25,24,0,50,0,True,True
aligned,train,139006$_$12,139006,12,473,87,50,False,-2.6666667461395264,0,negative,negative,True,49,49,48,0,49,49,48,0,50,0,True,True
aligned,train,139006$_$3,139006,3,79,12,18,False,-0.6666666865348816,0,negative,negative,True,17,17,16,0,17,17,16,0,50,0,True,True
aligned,train,139032$_$16,139032,16,29,5,9,False,-2.6666667461395264,0,negative,negative,True,8,8,7,0,8,8,7,0,50,0,True,True
aligned,train,139032$_$3,139032,3,95,20,30,False,-1.6666666269302368,0,negative,negative,True,29,29,28,0,29,29,28,0,50,0,True,True
aligned,train,13JpsLvddoY$_$8,13JpsLvddoY,8,76,14,18,False,2.0,2,positive,positive,True,17,17,16,0,17,17,16,0,50,0,True,True
aligned,train,13JpsLvddoY$_$7,13JpsLvddoY,7,129,25,32,False,0.3333333432674408,2,positive,positive,True,31,31,30,0,31,31,30,0,50,0,True,True
aligned,train,140293$_$0,140293,0,75,13,20,False,0.0,1,neutral,neutral,True,19,19,18,0,19,19,17,1,50,0,True,True
aligned,train,140317$_$5,140317,5,35,7,12,False,0.0,1,neutral,neutral,True,11,11,10,0,0,0,0,0,50,0,True,True
aligned,train,140317$_$7,140317,7,191,34,50,False,0.0,1,neutral,neutral,True,49,49,48,0,49,49,48,0,50,0,True,True
aligned,train,154449$_$2,154449,2,72,14,21,False,0.3333333432674408,2,positive,positive,True,20,20,19,0,20,20,19,0,50,0,True,True
aligned,train,154449$_$4,154449,4,15,3,5,False,-2.3333332538604736,0,negative,negative,True,4,4,3,0,4,4,3,0,50,0,True,True
aligned,train,154449$_$6,154449,6,68,13,22,False,-3.0,0,negative,negative,True,21,21,20,0,21,21,20,0,50,0,True,True
aligned,train,154449$_$8,154449,8,68,15,22,False,-1.3333333730697632,0,negative,negative,True,21,21,20,0,21,21,20,0,50,0,True,True
aligned,train,15837$_$1,15837,1,56,8,17,False,0.0,1,neutral,neutral,True,16,16,15,0,16,16,15,0,50,0,True,True
aligned,train,15837$_$9,15837,9,132,31,40,False,0.6666666865348816,2,positive,positive,True,39,39,38,0,13,13,11,1,50,0,True,True
aligned,train,15Wu4U2VPLw$_$2,15Wu4U2VPLw,2,102,15,17,False,0.0,1,neutral,neutral,True,16,16,15,0,16,16,15,0,50,0,True,True
aligned,train,15Wu4U2VPLw$_$4,15Wu4U2VPLw,4,154,23,29,False,0.0,1,neutral,neutral,True,28,28,27,0,26,26,25,0,50,0,True,True
aligned,train,15Wu4U2VPLw$_$6,15Wu4U2VPLw,6,82,15,17,False,0.3333333432674408,2,positive,positive,True,16,16,15,0,0,0,0,0,50,0,True,True
aligned,train,15ktF-6wutk$_$4,15ktF-6wutk,4,77,15,19,False,1.0,2,positive,positive,True,18,18,17,0,17,17,3,13,50,0,True,True
aligned,train,180923$_$14,180923,14,67,13,15,False,-0.3333333432674408,0,negative,negative,True,14,14,13,0,14,14,13,0,50,0,True,True
aligned,train,180923$_$5,180923,5,15,4,6,False,0.0,1,neutral,neutral,True,5,5,4,0,5,5,4,0,50,0,True,True
aligned,train,180923$_$4,180923,4,80,16,19,False,0.0,1,neutral,neutral,True,18,18,17,0,18,18,17,0,50,0,True,True
aligned,train,180923$_$6,180923,6,216,47,50,False,-0.3333333432674408,0,negative,negative,True,49,49,48,0,49,49,48,0,50,0,True,True
aligned,train,184784$_$6,184784,6,162,32,44,False,-0.6666666865348816,0,negative,negative,True,43,43,42,0,43,43,38,4,50,0,True,True
aligned,train,186631$_$10,186631,10,146,28,38,False,-0.6666666865348816,0,negative,negative,True,37,37,36,0,37,37,36,0,50,0,True,True
aligned,train,186631$_$6,186631,6,199,38,50,False,1.3333333730697632,2,positive,positive,True,49,49,48,0,49,49,48,0,50,0,True,True
aligned,train,188122$_$12,188122,12,88,17,25,False,0.0,1,neutral,neutral,True,24,24,23,0,24,24,23,0,50,0,True,True
aligned,train,188122$_$16,188122,16,149,31,40,False,2.0,2,positive,positive,True,39,39,38,0,31,31,18,12,50,0,True,True
aligned,train,188122$_$9,188122,9,83,17,31,False,1.3333333730697632,2,positive,positive,True,30,30,29,0,30,30,29,0,50,0,True,True
aligned,train,189966$_$21,189966,21,22,6,8,False,-2.0,0,negative,negative,True,7,7,6,0,7,7,6,0,50,0,True,True
aligned,train,189966$_$22,189966,22,29,7,9,False,-2.0,0,negative,negative,True,8,8,7,0,8,8,7,0,50,0,True,True
aligned,train,189966$_$2,189966,2,68,11,14,False,0.0,1,neutral,neutral,True,13,13,12,0,13,13,12,0,50,0,True,True
aligned,train,189966$_$4,189966,4,37,7,12,False,0.0,1,neutral,neutral,True,11,11,10,0,11,11,10,0,50,0,True,True
aligned,train,189966$_$6,189966,6,56,11,14,False,0.0,1,neutral,neutral,True,13,13,12,0,13,13,12,0,50,0,True,True
aligned,train,189966$_$12,189966,12,33,7,11,False,0.0,1,neutral,neutral,True,10,10,9,0,10,10,9,0,50,0,True,True
aligned,train,189966$_$14,189966,14,134,25,31,False,0.0,1,neutral,neutral,True,30,30,29,0,30,30,29,0,50,0,True,True
aligned,train,189966$_$16,189966,16,163,29,42,False,1.3333333730697632,2,positive,positive,True,41,41,40,0,41,41,40,0,50,0,True,True
aligned,train,189966$_$19,189966,19,20,3,7,False,0.0,1,neutral,neutral,True,6,6,5,0,6,6,5,0,50,0,True,True
aligned,train,18JTkk8JbeU$_$6,18JTkk8JbeU,6,115,23,28,False,0.0,1,neutral,neutral,True,27,27,26,0,27,27,26,0,50,0,True,True
aligned,train,18QjfdhJEM4$_$14,18QjfdhJEM4,14,164,29,35,False,0.0,1,neutral,neutral,True,34,34,33,0,34,34,33,0,50,0,True,True
aligned,train,18QjfdhJEM4$_$17,18QjfdhJEM4,17,66,10,14,False,0.0,1,neutral,neutral,True,13,13,12,0,13,13,12,0,50,0,True,True
aligned,train,18QjfdhJEM4$_$23,18QjfdhJEM4,23,73,12,16,False,-2.0,0,negative,negative,True,15,15,14,0,15,15,12,2,50,0,True,True
aligned,train,18QjfdhJEM4$_$4,18QjfdhJEM4,4,172,29,34,False,1.0,2,positive,positive,True,33,33,32,0,33,33,32,0,50,0,True,True
aligned,train,190740$_$2,190740,2,142,29,39,False,-0.6666666865348816,0,negative,negative,True,38,38,37,0,38,38,37,0,50,0,True,True
aligned,train,190740$_$4,190740,4,93,22,24,False,-0.6666666865348816,0,negative,negative,True,23,23,22,0,23,23,22,0,50,0,True,True
aligned,train,190740$_$7,190740,7,137,27,32,False,-2.6666667461395264,0,negative,negative,True,31,31,30,0,31,31,30,0,50,0,True,True
aligned,train,190740$_$6,190740,6,67,14,16,False,-2.6666667461395264,0,negative,negative,True,15,15,14,0,15,15,14,0,50,0,True,True
aligned,train,192799$_$10,192799,10,124,21,33,False,1.0,2,positive,positive,True,32,32,31,0,32,32,31,0,50,0,True,True
aligned,train,192799$_$17,192799,17,108,23,30,False,-2.0,0,negative,negative,True,29,29,28,0,29,29,28,0,50,0,True,True
aligned,train,192799$_$7,192799,7,48,8,16,False,-1.3333333730697632,0,negative,negative,True,15,15,14,0,15,15,14,0,50,0,True,True
aligned,train,192799$_$8,192799,8,131,26,31,False,-2.3333332538604736,0,negative,negative,True,30,30,29,0,30,30,29,0,50,0,True,True
aligned,train,194625$_$16,194625,16,34,7,11,False,-1.6666666269302368,0,negative,negative,True,10,10,9,0,10,10,9,0,50,0,True,True
aligned,train,194625$_$18,194625,18,195,39,50,False,-2.0,0,negative,negative,True,49,49,48,0,49,49,45,3,50,0,True,True
aligned,train,194625$_$5,194625,5,50,9,13,False,0.0,1,neutral,neutral,True,12,12,11,0,12,12,11,0,50,0,True,True
aligned,train,194625$_$7,194625,7,152,32,41,False,-1.6666666269302368,0,negative,negative,True,40,40,39,0,40,40,37,2,50,0,True,True
aligned,train,197778$_$11,197778,11,86,18,30,False,3.0,2,positive,positive,True,29,29,28,0,29,29,28,0,50,0,True,True
aligned,train,197778$_$2,197778,2,70,13,17,False,1.0,2,positive,positive,True,16,16,15,0,16,16,15,0,50,0,True,True
aligned,train,197778$_$4,197778,4,86,15,23,False,0.0,1,neutral,neutral,True,22,22,21,0,22,22,21,0,50,0,True,True
aligned,train,197778$_$9,197778,9,63,12,17,False,0.0,1,neutral,neutral,True,16,16,15,0,16,16,15,0,50,0,True,True
aligned,train,19k6sEC7814$_$10,19k6sEC7814,10,74,13,17,False,0.6666666865348816,2,positive,positive,True,16,16,15,0,16,16,15,0,50,0,True,True
aligned,train,19k6sEC7814$_$4,19k6sEC7814,4,81,15,20,False,0.6666666865348816,2,positive,positive,True,19,19,18,0,19,19,18,0,50,0,True,True
aligned,train,1A-aRhYx-GQ$_$15,1A-aRhYx-GQ,15,170,34,45,False,0.6666666865348816,2,positive,positive,True,44,44,43,0,44,44,43,0,50,0,True,True
aligned,train,1A-aRhYx-GQ$_$31,1A-aRhYx-GQ,31,79,16,25,False,2.0,2,positive,positive,True,24,24,23,0,24,24,23,0,50,0,True,True
aligned,train,1A-aRhYx-GQ$_$7,1A-aRhYx-GQ,7,94,20,24,False,0.6666666865348816,2,positive,positive,True,23,23,22,0,23,23,22,0,50,0,True,True
aligned,train,1A7dqFxx8wU$_$0,1A7dqFxx8wU,0,44,6,9,False,0.3333333432674408,2,positive,positive,True,8,8,7,0,8,8,7,0,50,0,True,True
aligned,train,1CjUHNYzW1E$_$11,1CjUHNYzW1E,11,44,9,11,False,2.0,2,positive,positive,True,10,10,9,0,10,10,9,0,50,0,True,True
aligned,train,1ESU5ONMMxs$_$14,1ESU5ONMMxs,14,131,23,29,False,0.6666666865348816,2,positive,positive,True,28,28,27,0,28,28,25,2,50,0,True,True
aligned,train,1ESU5ONMMxs$_$0,1ESU5ONMMxs,0,92,16,20,False,-1.0,0,negative,negative,True,19,19,18,0,16,16,15,0,50,0,True,True
aligned,train,1ESU5ONMMxs$_$6,1ESU5ONMMxs,6,77,13,18,False,0.3333333432674408,2,positive,positive,True,17,17,16,0,0,0,0,0,50,0,True,True
aligned,train,1ESU5ONMMxs$_$8,1ESU5ONMMxs,8,147,28,38,False,0.0,1,neutral,neutral,True,37,37,36,0,0,0,0,0,50,0,True,True
aligned,train,1F0qH0EEBfo$_$21,1F0qH0EEBfo,21,170,33,44,False,1.3333333730697632,2,positive,positive,True,43,43,42,0,43,43,42,0,50,0,True,True
aligned,train,1F0qH0EEBfo$_$1,1F0qH0EEBfo,1,55,10,13,False,0.3333333432674408,2,positive,positive,True,12,12,11,0,12,12,11,0,50,0,True,True
aligned,train,1F0qH0EEBfo$_$0,1F0qH0EEBfo,0,95,18,27,False,1.6666666269302368,2,positive,positive,True,26,26,25,0,26,26,25,0,50,0,True,True
aligned,train,1F0qH0EEBfo$_$5,1F0qH0EEBfo,5,65,12,14,False,1.0,2,positive,positive,True,13,13,12,0,13,13,12,0,50,0,True,True
aligned,train,1F0qH0EEBfo$_$9,1F0qH0EEBfo,9,127,21,33,False,-0.3333333432674408,0,negative,negative,True,32,32,31,0,32,32,31,0,50,0,True,True
aligned,train,1F0qH0EEBfo$_$15,1F0qH0EEBfo,15,85,16,18,False,1.3333333730697632,2,positive,positive,True,17,17,16,0,17,17,16,0,50,0,True,True
aligned,train,1F0qH0EEBfo$_$14,1F0qH0EEBfo,14,42,8,12,False,0.0,1,neutral,neutral,True,11,11,10,0,11,11,8,2,50,0,True,True
aligned,train,1JQ9UCBEmCU$_$1,1JQ9UCBEmCU,1,64,12,14,False,0.0,1,neutral,neutral,True,13,13,12,0,13,13,3,9,50,0,True,True
aligned,train,1JQ9UCBEmCU$_$0,1JQ9UCBEmCU,0,25,6,8,False,0.0,1,neutral,neutral,True,7,7,6,0,0,0,0,0,50,0,True,True
aligned,train,1W38PnuWIkM$_$3,1W38PnuWIkM,3,102,20,23,False,0.6666666865348816,2,positive,positive,True,22,22,21,0,15,15,14,0,50,0,True,True
aligned,train,1W38PnuWIkM$_$5,1W38PnuWIkM,5,139,24,29,False,1.3333333730697632,2,positive,positive,True,28,28,27,0,28,28,6,21,50,0,True,True
aligned,train,1W38PnuWIkM$_$4,1W38PnuWIkM,4,122,22,27,False,0.6666666865348816,2,positive,positive,True,26,26,25,0,26,26,25,0,50,0,True,True
aligned,train,1W38PnuWIkM$_$6,1W38PnuWIkM,6,38,5,7,False,-0.6666666865348816,0,negative,negative,True,6,6,5,0,6,6,5,0,50,0,True,True
aligned,train,1bzS0YF5hfs$_$1,1bzS0YF5hfs,1,96,15,20,False,0.6666666865348816,2,positive,positive,True,19,19,18,0,19,19,18,0,50,0,True,True
aligned,train,1dWsw38VDjY$_$9,1dWsw38VDjY,9,111,22,33,False,0.3333333432674408,2,positive,positive,True,32,32,31,0,32,32,31,0,50,0,True,True
aligned,train,1fqNb8cfLFE$_$2,1fqNb8cfLFE,2,251,42,50,False,0.6666666865348816,2,positive,positive,True,49,49,48,0,49,49,48,0,50,0,True,True
aligned,train,1k7br8xXMSU$_$11,1k7br8xXMSU,11,189,39,47,False,0.3333333432674408,2,positive,positive,True,46,46,45,0,46,46,45,0,50,0,True,True
aligned,train,1k7br8xXMSU$_$12,1k7br8xXMSU,12,320,67,50,False,-0.3333333432674408,0,negative,negative,True,49,49,48,0,49,49,48,0,50,0,True,True
aligned,train,1mHjMNZZvFo$_$1,1mHjMNZZvFo,1,112,22,29,False,1.3333333730697632,2,positive,positive,True,28,28,27,0,28,28,27,0,50,0,True,True
aligned,train,1mHjMNZZvFo$_$5,1mHjMNZZvFo,5,75,15,19,False,0.3333333432674408,2,positive,positive,True,18,18,17,0,18,18,17,0,50,0,True,True
aligned,train,1pvK0_9SQns$_$10,1pvK0_9SQns,10,153,28,33,False,0.0,1,neutral,neutral,True,32,32,31,0,32,32,31,0,50,0,True,True
aligned,train,1pvK0_9SQns$_$8,1pvK0_9SQns,8,153,28,37,False,0.0,1,neutral,neutral,True,36,36,35,0,36,36,35,0,50,0,True,True
aligned,train,1sJjdaXXuJg$_$4,1sJjdaXXuJg,4,139,28,30,False,1.3333333730697632,2,positive,positive,True,29,29,28,0,29,29,28,0,50,0,True,True
aligned,train,1tuMFJnlXJc$_$20,1tuMFJnlXJc,20,119,22,34,False,0.6666666865348816,2,positive,positive,True,33,33,32,0,33,33,32,0,50,0,True,True
aligned,train,1tuMFJnlXJc$_$1,1tuMFJnlXJc,1,62,11,16,False,0.3333333432674408,2,positive,positive,True,15,15,14,0,15,15,14,0,50,0,True,True
aligned,train,1tuMFJnlXJc$_$3,1tuMFJnlXJc,3,249,42,50,False,0.3333333432674408,2,positive,positive,True,49,49,48,0,49,49,48,0,50,0,True,True
aligned,train,1tuMFJnlXJc$_$4,1tuMFJnlXJc,4,86,17,22,False,0.3333333432674408,2,positive,positive,True,21,21,20,0,21,21,20,0,50,0,True,True
aligned,train,2-4autDbHVQ$_$12,2-4autDbHVQ,12,44,11,15,False,0.6666666865348816,2,positive,positive,True,14,14,13,0,14,14,13,0,50,0,True,True
aligned,train,2-4autDbHVQ$_$19,2-4autDbHVQ,19,46,9,12,False,2.3333332538604736,2,positive,positive,True,11,11,10,0,11,11,10,0,50,0,True,True
aligned,train,2-4autDbHVQ$_$8,2-4autDbHVQ,8,54,12,17,False,0.6666666865348816,2,positive,positive,True,16,16,15,0,16,16,15,0,50,0,True,True
aligned,train,2-5hH_k2VFk$_$9,2-5hH_k2VFk,9,250,45,50,False,0.6666666865348816,2,positive,positive,True,49,49,48,0,49,49,48,0,50,0,True,True
aligned,train,201582$_$2,201582,2,223,40,50,False,-1.3333333730697632,0,negative,negative,True,49,49,48,0,49,49,48,0,50,0,True,True
aligned,train,201582$_$6,201582,6,82,16,23,False,0.0,1,neutral,neutral,True,22,22,21,0,22,22,21,0,50,0,True,True
aligned,train,202431$_$6,202431,6,223,42,50,False,-1.6666666269302368,0,negative,negative,True,49,49,48,0,49,49,42,6,50,0,True,True
aligned,train,202810$_$7,202810,7,47,10,13,False,-1.3333333730697632,0,negative,negative,True,12,12,11,0,12,12,11,0,50,0,True,True
aligned,train,202810$_$8,202810,8,97,22,29,False,-1.6666666269302368,0,negative,negative,True,28,28,27,0,28,28,27,0,50,0,True,True
aligned,train,202990$_$5,202990,5,138,25,32,False,-1.6666666269302368,0,negative,negative,True,31,31,30,0,31,31,30,0,50,0,True,True
aligned,train,202990$_$6,202990,6,165,33,40,False,0.0,1,neutral,neutral,True,39,39,38,0,39,39,38,0,50,0,True,True
aligned,train,206049$_$0,206049,0,67,15,19,False,1.0,2,positive,positive,True,18,18,17,0,18,18,17,0,50,0,True,True
aligned,train,206049$_$3,206049,3,149,32,37,False,-2.0,0,negative,negative,True,36,36,35,0,36,36,35,0,50,0,True,True
aligned,train,206051$_$2,206051,2,26,3,11,False,0.0,1,neutral,neutral,True,10,10,9,0,10,10,9,0,50,0,True,True
aligned,train,206376$_$2,206376,2,52,9,13,False,-0.6666666865348816,0,negative,negative,True,12,12,11,0,12,12,11,0,50,0,True,True
aligned,train,206507$_$2,206507,2,32,7,13,False,-1.3333333730697632,0,negative,negative,True,12,12,11,0,12,12,11,0,50,0,True,True
aligned,train,206507$_$6,206507,6,122,26,37,False,-0.3333333432674408,0,negative,negative,True,36,36,35,0,36,36,35,0,50,0,True,True
aligned,train,206606$_$5,206606,5,72,15,25,False,-1.0,0,negative,negative,True,24,24,23,0,24,24,23,0,50,0,True,True
aligned,train,206606$_$7,206606,7,151,32,39,False,-1.3333333730697632,0,negative,negative,True,38,38,37,0,38,38,37,0,50,0,True,True
aligned,train,207812$_$3,207812,3,94,18,26,False,2.3333332538604736,2,positive,positive,True,25,25,24,0,25,25,24,0,50,0,True,True
aligned,train,207812$_$9,207812,9,30,7,13,False,-0.6666666865348816,0,negative,negative,True,12,12,11,0,12,12,11,0,50,0,True,True
aligned,train,207812$_$8,207812,8,63,13,24,False,1.3333333730697632,2,positive,positive,True,23,23,22,0,23,23,22,0,50,0,True,True
aligned,train,208148$_$11,208148,11,83,17,21,False,-1.3333333730697632,0,negative,negative,True,20,20,19,0,20,20,19,0,50,0,True,True
aligned,train,208148$_$6,208148,6,144,26,36,False,0.0,1,neutral,neutral,True,35,35,34,0,35,35,34,0,50,0,True,True
aligned,train,208299$_$5,208299,5,184,36,50,False,-1.6666666269302368,0,negative,negative,True,49,49,48,0,49,49,48,0,50,0,True,True
aligned,train,208299$_$4,208299,4,175,33,45,False,-1.0,0,negative,negative,True,44,44,43,0,44,44,42,1,50,0,True,True
aligned,train,208299$_$6,208299,6,149,28,41,False,-2.3333332538604736,0,negative,negative,True,40,40,39,0,40,40,39,0,50,0,True,True
aligned,train,208299$_$8,208299,8,49,8,15,False,-1.3333333730697632,0,negative,negative,True,14,14,13,0,14,14,13,0,50,0,True,True
aligned,train,208416$_$11,208416,11,115,25,31,False,1.6666666269302368,2,positive,positive,True,30,30,29,0,30,30,29,0,50,0,True,True
aligned,train,208416$_$13,208416,13,34,7,11,False,1.6666666269302368,2,positive,positive,True,10,10,9,0,10,10,9,0,50,0,True,True
aligned,train,208416$_$16,208416,16,35,6,8,False,2.0,2,positive,positive,True,7,7,6,0,7,7,6,0,50,0,True,True
aligned,train,208416$_$0,208416,0,8,2,4,False,0.3333333432674408,2,positive,positive,True,3,3,2,0,0,0,0,0,50,0,True,True
aligned,train,208416$_$2,208416,2,62,15,17,False,1.0,2,positive,positive,True,16,16,15,0,16,16,15,0,50,0,True,True
aligned,train,208416$_$7,208416,7,171,34,40,False,1.6666666269302368,2,positive,positive,True,39,39,38,0,39,39,38,0,50,0,True,True
aligned,train,208416$_$9,208416,9,56,13,19,False,0.0,1,neutral,neutral,True,18,18,17,0,18,18,17,0,50,0,True,True
aligned,train,208416$_$8,208416,8,154,30,33,False,0.0,1,neutral,neutral,True,32,32,31,0,32,32,31,0,50,0,True,True
aligned,train,209354$_$1,209354,1,128,22,28,False,2.0,2,positive,positive,True,27,27,26,0,0,0,0,0,50,0,True,True
aligned,train,209354$_$2,209354,2,170,32,40,False,1.0,2,positive,positive,True,39,39,38,0,39,39,38,0,50,0,True,True
aligned,train,209775$_$10,209775,10,107,25,28,False,-2.3333332538604736,0,negative,negative,True,27,27,26,0,18,18,17,0,50,0,True,True
aligned,train,209775$_$1,209775,1,101,17,21,False,-1.0,0,negative,negative,True,20,20,19,0,20,20,19,0,50,0,True,True
aligned,train,209775$_$0,209775,0,36,7,11,False,0.3333333432674408,2,positive,positive,True,10,10,9,0,0,0,0,0,50,0,True,True
aligned,train,209775$_$5,209775,5,140,28,35,False,-2.3333332538604736,0,negative,negative,True,34,34,33,0,34,34,33,0,50,0,True,True
aligned,train,210238$_$13,210238,13,35,5,13,False,0.0,1,neutral,neutral,True,12,12,11,0,12,12,11,0,50,0,True,True
aligned,train,210238$_$14,210238,14,293,54,50,False,0.0,1,neutral,neutral,True,49,49,48,0,49,49,48,0,50,0,True,True
aligned,train,210238$_$16,210238,16,165,33,43,False,-1.3333333730697632,0,negative,negative,True,42,42,41,0,42,42,41,0,50,0,True,True
aligned,train,210238$_$18,210238,18,32,7,10,False,0.3333333432674408,2,positive,positive,True,9,9,8,0,9,9,8,0,50,0,True,True
aligned,train,210238$_$1,210238,1,9,2,4,False,0.3333333432674408,2,positive,positive,True,3,3,2,0,3,3,2,0,50,0,True,True
aligned,train,210618$_$11,210618,11,50,10,15,False,1.6666666269302368,2,positive,positive,True,14,14,13,0,14,14,13,0,50,0,True,True
aligned,train,210618$_$10,210618,10,43,8,13,False,0.0,1,neutral,neutral,True,12,12,11,0,12,12,11,0,50,0,True,True
aligned,train,210618$_$15,210618,15,39,8,15,False,0.0,1,neutral,neutral,True,14,14,13,0,14,14,13,0,50,0,True,True
aligned,train,210618$_$5,210618,5,49,9,17,False,0.0,1,neutral,neutral,True,16,16,15,0,16,16,15,0,50,0,True,True
aligned,train,210618$_$9,210618,9,67,14,19,False,1.0,2,positive,positive,True,18,18,17,0,18,18,17,0,50,0,True,True
aligned,train,210618$_$8,210618,8,66,15,20,False,0.0,1,neutral,neutral,True,19,19,18,0,19,19,17,1,50,0,True,True
aligned,train,21137$_$1,21137,1,17,3,8,False,0.0,1,neutral,neutral,True,7,7,6,0,0,0,0,0,50,0,True,True
aligned,train,21137$_$0,21137,0,54,10,15,False,1.0,2,positive,positive,True,14,14,13,0,12,12,5,6,50,0,True,True
aligned,train,21137$_$3,21137,3,23,5,7,False,2.6666667461395264,2,positive,positive,True,6,6,5,0,6,6,5,0,50,0,True,True
aligned,train,21137$_$2,21137,2,64,14,20,False,2.0,2,positive,positive,True,19,19,18,0,19,19,18,0,50,0,True,True
aligned,train,21137$_$9,21137,9,63,11,15,False,2.0,2,positive,positive,True,14,14,13,0,14,14,13,0,50,0,True,True
aligned,train,212532$_$10,212532,10,77,16,25,False,-2.0,0,negative,negative,True,24,24,23,0,24,24,23,0,50,0,True,True
aligned,train,212532$_$9,212532,9,74,13,23,False,-2.6666667461395264,0,negative,negative,True,22,22,21,0,19,19,18,0,50,0,True,True
aligned,train,213619$_$0,213619,0,23,4,8,False,-0.3333333432674408,0,negative,negative,True,7,7,6,0,0,0,0,0,50,0,True,True
aligned,train,213619$_$3,213619,3,12,2,7,False,0.0,1,neutral,neutral,True,6,6,5,0,0,0,0,0,50,0,True,True
aligned,train,214095$_$11,214095,11,26,5,11,False,-2.6666667461395264,0,negative,negative,True,10,10,9,0,10,10,9,0,50,0,True,True
aligned,train,214095$_$1,214095,1,92,15,21,False,0.0,1,neutral,neutral,True,20,20,19,0,20,20,19,0,50,0,True,True
aligned,train,214095$_$4,214095,4,24,4,10,False,-1.6666666269302368,0,negative,negative,True,9,9,8,0,9,9,8,0,50,0,True,True
aligned,train,215259$_$5,215259,5,142,30,37,False,1.6666666269302368,2,positive,positive,True,36,36,35,0,36,36,35,0,50,0,True,True
aligned,train,215259$_$4,215259,4,27,4,6,False,2.0,2,positive,positive,True,5,5,4,0,5,5,4,0,50,0,True,True
aligned,train,216007$_$24,216007,24,56,12,18,False,0.0,1,neutral,neutral,True,17,17,16,0,17,17,16,0,50,0,True,True
aligned,train,216007$_$28,216007,28,14,3,5,False,-1.6666666269302368,0,negative,negative,True,4,4,3,0,4,4,3,0,50,0,True,True
aligned,train,216007$_$29,216007,29,33,6,11,False,-0.3333333432674408,0,negative,negative,True,10,10,9,0,10,10,9,0,50,0,True,True
aligned,train,216007$_$1,216007,1,155,31,43,False,1.6666666269302368,2,positive,positive,True,42,42,41,0,42,42,41,0,50,0,True,True
aligned,train,216007$_$2,216007,2,96,17,23,False,-2.3333332538604736,0,negative,negative,True,22,22,21,0,22,22,21,0,50,0,True,True
aligned,train,216007$_$5,216007,5,47,9,16,False,0.6666666865348816,2,positive,positive,True,15,15,14,0,15,15,14,0,50,0,True,True
aligned,train,216007$_$9,216007,9,77,15,25,False,-1.0,0,negative,negative,True,24,24,23,0,24,24,23,0,50,0,True,True
aligned,train,216007$_$12,216007,12,256,50,50,False,-1.3333333730697632,0,negative,negative,True,49,49,48,0,49,49,48,0,50,0,True,True
aligned,train,21638$_$1,21638,1,80,14,19,False,0.0,1,neutral,neutral,True,18,18,17,0,18,18,17,0,50,0,True,True
aligned,train,21638$_$0,21638,0,70,14,19,False,0.3333333432674408,2,positive,positive,True,18,18,17,0,18,18,17,0,50,0,True,True
aligned,train,21638$_$6,21638,6,89,17,26,False,2.0,2,positive,positive,True,25,25,24,0,25,25,24,0,50,0,True,True
aligned,train,216857$_$1,216857,1,40,9,11,False,0.0,1,neutral,neutral,True,10,10,9,0,10,10,1,8,50,0,True,True
aligned,train,216857$_$3,216857,3,44,8,14,False,-0.6666666865348816,0,negative,negative,True,13,13,12,0,13,13,12,0,50,0,True,True
aligned,train,216857$_$6,216857,6,19,5,8,False,-0.3333333432674408,0,negative,negative,True,7,7,6,0,7,7,6,0,50,0,True,True
aligned,train,216857$_$10,216857,10,85,16,28,False,-1.0,0,negative,negative,True,27,27,26,0,27,27,26,0,50,0,True,True
aligned,train,218708$_$13,218708,13,216,39,50,False,-0.3333333432674408,0,negative,negative,True,49,49,48,0,49,49,47,1,50,0,True,True
aligned,train,218708$_$12,218708,12,121,24,35,False,-1.0,0,negative,negative,True,34,34,33,0,34,34,33,0,50,0,True,True
aligned,train,218708$_$15,218708,15,60,14,21,False,-2.0,0,negative,negative,True,20,20,19,0,20,20,19,0,50,0,True,True
aligned,train,218708$_$17,218708,17,26,6,10,False,-1.6666666269302368,0,negative,negative,True,9,9,8,0,9,9,8,0,50,0,True,True
aligned,train,218708$_$1,218708,1,54,11,16,False,0.3333333432674408,2,positive,positive,True,15,15,14,0,0,0,0,0,50,0,True,True
aligned,train,218708$_$0,218708,0,2,1,3,False,0.0,1,neutral,neutral,True,2,2,1,0,2,2,1,0,50,0,True,True
aligned,train,218708$_$8,218708,8,41,8,14,False,0.0,1,neutral,neutral,True,13,13,12,0,13,13,12,0,50,0,True,True
aligned,train,219310$_$0,219310,0,47,8,13,False,0.0,1,neutral,neutral,True,12,12,11,0,12,12,10,1,50,0,True,True
aligned,train,219310$_$2,219310,2,82,15,25,False,1.0,2,positive,positive,True,24,24,23,0,24,24,23,0,50,0,True,True
aligned,train,219775$_$0,219775,0,62,13,17,False,0.0,1,neutral,neutral,True,16,16,15,0,16,16,5,10,50,0,True,True
aligned,train,219775$_$5,219775,5,74,14,16,False,-0.3333333432674408,0,negative,negative,True,15,15,14,0,2,2,1,0,50,0,True,True
aligned,train,220134$_$27,220134,27,266,48,50,False,-2.6666667461395264,0,negative,negative,True,49,49,48,0,49,49,48,0,50,0,True,True
aligned,train,220134$_$21,220134,21,135,28,34,False,-2.3333332538604736,0,negative,negative,True,33,33,32,0,33,33,32,0,50,0,True,True
aligned,train,220134$_$8,220134,8,158,29,43,False,0.0,1,neutral,neutral,True,42,42,41,0,42,42,41,0,50,0,True,True
aligned,train,220134$_$17,220134,17,110,17,40,False,-1.0,0,negative,negative,True,39,39,38,0,39,39,38,0,50,0,True,True
aligned,train,220548$_$20,220548,20,96,17,22,False,-2.3333332538604736,0,negative,negative,True,21,21,20,0,21,21,20,0,50,0,True,True
aligned,train,220548$_$1,220548,1,248,48,50,False,0.0,1,neutral,neutral,True,49,49,48,0,49,49,48,0,50,0,True,True
aligned,train,220548$_$7,220548,7,53,11,16,False,-0.3333333432674408,0,negative,negative,True,15,15,14,0,15,15,14,0,50,0,True,True
aligned,train,221740$_$0,221740,0,9,2,5,False,0.0,1,neutral,neutral,True,4,4,3,0,4,4,3,0,50,0,True,True
aligned,train,221740$_$5,221740,5,131,21,38,False,-3.0,0,negative,negative,True,37,37,36,0,37,37,36,0,50,0,True,True
aligned,train,222116$_$1,222116,1,132,24,29,False,-2.0,0,negative,negative,True,28,28,27,0,28,28,27,0,50,0,True,True
aligned,train,222116$_$7,222116,7,157,31,38,False,-0.3333333432674408,0,negative,negative,True,37,37,36,0,37,37,36,0,50,0,True,True
aligned,train,222116$_$6,222116,6,171,30,47,False,0.0,1,neutral,neutral,True,46,46,45,0,46,46,45,0,50,0,True,True
aligned,train,223926$_$1,223926,1,138,23,31,False,-1.3333333730697632,0,negative,negative,True,30,30,29,0,30,30,29,0,50,0,True,True
aligned,train,224599$_$1,224599,1,54,12,16,False,0.3333333432674408,2,positive,positive,True,15,15,14,0,15,15,14,0,50,0,True,True
aligned,train,224599$_$2,224599,2,76,14,21,False,0.0,1,neutral,neutral,True,20,20,19,0,20,20,19,0,50,0,True,True
aligned,train,224599$_$5,224599,5,120,24,40,False,0.0,1,neutral,neutral,True,39,39,38,0,39,39,38,0,50,0,True,True
aligned,train,224599$_$8,224599,8,43,8,12,False,1.6666666269302368,2,positive,positive,True,11,11,10,0,11,11,10,0,50,0,True,True
aligned,train,224772$_$12,224772,12,21,3,8,False,-1.6666666269302368,0,negative,negative,True,7,7,6,0,7,7,6,0,50,0,True,True
aligned,train,224772$_$14,224772,14,69,11,13,False,-2.0,0,negative,negative,True,12,12,11,0,12,12,11,0,50,0,True,True
aligned,train,224772$_$1,224772,1,45,9,11,False,-1.6666666269302368,0,negative,negative,True,10,10,9,0,10,10,9,0,50,0,True,True
aligned,train,224772$_$6,224772,6,307,58,50,False,0.0,1,neutral,neutral,True,49,49,48,0,49,49,48,0,50,0,True,True
aligned,train,224869$_$10,224869,10,83,17,29,False,-1.0,0,negative,negative,True,28,28,27,0,28,28,27,0,50,0,True,True
aligned,train,224869$_$0,224869,0,5,1,3,False,0.6666666865348816,2,positive,positive,True,2,2,1,0,2,2,1,0,50,0,True,True
aligned,train,224869$_$3,224869,3,249,42,50,False,0.0,1,neutral,neutral,True,49,49,48,0,49,49,48,0,50,0,True,True
aligned,train,224869$_$5,224869,5,55,11,13,False,0.3333333432674408,2,positive,positive,True,12,12,11,0,12,12,11,0,50,0,True,True
aligned,train,225343$_$10,225343,10,60,11,15,False,0.3333333432674408,2,positive,positive,True,14,14,13,0,14,14,13,0,50,0,True,True
aligned,train,225343$_$14,225343,14,97,20,26,False,-1.6666666269302368,0,negative,negative,True,25,25,24,0,25,25,24,0,50,0,True,True
aligned,train,225343$_$3,225343,3,244,43,50,False,2.0,2,positive,positive,True,49,49,48,0,49,49,48,0,50,0,True,True
aligned,train,225343$_$9,225343,9,29,7,11,False,-0.6666666865348816,0,negative,negative,True,10,10,9,0,10,10,9,0,50,0,True,True
aligned,train,225416$_$14,225416,14,110,21,33,False,-2.0,0,negative,negative,True,32,32,31,0,32,32,31,0,50,0,True,True
aligned,train,225416$_$1,225416,1,89,15,23,False,-2.6666667461395264,0,negative,negative,True,22,22,21,0,22,22,21,0,50,0,True,True
aligned,train,225416$_$3,225416,3,33,7,12,False,2.3333332538604736,2,positive,positive,True,11,11,10,0,11,11,10,0,50,0,True,True
aligned,train,225416$_$8,225416,8,55,10,22,False,0.0,1,neutral,neutral,True,21,21,20,0,21,21,20,0,50,0,True,True
aligned,train,225768$_$6,225768,6,118,24,33,False,0.0,1,neutral,neutral,True,32,32,31,0,32,32,31,0,50,0,True,True
aligned,train,227173$_$12,227173,12,69,13,19,False,-0.6666666865348816,0,negative,negative,True,18,18,17,0,4,4,3,0,50,0,True,True
aligned,train,227173$_$6,227173,6,87,16,24,False,-1.0,0,negative,negative,True,23,23,22,0,23,23,18,4,50,0,True,True
aligned,train,227416$_$1,227416,1,74,13,22,False,0.0,1,neutral,neutral,True,21,21,20,0,21,21,20,0,50,0,True,True
aligned,train,227416$_$0,227416,0,105,17,30,False,0.0,1,neutral,neutral,True,29,29,28,0,29,29,28,0,50,0,True,True
aligned,train,227416$_$3,227416,3,228,44,50,False,0.0,1,neutral,neutral,True,49,49,48,0,49,49,48,0,50,0,True,True
aligned,train,227416$_$5,227416,5,109,25,31,False,0.0,1,neutral,neutral,True,30,30,29,0,10,10,9,0,50,0,True,True
aligned,train,227416$_$8,227416,8,125,24,33,False,2.6666667461395264,2,positive,positive,True,32,32,31,0,10,10,9,0,50,0,True,True
aligned,train,227426$_$19,227426,19,50,11,15,False,-2.6666667461395264,0,negative,negative,True,14,14,13,0,14,14,13,0,50,0,True,True
aligned,train,227426$_$18,227426,18,70,13,20,False,-2.0,0,negative,negative,True,19,19,18,0,19,19,18,0,50,0,True,True
aligned,train,227426$_$0,227426,0,75,11,19,False,0.0,1,neutral,neutral,True,18,18,17,0,18,18,17,0,50,0,True,True
aligned,train,227426$_$8,227426,8,123,22,28,False,0.0,1,neutral,neutral,True,27,27,26,0,27,27,26,0,50,0,True,True
aligned,train,22821$_$14,22821,14,51,8,18,False,0.0,1,neutral,neutral,True,17,17,16,0,17,17,16,0,50,0,True,True
aligned,train,22821$_$1,22821,1,92,18,27,False,1.3333333730697632,2,positive,positive,True,26,26,25,0,26,26,25,0,50,0,True,True
aligned,train,22821$_$0,22821,0,20,6,8,False,0.0,1,neutral,neutral,True,7,7,6,0,7,7,6,0,50,0,True,True
aligned,train,22821$_$4,22821,4,99,17,28,False,0.3333333432674408,2,positive,positive,True,27,27,26,0,27,27,26,0,50,0,True,True
aligned,train,22821$_$9,22821,9,120,23,36,False,1.3333333730697632,2,positive,positive,True,35,35,34,0,35,35,25,9,50,0,True,True
aligned,train,22880$_$2,22880,2,28,6,8,False,0.0,1,neutral,neutral,True,7,7,6,0,7,7,6,0,50,0,True,True
aligned,train,22880$_$6,22880,6,49,8,12,False,1.3333333730697632,2,positive,positive,True,11,11,10,0,11,11,10,0,50,0,True,True
aligned,train,229090$_$15,229090,15,208,40,50,False,-2.6666667461395264,0,negative,negative,True,49,49,48,0,49,49,48,0,50,0,True,True
aligned,train,229090$_$16,229090,16,48,9,13,False,1.0,2,positive,positive,True,12,12,11,0,12,12,11,0,50,0,True,True
aligned,train,229090$_$18,229090,18,132,26,36,False,-1.6666666269302368,0,negative,negative,True,35,35,34,0,35,35,34,0,50,0,True,True
aligned,train,229903$_$0,229903,0,52,10,14,False,0.0,1,neutral,neutral,True,13,13,12,0,13,13,12,0,50,0,True,True
aligned,train,229903$_$3,229903,3,175,34,49,False,0.0,1,neutral,neutral,True,48,48,47,0,48,48,47,0,50,0,True,True
aligned,train,229967$_$2,229967,2,30,6,8,False,0.3333333432674408,2,positive,positive,True,7,7,6,0,7,7,6,0,50,0,True,True
aligned,train,230252$_$1,230252,1,72,14,16,False,0.0,1,neutral,neutral,True,15,15,14,0,15,15,14,0,50,0,True,True
aligned,train,231025$_$11,231025,11,52,11,15,False,-1.3333333730697632,0,negative,negative,True,14,14,13,0,14,14,13,0,50,0,True,True
aligned,train,231025$_$15,231025,15,66,12,20,False,-1.0,0,negative,negative,True,19,19,18,0,19,19,18,0,50,0,True,True
aligned,train,231025$_$14,231025,14,32,6,11,False,-2.0,0,negative,negative,True,10,10,9,0,10,10,9,0,50,0,True,True
aligned,train,231025$_$16,231025,16,84,16,26,False,-0.6666666865348816,0,negative,negative,True,25,25,24,0,25,25,24,0,50,0,True,True
aligned,train,231025$_$0,231025,0,17,4,9,False,1.6666666269302368,2,positive,positive,True,8,8,7,0,8,8,7,0,50,0,True,True
aligned,train,231025$_$9,231025,9,7,1,3,False,-0.3333333432674408,0,negative,negative,True,2,2,1,0,2,2,1,0,50,0,True,True
aligned,train,233171$_$1,233171,1,167,36,48,False,-1.6666666269302368,0,negative,negative,True,47,47,46,0,47,47,46,0,50,0,True,True
aligned,train,233171$_$7,233171,7,36,6,10,False,-2.0,0,negative,negative,True,9,9,8,0,9,9,8,0,50,0,True,True
aligned,train,233356$_$1,233356,1,45,10,13,False,0.6666666865348816,2,positive,positive,True,12,12,11,0,12,12,11,0,50,0,True,True
aligned,train,233356$_$3,233356,3,57,12,15,False,1.6666666269302368,2,positive,positive,True,14,14,13,0,14,14,13,0,50,0,True,True
aligned,train,233366$_$4,233366,4,98,18,22,False,-1.3333333730697632,0,negative,negative,True,21,21,20,0,21,21,20,0,50,0,True,True
aligned,train,233389$_$0,233389,0,2,1,3,False,0.0,1,neutral,neutral,True,2,2,1,0,2,2,1,0,50,0,True,True
aligned,train,233389$_$5,233389,5,146,30,39,False,-0.6666666865348816,0,negative,negative,True,38,38,37,0,38,38,37,0,50,0,True,True
aligned,train,234053$_$26,234053,26,25,5,7,False,2.6666667461395264,2,positive,positive,True,6,6,5,0,6,6,5,0,50,0,True,True
aligned,train,234053$_$21,234053,21,29,5,9,False,0.3333333432674408,2,positive,positive,True,8,8,7,0,8,8,7,0,50,0,True,True
aligned,train,234053$_$1,234053,1,55,10,14,False,0.0,1,neutral,neutral,True,13,13,12,0,13,13,12,0,50,0,True,True
aligned,train,234053$_$11,234053,11,153,29,39,False,0.6666666865348816,2,positive,positive,True,38,38,37,0,13,13,12,0,50,0,True,True
aligned,train,234053$_$17,234053,17,21,5,7,False,0.0,1,neutral,neutral,True,6,6,5,0,0,0,0,0,50,0,True,True
aligned,train,234053$_$19,234053,19,47,9,13,False,-1.0,0,negative,negative,True,12,12,11,0,12,12,9,2,50,0,True,True
aligned,train,234053$_$18,234053,18,79,12,17,False,0.0,1,neutral,neutral,True,16,16,15,0,14,14,11,2,50,0,True,True
aligned,train,234587$_$2,234587,2,70,13,18,False,0.3333333432674408,2,positive,positive,True,17,17,16,0,17,17,16,0,50,0,True,True
aligned,train,234587$_$5,234587,5,87,18,24,False,-0.3333333432674408,0,negative,negative,True,23,23,22,0,23,23,22,0,50,0,True,True
aligned,train,234587$_$11,234587,11,146,23,29,False,0.6666666865348816,2,positive,positive,True,28,28,27,0,28,28,27,0,50,0,True,True
aligned,train,234587$_$14,234587,14,92,17,26,False,0.0,1,neutral,neutral,True,25,25,24,0,25,25,24,0,50,0,True,True
aligned,train,234587$_$16,234587,16,47,9,12,False,0.3333333432674408,2,positive,positive,True,11,11,10,0,11,11,9,1,50,0,True,True
aligned,train,234587$_$19,234587,19,78,16,21,False,2.0,2,positive,positive,True,20,20,19,0,20,20,19,0,50,0,True,True
aligned,train,236399$_$4,236399,4,44,6,10,False,-0.3333333432674408,0,negative,negative,True,9,9,8,0,8,8,7,0,50,0,True,True
aligned,train,236696$_$7,236696,7,19,3,10,False,-2.6666667461395264,0,negative,negative,True,9,9,8,0,9,9,8,0,50,0,True,True
aligned,train,238023$_$22,238023,22,98,18,33,False,-0.6666666865348816,0,negative,negative,True,32,32,31,0,32,32,31,0,50,0,True,True
aligned,train,238023$_$1,238023,1,65,14,20,False,0.0,1,neutral,neutral,True,19,19,18,0,19,19,18,0,50,0,True,True
aligned,train,238023$_$37,238023,37,148,29,47,False,-2.3333332538604736,0,negative,negative,True,46,46,45,0,46,46,45,0,50,0,True,True
aligned,train,238039$_$6,238039,6,49,10,21,False,0.0,1,neutral,neutral,True,20,20,19,0,20,20,19,0,50,0,True,True
aligned,train,238060$_$13,238060,13,170,33,45,False,-0.3333333432674408,0,negative,negative,True,44,44,43,0,44,44,43,0,50,0,True,True
aligned,train,238060$_$18,238060,18,150,32,39,False,-0.6666666865348816,0,negative,negative,True,38,38,37,0,38,38,37,0,50,0,True,True
aligned,train,238060$_$5,238060,5,101,18,25,False,0.0,1,neutral,neutral,True,24,24,23,0,24,24,23,0,50,0,True,True
aligned,train,238060$_$7,238060,7,267,49,50,False,-0.3333333432674408,0,negative,negative,True,49,49,48,0,49,49,48,0,50,0,True,True
aligned,train,238100$_$3,238100,3,52,11,16,False,-2.0,0,negative,negative,True,15,15,14,0,15,15,14,0,50,0,True,True
aligned,train,238645$_$20,238645,20,63,13,23,False,0.0,1,neutral,neutral,True,22,22,21,0,22,22,21,0,50,0,True,True
aligned,train,238645$_$23,238645,23,77,15,25,False,-2.3333332538604736,0,negative,negative,True,24,24,23,0,24,24,23,0,50,0,True,True
aligned,train,238645$_$0,238645,0,8,2,5,False,0.3333333432674408,2,positive,positive,True,4,4,3,0,4,4,3,0,50,0,True,True
aligned,train,238645$_$6,238645,6,20,5,7,False,-0.6666666865348816,0,negative,negative,True,6,6,5,0,6,6,5,0,50,0,True,True
aligned,train,238645$_$8,238645,8,28,6,9,False,-2.3333332538604736,0,negative,negative,True,8,8,7,0,8,8,7,0,50,0,True,True
aligned,train,238889$_$2,238889,2,94,17,26,False,-1.0,0,negative,negative,True,25,25,24,0,25,25,24,0,50,0,True,True
aligned,train,238889$_$5,238889,5,48,8,15,False,0.0,1,neutral,neutral,True,14,14,13,0,14,14,13,0,50,0,True,True
aligned,train,238889$_$4,238889,4,81,17,27,False,-2.0,0,negative,negative,True,26,26,25,0,26,26,25,0,50,0,True,True
aligned,train,238889$_$6,238889,6,81,16,24,False,0.6666666865348816,2,positive,positive,True,23,23,22,0,23,23,22,0,50,0,True,True
aligned,train,239235$_$11,239235,11,76,15,20,False,2.0,2,positive,positive,True,19,19,18,0,19,19,18,0,50,0,True,True
aligned,train,239235$_$13,239235,13,85,13,21,False,2.3333332538604736,2,positive,positive,True,20,20,19,0,20,20,19,0,50,0,True,True
aligned,train,239235$_$1,239235,1,59,10,15,False,0.0,1,neutral,neutral,True,14,14,13,0,14,14,13,0,50,0,True,True
aligned,train,239235$_$4,239235,4,68,14,20,False,1.3333333730697632,2,positive,positive,True,19,19,18,0,19,19,18,0,50,0,True,True
aligned,train,239235$_$8,239235,8,55,8,12,False,0.0,1,neutral,neutral,True,11,11,10,0,11,11,9,1,50,0,True,True
aligned,train,239572$_$2,239572,2,237,45,50,False,0.3333333432674408,2,positive,positive,True,49,49,48,0,49,49,48,0,50,0,True,True
aligned,train,239572$_$4,239572,4,24,5,7,False,0.0,1,neutral,neutral,True,6,6,5,0,6,6,5,0,50,0,True,True
aligned,train,23YlZoucbyM$_$4,23YlZoucbyM,4,129,23,32,False,-1.6666666269302368,0,negative,negative,True,31,31,30,0,31,31,30,0,50,0,True,True
aligned,train,240915$_$1,240915,1,88,18,21,False,-2.0,0,negative,negative,True,20,20,19,0,20,20,19,0,50,0,True,True
aligned,train,240915$_$2,240915,2,85,17,29,False,-2.6666667461395264,0,negative,negative,True,28,28,27,0,28,28,27,0,50,0,True,True
aligned,train,240915$_$8,240915,8,46,10,12,False,0.6666666865348816,2,positive,positive,True,11,11,10,0,11,11,10,0,50,0,True,True
aligned,train,241164$_$10,241164,10,137,24,36,False,0.0,1,neutral,neutral,True,35,35,34,0,35,35,34,0,50,0,True,True
aligned,train,241164$_$1,241164,1,68,12,21,False,0.0,1,neutral,neutral,True,20,20,19,0,20,20,19,0,50,0,True,True
aligned,train,241164$_$0,241164,0,73,13,21,False,0.0,1,neutral,neutral,True,20,20,19,0,20,20,19,0,50,0,True,True
aligned,train,241164$_$9,241164,9,41,8,12,False,0.0,1,neutral,neutral,True,11,11,10,0,11,11,10,0,50,0,True,True
aligned,train,241172$_$3,241172,3,130,21,44,False,0.3333333432674408,2,positive,positive,True,43,43,42,0,43,43,42,0,50,0,True,True
aligned,train,241172$_$7,241172,7,83,18,25,False,-1.0,0,negative,negative,True,24,24,23,0,24,24,23,0,50,0,True,True
aligned,train,24202$_$10,24202,10,88,16,23,False,-2.6666667461395264,0,negative,negative,True,22,22,21,0,22,22,21,0,50,0,True,True
aligned,train,24202$_$5,24202,5,76,12,18,False,-2.6666667461395264,0,negative,negative,True,17,17,16,0,17,17,16,0,50,0,True,True
aligned,train,24202$_$4,24202,4,24,6,10,False,-1.6666666269302368,0,negative,negative,True,9,9,8,0,9,9,8,0,50,0,True,True
aligned,train,24202$_$9,24202,9,66,12,15,False,-2.0,0,negative,negative,True,14,14,13,0,14,14,13,0,50,0,True,True
aligned,train,243338$_$20,243338,20,62,14,18,False,-0.6666666865348816,0,negative,negative,True,17,17,16,0,17,17,16,0,50,0,True,True
aligned,train,243338$_$21,243338,21,18,3,7,False,-2.3333332538604736,0,negative,negative,True,6,6,5,0,6,6,5,0,50,0,True,True
aligned,train,243338$_$22,243338,22,316,63,50,False,-1.3333333730697632,0,negative,negative,True,49,49,48,0,49,49,25,23,50,0,True,True
aligned,train,243338$_$9,243338,9,106,24,34,False,-1.3333333730697632,0,negative,negative,True,33,33,32,0,26,26,25,0,50,0,True,True
aligned,train,243341$_$23,243341,23,44,10,14,False,-1.6666666269302368,0,negative,negative,True,13,13,12,0,13,13,12,0,50,0,True,True
aligned,train,243341$_$2,243341,2,62,10,14,False,-2.6666667461395264,0,negative,negative,True,13,13,12,0,13,13,12,0,50,0,True,True
aligned,train,243341$_$7,243341,7,34,8,15,False,-2.6666667461395264,0,negative,negative,True,14,14,13,0,14,14,13,0,50,0,True,True
aligned,train,243341$_$10,243341,10,39,6,11,False,-3.0,0,negative,negative,True,10,10,9,0,10,10,9,0,50,0,True,True
aligned,train,243341$_$14,243341,14,97,21,25,False,-1.6666666269302368,0,negative,negative,True,24,24,23,0,10,10,9,0,50,0,True,True
aligned,train,244180$_$20,244180,20,129,24,32,False,-1.3333333730697632,0,negative,negative,True,31,31,30,0,31,31,30,0,50,0,True,True
aligned,train,244180$_$4,244180,4,44,9,13,False,-2.0,0,negative,negative,True,12,12,11,0,12,12,11,0,50,0,True,True
aligned,train,244180$_$19,244180,19,77,14,16,False,1.3333333730697632,2,positive,positive,True,15,15,14,0,15,15,14,0,50,0,True,True
aligned,train,244180$_$18,244180,18,20,5,7,False,2.0,2,positive,positive,True,6,6,5,0,6,6,5,0,50,0,True,True
aligned,train,244261$_$24,244261,24,28,7,9,False,0.6666666865348816,2,positive,positive,True,8,8,7,0,0,0,0,0,50,0,True,True
aligned,train,244261$_$20,244261,20,90,17,24,False,2.6666667461395264,2,positive,positive,True,23,23,22,0,8,8,7,0,50,0,True,True
aligned,train,244261$_$4,244261,4,77,15,26,False,1.6666666269302368,2,positive,positive,True,25,25,24,0,25,25,24,0,50,0,True,True
aligned,train,244261$_$7,244261,7,62,12,16,False,0.0,1,neutral,neutral,True,15,15,14,0,15,15,14,0,50,0,True,True
aligned,train,244261$_$12,244261,12,262,50,50,False,-0.6666666865348816,0,negative,negative,True,49,49,48,0,49,49,48,0,50,0,True,True
aligned,train,244261$_$14,244261,14,77,13,21,False,2.3333332538604736,2,positive,positive,True,20,20,19,0,20,20,19,0,50,0,True,True
aligned,train,244623$_$4,244623,4,14,3,7,False,0.0,1,neutral,neutral,True,6,6,5,0,6,6,5,0,50,0,True,True
aligned,train,244623$_$9,244623,9,13,2,6,False,-1.0,0,negative,negative,True,5,5,4,0,5,5,4,0,50,0,True,True
aligned,train,244623$_$11,244623,11,63,11,19,False,-1.6666666269302368,0,negative,negative,True,18,18,17,0,18,18,17,0,50,0,True,True
aligned,train,244623$_$17,244623,17,103,18,35,False,0.0,1,neutral,neutral,True,34,34,33,0,34,34,33,0,50,0,True,True
aligned,train,244623$_$37,244623,37,18,5,7,False,-0.3333333432674408,0,negative,negative,True,6,6,5,0,6,6,5,0,50,0,True,True
aligned,train,244817$_$2,244817,2,76,14,17,False,-2.0,0,negative,negative,True,16,16,15,0,16,16,15,0,50,0,True,True
aligned,train,244817$_$5,244817,5,80,16,28,False,-0.6666666865348816,0,negative,negative,True,27,27,26,0,27,27,26,0,50,0,True,True
aligned,train,244817$_$9,244817,9,120,26,34,False,-2.0,0,negative,negative,True,33,33,32,0,33,33,32,0,50,0,True,True
aligned,train,245243$_$4,245243,4,196,41,49,False,0.3333333432674408,2,positive,positive,True,48,48,47,0,48,48,47,0,50,0,True,True
aligned,train,245276$_$2,245276,2,24,5,11,False,-2.6666667461395264,0,negative,negative,True,10,10,9,0,10,10,9,0,50,0,True,True
aligned,train,245276$_$4,245276,4,29,7,11,False,-2.3333332538604736,0,negative,negative,True,10,10,9,0,10,10,9,0,50,0,True,True
aligned,train,245276$_$7,245276,7,81,16,18,False,-2.6666667461395264,0,negative,negative,True,17,17,16,0,17,17,6,10,50,0,True,True
aligned,train,245497$_$1,245497,1,339,66,50,False,-1.6666666269302368,0,negative,negative,True,49,49,48,0,49,49,48,0,50,0,True,True
aligned,train,245497$_$2,245497,2,155,26,32,False,-2.0,0,negative,negative,True,31,31,30,0,31,31,30,0,50,0,True,True
aligned,train,245497$_$4,245497,4,107,22,29,False,-0.6666666865348816,0,negative,negative,True,28,28,27,0,28,28,27,0,50,0,True,True
aligned,train,247382$_$1,247382,1,64,15,19,False,0.3333333432674408,2,positive,positive,True,18,18,17,0,0,0,0,0,50,0,True,True
aligned,train,247382$_$2,247382,2,161,34,44,False,-1.0,0,negative,negative,True,43,43,42,0,43,43,42,0,50,0,True,True
aligned,train,247382$_$6,247382,6,84,13,23,False,0.6666666865348816,2,positive,positive,True,22,22,21,0,22,22,21,0,50,0,True,True
aligned,train,247382$_$9,247382,9,37,7,11,False,0.0,1,neutral,neutral,True,10,10,9,0,10,10,9,0,50,0,True,True
aligned,train,247382$_$11,247382,11,105,20,35,False,0.3333333432674408,2,positive,positive,True,34,34,33,0,34,34,33,0,50,0,True,True
aligned,train,247382$_$13,247382,13,96,17,28,False,-0.3333333432674408,0,negative,negative,True,27,27,26,0,27,27,26,0,50,0,True,True
aligned,train,247382$_$14,247382,14,85,15,25,False,1.0,2,positive,positive,True,24,24,23,0,24,24,23,0,50,0,True,True
aligned,train,248837$_$12,248837,12,64,13,20,False,-0.6666666865348816,0,negative,negative,True,19,19,18,0,19,19,4,14,50,0,True,True
aligned,train,248837$_$6,248837,6,20,5,10,False,-1.0,0,negative,negative,True,9,9,8,0,0,0,0,0,50,0,True,True
aligned,train,24xayGF5yYA$_$24,24xayGF5yYA,24,170,32,48,False,0.0,1,neutral,neutral,True,47,47,46,0,47,47,41,5,50,0,True,True
aligned,train,24xayGF5yYA$_$26,24xayGF5yYA,26,120,23,28,False,2.3333332538604736,2,positive,positive,True,27,27,26,0,27,27,26,0,50,0,True,True
aligned,train,24xayGF5yYA$_$3,24xayGF5yYA,3,22,4,8,False,0.6666666865348816,2,positive,positive,True,7,7,6,0,7,7,6,0,50,0,True,True
aligned,train,24xayGF5yYA$_$2,24xayGF5yYA,2,82,17,24,False,1.6666666269302368,2,positive,positive,True,23,23,22,0,23,23,12,10,50,0,True,True
aligned,train,24xayGF5yYA$_$10,24xayGF5yYA,10,139,27,29,False,2.3333332538604736,2,positive,positive,True,28,28,27,0,28,28,27,0,50,0,True,True
aligned,train,24xayGF5yYA$_$15,24xayGF5yYA,15,49,10,15,False,0.0,1,neutral,neutral,True,14,14,13,0,14,14,13,0,50,0,True,True
aligned,train,24xayGF5yYA$_$16,24xayGF5yYA,16,120,24,33,False,3.0,2,positive,positive,True,32,32,31,0,30,30,29,0,50,0,True,True
aligned,train,250430$_$11,250430,11,69,13,21,False,-1.6666666269302368,0,negative,negative,True,20,20,19,0,20,20,19,0,50,0,True,True
aligned,train,250430$_$10,250430,10,36,8,13,False,-1.6666666269302368,0,negative,negative,True,12,12,11,0,12,12,11,0,50,0,True,True
aligned,train,250430$_$6,250430,6,108,20,25,False,-2.0,0,negative,negative,True,24,24,23,0,24,24,23,0,50,0,True,True
aligned,train,251417$_$1,251417,1,27,6,9,False,0.0,1,neutral,neutral,True,8,8,7,0,8,8,7,0,50,0,True,True
aligned,train,251417$_$0,251417,0,81,14,20,False,1.0,2,positive,positive,True,19,19,18,0,19,19,18,0,50,0,True,True
aligned,train,251646$_$13,251646,13,88,17,24,False,1.0,2,positive,positive,True,23,23,22,0,23,23,22,0,50,0,True,True
aligned,train,251646$_$2,251646,2,58,10,22,False,1.0,2,positive,positive,True,21,21,20,0,21,21,20,0,50,0,True,True
aligned,train,251646$_$4,251646,4,46,8,12,False,0.0,1,neutral,neutral,True,11,11,10,0,11,11,10,0,50,0,True,True
aligned,train,251646$_$7,251646,7,221,37,50,False,0.0,1,neutral,neutral,True,49,49,48,0,49,49,48,0,50,0,True,True
aligned,train,251826$_$6,251826,6,43,8,15,False,-0.3333333432674408,0,negative,negative,True,14,14,13,0,14,14,13,0,50,0,True,True
aligned,train,251839$_$13,251839,13,96,18,27,False,0.0,1,neutral,neutral,True,26,26,25,0,26,26,25,0,50,0,True,True
aligned,train,252177$_$2,252177,2,32,7,11,False,2.6666667461395264,2,positive,positive,True,10,10,9,0,10,10,9,0,50,0,True,True
aligned,train,252177$_$4,252177,4,218,45,50,False,0.6666666865348816,2,positive,positive,True,49,49,48,0,49,49,48,0,50,0,True,True
aligned,train,252177$_$9,252177,9,33,7,11,False,-1.6666666269302368,0,negative,negative,True,10,10,9,0,10,10,9,0,50,0,True,True
aligned,train,25271$_$10,25271,10,46,8,12,False,0.0,1,neutral,neutral,True,11,11,10,0,11,11,10,0,50,0,True,True
aligned,train,25271$_$0,25271,0,134,26,38,False,0.0,1,neutral,neutral,True,37,37,36,0,37,37,35,1,50,0,True,True
aligned,train,254298$_$14,254298,14,47,8,14,False,-1.6666666269302368,0,negative,negative,True,13,13,12,0,13,13,12,0,50,0,True,True
aligned,train,254298$_$0,254298,0,14,3,5,False,-0.6666666865348816,0,negative,negative,True,4,4,3,0,0,0,0,0,50,0,True,True
aligned,train,254298$_$2,254298,2,111,25,32,False,-2.3333332538604736,0,negative,negative,True,31,31,30,0,31,31,30,0,50,0,True,True
aligned,train,25522$_$0,25522,0,47,9,13,False,0.3333333432674408,2,positive,positive,True,12,12,11,0,12,12,11,0,50,0,True,True
aligned,train,25522$_$3,25522,3,166,32,40,False,-0.6666666865348816,0,negative,negative,True,39,39,38,0,39,39,38,0,50,0,True,True
aligned,train,25522$_$5,25522,5,157,29,40,False,-1.6666666269302368,0,negative,negative,True,39,39,38,0,39,39,38,0,50,0,True,True
aligned,train,255224$_$1,255224,1,192,35,46,False,-0.3333333432674408,0,negative,negative,True,45,45,44,0,45,45,44,0,50,0,True,True
aligned,train,255224$_$5,255224,5,82,16,25,False,-1.6666666269302368,0,negative,negative,True,24,24,23,0,24,24,23,0,50,0,True,True
aligned,train,255224$_$9,255224,9,198,40,50,False,-1.0,0,negative,negative,True,49,49,48,0,49,49,48,0,50,0,True,True
aligned,train,255224$_$8,255224,8,84,15,19,False,-0.6666666865348816,0,negative,negative,True,18,18,17,0,18,18,17,0,50,0,True,True
aligned,train,255226$_$5,255226,5,224,39,50,False,0.0,1,neutral,neutral,True,49,49,48,0,49,49,48,0,50,0,True,True
aligned,train,255226$_$8,255226,8,126,24,31,False,0.3333333432674408,2,positive,positive,True,30,30,29,0,30,30,29,0,50,0,True,True
aligned,train,255338$_$1,255338,1,46,9,11,False,0.0,1,neutral,neutral,True,10,10,9,0,10,10,9,0,50,0,True,True
aligned,train,255338$_$2,255338,2,33,6,8,False,0.6666666865348816,2,positive,positive,True,7,7,6,0,7,7,6,0,50,0,True,True
aligned,train,255338$_$5,255338,5,330,61,50,False,-0.3333333432674408,0,negative,negative,True,49,49,48,0,49,49,48,0,50,0,True,True
aligned,train,255338$_$7,255338,7,86,15,20,False,-0.3333333432674408,0,negative,negative,True,19,19,18,0,19,19,18,0,50,0,True,True
aligned,train,255338$_$8,255338,8,36,6,11,False,-2.3333332538604736,0,negative,negative,True,10,10,9,0,10,10,9,0,50,0,True,True
aligned,train,255343$_$0,255343,0,75,16,24,False,0.0,1,neutral,neutral,True,23,23,22,0,23,23,22,0,50,0,True,True
aligned,train,255343$_$5,255343,5,42,9,14,False,-1.6666666269302368,0,negative,negative,True,13,13,12,0,13,13,12,0,50,0,True,True
aligned,train,255343$_$8,255343,8,39,7,14,False,-2.0,0,negative,negative,True,13,13,12,0,13,13,12,0,50,0,True,True
aligned,train,255852$_$0,255852,0,5,1,3,False,-0.3333333432674408,0,negative,negative,True,2,2,1,0,2,2,1,0,50,0,True,True
aligned,train,255852$_$6,255852,6,88,17,23,False,-0.3333333432674408,0,negative,negative,True,22,22,21,0,22,22,21,0,50,0,True,True
aligned,train,255852$_$8,255852,8,123,28,33,False,-1.6666666269302368,0,negative,negative,True,32,32,31,0,32,32,31,0,50,0,True,True
aligned,train,256174$_$6,256174,6,75,12,19,False,0.0,1,neutral,neutral,True,18,18,17,0,18,18,17,0,50,0,True,True
aligned,train,256935$_$0,256935,0,63,14,16,False,0.0,1,neutral,neutral,True,15,15,14,0,15,15,14,0,50,0,True,True
aligned,train,256935$_$4,256935,4,84,18,27,False,0.0,1,neutral,neutral,True,26,26,25,0,26,26,25,0,50,0,True,True
aligned,train,256935$_$9,256935,9,96,16,22,False,-1.3333333730697632,0,negative,negative,True,21,21,20,0,21,21,20,0,50,0,True,True
aligned,train,256935$_$10,256935,10,80,16,20,False,-0.6666666865348816,0,negative,negative,True,19,19,18,0,19,19,18,0,50,0,True,True
aligned,train,256976$_$12,256976,12,162,33,36,False,-1.3333333730697632,0,negative,negative,True,35,35,34,0,35,35,34,0,50,0,True,True
aligned,train,256976$_$2,256976,2,85,15,25,False,0.0,1,neutral,neutral,True,24,24,23,0,24,24,15,8,50,0,True,True
aligned,train,256976$_$4,256976,4,95,21,27,False,-2.3333332538604736,0,negative,negative,True,26,26,25,0,26,26,25,0,50,0,True,True
aligned,train,257045$_$11,257045,11,50,11,16,False,-1.0,0,negative,negative,True,15,15,14,0,15,15,14,0,50,0,True,True
aligned,train,257045$_$1,257045,1,94,18,22,False,0.0,1,neutral,neutral,True,21,21,20,0,21,21,18,2,50,0,True,True
aligned,train,257531$_$15,257531,15,90,17,27,False,0.0,1,neutral,neutral,True,26,26,25,0,26,26,25,0,50,0,True,True
aligned,train,257531$_$17,257531,17,47,9,14,False,-1.6666666269302368,0,negative,negative,True,13,13,12,0,13,13,12,0,50,0,True,True
aligned,train,257531$_$1,257531,1,53,10,14,False,0.0,1,neutral,neutral,True,13,13,12,0,13,13,12,0,50,0,True,True
aligned,train,257531$_$2,257531,2,63,10,17,False,0.6666666865348816,2,positive,positive,True,16,16,15,0,16,16,15,0,50,0,True,True
aligned,train,257771$_$15,257771,15,40,10,14,False,-2.0,0,negative,negative,True,13,13,12,0,13,13,12,0,50,0,True,True
aligned,train,257771$_$0,257771,0,69,14,20,False,0.3333333432674408,2,positive,positive,True,19,19,18,0,19,19,18,0,50,0,True,True
aligned,train,257771$_$3,257771,3,92,16,20,False,-0.6666666865348816,0,negative,negative,True,19,19,18,0,19,19,18,0,50,0,True,True
aligned,train,257771$_$8,257771,8,42,9,15,False,1.6666666269302368,2,positive,positive,True,14,14,13,0,14,14,13,0,50,0,True,True
aligned,train,259260$_$26,259260,26,61,12,15,False,0.6666666865348816,2,positive,positive,True,14,14,13,0,14,14,13,0,50,0,True,True
aligned,train,259260$_$20,259260,20,79,17,25,False,-0.3333333432674408,0,negative,negative,True,24,24,23,0,24,24,23,0,50,0,True,True
aligned,train,259260$_$22,259260,22,21,4,6,False,-1.0,0,negative,negative,True,5,5,4,0,5,5,4,0,50,0,True,True
aligned,train,259260$_$1,259260,1,40,10,12,False,-0.6666666865348816,0,negative,negative,True,11,11,10,0,11,11,8,2,50,0,True,True
aligned,train,259260$_$37,259260,37,62,13,15,False,-0.6666666865348816,0,negative,negative,True,14,14,13,0,14,14,13,0,50,0,True,True
aligned,train,25t8nrkUfRY$_$1,25t8nrkUfRY,1,113,27,31,False,0.3333333432674408,2,positive,positive,True,30,30,29,0,30,30,26,3,50,0,True,True
aligned,train,260011$_$20,260011,20,36,8,13,False,-1.0,0,negative,negative,True,12,12,11,0,12,12,10,1,50,0,True,True
aligned,train,260011$_$16,260011,16,22,5,11,False,0.0,1,neutral,neutral,True,10,10,9,0,10,10,9,0,50,0,True,True
aligned,train,260011$_$0,260011,0,14,3,7,False,0.0,1,neutral,neutral,True,6,6,5,0,6,6,5,0,50,0,True,True
aligned,train,260011$_$3,260011,3,21,5,10,False,2.3333332538604736,2,positive,positive,True,9,9,8,0,9,9,8,0,50,0,True,True
aligned,train,261267$_$11,261267,11,80,16,26,False,-1.0,0,negative,negative,True,25,25,24,0,25,25,24,0,50,0,True,True
aligned,train,261267$_$12,261267,12,128,25,36,False,-1.3333333730697632,0,negative,negative,True,35,35,34,0,35,35,34,0,50,0,True,True
aligned,train,261267$_$15,261267,15,130,28,31,False,-0.6666666865348816,0,negative,negative,True,30,30,29,0,30,30,29,0,50,0,True,True
aligned,train,261267$_$16,261267,16,45,8,12,False,-2.3333332538604736,0,negative,negative,True,11,11,10,0,11,11,10,0,50,0,True,True
aligned,train,261267$_$19,261267,19,52,13,19,False,-1.3333333730697632,0,negative,negative,True,18,18,17,0,18,18,17,0,50,0,True,True
aligned,train,261267$_$18,261267,18,192,36,48,False,-1.3333333730697632,0,negative,negative,True,47,47,46,0,47,47,46,0,50,0,True,True
aligned,train,261267$_$2,261267,2,18,4,6,False,-1.3333333730697632,0,negative,negative,True,5,5,4,0,5,5,4,0,50,0,True,True
aligned,train,261267$_$4,261267,4,44,9,11,False,0.3333333432674408,2,positive,positive,True,10,10,9,0,10,10,9,0,50,0,True,True
aligned,train,261267$_$8,261267,8,52,10,14,False,-1.3333333730697632,0,negative,negative,True,13,13,12,0,13,13,12,0,50,0,True,True
aligned,train,261326$_$0,261326,0,7,2,4,False,0.3333333432674408,2,positive,positive,True,3,3,2,0,3,3,2,0,50,0,True,True
aligned,train,261326$_$3,261326,3,233,43,50,False,-1.3333333730697632,0,negative,negative,True,49,49,48,0,49,49,48,0,50,0,True,True
aligned,train,261900$_$24,261900,24,95,18,23,False,-1.6666666269302368,0,negative,negative,True,22,22,21,0,22,22,21,0,50,0,True,True
aligned,train,261900$_$27,261900,27,100,19,27,False,-0.6666666865348816,0,negative,negative,True,26,26,25,0,26,26,25,0,50,0,True,True
aligned,train,261900$_$7,261900,7,38,8,11,False,0.0,1,neutral,neutral,True,10,10,9,0,10,10,9,0,50,0,True,True
aligned,train,261900$_$9,261900,9,45,7,13,False,0.0,1,neutral,neutral,True,12,12,11,0,12,12,11,0,50,0,True,True
aligned,train,261900$_$8,261900,8,76,15,18,False,0.0,1,neutral,neutral,True,17,17,16,0,17,17,16,0,50,0,True,True
aligned,train,261900$_$30,261900,30,33,6,14,False,-1.6666666269302368,0,negative,negative,True,13,13,12,0,13,13,12,0,50,0,True,True
aligned,train,261900$_$36,261900,36,79,15,17,False,-0.3333333432674408,0,negative,negative,True,16,16,15,0,16,16,15,0,50,0,True,True
aligned,train,261900$_$34,261900,34,30,6,10,False,0.3333333432674408,2,positive,positive,True,9,9,8,0,9,9,8,0,50,0,True,True
aligned,train,261900$_$33,261900,33,137,27,34,False,1.6666666269302368,2,positive,positive,True,33,33,32,0,33,33,32,0,50,0,True,True
aligned,train,261902$_$0,261902,0,11,2,6,False,0.0,1,neutral,neutral,True,5,5,4,0,5,5,4,0,50,0,True,True
aligned,train,261902$_$10,261902,10,59,12,16,False,0.6666666865348816,2,positive,positive,True,15,15,14,0,15,15,14,0,50,0,True,True
aligned,train,261902$_$15,261902,15,144,26,37,False,1.3333333730697632,2,positive,positive,True,36,36,35,0,36,36,35,0,50,0,True,True
aligned,train,261902$_$18,261902,18,66,12,16,False,0.3333333432674408,2,positive,positive,True,15,15,14,0,15,15,14,0,50,0,True,True
aligned,train,262165$_$22,262165,22,27,7,9,False,-0.6666666865348816,0,negative,negative,True,8,8,7,0,8,8,3,4,50,0,True,True
aligned,train,262165$_$2,262165,2,16,3,6,False,0.0,1,neutral,neutral,True,5,5,4,0,5,5,4,0,50,0,True,True
aligned,train,262165$_$4,262165,4,182,36,50,False,-0.6666666865348816,0,negative,negative,True,49,49,48,0,49,49,42,6,50,0,True,True
aligned,train,262165$_$7,262165,7,303,54,50,False,0.0,1,neutral,neutral,True,49,49,48,0,49,49,47,1,50,0,True,True
aligned,train,262165$_$6,262165,6,123,24,33,False,-0.3333333432674408,0,negative,negative,True,32,32,31,0,32,32,30,1,50,0,True,True
aligned,train,262165$_$8,262165,8,196,35,47,False,-1.3333333730697632,0,negative,negative,True,46,46,45,0,36,36,32,3,50,0,True,True
aligned,train,262165$_$13,262165,13,56,10,16,False,-0.3333333432674408,0,negative,negative,True,15,15,14,0,6,6,5,0,50,0,True,True
aligned,train,262165$_$15,262165,15,87,12,23,False,0.0,1,neutral,neutral,True,22,22,21,0,22,22,21,0,50,0,True,True
aligned,train,262165$_$17,262165,17,64,12,14,False,-2.0,0,negative,negative,True,13,13,12,0,9,9,8,0,50,0,True,True
aligned,train,262165$_$19,262165,19,261,50,50,False,-0.3333333432674408,0,negative,negative,True,49,49,48,0,49,49,39,9,50,0,True,True
aligned,train,262165$_$18,262165,18,74,11,19,False,-2.0,0,negative,negative,True,18,18,17,0,18,18,17,0,50,0,True,True
aligned,train,264418$_$10,264418,10,51,11,17,False,-2.3333332538604736,0,negative,negative,True,16,16,15,0,16,16,15,0,50,0,True,True
aligned,train,264418$_$13,264418,13,36,6,8,False,-1.3333333730697632,0,negative,negative,True,7,7,6,0,7,7,6,0,50,0,True,True
aligned,train,264418$_$15,264418,15,29,6,12,False,-1.3333333730697632,0,negative,negative,True,11,11,10,0,11,11,10,0,50,0,True,True
aligned,train,264418$_$4,264418,4,108,21,31,False,-2.0,0,negative,negative,True,30,30,29,0,30,30,29,0,50,0,True,True
aligned,train,264418$_$6,264418,6,315,55,50,False,-0.6666666865348816,0,negative,negative,True,49,49,48,0,49,49,48,0,50,0,True,True
aligned,train,264446$_$23,264446,23,122,27,33,False,-0.3333333432674408,0,negative,negative,True,32,32,31,0,32,32,31,0,50,0,True,True
aligned,train,264446$_$44,264446,44,40,7,11,False,-1.0,0,negative,negative,True,10,10,9,0,10,10,9,0,50,0,True,True
aligned,train,264446$_$43,264446,43,46,11,15,False,-2.0,0,negative,negative,True,14,14,13,0,14,14,13,0,50,0,True,True
aligned,train,264446$_$2,264446,2,106,19,27,False,0.0,1,neutral,neutral,True,26,26,25,0,26,26,25,0,50,0,True,True
aligned,train,264446$_$38,264446,38,107,21,33,False,0.0,1,neutral,neutral,True,32,32,31,0,32,32,31,0,50,0,True,True
aligned,train,264446$_$15,264446,15,182,36,42,False,0.0,1,neutral,neutral,True,41,41,40,0,41,41,40,0,50,0,True,True
aligned,train,264446$_$14,264446,14,145,28,39,False,0.0,1,neutral,neutral,True,38,38,37,0,38,38,37,0,50,0,True,True
aligned,train,265959$_$11,265959,11,87,17,25,False,-2.3333332538604736,0,negative,negative,True,24,24,23,0,24,24,23,0,50,0,True,True
aligned,train,265959$_$15,265959,15,21,5,7,False,-2.6666667461395264,0,negative,negative,True,6,6,5,0,6,6,5,0,50,0,True,True
aligned,train,265959$_$16,265959,16,19,4,8,False,-2.3333332538604736,0,negative,negative,True,7,7,6,0,7,7,6,0,50,0,True,True
aligned,train,265959$_$0,265959,0,75,15,28,False,0.0,1,neutral,neutral,True,27,27,26,0,27,27,26,0,50,0,True,True
aligned,train,265959$_$2,265959,2,85,16,24,False,-2.6666667461395264,0,negative,negative,True,23,23,22,0,23,23,22,0,50,0,True,True
aligned,train,265959$_$5,265959,5,115,20,37,False,-2.0,0,negative,negative,True,36,36,35,0,36,36,35,0,50,0,True,True
aligned,train,265959$_$7,265959,7,173,28,50,False,-1.6666666269302368,0,negative,negative,True,49,49,48,0,49,49,48,0,50,0,True,True
aligned,train,265959$_$9,265959,9,132,22,35,False,-2.0,0,negative,negative,True,34,34,33,0,34,34,33,0,50,0,True,True
aligned,train,266366$_$14,266366,14,74,13,21,False,-2.0,0,negative,negative,True,20,20,19,0,20,20,19,0,50,0,True,True
aligned,train,266366$_$16,266366,16,27,4,6,False,-2.0,0,negative,negative,True,5,5,4,0,5,5,4,0,50,0,True,True
aligned,train,266366$_$1,266366,1,102,16,21,False,0.0,1,neutral,neutral,True,20,20,19,0,20,20,19,0,50,0,True,True
aligned,train,266366$_$0,266366,0,2,1,3,False,0.3333333432674408,2,positive,positive,True,2,2,1,0,2,2,1,0,50,0,True,True
aligned,train,266366$_$7,266366,7,305,59,50,False,-1.3333333730697632,0,negative,negative,True,49,49,48,0,49,49,48,0,50,0,True,True
aligned,train,266366$_$8,266366,8,310,60,50,False,-2.3333332538604736,0,negative,negative,True,49,49,48,0,49,49,48,0,50,0,True,True
aligned,train,266396$_$55,266396,55,26,5,9,False,-2.6666667461395264,0,negative,negative,True,8,8,7,0,0,0,0,0,50,0,True,True
aligned,train,266396$_$82,266396,82,20,4,6,False,0.0,1,neutral,neutral,True,5,5,4,0,5,5,4,0,50,0,True,True
aligned,train,266396$_$80,266396,80,13,5,7,False,-0.6666666865348816,0,negative,negative,True,6,6,5,0,6,6,5,0,50,0,True,True
aligned,train,266396$_$87,266396,87,18,5,8,False,0.0,1,neutral,neutral,True,7,7,6,0,7,7,6,0,50,0,True,True
aligned,train,266396$_$85,266396,85,46,6,16,False,-1.0,0,negative,negative,True,15,15,14,0,15,15,14,0,50,0,True,True
aligned,train,266396$_$33,266396,33,20,4,9,False,-1.0,0,negative,negative,True,8,8,7,0,8,8,7,0,50,0,True,True
aligned,train,266396$_$91,266396,91,34,7,11,False,-3.0,0,negative,negative,True,10,10,9,0,10,10,9,0,50,0,True,True
aligned,train,266396$_$93,266396,93,15,3,6,False,-1.0,0,negative,negative,True,5,5,4,0,5,5,4,0,50,0,True,True
aligned,train,266396$_$10,266396,10,43,10,16,False,-1.0,0,negative,negative,True,15,15,14,0,15,15,14,0,50,0,True,True
aligned,train,266396$_$18,266396,18,45,10,13,False,0.0,1,neutral,neutral,True,12,12,11,0,12,12,11,0,50,0,True,True
aligned,train,266396$_$44,266396,44,85,18,25,False,-0.6666666865348816,0,negative,negative,True,24,24,23,0,24,24,23,0,50,0,True,True
aligned,train,266396$_$45,266396,45,29,5,10,False,-2.3333332538604736,0,negative,negative,True,9,9,8,0,9,9,8,0,50,0,True,True
aligned,train,266396$_$43,266396,43,123,18,25,False,-3.0,0,negative,negative,True,24,24,23,0,24,24,19,4,50,0,True,True
aligned,train,266396$_$74,266396,74,47,9,14,False,-1.0,0,negative,negative,True,13,13,12,0,13,13,12,0,50,0,True,True
aligned,train,266852$_$25,266852,25,81,16,18,False,0.3333333432674408,2,positive,positive,True,17,17,16,0,17,17,16,0,50,0,True,True
aligned,train,266852$_$20,266852,20,217,44,50,False,0.0,1,neutral,neutral,True,49,49,48,0,49,49,48,0,50,0,True,True
aligned,train,266852$_$2,266852,2,68,13,19,False,0.0,1,neutral,neutral,True,18,18,17,0,18,18,17,0,50,0,True,True
aligned,train,266852$_$13,266852,13,153,27,34,False,0.0,1,neutral,neutral,True,33,33,32,0,33,33,32,0,50,0,True,True
aligned,train,266938$_$42,266938,42,34,7,12,False,-3.0,0,negative,negative,True,11,11,10,0,11,11,10,0,50,0,True,True
aligned,train,266938$_$43,266938,43,33,8,11,False,-1.3333333730697632,0,negative,negative,True,10,10,9,0,10,10,9,0,50,0,True,True
aligned,train,266938$_$23,266938,23,287,49,50,False,-2.3333332538604736,0,negative,negative,True,49,49,48,0,49,49,48,0,50,0,True,True
aligned,train,266938$_$25,266938,25,164,29,36,False,-1.6666666269302368,0,negative,negative,True,35,35,34,0,35,35,34,0,50,0,True,True
aligned,train,266938$_$20,266938,20,34,6,10,False,-0.6666666865348816,0,negative,negative,True,9,9,8,0,9,9,8,0,50,0,True,True
aligned,train,266938$_$49,266938,49,130,27,31,False,-3.0,0,negative,negative,True,30,30,29,0,30,30,29,0,50,0,True,True
aligned,train,266938$_$29,266938,29,100,22,33,False,-0.6666666865348816,0,negative,negative,True,32,32,31,0,32,32,30,1,50,0,True,True
aligned,train,266938$_$0,266938,0,46,8,13,False,0.3333333432674408,2,positive,positive,True,12,12,11,0,12,12,11,0,50,0,True,True
aligned,train,266938$_$8,266938,8,144,27,35,False,-2.6666667461395264,0,negative,negative,True,34,34,33,0,34,34,33,0,50,0,True,True
aligned,train,266938$_$38,266938,38,119,25,35,False,-1.6666666269302368,0,negative,negative,True,34,34,33,0,34,34,33,0,50,0,True,True
aligned,train,266938$_$10,266938,10,111,22,30,False,-1.6666666269302368,0,negative,negative,True,29,29,28,0,29,29,28,0,50,0,True,True
aligned,train,266938$_$15,266938,15,79,16,21,False,-0.6666666865348816,0,negative,negative,True,20,20,19,0,20,20,19,0,50,0,True,True
aligned,train,266938$_$16,266938,16,41,9,11,False,0.0,1,neutral,neutral,True,10,10,9,0,10,10,9,0,50,0,True,True
aligned,train,266938$_$54,266938,54,41,8,12,False,-3.0,0,negative,negative,True,11,11,10,0,11,11,10,0,50,0,True,True
aligned,train,267252$_$10,267252,10,58,10,14,False,-0.3333333432674408,0,negative,negative,True,13,13,12,0,13,13,12,0,50,0,True,True
aligned,train,267252$_$13,267252,13,106,21,27,False,0.3333333432674408,2,positive,positive,True,26,26,25,0,26,26,25,0,50,0,True,True
aligned,train,267255$_$10,267255,10,83,15,21,False,-0.6666666865348816,0,negative,negative,True,20,20,19,0,20,20,19,0,50,0,True,True
aligned,train,267255$_$13,267255,13,40,8,12,False,-2.0,0,negative,negative,True,11,11,10,0,11,11,10,0,50,0,True,True
aligned,train,267255$_$15,267255,15,184,31,48,False,-2.0,0,negative,negative,True,47,47,46,0,47,47,46,0,50,0,True,True
aligned,train,267255$_$16,267255,16,48,11,17,False,0.6666666865348816,2,positive,positive,True,16,16,15,0,16,16,15,0,50,0,True,True
aligned,train,267255$_$3,267255,3,42,9,13,False,0.0,1,neutral,neutral,True,12,12,11,0,12,12,11,0,50,0,True,True
aligned,train,267255$_$7,267255,7,326,59,50,False,-0.3333333432674408,0,negative,negative,True,49,49,48,0,49,49,48,0,50,0,True,True
aligned,train,267255$_$9,267255,9,70,13,19,False,-0.3333333432674408,0,negative,negative,True,18,18,17,0,18,18,17,0,50,0,True,True
aligned,train,267278$_$1,267278,1,52,10,16,False,0.0,1,neutral,neutral,True,15,15,14,0,15,15,14,0,50,0,True,True
aligned,train,267278$_$4,267278,4,29,5,12,False,2.3333332538604736,2,positive,positive,True,11,11,10,0,11,11,10,0,50,0,True,True
aligned,train,267278$_$9,267278,9,129,23,26,False,1.3333333730697632,2,positive,positive,True,25,25,24,0,25,25,24,0,50,0,True,True
aligned,train,267278$_$11,267278,11,34,7,11,False,-1.0,0,negative,negative,True,10,10,9,0,10,10,9,0,50,0,True,True
aligned,train,267278$_$14,267278,14,56,12,17,False,-0.6666666865348816,0,negative,negative,True,16,16,15,0,16,16,15,0,50,0,True,True
aligned,train,267278$_$19,267278,19,57,10,14,False,-2.3333332538604736,0,negative,negative,True,13,13,12,0,13,13,12,0,50,0,True,True
aligned,train,267799$_$2,267799,2,46,10,16,False,-2.0,0,negative,negative,True,15,15,14,0,15,15,14,0,50,0,True,True
aligned,train,267799$_$6,267799,6,125,25,30,False,2.0,2,positive,positive,True,29,29,28,0,29,29,28,0,50,0,True,True
aligned,train,268836$_$2,268836,2,59,11,19,False,-2.6666667461395264,0,negative,negative,True,18,18,17,0,18,18,17,0,50,0,True,True
aligned,train,268836$_$7,268836,7,38,6,11,False,0.3333333432674408,2,positive,positive,True,10,10,9,0,10,10,9,0,50,0,True,True
aligned,train,268836$_$6,268836,6,1,1,3,False,0.0,1,neutral,neutral,True,2,2,1,0,0,0,0,0,50,0,True,True
aligned,train,268836$_$12,268836,12,12,3,5,False,0.0,1,neutral,neutral,True,4,4,3,0,3,3,2,0,50,0,True,True
aligned,train,268836$_$15,268836,15,72,14,19,False,-0.3333333432674408,0,negative,negative,True,18,18,17,0,18,18,17,0,50,0,True,True
aligned,train,268836$_$18,268836,18,61,14,16,False,0.0,1,neutral,neutral,True,15,15,14,0,15,15,14,0,50,0,True,True
aligned,train,268836$_$34,268836,34,57,11,15,False,-1.0,0,negative,negative,True,14,14,13,0,14,14,13,0,50,0,True,True
aligned,train,270416$_$11,270416,11,131,28,39,False,-2.0,0,negative,negative,True,38,38,37,0,38,38,37,0,50,0,True,True
aligned,train,270416$_$13,270416,13,97,18,30,False,-1.6666666269302368,0,negative,negative,True,29,29,28,0,29,29,28,0,50,0,True,True
aligned,train,270444$_$5,270444,5,91,15,26,False,-1.6666666269302368,0,negative,negative,True,25,25,24,0,25,25,24,0,50,0,True,True
aligned,train,270449$_$10,270449,10,36,8,16,False,-2.0,0,negative,negative,True,15,15,14,0,15,15,14,0,50,0,True,True
aligned,train,270449$_$4,270449,4,46,10,15,False,-1.6666666269302368,0,negative,negative,True,14,14,13,0,14,14,13,0,50,0,True,True
aligned,train,270628$_$24,270628,24,134,27,32,False,-2.0,0,negative,negative,True,31,31,30,0,31,31,30,0,50,0,True,True
aligned,train,270628$_$26,270628,26,124,23,35,False,0.6666666865348816,2,positive,positive,True,34,34,33,0,34,34,33,0,50,0,True,True
aligned,train,270628$_$21,270628,21,181,36,48,False,0.3333333432674408,2,positive,positive,True,47,47,46,0,47,47,46,0,50,0,True,True
aligned,train,270628$_$22,270628,22,59,10,18,False,-0.6666666865348816,0,negative,negative,True,17,17,16,0,17,17,16,0,50,0,True,True
aligned,train,270628$_$0,270628,0,11,2,6,False,0.0,1,neutral,neutral,True,5,5,4,0,5,5,4,0,50,0,True,True
aligned,train,270628$_$14,270628,14,49,9,14,False,-1.6666666269302368,0,negative,negative,True,13,13,12,0,13,13,12,0,50,0,True,True
aligned,train,270665$_$25,270665,25,135,28,34,False,-2.3333332538604736,0,negative,negative,True,33,33,32,0,33,33,32,0,50,0,True,True
aligned,train,270665$_$20,270665,20,62,13,17,False,0.0,1,neutral,neutral,True,16,16,15,0,16,16,15,0,50,0,True,True
aligned,train,270665$_$22,270665,22,39,8,10,False,-1.0,0,negative,negative,True,9,9,8,0,9,9,8,0,50,0,True,True
aligned,train,270665$_$0,270665,0,127,24,33,False,0.0,1,neutral,neutral,True,32,32,31,0,32,32,31,0,50,0,True,True
aligned,train,270665$_$6,270665,6,158,31,40,False,-0.3333333432674408,0,negative,negative,True,39,39,38,0,39,39,38,0,50,0,True,True
aligned,train,270665$_$9,270665,9,38,7,11,False,-0.3333333432674408,0,negative,negative,True,10,10,9,0,10,10,9,0,50,0,True,True
aligned,train,270665$_$13,270665,13,28,4,8,False,-2.0,0,negative,negative,True,7,7,6,0,7,7,6,0,50,0,True,True
aligned,train,270956$_$3,270956,3,71,15,22,False,-2.6666667461395264,0,negative,negative,True,21,21,20,0,21,21,20,0,50,0,True,True
aligned,train,270956$_$9,270956,9,72,19,27,False,-2.0,0,negative,negative,True,26,26,25,0,26,26,25,0,50,0,True,True
aligned,train,270956$_$8,270956,8,39,10,14,False,-2.0,0,negative,negative,True,13,13,12,0,13,13,12,0,50,0,True,True
aligned,train,271366$_$26,271366,26,147,31,39,False,-1.6666666269302368,0,negative,negative,True,38,38,37,0,38,38,37,0,50,0,True,True
aligned,train,271366$_$21,271366,21,271,52,50,False,-1.6666666269302368,0,negative,negative,True,49,49,48,0,49,49,48,0,50,0,True,True
aligned,train,271366$_$41,271366,41,29,7,9,False,-2.6666667461395264,0,negative,negative,True,8,8,7,0,2,2,1,0,50,0,True,True
aligned,train,271366$_$3,271366,3,32,6,8,False,-3.0,0,negative,negative,True,7,7,6,0,7,7,6,0,50,0,True,True
aligned,train,271366$_$5,271366,5,66,12,16,False,-1.6666666269302368,0,negative,negative,True,15,15,14,0,14,14,13,0,50,0,True,True
aligned,train,271366$_$7,271366,7,68,13,20,False,-2.0,0,negative,negative,True,19,19,18,0,19,19,18,0,50,0,True,True
aligned,train,271366$_$38,271366,38,58,11,22,False,1.0,2,positive,positive,True,21,21,20,0,21,21,13,7,50,0,True,True
aligned,train,271366$_$13,271366,13,19,3,8,False,-2.0,0,negative,negative,True,7,7,6,0,7,7,6,0,50,0,True,True
aligned,train,271366$_$17,271366,17,37,6,15,False,-2.6666667461395264,0,negative,negative,True,14,14,13,0,14,14,13,0,50,0,True,True
aligned,train,271366$_$35,271366,35,209,43,50,False,-0.6666666865348816,0,negative,negative,True,49,49,48,0,49,49,48,0,50,0,True,True
aligned,train,271366$_$34,271366,34,65,13,19,False,-1.0,0,negative,negative,True,18,18,17,0,18,18,17,0,50,0,True,True
aligned,train,271594$_$24,271594,24,25,5,9,False,-0.6666666865348816,0,negative,negative,True,8,8,7,0,8,8,7,0,50,0,True,True
aligned,train,271594$_$23,271594,23,48,10,17,False,-0.3333333432674408,0,negative,negative,True,16,16,15,0,16,16,15,0,50,0,True,True
aligned,train,271594$_$37,271594,37,15,4,8,False,-1.6666666269302368,0,negative,negative,True,7,7,6,0,7,7,6,0,50,0,True,True
aligned,train,271594$_$34,271594,34,58,11,16,False,-3.0,0,negative,negative,True,15,15,14,0,15,15,14,0,50,0,True,True
aligned,train,271598$_$28,271598,28,49,10,14,False,-2.0,0,negative,negative,True,13,13,12,0,13,13,12,0,50,0,True,True
aligned,train,271598$_$10,271598,10,4,1,3,False,0.0,1,neutral,neutral,True,2,2,1,0,2,2,1,0,50,0,True,True
aligned,train,271598$_$13,271598,13,37,7,9,False,0.0,1,neutral,neutral,True,8,8,7,0,8,8,7,0,50,0,True,True
aligned,train,271598$_$17,271598,17,82,15,18,False,-2.0,0,negative,negative,True,17,17,16,0,17,17,16,0,50,0,True,True
aligned,train,271598$_$16,271598,16,153,26,37,False,-0.3333333432674408,0,negative,negative,True,36,36,35,0,36,36,35,0,50,0,True,True
aligned,train,272375$_$11,272375,11,130,22,35,False,-0.3333333432674408,0,negative,negative,True,34,34,33,0,34,34,33,0,50,0,True,True
aligned,train,272375$_$18,272375,18,55,12,16,False,-1.3333333730697632,0,negative,negative,True,15,15,14,0,15,15,14,0,50,0,True,True
aligned,train,272375$_$0,272375,0,45,9,12,False,0.0,1,neutral,neutral,True,11,11,10,0,11,11,10,0,50,0,True,True
aligned,train,273171$_$15,273171,15,125,27,35,False,0.3333333432674408,2,positive,positive,True,34,34,33,0,34,34,33,0,50,0,True,True
aligned,train,273171$_$1,273171,1,61,12,15,False,0.3333333432674408,2,positive,positive,True,14,14,13,0,14,14,13,0,50,0,True,True
aligned,train,273237$_$23,273237,23,284,45,50,False,-2.6666667461395264,0,negative,negative,True,49,49,48,0,49,49,48,0,50,0,True,True
aligned,train,273237$_$1,273237,1,50,8,15,False,-2.6666667461395264,0,negative,negative,True,14,14,13,0,9,9,8,0,50,0,True,True
aligned,train,273237$_$3,273237,3,224,43,49,False,-2.0,0,negative,negative,True,48,48,47,0,48,48,47,0,50,0,True,True
aligned,train,273237$_$11,273237,11,21,4,8,False,0.0,1,neutral,neutral,True,7,7,6,0,7,7,6,0,50,0,True,True
aligned,train,273237$_$13,273237,13,111,23,32,False,-2.0,0,negative,negative,True,31,31,30,0,31,31,30,0,50,0,True,True
aligned,train,273237$_$12,273237,12,150,29,41,False,-3.0,0,negative,negative,True,40,40,39,0,40,40,39,0,50,0,True,True
aligned,train,273237$_$14,273237,14,137,28,33,False,-2.3333332538604736,0,negative,negative,True,32,32,31,0,32,32,31,0,50,0,True,True
aligned,train,273237$_$17,273237,17,93,18,22,False,-2.6666667461395264,0,negative,negative,True,21,21,20,0,21,21,20,0,50,0,True,True
aligned,train,273314$_$1,273314,1,208,42,50,False,0.3333333432674408,2,positive,positive,True,49,49,48,0,49,49,48,0,50,0,True,True
aligned,train,273314$_$4,273314,4,44,12,14,False,-0.3333333432674408,0,negative,negative,True,13,13,12,0,13,13,12,0,50,0,True,True
aligned,train,273531$_$2,273531,2,84,16,21,False,-0.6666666865348816,0,negative,negative,True,20,20,19,0,20,20,19,0,50,0,True,True
aligned,train,273531$_$7,273531,7,59,10,16,False,-0.3333333432674408,0,negative,negative,True,15,15,14,0,15,15,14,0,50,0,True,True
aligned,train,273531$_$10,273531,10,237,43,50,False,-2.0,0,negative,negative,True,49,49,48,0,49,49,48,0,50,0,True,True
aligned,train,273531$_$19,273531,19,87,16,20,False,-1.6666666269302368,0,negative,negative,True,19,19,18,0,19,19,18,0,50,0,True,True
aligned,train,274219$_$11,274219,11,93,16,29,False,-1.0,0,negative,negative,True,28,28,27,0,28,28,27,0,50,0,True,True
aligned,train,274219$_$3,274219,3,24,6,8,False,0.3333333432674408,2,positive,positive,True,7,7,6,0,7,7,6,0,50,0,True,True
aligned,train,274219$_$2,274219,2,138,23,50,False,0.0,1,neutral,neutral,True,49,49,48,0,49,49,48,0,50,0,True,True
aligned,train,274219$_$4,274219,4,64,10,15,False,-2.0,0,negative,negative,True,14,14,13,0,14,14,13,0,50,0,True,True
aligned,train,275248$_$0,275248,0,1257,242,50,False,-2.0,0,negative,negative,True,49,49,48,0,49,49,48,0,50,0,True,True
aligned,train,275620$_$3,275620,3,103,19,27,False,2.6666667461395264,2,positive,positive,True,26,26,25,0,26,26,20,5,50,0,True,True
aligned,train,275620$_$4,275620,4,24,6,8,False,1.6666666269302368,2,positive,positive,True,7,7,6,0,7,7,6,0,50,0,True,True
aligned,train,275620$_$12,275620,12,68,15,19,False,-0.6666666865348816,0,negative,negative,True,18,18,17,0,0,0,0,0,50,0,True,True
aligned,train,275620$_$19,275620,19,64,11,15,False,0.6666666865348816,2,positive,positive,True,14,14,13,0,14,14,10,3,50,0,True,True
aligned,train,276217$_$24,276217,24,64,12,17,False,0.0,1,neutral,neutral,True,16,16,15,0,16,16,15,0,50,0,True,True
aligned,train,276217$_$22,276217,22,24,5,9,False,0.0,1,neutral,neutral,True,8,8,7,0,8,8,7,0,50,0,True,True
aligned,train,276217$_$6,276217,6,47,10,12,False,0.0,1,neutral,neutral,True,11,11,10,0,11,11,10,0,50,0,True,True
aligned,train,276217$_$9,276217,9,48,10,17,False,0.0,1,neutral,neutral,True,16,16,15,0,16,16,15,0,50,0,True,True
aligned,train,276217$_$38,276217,38,86,15,24,False,-0.3333333432674408,0,negative,negative,True,23,23,22,0,23,23,22,0,50,0,True,True
aligned,train,276217$_$12,276217,12,97,20,25,False,0.0,1,neutral,neutral,True,24,24,23,0,24,24,23,0,50,0,True,True
aligned,train,276217$_$32,276217,32,49,8,14,False,-1.6666666269302368,0,negative,negative,True,13,13,12,0,13,13,12,0,50,0,True,True
aligned,train,276217$_$36,276217,36,69,14,20,False,-0.6666666865348816,0,negative,negative,True,19,19,18,0,19,19,18,0,50,0,True,True
aligned,train,276217$_$19,276217,19,39,9,16,False,0.6666666865348816,2,positive,positive,True,15,15,14,0,15,15,14,0,50,0,True,True
aligned,train,276217$_$18,276217,18,31,6,12,False,0.0,1,neutral,neutral,True,11,11,10,0,11,11,10,0,50,0,True,True
aligned,train,27798$_$11,27798,11,56,12,16,False,-2.3333332538604736,0,negative,negative,True,15,15,14,0,15,15,14,0,50,0,True,True
aligned,train,27798$_$12,27798,12,213,41,50,False,-1.3333333730697632,0,negative,negative,True,49,49,48,0,49,49,48,0,50,0,True,True
aligned,train,27798$_$15,27798,15,52,11,17,False,-2.0,0,negative,negative,True,16,16,15,0,16,16,15,0,50,0,True,True
aligned,train,27798$_$5,27798,5,115,20,27,False,-1.3333333730697632,0,negative,negative,True,26,26,25,0,26,26,25,0,50,0,True,True
aligned,train,278474$_$3,278474,3,54,11,14,False,-2.3333332538604736,0,negative,negative,True,13,13,12,0,13,13,7,5,50,0,True,True
aligned,train,278474$_$4,278474,4,42,8,15,False,-3.0,0,negative,negative,True,14,14,13,0,14,14,13,0,50,0,True,True
aligned,train,27ubp7CLLKQ$_$14,27ubp7CLLKQ,14,76,14,20,False,0.3333333432674408,2,positive,positive,True,19,19,18,0,19,19,16,2,50,0,True,True
aligned,train,282560$_$15,282560,15,28,6,10,False,-0.6666666865348816,0,negative,negative,True,9,9,8,0,9,9,8,0,50,0,True,True
aligned,train,282560$_$1,282560,1,53,12,14,False,0.0,1,neutral,neutral,True,13,13,12,0,13,13,12,0,50,0,True,True
aligned,train,282560$_$3,282560,3,78,14,17,False,0.3333333432674408,2,positive,positive,True,16,16,15,0,16,16,15,0,50,0,True,True
aligned,train,282560$_$5,282560,5,42,9,11,False,-1.3333333730697632,0,negative,negative,True,10,10,9,0,10,10,9,0,50,0,True,True
aligned,train,282560$_$4,282560,4,124,21,30,False,0.6666666865348816,2,positive,positive,True,29,29,28,0,29,29,28,0,50,0,True,True
aligned,train,282560$_$7,282560,7,135,26,28,False,1.6666666269302368,2,positive,positive,True,27,27,26,0,27,27,26,0,50,0,True,True
aligned,train,282560$_$6,282560,6,26,5,7,False,-1.0,0,negative,negative,True,6,6,5,0,6,6,5,0,50,0,True,True
aligned,train,282560$_$9,282560,9,92,19,25,False,-1.6666666269302368,0,negative,negative,True,24,24,23,0,24,24,23,0,50,0,True,True
aligned,train,282586$_$25,282586,25,20,4,8,False,0.3333333432674408,2,positive,positive,True,7,7,6,0,7,7,6,0,50,0,True,True
aligned,train,282586$_$22,282586,22,21,3,7,False,-1.6666666269302368,0,negative,negative,True,6,6,5,0,6,6,5,0,50,0,True,True
aligned,train,282586$_$3,282586,3,47,8,14,False,0.0,1,neutral,neutral,True,13,13,12,0,13,13,12,0,50,0,True,True
aligned,train,282586$_$4,282586,4,21,4,8,False,-1.6666666269302368,0,negative,negative,True,7,7,6,0,7,7,6,0,50,0,True,True
aligned,train,282586$_$12,282586,12,67,15,19,False,0.0,1,neutral,neutral,True,18,18,17,0,18,18,17,0,50,0,True,True
aligned,train,282586$_$16,282586,16,120,22,34,False,-0.3333333432674408,0,negative,negative,True,33,33,32,0,33,33,32,0,50,0,True,True
aligned,train,283495$_$7,283495,7,73,12,15,False,-1.3333333730697632,0,negative,negative,True,14,14,13,0,14,14,13,0,50,0,True,True
aligned,train,284673$_$14,284673,14,13,3,5,False,0.0,1,neutral,neutral,True,4,4,3,0,4,4,3,0,50,0,True,True
aligned,train,284673$_$18,284673,18,49,9,14,False,-1.0,0,negative,negative,True,13,13,12,0,13,13,12,0,50,0,True,True
aligned,train,284673$_$5,284673,5,106,19,25,False,0.0,1,neutral,neutral,True,24,24,23,0,24,24,23,0,50,0,True,True
aligned,train,284673$_$8,284673,8,181,31,41,False,-1.3333333730697632,0,negative,negative,True,40,40,39,0,40,40,39,0,50,0,True,True
aligned,train,288714$_$15,288714,15,44,11,13,False,-1.6666666269302368,0,negative,negative,True,12,12,11,0,10,10,9,0,50,0,True,True
aligned,train,288714$_$17,288714,17,82,15,22,False,-2.3333332538604736,0,negative,negative,True,21,21,20,0,21,21,20,0,50,0,True,True
aligned,train,288714$_$5,288714,5,35,8,10,False,-1.6666666269302368,0,negative,negative,True,9,9,8,0,9,9,8,0,50,0,True,True
aligned,train,288714$_$8,288714,8,16,3,9,False,-1.3333333730697632,0,negative,negative,True,8,8,7,0,8,8,7,0,50,0,True,True
aligned,train,288766$_$21,288766,21,53,10,15,False,-1.0,0,negative,negative,True,14,14,13,0,14,14,13,0,50,0,True,True
aligned,train,288766$_$2,288766,2,157,28,42,False,0.0,1,neutral,neutral,True,41,41,40,0,41,41,40,0,50,0,True,True
aligned,train,288766$_$7,288766,7,81,15,22,False,-1.6666666269302368,0,negative,negative,True,21,21,20,0,21,21,20,0,50,0,True,True
aligned,train,288766$_$17,288766,17,153,28,33,False,-0.3333333432674408,0,negative,negative,True,32,32,31,0,32,32,31,0,50,0,True,True
aligned,train,290088$_$4,290088,4,39,7,11,False,-1.6666666269302368,0,negative,negative,True,10,10,9,0,10,10,9,0,50,0,True,True
aligned,train,29044$_$12,29044,12,97,17,25,False,0.3333333432674408,2,positive,positive,True,24,24,23,0,24,24,23,0,50,0,True,True
aligned,train,29044$_$3,29044,3,117,23,27,False,0.3333333432674408,2,positive,positive,True,26,26,25,0,26,26,25,0,50,0,True,True
aligned,train,29044$_$2,29044,2,95,21,28,False,-0.3333333432674408,0,negative,negative,True,27,27,26,0,27,27,14,12,50,0,True,True
aligned,train,29044$_$4,29044,4,45,9,13,False,-1.3333333730697632,0,negative,negative,True,12,12,11,0,12,12,11,0,50,0,True,True
aligned,train,291121$_$7,291121,7,145,29,36,False,-0.3333333432674408,0,negative,negative,True,35,35,34,0,35,35,34,0,50,0,True,True
aligned,train,292277$_$10,292277,10,85,15,23,False,-2.3333332538604736,0,negative,negative,True,22,22,21,0,22,22,21,0,50,0,True,True
aligned,train,292277$_$2,292277,2,62,14,16,False,-2.3333332538604736,0,negative,negative,True,15,15,14,0,15,15,14,0,50,0,True,True
aligned,train,292277$_$5,292277,5,31,6,12,False,-0.3333333432674408,0,negative,negative,True,11,11,10,0,11,11,10,0,50,0,True,True
aligned,train,292277$_$4,292277,4,214,42,48,False,0.0,1,neutral,neutral,True,47,47,46,0,47,47,46,0,50,0,True,True
aligned,train,294178$_$11,294178,11,35,6,10,False,-0.6666666865348816,0,negative,negative,True,9,9,8,0,9,9,8,0,50,0,True,True
aligned,train,294178$_$14,294178,14,16,4,6,False,0.3333333432674408,2,positive,positive,True,5,5,4,0,5,5,4,0,50,0,True,True
aligned,train,294178$_$1,294178,1,98,16,21,False,0.3333333432674408,2,positive,positive,True,20,20,19,0,20,20,19,0,50,0,True,True
aligned,train,294178$_$0,294178,0,31,6,10,False,0.0,1,neutral,neutral,True,9,9,8,0,9,9,8,0,50,0,True,True
aligned,train,294178$_$3,294178,3,81,14,19,False,-0.3333333432674408,0,negative,negative,True,18,18,17,0,18,18,17,0,50,0,True,True
aligned,train,294178$_$7,294178,7,61,11,21,False,-1.3333333730697632,0,negative,negative,True,20,20,19,0,20,20,19,0,50,0,True,True
aligned,train,295793$_$14,295793,14,27,5,10,False,-1.6666666269302368,0,negative,negative,True,9,9,8,0,9,9,8,0,50,0,True,True
aligned,train,295793$_$3,295793,3,92,18,27,False,0.0,1,neutral,neutral,True,26,26,25,0,26,26,21,4,50,0,True,True
aligned,train,295793$_$9,295793,9,84,16,25,False,-2.6666667461395264,0,negative,negative,True,24,24,23,0,24,24,23,0,50,0,True,True
aligned,train,298736$_$26,298736,26,43,9,14,False,1.0,2,positive,positive,True,13,13,12,0,13,13,12,0,50,0,True,True
aligned,train,298736$_$22,298736,22,20,4,6,False,1.3333333730697632,2,positive,positive,True,5,5,4,0,5,5,4,0,50,0,True,True
aligned,train,298736$_$28,298736,28,73,15,17,False,-0.3333333432674408,0,negative,negative,True,16,16,15,0,16,16,15,0,50,0,True,True
aligned,train,298736$_$0,298736,0,36,8,12,False,0.3333333432674408,2,positive,positive,True,11,11,10,0,11,11,10,0,50,0,True,True
aligned,train,298736$_$7,298736,7,67,15,18,False,0.0,1,neutral,neutral,True,17,17,16,0,17,17,16,0,50,0,True,True
aligned,train,298736$_$17,298736,17,70,15,21,False,0.3333333432674408,2,positive,positive,True,20,20,19,0,20,20,19,0,50,0,True,True
aligned,train,298736$_$16,298736,16,35,6,10,False,-0.3333333432674408,0,negative,negative,True,9,9,8,0,9,9,8,0,50,0,True,True
aligned,train,298736$_$32,298736,32,159,29,41,False,-1.3333333730697632,0,negative,negative,True,40,40,39,0,40,40,39,0,50,0,True,True
aligned,train,298774$_$12,298774,12,65,14,19,False,2.3333332538604736,2,positive,positive,True,18,18,17,0,18,18,17,0,50,0,True,True
aligned,train,298774$_$15,298774,15,41,9,12,False,0.6666666865348816,2,positive,positive,True,11,11,10,0,11,11,10,0,50,0,True,True
aligned,train,298774$_$17,298774,17,21,5,8,False,-0.3333333432674408,0,negative,negative,True,7,7,6,0,7,7,6,0,50,0,True,True
aligned,train,298774$_$1,298774,1,57,12,14,False,2.6666667461395264,2,positive,positive,True,13,13,12,0,13,13,12,0,50,0,True,True
aligned,train,298774$_$4,298774,4,60,11,15,False,2.0,2,positive,positive,True,14,14,13,0,10,10,9,0,50,0,True,True
aligned,train,2Crezdbre6I$_$10,2Crezdbre6I,10,152,29,36,False,0.3333333432674408,2,positive,positive,True,35,35,34,0,35,35,34,0,50,0,True,True
aligned,train,2HmBM3GGTlg$_$2,2HmBM3GGTlg,2,26,5,7,False,0.6666666865348816,2,positive,positive,True,6,6,5,0,0,0,0,0,50,0,True,True
aligned,train,2HmBM3GGTlg$_$5,2HmBM3GGTlg,5,26,6,8,False,2.0,2,positive,positive,True,7,7,6,0,7,7,6,0,50,0,True,True
aligned,train,2HmBM3GGTlg$_$7,2HmBM3GGTlg,7,82,17,21,False,1.0,2,positive,positive,True,20,20,19,0,20,20,19,0,50,0,True,True
aligned,train,2JY5HXBWO84$_$20,2JY5HXBWO84,20,70,14,18,False,0.6666666865348816,2,positive,positive,True,17,17,16,0,17,17,16,0,50,0,True,True
aligned,train,2JY5HXBWO84$_$14,2JY5HXBWO84,14,141,24,27,False,-1.6666666269302368,0,negative,negative,True,26,26,25,0,26,26,25,0,50,0,True,True
aligned,train,2LpVvLemgvw$_$5,2LpVvLemgvw,5,25,5,7,False,1.3333333730697632,2,positive,positive,True,6,6,5,0,6,6,5,0,50,0,True,True
aligned,train,2PgJok07td4$_$3,2PgJok07td4,3,131,24,29,False,0.6666666865348816,2,positive,positive,True,28,28,27,0,28,28,27,0,50,0,True,True
aligned,train,2RDubrUjI-k$_$8,2RDubrUjI-k,8,114,21,24,False,2.0,2,positive,positive,True,23,23,22,0,23,23,22,0,50,0,True,True
aligned,train,2RDubrUjI-k$_$4,2RDubrUjI-k,4,89,14,19,False,2.3333332538604736,2,positive,positive,True,18,18,17,0,18,18,17,0,50,0,True,True
aligned,train,2YwgSmmLibs$_$6,2YwgSmmLibs,6,305,57,50,False,-1.0,0,negative,negative,True,49,49,48,0,49,49,47,1,50,0,True,True
aligned,train,2ahFSMFvs_c$_$0,2ahFSMFvs_c,0,88,16,24,False,-1.3333333730697632,0,negative,negative,True,23,23,22,0,23,23,22,0,50,0,True,True
aligned,train,2c2fhh_Dsoo$_$4,2c2fhh_Dsoo,4,141,25,31,False,-1.0,0,negative,negative,True,30,30,29,0,30,30,29,0,50,0,True,True
aligned,train,2c6Gb73nx4E$_$2,2c6Gb73nx4E,2,161,33,40,False,0.0,1,neutral,neutral,True,39,39,38,0,39,39,38,0,50,0,True,True
aligned,train,2cwNG0YuwtQ$_$23,2cwNG0YuwtQ,23,91,15,19,False,0.6666666865348816,2,positive,positive,True,18,18,17,0,18,18,17,0,50,0,True,True
aligned,train,2cwNG0YuwtQ$_$1,2cwNG0YuwtQ,1,106,20,23,False,0.0,1,neutral,neutral,True,22,22,21,0,22,22,21,0,50,0,True,True
aligned,train,2cwNG0YuwtQ$_$15,2cwNG0YuwtQ,15,135,18,24,False,0.0,1,neutral,neutral,True,23,23,22,0,23,23,22,0,50,0,True,True
aligned,train,2f6ZHqJ76EU$_$8,2f6ZHqJ76EU,8,200,38,43,False,0.6666666865348816,2,positive,positive,True,42,42,41,0,42,42,41,0,50,0,True,True
aligned,train,2h9VVQUZjK0$_$12,2h9VVQUZjK0,12,64,9,11,False,0.0,1,neutral,neutral,True,10,10,9,0,10,10,9,0,50,0,True,True
aligned,train,2h9VVQUZjK0$_$8,2h9VVQUZjK0,8,75,12,16,False,0.0,1,neutral,neutral,True,15,15,14,0,15,15,14,0,50,0,True,True
aligned,train,2lj0BaPsJpM$_$7,2lj0BaPsJpM,7,96,18,21,False,0.0,1,neutral,neutral,True,20,20,19,0,20,20,19,0,50,0,True,True
aligned,train,2mWPHvbKzL8$_$10,2mWPHvbKzL8,10,118,19,24,False,1.3333333730697632,2,positive,positive,True,23,23,22,0,23,23,22,0,50,0,True,True
aligned,train,2mWPHvbKzL8$_$15,2mWPHvbKzL8,15,83,17,23,False,0.6666666865348816,2,positive,positive,True,22,22,21,0,22,22,21,0,50,0,True,True
aligned,train,2mWPHvbKzL8$_$19,2mWPHvbKzL8,19,202,35,41,False,1.3333333730697632,2,positive,positive,True,40,40,39,0,40,40,39,0,50,0,True,True
aligned,train,2mWPHvbKzL8$_$3,2mWPHvbKzL8,3,152,25,31,False,0.3333333432674408,2,positive,positive,True,30,30,29,0,30,30,29,0,50,0,True,True
aligned,train,2mWPHvbKzL8$_$2,2mWPHvbKzL8,2,109,19,23,False,0.0,1,neutral,neutral,True,22,22,21,0,22,22,21,0,50,0,True,True
aligned,train,2mWPHvbKzL8$_$4,2mWPHvbKzL8,4,155,24,27,False,0.3333333432674408,2,positive,positive,True,26,26,25,0,26,26,25,0,50,0,True,True
aligned,train,2mWPHvbKzL8$_$6,2mWPHvbKzL8,6,61,10,14,False,2.0,2,positive,positive,True,13,13,12,0,13,13,12,0,50,0,True,True
aligned,train,2qKajMu7Vhc$_$2,2qKajMu7Vhc,2,86,18,20,False,2.3333332538604736,2,positive,positive,True,19,19,18,0,19,19,18,0,50,0,True,True
aligned,train,2qKajMu7Vhc$_$4,2qKajMu7Vhc,4,48,7,10,False,1.3333333730697632,2,positive,positive,True,9,9,8,0,9,9,8,0,50,0,True,True
aligned,train,2vX-ZRQQDwo$_$3,2vX-ZRQQDwo,3,84,15,20,False,1.6666666269302368,2,positive,positive,True,19,19,18,0,19,19,16,2,50,0,True,True
aligned,train,2vX-ZRQQDwo$_$4,2vX-ZRQQDwo,4,87,15,17,False,0.3333333432674408,2,positive,positive,True,16,16,15,0,11,11,10,0,50,0,True,True
aligned,train,2w7rpDe-HoA$_$1,2w7rpDe-HoA,1,69,12,20,False,-0.3333333432674408,0,negative,negative,True,19,19,18,0,19,19,18,0,50,0,True,True
aligned,train,2w7rpDe-HoA$_$3,2w7rpDe-HoA,3,374,64,50,False,-2.0,0,negative,negative,True,49,49,48,0,49,49,48,0,50,0,True,True
aligned,train,2w7rpDe-HoA$_$5,2w7rpDe-HoA,5,309,55,50,False,-0.6666666865348816,0,negative,negative,True,49,49,48,0,49,49,48,0,50,0,True,True
aligned,train,2w7rpDe-HoA$_$7,2w7rpDe-HoA,7,86,15,28,False,1.3333333730697632,2,positive,positive,True,27,27,26,0,27,27,26,0,50,0,True,True
aligned,train,30763$_$13,30763,13,77,15,19,False,2.0,2,positive,positive,True,18,18,17,0,18,18,17,0,50,0,True,True
aligned,train,30763$_$15,30763,15,108,19,23,False,0.0,1,neutral,neutral,True,22,22,21,0,22,22,21,0,50,0,True,True
aligned,train,30763$_$0,30763,0,2,1,3,False,0.0,1,neutral,neutral,True,2,2,1,0,2,2,1,0,50,0,True,True
aligned,train,31197$_$3,31197,3,113,20,30,False,-0.6666666865348816,0,negative,negative,True,29,29,28,0,29,29,28,0,50,0,True,True
aligned,train,31tcuDMQ_H8$_$11,31tcuDMQ_H8,11,77,14,19,False,0.6666666865348816,2,positive,positive,True,18,18,17,0,18,18,17,0,50,0,True,True
aligned,train,31tcuDMQ_H8$_$1,31tcuDMQ_H8,1,260,52,50,False,1.6666666269302368,2,positive,positive,True,49,49,48,0,49,49,48,0,50,0,True,True
aligned,train,327283$_$3,327283,3,38,8,13,False,0.0,1,neutral,neutral,True,12,12,11,0,12,12,11,0,50,0,True,True
aligned,train,327283$_$2,327283,2,52,11,17,False,0.3333333432674408,2,positive,positive,True,16,16,15,0,16,16,15,0,50,0,True,True
aligned,train,327283$_$6,327283,6,28,6,8,False,2.6666667461395264,2,positive,positive,True,7,7,6,0,7,7,6,0,50,0,True,True
aligned,train,33312$_$0,33312,0,8,2,4,False,0.3333333432674408,2,positive,positive,True,3,3,2,0,3,3,2,0,50,0,True,True
aligned,train,33312$_$7,33312,7,152,28,37,False,-1.0,0,negative,negative,True,36,36,35,0,36,36,35,0,50,0,True,True
aligned,train,33312$_$6,33312,6,188,38,49,False,0.3333333432674408,2,positive,positive,True,48,48,47,0,48,48,47,0,50,0,True,True
aligned,train,33312$_$8,33312,8,164,28,46,False,-2.3333332538604736,0,negative,negative,True,45,45,44,0,45,45,44,0,50,0,True,True
aligned,train,33439$_$10,33439,10,58,12,23,False,1.3333333730697632,2,positive,positive,True,22,22,21,0,22,22,21,0,50,0,True,True
aligned,train,33439$_$0,33439,0,40,8,11,False,0.0,1,neutral,neutral,True,10,10,9,0,0,0,0,0,50,0,True,True
aligned,train,33439$_$3,33439,3,151,26,41,False,1.3333333730697632,2,positive,positive,True,40,40,39,0,40,40,39,0,50,0,True,True
aligned,train,33439$_$2,33439,2,139,29,37,False,-1.0,0,negative,negative,True,36,36,35,0,36,36,35,0,50,0,True,True
aligned,train,33439$_$9,33439,9,45,8,12,False,0.0,1,neutral,neutral,True,11,11,10,0,11,11,10,0,50,0,True,True
aligned,train,33ueXDUn3mA$_$11,33ueXDUn3mA,11,61,10,21,False,0.3333333432674408,2,positive,positive,True,20,20,19,0,20,20,19,0,50,0,True,True
aligned,train,33ueXDUn3mA$_$1,33ueXDUn3mA,1,143,25,31,False,1.6666666269302368,2,positive,positive,True,30,30,29,0,30,30,29,0,50,0,True,True
aligned,train,34-ogj6rh6w$_$0,34-ogj6rh6w,0,134,23,26,False,0.6666666865348816,2,positive,positive,True,25,25,24,0,12,12,1,10,50,0,True,True
aligned,train,34-ogj6rh6w$_$2,34-ogj6rh6w,2,33,6,8,False,0.0,1,neutral,neutral,True,7,7,6,0,7,7,6,0,50,0,True,True
aligned,train,34-ogj6rh6w$_$7,34-ogj6rh6w,7,124,21,27,False,0.6666666865348816,2,positive,positive,True,26,26,25,0,15,15,14,0,50,0,True,True
aligned,train,34-ogj6rh6w$_$8,34-ogj6rh6w,8,70,13,16,False,0.0,1,neutral,neutral,True,15,15,14,0,15,15,14,0,50,0,True,True
aligned,train,34346$_$11,34346,11,78,15,17,False,2.0,2,positive,positive,True,16,16,15,0,16,16,15,0,50,0,True,True
aligned,train,34346$_$14,34346,14,93,19,23,False,0.0,1,neutral,neutral,True,22,22,21,0,22,22,21,0,50,0,True,True
aligned,train,34346$_$1,34346,1,46,9,11,False,2.3333332538604736,2,positive,positive,True,10,10,9,0,10,10,9,0,50,0,True,True
aligned,train,34346$_$0,34346,0,84,16,18,False,0.0,1,neutral,neutral,True,17,17,16,0,17,17,16,0,50,0,True,True
aligned,train,34346$_$7,34346,7,45,10,12,False,0.0,1,neutral,neutral,True,11,11,10,0,11,11,10,0,50,0,True,True
aligned,train,36098$_$1,36098,1,31,5,7,False,0.0,1,neutral,neutral,True,6,6,5,0,6,6,5,0,50,0,True,True
aligned,train,36098$_$2,36098,2,22,5,9,False,0.0,1,neutral,neutral,True,8,8,7,0,8,8,7,0,50,0,True,True
aligned,train,367506$_$10,367506,10,47,8,11,False,1.6666666269302368,2,positive,positive,True,10,10,9,0,10,10,9,0,50,0,True,True
aligned,train,367506$_$13,367506,13,60,10,13,False,2.6666667461395264,2,positive,positive,True,12,12,11,0,12,12,11,0,50,0,True,True
aligned,train,367506$_$15,367506,15,30,5,8,False,3.0,2,positive,positive,True,7,7,6,0,7,7,6,0,50,0,True,True
aligned,train,367506$_$14,367506,14,173,37,47,False,2.3333332538604736,2,positive,positive,True,46,46,45,0,46,46,45,0,50,0,True,True
aligned,train,367506$_$1,367506,1,4,1,3,False,0.0,1,neutral,neutral,True,2,2,1,0,2,2,1,0,50,0,True,True
aligned,train,367506$_$5,367506,5,177,33,43,False,0.0,1,neutral,neutral,True,42,42,41,0,26,26,25,0,50,0,True,True
aligned,train,367576$_$2,367576,2,157,29,42,False,1.6666666269302368,2,positive,positive,True,41,41,40,0,41,41,40,0,50,0,True,True
aligned,train,367576$_$4,367576,4,190,38,48,False,0.0,1,neutral,neutral,True,47,47,46,0,47,47,46,0,50,0,True,True
aligned,train,367576$_$9,367576,9,125,23,29,False,-1.3333333730697632,0,negative,negative,True,28,28,27,0,28,28,27,0,50,0,True,True
aligned,train,36o2cux9kfQ$_$13,36o2cux9kfQ,13,82,16,21,False,0.3333333432674408,2,positive,positive,True,20,20,19,0,20,20,19,0,50,0,True,True
aligned,train,37117$_$1,37117,1,306,63,50,False,0.3333333432674408,2,positive,positive,True,49,49,48,0,49,49,48,0,50,0,True,True
aligned,train,37117$_$4,37117,4,48,10,12,False,-2.0,0,negative,negative,True,11,11,10,0,11,11,10,0,50,0,True,True
aligned,train,37117$_$6,37117,6,66,13,17,False,-1.6666666269302368,0,negative,negative,True,16,16,15,0,16,16,15,0,50,0,True,True
aligned,train,37117$_$9,37117,9,243,42,50,False,-2.0,0,negative,negative,True,49,49,48,0,49,49,48,0,50,0,True,True
aligned,train,37117$_$8,37117,8,245,45,50,False,-1.6666666269302368,0,negative,negative,True,49,49,48,0,49,49,48,0,50,0,True,True
aligned,train,37459$_$3,37459,3,92,17,35,False,-2.6666667461395264,0,negative,negative,True,34,34,33,0,34,34,33,0,50,0,True,True
aligned,train,37459$_$2,37459,2,127,22,29,False,-3.0,0,negative,negative,True,28,28,27,0,28,28,27,0,50,0,True,True
aligned,train,37459$_$6,37459,6,131,22,33,False,-1.0,0,negative,negative,True,32,32,31,0,32,32,31,0,50,0,True,True
aligned,train,38019$_$0,38019,0,122,25,33,False,-1.3333333730697632,0,negative,negative,True,32,32,31,0,32,32,29,2,50,0,True,True
aligned,train,38374$_$3,38374,3,74,14,25,False,0.0,1,neutral,neutral,True,24,24,23,0,24,24,23,0,50,0,True,True
aligned,train,38374$_$7,38374,7,198,33,50,False,-2.0,0,negative,negative,True,49,49,48,0,49,49,48,0,50,0,True,True
aligned,train,38374$_$9,38374,9,355,63,50,False,0.0,1,neutral,neutral,True,49,49,48,0,49,49,48,0,50,0,True,True
aligned,train,39lcRCFvV-s$_$21,39lcRCFvV-s,21,117,23,30,False,1.0,2,positive,positive,True,29,29,28,0,29,29,28,0,50,0,True,True
aligned,train,39lcRCFvV-s$_$22,39lcRCFvV-s,22,99,18,27,False,0.6666666865348816,2,positive,positive,True,26,26,25,0,26,26,25,0,50,0,True,True
aligned,train,39lcRCFvV-s$_$46,39lcRCFvV-s,46,68,13,19,False,2.0,2,positive,positive,True,18,18,17,0,18,18,17,0,50,0,True,True
aligned,train,39lcRCFvV-s$_$39,39lcRCFvV-s,39,76,16,25,False,-0.3333333432674408,0,negative,negative,True,24,24,23,0,24,24,23,0,50,0,True,True
aligned,train,39lcRCFvV-s$_$13,39lcRCFvV-s,13,182,32,46,False,1.3333333730697632,2,positive,positive,True,45,45,44,0,45,45,44,0,50,0,True,True
aligned,train,39lcRCFvV-s$_$12,39lcRCFvV-s,12,139,26,33,False,0.3333333432674408,2,positive,positive,True,32,32,31,0,32,32,31,0,50,0,True,True
aligned,train,39lcRCFvV-s$_$19,39lcRCFvV-s,19,117,23,29,False,2.3333332538604736,2,positive,positive,True,28,28,27,0,28,28,27,0,50,0,True,True
aligned,train,39lcRCFvV-s$_$18,39lcRCFvV-s,18,29,5,7,False,0.0,1,neutral,neutral,True,6,6,5,0,6,6,5,0,50,0,True,True
aligned,train,39lcRCFvV-s$_$30,39lcRCFvV-s,30,43,8,11,False,0.6666666865348816,2,positive,positive,True,10,10,9,0,10,10,9,0,50,0,True,True
aligned,train,3B1zIUj-k3o$_$10,3B1zIUj-k3o,10,174,36,44,False,-0.3333333432674408,0,negative,negative,True,43,43,42,0,43,43,42,0,50,0,True,True
aligned,train,3DOrdP4H8SA$_$13,3DOrdP4H8SA,13,28,7,9,False,0.0,1,neutral,neutral,True,8,8,7,0,8,8,7,0,50,0,True,True
aligned,train,3DOrdP4H8SA$_$3,3DOrdP4H8SA,3,46,7,15,False,-1.6666666269302368,0,negative,negative,True,14,14,13,0,14,14,13,0,50,0,True,True
aligned,train,3DgOMTs3A1E$_$24,3DgOMTs3A1E,24,38,6,8,False,0.0,1,neutral,neutral,True,7,7,6,0,7,7,6,0,50,0,True,True
aligned,train,3DgOMTs3A1E$_$22,3DgOMTs3A1E,22,63,9,11,False,0.6666666865348816,2,positive,positive,True,10,10,9,0,10,10,9,0,50,0,True,True
aligned,train,3DgOMTs3A1E$_$23,3DgOMTs3A1E,23,214,37,45,False,0.3333333432674408,2,positive,positive,True,44,44,43,0,44,44,43,0,50,0,True,True
aligned,train,3DgOMTs3A1E$_$1,3DgOMTs3A1E,1,82,17,19,False,0.3333333432674408,2,positive,positive,True,18,18,17,0,18,18,17,0,50,0,True,True
aligned,train,3DgOMTs3A1E$_$7,3DgOMTs3A1E,7,71,12,14,False,0.6666666865348816,2,positive,positive,True,13,13,12,0,13,13,12,0,50,0,True,True
aligned,train,3DgOMTs3A1E$_$17,3DgOMTs3A1E,17,120,24,29,False,1.0,2,positive,positive,True,28,28,27,0,28,28,27,0,50,0,True,True
aligned,train,3FpmKxZgihw$_$0,3FpmKxZgihw,0,122,22,28,False,0.0,1,neutral,neutral,True,27,27,26,0,27,27,26,0,50,0,True,True
aligned,train,3GyEnzE1NTQ$_$14,3GyEnzE1NTQ,14,124,25,28,False,0.3333333432674408,2,positive,positive,True,27,27,26,0,27,27,26,0,50,0,True,True
aligned,train,3GyEnzE1NTQ$_$3,3GyEnzE1NTQ,3,138,24,37,False,0.3333333432674408,2,positive,positive,True,36,36,35,0,36,36,35,0,50,0,True,True
aligned,train,3GyEnzE1NTQ$_$4,3GyEnzE1NTQ,4,77,12,18,False,-0.3333333432674408,0,negative,negative,True,17,17,16,0,17,17,16,0,50,0,True,True
aligned,train,3OMgvtWNHp4$_$10,3OMgvtWNHp4,10,50,10,12,False,-0.6666666865348816,0,negative,negative,True,11,11,10,0,0,0,0,0,50,0,True,True
aligned,train,3OuNMjZo5wg$_$13,3OuNMjZo5wg,13,125,24,34,False,1.6666666269302368,2,positive,positive,True,33,33,32,0,33,33,32,0,50,0,True,True
aligned,train,3VsrcbjPwZY$_$0,3VsrcbjPwZY,0,141,24,35,False,0.3333333432674408,2,positive,positive,True,34,34,33,0,34,34,33,0,50,0,True,True
aligned,train,3VsrcbjPwZY$_$7,3VsrcbjPwZY,7,196,37,49,False,-0.3333333432674408,0,negative,negative,True,48,48,47,0,48,48,47,0,50,0,True,True
aligned,train,3Wi0if_L6Ug$_$13,3Wi0if_L6Ug,13,69,13,16,False,0.6666666865348816,2,positive,positive,True,15,15,14,0,15,15,14,0,50,0,True,True
aligned,train,3Wi0if_L6Ug$_$12,3Wi0if_L6Ug,12,124,23,26,False,1.3333333730697632,2,positive,positive,True,25,25,24,0,25,25,24,0,50,0,True,True
aligned,train,3Wi0if_L6Ug$_$17,3Wi0if_L6Ug,17,104,19,23,False,0.3333333432674408,2,positive,positive,True,22,22,21,0,22,22,21,0,50,0,True,True
aligned,train,3Wi0if_L6Ug$_$4,3Wi0if_L6Ug,4,92,18,24,False,2.0,2,positive,positive,True,23,23,22,0,23,23,22,0,50,0,True,True
aligned,train,3Wi0if_L6Ug$_$9,3Wi0if_L6Ug,9,117,20,24,False,0.3333333432674408,2,positive,positive,True,23,23,22,0,23,23,22,0,50,0,True,True
aligned,train,3aD0xAgxxyw$_$11,3aD0xAgxxyw,11,150,26,31,False,-1.0,0,negative,negative,True,30,30,29,0,30,30,29,0,50,0,True,True
aligned,train,3aD0xAgxxyw$_$0,3aD0xAgxxyw,0,108,23,31,False,0.3333333432674408,2,positive,positive,True,30,30,29,0,30,30,29,0,50,0,True,True
aligned,train,3aIQUQgawaI$_$12,3aIQUQgawaI,12,125,25,28,False,0.0,1,neutral,neutral,True,27,27,9,17,27,27,7,19,50,0,False,True
aligned,train,3aIQUQgawaI$_$19,3aIQUQgawaI,19,160,23,28,False,0.0,1,neutral,neutral,True,27,27,17,9,27,27,9,17,50,0,False,True
aligned,train,3aIQUQgawaI$_$5,3aIQUQgawaI,5,235,40,45,False,-1.0,0,negative,negative,True,44,44,43,0,44,44,36,7,50,0,True,True
aligned,train,3aIQUQgawaI$_$4,3aIQUQgawaI,4,253,44,48,False,0.6666666865348816,2,positive,positive,True,47,47,46,0,47,47,46,0,50,0,True,True
aligned,train,3aIQUQgawaI$_$7,3aIQUQgawaI,7,227,39,50,False,-0.3333333432674408,0,negative,negative,True,49,49,48,0,49,49,48,0,50,0,True,True
aligned,train,3fhCxePBuZY$_$10,3fhCxePBuZY,10,182,37,44,False,-1.3333333730697632,0,negative,negative,True,43,43,42,0,43,43,42,0,50,0,True,True
aligned,train,3fhCxePBuZY$_$4,3fhCxePBuZY,4,76,13,18,False,-0.6666666865348816,0,negative,negative,True,17,17,16,0,17,17,16,0,50,0,True,True
aligned,train,3gA34VxBijI$_$1,3gA34VxBijI,1,86,17,23,False,0.0,1,neutral,neutral,True,22,22,21,0,0,0,0,0,50,0,True,True
aligned,train,3kNPvhdF1NA$_$0,3kNPvhdF1NA,0,245,39,50,False,0.0,1,neutral,neutral,True,49,49,48,0,49,49,48,0,50,0,True,True
aligned,train,3lkn8MS3n8Q$_$27,3lkn8MS3n8Q,27,114,23,30,False,-1.0,0,negative,negative,True,29,29,28,0,29,29,28,0,50,0,True,True
aligned,train,3lkn8MS3n8Q$_$6,3lkn8MS3n8Q,6,122,21,26,False,1.0,2,positive,positive,True,25,25,24,0,25,25,24,0,50,0,True,True
aligned,train,3n44IP3tCVE$_$13,3n44IP3tCVE,13,103,23,33,False,1.3333333730697632,2,positive,positive,True,32,32,31,0,32,32,31,0,50,0,True,True
aligned,train,3n44IP3tCVE$_$0,3n44IP3tCVE,0,77,14,23,False,2.0,2,positive,positive,True,22,22,21,0,22,22,21,0,50,0,True,True
aligned,train,3n44IP3tCVE$_$5,3n44IP3tCVE,5,207,43,50,False,2.0,2,positive,positive,True,49,49,48,0,49,49,48,0,50,0,True,True
aligned,train,3n44IP3tCVE$_$6,3n44IP3tCVE,6,97,19,26,False,-0.6666666865348816,0,negative,negative,True,25,25,24,0,25,25,24,0,50,0,True,True
aligned,train,3ocpWAmSNUE$_$5,3ocpWAmSNUE,5,110,19,24,False,-2.6666667461395264,0,negative,negative,True,23,23,22,0,23,23,22,0,50,0,True,True
aligned,train,3ocpWAmSNUE$_$6,3ocpWAmSNUE,6,59,11,14,False,-0.3333333432674408,0,negative,negative,True,13,13,12,0,13,13,12,0,50,0,True,True
aligned,train,3paDwuRQP1w$_$0,3paDwuRQP1w,0,90,17,20,False,-0.6666666865348816,0,negative,negative,True,19,19,18,0,19,19,18,0,50,0,True,True
aligned,train,3sUS8vXbRwg$_$13,3sUS8vXbRwg,13,99,19,22,False,1.6666666269302368,2,positive,positive,True,21,21,20,0,21,21,20,0,50,0,True,True
aligned,train,40181$_$21,40181,21,87,14,24,False,0.3333333432674408,2,positive,positive,True,23,23,22,0,23,23,22,0,50,0,True,True
aligned,train,40181$_$9,40181,9,63,13,21,False,0.0,1,neutral,neutral,True,20,20,19,0,20,20,19,0,50,0,True,True
aligned,train,40181$_$13,40181,13,242,46,50,False,-1.3333333730697632,0,negative,negative,True,49,49,48,0,49,49,48,0,50,0,True,True
aligned,train,40181$_$19,40181,19,23,4,6,False,0.3333333432674408,2,positive,positive,True,5,5,4,0,5,5,4,0,50,0,True,True
aligned,train,40260$_$8,40260,8,87,18,28,False,-1.3333333730697632,0,negative,negative,True,27,27,26,0,27,27,26,0,50,0,True,True
aligned,train,40260$_$19,40260,19,196,37,40,False,-1.6666666269302368,0,negative,negative,True,39,39,38,0,39,39,35,3,50,0,True,True
aligned,train,40260$_$18,40260,18,249,49,50,False,1.0,2,positive,positive,True,49,49,48,0,49,49,48,0,50,0,True,True
aligned,train,41692$_$1,41692,1,79,14,18,False,0.3333333432674408,2,positive,positive,True,17,17,16,0,17,17,16,0,50,0,True,True
aligned,train,43371$_$6,43371,6,107,20,36,False,-1.6666666269302368,0,negative,negative,True,35,35,34,0,35,35,34,0,50,0,True,True
aligned,train,43371$_$8,43371,8,39,9,15,False,-1.0,0,negative,negative,True,14,14,13,0,14,14,13,0,50,0,True,True
aligned,train,43456$_$2,43456,2,101,18,31,False,-0.3333333432674408,0,negative,negative,True,30,30,29,0,30,30,29,0,50,0,True,True
aligned,train,43456$_$8,43456,8,71,13,17,False,0.0,1,neutral,neutral,True,16,16,15,0,16,16,15,0,50,0,True,True
aligned,train,44780$_$1,44780,1,103,20,26,False,0.3333333432674408,2,positive,positive,True,25,25,24,0,22,22,18,3,50,0,True,True
aligned,train,44780$_$0,44780,0,11,2,4,False,0.3333333432674408,2,positive,positive,True,3,3,2,0,3,3,2,0,50,0,True,True
aligned,train,44780$_$3,44780,3,274,52,50,False,1.3333333730697632,2,positive,positive,True,49,49,48,0,49,49,44,4,50,0,True,True
aligned,train,44780$_$2,44780,2,39,8,12,False,0.0,1,neutral,neutral,True,11,11,10,0,0,0,0,0,50,0,True,True
aligned,train,44780$_$7,44780,7,187,37,50,False,-1.3333333730697632,0,negative,negative,True,49,49,48,0,49,49,48,0,50,0,True,True
aligned,train,44780$_$6,44780,6,61,13,20,False,0.0,1,neutral,neutral,True,19,19,18,0,0,0,0,0,50,0,True,True
aligned,train,45175$_$9,45175,9,96,16,24,False,-1.0,0,negative,negative,True,23,23,22,0,23,23,22,0,50,0,True,True
aligned,train,45184$_$2,45184,2,126,26,38,False,-2.3333332538604736,0,negative,negative,True,37,37,36,0,37,37,36,0,50,0,True,True
aligned,train,45184$_$5,45184,5,365,67,50,False,-1.3333333730697632,0,negative,negative,True,49,49,48,0,49,49,48,0,50,0,True,True
aligned,train,45186$_$3,45186,3,175,32,44,False,-1.0,0,negative,negative,True,43,43,42,0,43,43,42,0,50,0,True,True
aligned,train,45186$_$2,45186,2,66,14,25,False,0.0,1,neutral,neutral,True,24,24,23,0,24,24,23,0,50,0,True,True
aligned,train,45676$_$6,45676,6,159,32,42,False,-1.3333333730697632,0,negative,negative,True,41,41,40,0,41,41,40,0,50,0,True,True
aligned,train,45c3QQzGakM$_$5,45c3QQzGakM,5,114,19,26,False,0.6666666865348816,2,positive,positive,True,25,25,24,0,25,25,24,0,50,0,True,True
aligned,train,46497$_$1,46497,1,53,10,12,False,-2.6666667461395264,0,negative,negative,True,11,11,10,0,11,11,10,0,50,0,True,True
aligned,train,46497$_$3,46497,3,266,53,50,False,-2.0,0,negative,negative,True,49,49,48,0,33,33,17,15,50,0,True,True
aligned,train,46604$_$3,46604,3,35,5,14,False,0.0,1,neutral,neutral,True,13,13,12,0,13,13,12,0,50,0,True,True
aligned,train,46604$_$2,46604,2,58,11,15,False,0.0,1,neutral,neutral,True,14,14,13,0,0,0,0,0,50,0,True,True
aligned,train,46604$_$4,46604,4,44,9,11,False,-1.3333333730697632,0,negative,negative,True,10,10,9,0,10,10,9,0,50,0,True,True
aligned,train,46618$_$1,46618,1,109,21,38,False,-1.3333333730697632,0,negative,negative,True,37,37,36,0,37,37,36,0,50,0,True,True
aligned,train,46618$_$0,46618,0,50,9,18,False,0.0,1,neutral,neutral,True,17,17,16,0,17,17,16,0,50,0,True,True
aligned,train,46618$_$2,46618,2,118,21,35,False,-1.6666666269302368,0,negative,negative,True,34,34,33,0,34,34,33,0,50,0,True,True
aligned,train,47472$_$10,47472,10,124,21,31,False,0.0,1,neutral,neutral,True,30,30,29,0,8,8,7,0,50,0,True,True
aligned,train,47472$_$1,47472,1,57,11,15,False,1.6666666269302368,2,positive,positive,True,14,14,13,0,14,14,13,0,50,0,True,True
aligned,train,47472$_$4,47472,4,30,5,11,False,0.0,1,neutral,neutral,True,10,10,9,0,0,0,0,0,50,0,True,True
aligned,train,47472$_$6,47472,6,132,28,44,False,0.0,1,neutral,neutral,True,43,43,42,0,43,43,42,0,50,0,True,True
aligned,train,47472$_$8,47472,8,163,29,38,False,-0.6666666865348816,0,negative,negative,True,37,37,36,0,37,37,36,0,50,0,True,True
aligned,train,49358$_$4,49358,4,44,7,15,False,0.0,1,neutral,neutral,True,14,14,13,0,14,14,13,0,50,0,True,True
aligned,train,49358$_$6,49358,6,74,15,21,False,-2.0,0,negative,negative,True,20,20,19,0,20,20,19,0,50,0,True,True
aligned,train,49358$_$9,49358,9,123,23,33,False,-1.6666666269302368,0,negative,negative,True,32,32,31,0,32,32,31,0,50,0,True,True
aligned,train,4AQC7_uCuEE$_$27,4AQC7_uCuEE,27,122,23,26,False,1.0,2,positive,positive,True,25,25,24,0,25,25,24,0,50,0,True,True
aligned,train,4AQC7_uCuEE$_$22,4AQC7_uCuEE,22,70,13,18,False,-0.3333333432674408,0,negative,negative,True,17,17,16,0,17,17,16,0,50,0,True,True
aligned,train,4AQC7_uCuEE$_$23,4AQC7_uCuEE,23,70,16,20,False,0.3333333432674408,2,positive,positive,True,19,19,18,0,19,19,18,0,50,0,True,True
aligned,train,4BoE-woHtwA$_$12,4BoE-woHtwA,12,155,27,36,False,1.6666666269302368,2,positive,positive,True,35,35,34,0,35,35,34,0,50,0,True,True
aligned,train,4BoE-woHtwA$_$1,4BoE-woHtwA,1,77,13,22,False,-0.3333333432674408,0,negative,negative,True,21,21,20,0,21,21,20,0,50,0,True,True
aligned,train,4BoE-woHtwA$_$5,4BoE-woHtwA,5,79,11,19,False,1.6666666269302368,2,positive,positive,True,18,18,17,0,14,14,10,3,50,0,True,True
aligned,train,4CKhrjuuofk$_$1,4CKhrjuuofk,1,102,18,32,False,0.3333333432674408,2,positive,positive,True,31,31,30,0,31,31,30,0,50,0,True,True
aligned,train,4CKhrjuuofk$_$5,4CKhrjuuofk,5,116,24,27,False,0.3333333432674408,2,positive,positive,True,26,26,25,0,26,26,25,0,50,0,True,True
aligned,train,4EEru3cZwXo$_$3,4EEru3cZwXo,3,121,23,26,False,0.6666666865348816,2,positive,positive,True,25,25,24,0,25,25,24,0,50,0,True,True
aligned,train,4GYfmpEEtl4$_$1,4GYfmpEEtl4,1,102,18,23,False,0.0,1,neutral,neutral,True,22,22,21,0,22,22,21,0,50,0,True,True
aligned,train,4GYfmpEEtl4$_$7,4GYfmpEEtl4,7,123,23,27,False,0.3333333432674408,2,positive,positive,True,26,26,25,0,26,26,25,0,50,0,True,True
aligned,train,4GYfmpEEtl4$_$6,4GYfmpEEtl4,6,65,14,18,False,0.3333333432674408,2,positive,positive,True,17,17,16,0,17,17,16,0,50,0,True,True
aligned,train,4H9RfQuqsvg$_$1,4H9RfQuqsvg,1,61,11,14,False,2.0,2,positive,positive,True,13,13,12,0,13,13,12,0,50,0,True,True
aligned,train,4H9RfQuqsvg$_$12,4H9RfQuqsvg,12,66,13,16,False,0.6666666865348816,2,positive,positive,True,15,15,14,0,15,15,14,0,50,0,True,True
aligned,train,4H9RfQuqsvg$_$6,4H9RfQuqsvg,6,114,21,25,False,0.0,1,neutral,neutral,True,24,24,23,0,24,24,23,0,50,0,True,True
aligned,train,4HAC00EAdno$_$10,4HAC00EAdno,10,282,49,50,False,0.6666666865348816,2,positive,positive,True,49,49,48,0,49,49,48,0,50,0,True,True
aligned,train,4HAC00EAdno$_$12,4HAC00EAdno,12,64,11,14,False,0.6666666865348816,2,positive,positive,True,13,13,12,0,13,13,12,0,50,0,True,True
aligned,train,4HAC00EAdno$_$9,4HAC00EAdno,9,76,13,18,False,-0.3333333432674408,0,negative,negative,True,17,17,16,0,17,17,16,0,50,0,True,True
aligned,train,4Kh5N9W-Jr4$_$0,4Kh5N9W-Jr4,0,34,6,11,False,1.3333333730697632,2,positive,positive,True,10,10,9,0,10,10,9,0,50,0,True,True
aligned,train,4Q7OkrJLzAc$_$1,4Q7OkrJLzAc,1,99,18,20,False,0.0,1,neutral,neutral,True,19,19,18,0,19,19,18,0,50,0,True,True
aligned,train,4Q7OkrJLzAc$_$0,4Q7OkrJLzAc,0,91,16,19,False,0.0,1,neutral,neutral,True,18,18,17,0,18,18,17,0,50,0,True,True
aligned,train,4Q95Lg3Icho$_$24,4Q95Lg3Icho,24,75,15,19,False,1.6666666269302368,2,positive,positive,True,18,18,17,0,18,18,17,0,50,0,True,True
aligned,train,4Ry6M_ZfJQc$_$5,4Ry6M_ZfJQc,5,141,26,29,False,-1.3333333730697632,0,negative,negative,True,28,28,27,0,28,28,27,0,50,0,True,True
aligned,train,4VA4kqMnEqA$_$4,4VA4kqMnEqA,4,42,7,11,False,0.3333333432674408,2,positive,positive,True,10,10,9,0,10,10,9,0,50,0,True,True
aligned,train,4VA4kqMnEqA$_$8,4VA4kqMnEqA,8,63,11,13,False,0.0,1,neutral,neutral,True,12,12,11,0,12,12,11,0,50,0,True,True
aligned,train,4hEWns7JBg0$_$25,4hEWns7JBg0,25,86,16,23,False,1.6666666269302368,2,positive,positive,True,22,22,21,0,22,22,21,0,50,0,True,True
aligned,train,4hEWns7JBg0$_$29,4hEWns7JBg0,29,28,5,9,False,1.0,2,positive,positive,True,8,8,7,0,8,8,7,0,50,0,True,True
aligned,train,4iG0ffmnCOw$_$2,4iG0ffmnCOw,2,122,21,24,False,0.3333333432674408,2,positive,positive,True,23,23,22,0,23,23,22,0,50,0,True,True
aligned,train,4iG0ffmnCOw$_$7,4iG0ffmnCOw,7,72,11,16,False,0.6666666865348816,2,positive,positive,True,15,15,14,0,15,15,14,0,50,0,True,True
aligned,train,4iw1jTY-X3A$_$14,4iw1jTY-X3A,14,39,8,11,False,1.0,2,positive,positive,True,10,10,9,0,10,10,9,0,50,0,True,True
aligned,train,4iw1jTY-X3A$_$3,4iw1jTY-X3A,3,39,6,10,False,-1.0,0,negative,negative,True,9,9,8,0,9,9,8,0,50,0,True,True
aligned,train,4jTUcNlxlYA$_$0,4jTUcNlxlYA,0,80,16,21,False,0.6666666865348816,2,positive,positive,True,20,20,19,0,20,20,19,0,50,0,True,True
aligned,train,4jTUcNlxlYA$_$4,4jTUcNlxlYA,4,96,17,20,False,0.0,1,neutral,neutral,True,19,19,18,0,19,19,18,0,50,0,True,True
aligned,train,4jTUcNlxlYA$_$6,4jTUcNlxlYA,6,289,54,50,False,1.6666666269302368,2,positive,positive,True,49,49,48,0,49,49,48,0,50,0,True,True
aligned,train,4jTUcNlxlYA$_$9,4jTUcNlxlYA,9,164,31,40,False,0.0,1,neutral,neutral,True,39,39,38,0,39,39,38,0,50,0,True,True
aligned,train,4kF0U8kIMp4$_$0,4kF0U8kIMp4,0,126,23,26,False,0.6666666865348816,2,positive,positive,True,25,25,24,0,22,22,4,17,50,0,True,True
aligned,train,4kF0U8kIMp4$_$5,4kF0U8kIMp4,5,113,19,34,False,0.6666666865348816,2,positive,positive,True,33,33,32,0,33,33,32,0,50,0,True,True
aligned,train,4kF0U8kIMp4$_$4,4kF0U8kIMp4,4,163,27,36,False,0.6666666865348816,2,positive,positive,True,35,35,34,0,35,35,34,0,50,0,True,True
aligned,train,4lKz4xyCmkk$_$14,4lKz4xyCmkk,14,72,13,20,False,-0.3333333432674408,0,negative,negative,True,19,19,18,0,19,19,18,0,50,0,True,True
aligned,train,4poXF3xo6Z8$_$13,4poXF3xo6Z8,13,59,11,14,False,0.6666666865348816,2,positive,positive,True,13,13,12,0,13,13,12,0,50,0,True,True
aligned,train,4poXF3xo6Z8$_$1,4poXF3xo6Z8,1,121,27,30,False,1.6666666269302368,2,positive,positive,True,29,29,28,0,29,29,28,0,50,0,True,True
aligned,train,4poXF3xo6Z8$_$0,4poXF3xo6Z8,0,65,13,16,False,0.0,1,neutral,neutral,True,15,15,14,0,15,15,14,0,50,0,True,True
aligned,train,4poXF3xo6Z8$_$3,4poXF3xo6Z8,3,115,20,23,False,0.3333333432674408,2,positive,positive,True,22,22,21,0,22,22,21,0,50,0,True,True
aligned,train,4poXF3xo6Z8$_$6,4poXF3xo6Z8,6,171,22,31,False,1.6666666269302368,2,positive,positive,True,30,30,29,0,30,30,29,0,50,0,True,True
aligned,train,4qjz4BQCZyM$_$5,4qjz4BQCZyM,5,113,23,28,False,0.3333333432674408,2,positive,positive,True,27,27,26,0,27,27,26,0,50,0,True,True
aligned,train,4qoB5a6dR3w$_$1,4qoB5a6dR3w,1,57,11,17,False,1.0,2,positive,positive,True,16,16,15,0,16,16,15,0,50,0,True,True
aligned,train,4wdeBJ39Cuw$_$0,4wdeBJ39Cuw,0,127,27,32,False,-1.3333333730697632,0,negative,negative,True,31,31,30,0,31,31,30,0,50,0,True,True
aligned,train,4wdeBJ39Cuw$_$5,4wdeBJ39Cuw,5,78,15,17,False,-1.0,0,negative,negative,True,16,16,15,0,16,16,15,0,50,0,True,True
aligned,train,4wuug3-5cWo$_$5,4wuug3-5cWo,5,82,16,24,False,0.3333333432674408,2,positive,positive,True,23,23,22,0,21,21,3,17,50,0,True,True
aligned,train,50453$_$4,50453,4,98,19,24,False,0.3333333432674408,2,positive,positive,True,23,23,22,0,23,23,22,0,50,0,True,True
aligned,train,50453$_$8,50453,8,34,6,8,False,0.0,1,neutral,neutral,True,7,7,6,0,7,7,6,0,50,0,True,True
aligned,train,51224$_$1,51224,1,229,33,50,False,-0.6666666865348816,0,negative,negative,True,49,49,48,0,49,49,42,6,50,0,True,True
aligned,train,51224$_$9,51224,9,72,15,20,False,0.0,1,neutral,neutral,True,19,19,18,0,19,19,18,0,50,0,True,True
aligned,train,52068$_$21,52068,21,4,1,3,False,2.0,2,positive,positive,True,2,2,1,0,2,2,1,0,50,0,True,True
aligned,train,52068$_$2,52068,2,33,6,13,False,0.6666666865348816,2,positive,positive,True,12,12,11,0,12,12,11,0,50,0,True,True
aligned,train,52839$_$11,52839,11,33,6,8,False,0.0,1,neutral,neutral,True,7,7,6,0,7,7,6,0,50,0,True,True
aligned,train,52839$_$13,52839,13,58,11,22,False,1.6666666269302368,2,positive,positive,True,21,21,20,0,21,21,20,0,50,0,True,True
aligned,train,52839$_$12,52839,12,94,16,28,False,1.0,2,positive,positive,True,27,27,26,0,27,27,26,0,50,0,True,True
aligned,train,52839$_$0,52839,0,19,3,5,False,0.0,1,neutral,neutral,True,4,4,3,0,4,4,3,0,50,0,True,True
aligned,train,52839$_$7,52839,7,160,34,39,False,0.3333333432674408,2,positive,positive,True,38,38,37,0,38,38,37,0,50,0,True,True
aligned,train,53742$_$1,53742,1,51,9,17,False,0.0,1,neutral,neutral,True,16,16,15,0,16,16,15,0,50,0,True,True
aligned,train,53742$_$2,53742,2,70,14,18,False,0.0,1,neutral,neutral,True,17,17,16,0,17,17,16,0,50,0,True,True
aligned,train,53742$_$5,53742,5,346,61,50,False,-2.0,0,negative,negative,True,49,49,48,0,49,49,48,0,50,0,True,True
aligned,train,55156$_$2,55156,2,59,11,17,False,-1.0,0,negative,negative,True,16,16,15,0,16,16,15,0,50,0,True,True
aligned,train,55156$_$8,55156,8,108,23,32,False,0.0,1,neutral,neutral,True,31,31,30,0,26,26,25,0,50,0,True,True
aligned,train,56006$_$4,56006,4,65,12,20,False,0.6666666865348816,2,positive,positive,True,19,19,18,0,19,19,18,0,50,0,True,True
aligned,train,56276$_$11,56276,11,193,39,50,False,-2.0,0,negative,negative,True,49,49,48,0,49,49,48,0,50,0,True,True
aligned,train,56276$_$15,56276,15,109,23,31,False,-3.0,0,negative,negative,True,30,30,29,0,30,30,29,0,50,0,True,True
aligned,train,56276$_$1,56276,1,84,17,22,False,-0.6666666865348816,0,negative,negative,True,21,21,20,0,21,21,20,0,50,0,True,True
aligned,train,56276$_$4,56276,4,16,4,6,False,-2.6666667461395264,0,negative,negative,True,5,5,4,0,5,5,4,0,50,0,True,True
aligned,train,56276$_$7,56276,7,89,18,33,False,0.0,1,neutral,neutral,True,32,32,31,0,32,32,28,3,50,0,True,True
aligned,train,57618$_$1,57618,1,45,9,11,False,0.0,1,neutral,neutral,True,10,10,9,0,10,10,9,0,50,0,True,True
aligned,train,57618$_$3,57618,3,100,19,22,False,2.3333332538604736,2,positive,positive,True,21,21,20,0,21,21,20,0,50,0,True,True
aligned,train,59333$_$10,59333,10,42,9,13,False,0.3333333432674408,2,positive,positive,True,12,12,11,0,12,12,11,0,50,0,True,True
aligned,train,59333$_$19,59333,19,34,8,10,False,0.0,1,neutral,neutral,True,9,9,8,0,9,9,8,0,50,0,True,True
aligned,train,59333$_$7,59333,7,63,12,14,False,0.6666666865348816,2,positive,positive,True,13,13,12,0,6,6,5,0,50,0,True,True
aligned,train,59333$_$9,59333,9,29,7,9,False,0.3333333432674408,2,positive,positive,True,8,8,7,0,8,8,7,0,50,0,True,True
aligned,train,5Fs_7A_V2kA$_$9,5Fs_7A_V2kA,9,141,19,31,False,0.3333333432674408,2,positive,positive,True,30,30,29,0,30,30,29,0,50,0,True,True
aligned,train,5JMpMKAO-Mk$_$5,5JMpMKAO-Mk,5,96,18,21,False,0.6666666865348816,2,positive,positive,True,20,20,19,0,20,20,19,0,50,0,True,True
aligned,train,5R5fDxZUL8M$_$2,5R5fDxZUL8M,2,101,20,28,False,1.3333333730697632,2,positive,positive,True,27,27,26,0,27,27,26,0,50,0,True,True
aligned,train,5R5fDxZUL8M$_$5,5R5fDxZUL8M,5,140,25,29,False,1.6666666269302368,2,positive,positive,True,28,28,27,0,28,28,27,0,50,0,True,True
aligned,train,5Tqu1IXJjGY$_$7,5Tqu1IXJjGY,7,58,14,16,False,0.6666666865348816,2,positive,positive,True,15,15,14,0,15,15,14,0,50,0,True,True
aligned,train,5XX0csik6VQ$_$0,5XX0csik6VQ,0,173,35,49,False,0.3333333432674408,2,positive,positive,True,48,48,47,0,48,48,47,0,50,0,True,True
aligned,train,5YnYGjrhzF4$_$0,5YnYGjrhzF4,0,265,52,50,False,0.0,1,neutral,neutral,True,49,49,48,0,49,49,48,0,50,0,True,True
aligned,train,5YnYGjrhzF4$_$8,5YnYGjrhzF4,8,124,23,29,False,-0.6666666865348816,0,negative,negative,True,28,28,27,0,28,28,27,0,50,0,True,True
aligned,train,5eA5HpyFsIk$_$0,5eA5HpyFsIk,0,146,28,34,False,0.0,1,neutral,neutral,True,33,33,32,0,33,33,32,0,50,0,True,True
aligned,train,5oEuiBPUTYc$_$6,5oEuiBPUTYc,6,161,27,36,False,0.0,1,neutral,neutral,True,35,35,34,0,35,35,32,2,50,0,True,True
aligned,train,5qQs9Cfydo4$_$9,5qQs9Cfydo4,9,171,30,40,False,0.6666666865348816,2,positive,positive,True,39,39,38,0,39,39,38,0,50,0,True,True
aligned,train,5qxZFmIaynE$_$24,5qxZFmIaynE,24,118,23,31,False,0.0,1,neutral,neutral,True,30,30,29,0,0,0,0,0,50,0,True,True
aligned,train,5qxZFmIaynE$_$15,5qxZFmIaynE,15,89,18,23,False,0.3333333432674408,2,positive,positive,True,22,22,21,0,22,22,15,6,50,0,True,True
aligned,train,5qxZFmIaynE$_$17,5qxZFmIaynE,17,129,24,29,False,0.0,1,neutral,neutral,True,28,28,27,0,0,0,0,0,50,0,True,True
aligned,train,5qxZFmIaynE$_$28,5qxZFmIaynE,28,80,15,20,False,-0.3333333432674408,0,negative,negative,True,19,19,18,0,14,14,13,0,50,0,True,True
aligned,train,5qxZFmIaynE$_$7,5qxZFmIaynE,7,80,14,17,False,0.0,1,neutral,neutral,True,16,16,15,0,0,0,0,0,50,0,True,True
aligned,train,5qxZFmIaynE$_$9,5qxZFmIaynE,9,105,17,20,False,0.0,1,neutral,neutral,True,19,19,18,0,0,0,0,0,50,0,True,True
aligned,train,5tV5rZZJDCE$_$7,5tV5rZZJDCE,7,90,16,20,False,0.3333333432674408,2,positive,positive,True,19,19,18,0,19,19,18,0,50,0,True,True
aligned,train,5wpCKY2U1NE$_$10,5wpCKY2U1NE,10,97,15,20,False,-0.3333333432674408,0,negative,negative,True,19,19,18,0,19,19,18,0,50,0,True,True
aligned,train,5wpCKY2U1NE$_$5,5wpCKY2U1NE,5,81,14,22,False,0.3333333432674408,2,positive,positive,True,21,21,20,0,21,21,20,0,50,0,True,True
aligned,train,60037$_$16,60037,16,112,24,30,False,2.3333332538604736,2,positive,positive,True,29,29,28,0,29,29,28,0,50,0,True,True
aligned,train,60037$_$1,60037,1,68,13,19,False,0.6666666865348816,2,positive,positive,True,18,18,17,0,18,18,17,0,50,0,True,True
aligned,train,65kkuNV921k$_$15,65kkuNV921k,15,99,19,25,False,-0.6666666865348816,0,negative,negative,True,24,24,23,0,24,24,23,0,50,0,True,True
aligned,train,65kkuNV921k$_$22,65kkuNV921k,22,117,19,24,False,-0.3333333432674408,0,negative,negative,True,23,23,22,0,23,23,22,0,50,0,True,True
aligned,train,65kkuNV921k$_$30,65kkuNV921k,30,76,16,22,False,0.0,1,neutral,neutral,True,21,21,20,0,21,21,20,0,50,0,True,True
aligned,train,65kkuNV921k$_$26,65kkuNV921k,26,74,14,17,False,-0.6666666865348816,0,negative,negative,True,16,16,15,0,16,16,15,0,50,0,True,True
aligned,train,65kkuNV921k$_$34,65kkuNV921k,34,94,16,25,False,0.6666666865348816,2,positive,positive,True,24,24,23,0,24,24,23,0,50,0,True,True
aligned,train,65kkuNV921k$_$3,65kkuNV921k,3,128,21,26,False,-1.6666666269302368,0,negative,negative,True,25,25,24,0,25,25,24,0,50,0,True,True
aligned,train,65kkuNV921k$_$5,65kkuNV921k,5,117,21,27,False,-1.3333333730697632,0,negative,negative,True,26,26,25,0,26,26,25,0,50,0,True,True
aligned,train,65kkuNV921k$_$7,65kkuNV921k,7,131,21,28,False,-0.6666666865348816,0,negative,negative,True,27,27,26,0,27,27,26,0,50,0,True,True
aligned,train,65kkuNV921k$_$6,65kkuNV921k,6,79,14,17,False,-1.0,0,negative,negative,True,16,16,15,0,16,16,15,0,50,0,True,True
aligned,train,69707$_$2,69707,2,165,32,42,False,-1.6666666269302368,0,negative,negative,True,41,41,40,0,41,41,40,0,50,0,True,True
aligned,train,6G8JJ69aN6o$_$4,6G8JJ69aN6o,4,63,10,16,False,0.6666666865348816,2,positive,positive,True,15,15,14,0,15,15,14,0,50,0,True,True
aligned,train,6IUj6jyoTl0$_$0,6IUj6jyoTl0,0,105,17,24,False,0.6666666865348816,2,positive,positive,True,23,23,22,0,9,9,1,7,50,0,True,True
aligned,train,6J_yzh1LNAE$_$0,6J_yzh1LNAE,0,106,14,23,False,0.3333333432674408,2,positive,positive,True,22,22,21,0,22,22,21,0,50,0,True,True
aligned,train,6MYUY5tC2Us$_$0,6MYUY5tC2Us,0,61,11,13,False,0.0,1,neutral,neutral,True,12,12,11,0,12,12,4,7,50,0,True,True
aligned,train,6MYUY5tC2Us$_$2,6MYUY5tC2Us,2,54,13,18,False,0.0,1,neutral,neutral,True,17,17,16,0,17,17,16,0,50,0,True,True
aligned,train,6MloL1gIccs$_$4,6MloL1gIccs,4,150,24,27,False,1.6666666269302368,2,positive,positive,True,26,26,25,0,26,26,25,0,50,0,True,True
aligned,train,6PLlauWxF5E$_$0,6PLlauWxF5E,0,133,22,26,False,1.3333333730697632,2,positive,positive,True,25,25,24,0,25,25,24,0,50,0,True,True
aligned,train,6PLlauWxF5E$_$2,6PLlauWxF5E,2,135,25,30,False,0.6666666865348816,2,positive,positive,True,29,29,28,0,29,29,28,0,50,0,True,True
aligned,train,6T1GHj7qwYs$_$5,6T1GHj7qwYs,5,189,37,43,False,1.6666666269302368,2,positive,positive,True,42,42,41,0,42,42,41,0,50,0,True,True
aligned,train,6TDXQtGUNEs$_$11,6TDXQtGUNEs,11,118,25,28,False,0.3333333432674408,2,positive,positive,True,27,27,26,0,27,27,26,0,50,0,True,True
aligned,train,6Vg10LxmWUY$_$0,6Vg10LxmWUY,0,99,18,21,False,1.0,2,positive,positive,True,20,20,19,0,20,20,14,5,50,0,True,True
aligned,train,6YNAmRjpxlA$_$0,6YNAmRjpxlA,0,149,26,37,False,0.0,1,neutral,neutral,True,36,36,35,0,36,36,35,0,50,0,True,True
aligned,train,6c7vAwDSVGc$_$2,6c7vAwDSVGc,2,120,22,32,False,0.3333333432674408,2,positive,positive,True,31,31,30,0,31,31,30,0,50,0,True,True
aligned,train,6ng8CZ0ULK4$_$11,6ng8CZ0ULK4,11,24,5,8,False,1.0,2,positive,positive,True,7,7,6,0,7,7,6,0,50,0,True,True
aligned,train,6ng8CZ0ULK4$_$1,6ng8CZ0ULK4,1,140,25,35,False,0.3333333432674408,2,positive,positive,True,34,34,33,0,34,34,33,0,50,0,True,True
aligned,train,6ng8CZ0ULK4$_$2,6ng8CZ0ULK4,2,91,19,22,False,1.0,2,positive,positive,True,21,21,20,0,21,21,20,0,50,0,True,True
aligned,train,6q5uKCgairk$_$10,6q5uKCgairk,10,64,13,17,False,0.0,1,neutral,neutral,True,16,16,15,0,16,16,15,0,50,0,True,True
aligned,train,6q5uKCgairk$_$13,6q5uKCgairk,13,82,17,21,False,0.0,1,neutral,neutral,True,20,20,19,0,20,20,16,3,50,0,True,True
aligned,train,6q5uKCgairk$_$8,6q5uKCgairk,8,94,18,31,False,0.3333333432674408,2,positive,positive,True,30,30,29,0,30,30,29,0,50,0,True,True
aligned,train,6qPjYvdZiLA$_$7,6qPjYvdZiLA,7,91,17,22,False,-0.3333333432674408,0,negative,negative,True,21,21,20,0,21,21,20,0,50,0,True,True
aligned,train,6rkV4QRcVnk$_$3,6rkV4QRcVnk,3,55,9,15,False,-0.3333333432674408,0,negative,negative,True,14,14,13,0,14,14,13,0,50,0,True,True
aligned,train,6slq62RwH3Q$_$10,6slq62RwH3Q,10,82,16,23,False,1.6666666269302368,2,positive,positive,True,22,22,21,0,22,22,21,0,50,0,True,True
aligned,train,6slq62RwH3Q$_$2,6slq62RwH3Q,2,71,17,21,False,2.0,2,positive,positive,True,20,20,19,0,20,20,19,0,50,0,True,True
aligned,train,6slq62RwH3Q$_$7,6slq62RwH3Q,7,74,13,22,False,1.3333333730697632,2,positive,positive,True,21,21,20,0,21,21,20,0,50,0,True,True
aligned,train,6xvVFYR5di0$_$0,6xvVFYR5di0,0,99,22,25,False,2.0,2,positive,positive,True,24,24,23,0,24,24,23,0,50,0,True,True
aligned,train,6xvVFYR5di0$_$9,6xvVFYR5di0,9,57,11,13,False,0.0,1,neutral,neutral,True,12,12,11,0,0,0,0,0,50,0,True,True
aligned,train,6zjv1TLqfF0$_$11,6zjv1TLqfF0,11,25,5,9,False,0.3333333432674408,2,positive,positive,True,8,8,7,0,8,8,7,0,50,0,True,True
aligned,train,6zjv1TLqfF0$_$10,6zjv1TLqfF0,10,33,6,8,False,0.0,1,neutral,neutral,True,7,7,6,0,7,7,6,0,50,0,True,True
aligned,train,6zjv1TLqfF0$_$1,6zjv1TLqfF0,1,89,14,17,False,0.0,1,neutral,neutral,True,16,16,15,0,16,16,15,0,50,0,True,True
aligned,train,6zjv1TLqfF0$_$3,6zjv1TLqfF0,3,34,5,8,False,1.0,2,positive,positive,True,7,7,6,0,7,7,6,0,50,0,True,True
aligned,train,6zjv1TLqfF0$_$7,6zjv1TLqfF0,7,28,6,9,False,0.0,1,neutral,neutral,True,8,8,7,0,8,8,7,0,50,0,True,True
aligned,train,70420$_$15,70420,15,48,8,17,False,0.3333333432674408,2,positive,positive,True,16,16,15,0,16,16,15,0,50,0,True,True
aligned,train,70420$_$4,70420,4,29,7,9,False,-0.6666666865348816,0,negative,negative,True,8,8,7,0,8,8,7,0,50,0,True,True
aligned,train,70420$_$6,70420,6,57,11,18,False,-0.3333333432674408,0,negative,negative,True,17,17,16,0,17,17,16,0,50,0,True,True
aligned,train,70710$_$3,70710,3,157,35,43,False,0.6666666865348816,2,positive,positive,True,42,42,41,0,42,42,41,0,50,0,True,True
aligned,train,70710$_$2,70710,2,495,101,50,False,-0.3333333432674408,0,negative,negative,True,49,49,48,0,49,49,48,0,50,0,True,True
aligned,train,708sewcSXVY$_$3,708sewcSXVY,3,147,28,35,False,0.3333333432674408,2,positive,positive,True,34,34,33,0,34,34,33,0,50,0,True,True
aligned,train,72017$_$9,72017,9,29,6,13,False,1.0,2,positive,positive,True,12,12,11,0,0,0,0,0,50,0,True,True
aligned,train,72385$_$24,72385,24,92,17,25,False,-1.6666666269302368,0,negative,negative,True,24,24,23,0,24,24,23,0,50,0,True,True
aligned,train,72385$_$20,72385,20,37,8,15,False,-2.3333332538604736,0,negative,negative,True,14,14,13,0,14,14,13,0,50,0,True,True
aligned,train,72385$_$21,72385,21,67,13,17,False,1.0,2,positive,positive,True,16,16,15,0,16,16,15,0,50,0,True,True
aligned,train,72385$_$2,72385,2,46,9,15,False,0.0,1,neutral,neutral,True,14,14,13,0,14,14,13,0,50,0,True,True
aligned,train,72385$_$5,72385,5,51,11,16,False,-3.0,0,negative,negative,True,15,15,14,0,15,15,14,0,50,0,True,True
aligned,train,72385$_$6,72385,6,67,10,22,False,-1.0,0,negative,negative,True,21,21,20,0,21,21,20,0,50,0,True,True
aligned,train,72385$_$12,72385,12,77,15,17,False,0.0,1,neutral,neutral,True,16,16,15,0,16,16,15,0,50,0,True,True
aligned,train,72tXTrSXoMk$_$6,72tXTrSXoMk,6,51,6,10,False,0.6666666865348816,2,positive,positive,True,9,9,8,0,0,0,0,0,50,0,True,True
aligned,train,73447$_$16,73447,16,35,8,13,False,-1.0,0,negative,negative,True,12,12,11,0,12,12,11,0,50,0,True,True
aligned,train,73447$_$1,73447,1,45,10,13,False,0.0,1,neutral,neutral,True,12,12,11,0,12,12,9,2,50,0,True,True
aligned,train,73447$_$0,73447,0,2,1,3,False,0.0,1,neutral,neutral,True,2,2,1,0,2,2,1,0,50,0,True,True
aligned,train,73447$_$3,73447,3,17,3,5,False,-3.0,0,negative,negative,True,4,4,3,0,4,4,3,0,50,0,True,True
aligned,train,73447$_$6,73447,6,64,13,20,False,-1.0,0,negative,negative,True,19,19,18,0,19,19,18,0,50,0,True,True
aligned,train,73447$_$8,73447,8,146,30,33,False,-1.0,0,negative,negative,True,32,32,31,0,32,32,25,6,50,0,True,True
aligned,train,73449$_$13,73449,13,72,10,19,False,0.0,1,neutral,neutral,True,18,18,17,0,18,18,17,0,50,0,True,True
aligned,train,73449$_$14,73449,14,34,6,8,False,-2.6666667461395264,0,negative,negative,True,7,7,6,0,7,7,6,0,50,0,True,True
aligned,train,73449$_$2,73449,2,58,11,13,False,0.3333333432674408,2,positive,positive,True,12,12,11,0,12,12,5,6,50,0,True,True
aligned,train,73449$_$4,73449,4,47,8,10,False,-1.3333333730697632,0,negative,negative,True,9,9,8,0,0,0,0,0,50,0,True,True
aligned,train,73449$_$8,73449,8,220,41,50,False,0.0,1,neutral,neutral,True,49,49,48,0,49,49,33,15,50,0,True,True
aligned,train,74101$_$1,74101,1,52,10,18,False,0.0,1,neutral,neutral,True,17,17,16,0,17,17,16,0,50,0,True,True
aligned,train,74101$_$6,74101,6,177,35,49,False,1.0,2,positive,positive,True,48,48,47,0,48,48,22,25,50,0,True,True
aligned,train,74184$_$11,74184,11,27,6,10,False,-1.0,0,negative,negative,True,9,9,8,0,9,9,8,0,50,0,True,True
aligned,train,74184$_$7,74184,7,153,32,46,False,1.0,2,positive,positive,True,45,45,44,0,45,45,44,0,50,0,True,True
aligned,train,74184$_$8,74184,8,83,17,22,False,-0.3333333432674408,0,negative,negative,True,21,21,20,0,21,21,20,0,50,0,True,True
aligned,train,74870$_$3,74870,3,70,14,21,False,-0.3333333432674408,0,negative,negative,True,20,20,19,0,20,20,19,0,50,0,True,True
aligned,train,74870$_$4,74870,4,48,8,12,False,0.0,1,neutral,neutral,True,11,11,10,0,11,11,10,0,50,0,True,True
aligned,train,75938$_$1,75938,1,124,23,30,False,0.3333333432674408,2,positive,positive,True,29,29,28,0,29,29,28,0,50,0,True,True
aligned,train,76124$_$10,76124,10,178,39,48,False,-1.3333333730697632,0,negative,negative,True,47,47,46,0,47,47,46,0,50,0,True,True
aligned,train,76124$_$1,76124,1,62,12,22,False,0.3333333432674408,2,positive,positive,True,21,21,20,0,21,21,20,0,50,0,True,True
aligned,train,76124$_$3,76124,3,123,22,34,False,0.0,1,neutral,neutral,True,33,33,32,0,33,33,32,0,50,0,True,True
aligned,train,76124$_$2,76124,2,133,24,36,False,0.0,1,neutral,neutral,True,35,35,34,0,35,35,34,0,50,0,True,True
aligned,train,76124$_$8,76124,8,138,22,29,False,0.3333333432674408,2,positive,positive,True,28,28,27,0,28,28,27,0,50,0,True,True
aligned,train,76sN4tvbPGk$_$9,76sN4tvbPGk,9,69,14,17,False,-0.6666666865348816,0,negative,negative,True,16,16,15,0,16,16,15,0,50,0,True,True
aligned,train,76sN4tvbPGk$_$4,76sN4tvbPGk,4,97,19,29,False,0.0,1,neutral,neutral,True,28,28,27,0,28,28,27,0,50,0,True,True
aligned,train,78577$_$11,78577,11,63,15,18,False,-0.3333333432674408,0,negative,negative,True,17,17,16,0,17,17,16,0,50,0,True,True
aligned,train,78577$_$3,78577,3,84,16,21,False,-0.6666666865348816,0,negative,negative,True,20,20,19,0,20,20,19,0,50,0,True,True
aligned,train,78577$_$8,78577,8,60,11,18,False,-0.6666666865348816,0,negative,negative,True,17,17,16,0,17,17,16,0,50,0,True,True
aligned,train,79644$_$2,79644,2,84,17,26,False,-2.0,0,negative,negative,True,25,25,24,0,25,25,24,0,50,0,True,True
aligned,train,79934$_$5,79934,5,62,13,20,False,0.3333333432674408,2,positive,positive,True,19,19,18,0,19,19,5,13,50,0,True,True
aligned,train,79935$_$13,79935,13,35,6,13,False,-2.0,0,negative,negative,True,12,12,11,0,12,12,11,0,50,0,True,True
aligned,train,79935$_$15,79935,15,23,4,8,False,-1.6666666269302368,0,negative,negative,True,7,7,6,0,7,7,6,0,50,0,True,True
aligned,train,79935$_$7,79935,7,97,16,27,False,-2.3333332538604736,0,negative,negative,True,26,26,25,0,26,26,25,0,50,0,True,True
aligned,train,79935$_$6,79935,6,62,11,15,False,-1.3333333730697632,0,negative,negative,True,14,14,13,0,14,14,13,0,50,0,True,True
aligned,train,79935$_$8,79935,8,61,12,22,False,-1.6666666269302368,0,negative,negative,True,21,21,20,0,21,21,20,0,50,0,True,True
aligned,train,7EWOMjaKlus$_$12,7EWOMjaKlus,12,99,19,27,False,-0.3333333432674408,0,negative,negative,True,26,26,25,0,26,26,25,0,50,0,True,True
aligned,train,7EWOMjaKlus$_$14,7EWOMjaKlus,14,104,21,26,False,1.3333333730697632,2,positive,positive,True,25,25,24,0,25,25,24,0,50,0,True,True
aligned,train,7R70kKqtGh0$_$1,7R70kKqtGh0,1,148,25,28,False,1.3333333730697632,2,positive,positive,True,27,27,26,0,27,27,26,0,50,0,True,True
aligned,train,7U_z0JfleAw$_$8,7U_z0JfleAw,8,63,12,15,False,0.3333333432674408,2,positive,positive,True,14,14,13,0,14,14,13,0,50,0,True,True
aligned,train,7UlSX-syPeo$_$18,7UlSX-syPeo,18,212,38,42,False,0.6666666865348816,2,positive,positive,True,41,41,40,0,41,41,39,1,50,0,True,True
aligned,train,7UlSX-syPeo$_$22,7UlSX-syPeo,22,337,63,50,False,1.0,2,positive,positive,True,49,49,48,0,49,49,43,5,50,0,True,True
aligned,train,7UlSX-syPeo$_$4,7UlSX-syPeo,4,55,9,15,False,0.0,1,neutral,neutral,True,14,14,13,0,14,14,13,0,50,0,True,True
aligned,train,7ZzbemE4QEE$_$25,7ZzbemE4QEE,25,125,20,24,False,-0.6666666865348816,0,negative,negative,True,23,23,22,0,23,23,22,0,50,0,True,True
aligned,train,7ZzbemE4QEE$_$27,7ZzbemE4QEE,27,65,14,17,False,0.3333333432674408,2,positive,positive,True,16,16,15,0,16,16,15,0,50,0,True,True
aligned,train,7ZzbemE4QEE$_$21,7ZzbemE4QEE,21,45,10,12,False,0.6666666865348816,2,positive,positive,True,11,11,10,0,11,11,10,0,50,0,True,True
aligned,train,7ZzbemE4QEE$_$3,7ZzbemE4QEE,3,153,33,37,False,0.6666666865348816,2,positive,positive,True,36,36,35,0,36,36,35,0,50,0,True,True
aligned,train,7ZzbemE4QEE$_$2,7ZzbemE4QEE,2,129,25,34,False,1.3333333730697632,2,positive,positive,True,33,33,32,0,33,33,32,0,50,0,True,True
aligned,train,7ZzbemE4QEE$_$39,7ZzbemE4QEE,39,67,13,22,False,0.0,1,neutral,neutral,True,21,21,20,0,21,21,20,0,50,0,True,True
aligned,train,7ZzbemE4QEE$_$15,7ZzbemE4QEE,15,61,14,17,False,0.3333333432674408,2,positive,positive,True,16,16,15,0,16,16,15,0,50,0,True,True
aligned,train,7ZzbemE4QEE$_$33,7ZzbemE4QEE,33,22,4,8,False,0.0,1,neutral,neutral,True,7,7,6,0,7,7,6,0,50,0,True,True
aligned,train,7ZzbemE4QEE$_$34,7ZzbemE4QEE,34,19,4,6,False,0.0,1,neutral,neutral,True,5,5,4,0,5,5,4,0,50,0,True,True
aligned,train,7ZzbemE4QEE$_$32,7ZzbemE4QEE,32,75,14,16,False,0.0,1,neutral,neutral,True,15,15,14,0,15,15,14,0,50,0,True,True
aligned,train,7eJqqvvziQo$_$1,7eJqqvvziQo,1,45,8,10,False,0.3333333432674408,2,positive,positive,True,9,9,8,0,9,9,8,0,50,0,True,True
aligned,train,7eJqqvvziQo$_$0,7eJqqvvziQo,0,129,21,30,False,2.0,2,positive,positive,True,29,29,28,0,29,29,28,0,50,0,True,True
aligned,train,7eJqqvvziQo$_$5,7eJqqvvziQo,5,91,16,23,False,0.3333333432674408,2,positive,positive,True,22,22,21,0,22,22,21,0,50,0,True,True
aligned,train,7eJqqvvziQo$_$7,7eJqqvvziQo,7,126,19,25,False,0.3333333432674408,2,positive,positive,True,24,24,23,0,24,24,23,0,50,0,True,True
aligned,train,7eWclVCXOtk$_$0,7eWclVCXOtk,0,98,19,23,False,0.0,1,neutral,neutral,True,22,22,21,0,0,0,0,0,50,0,True,True
aligned,train,7eWclVCXOtk$_$4,7eWclVCXOtk,4,74,11,14,False,1.0,2,positive,positive,True,13,13,12,0,13,13,12,0,50,0,True,True
aligned,train,7eWclVCXOtk$_$8,7eWclVCXOtk,8,111,21,26,False,0.3333333432674408,2,positive,positive,True,25,25,24,0,0,0,0,0,50,0,True,True
aligned,train,7fPYpqzw1iY$_$12,7fPYpqzw1iY,12,85,15,19,False,0.3333333432674408,2,positive,positive,True,18,18,17,0,18,18,17,0,50,0,True,True
aligned,train,7hSWYI99-24$_$3,7hSWYI99-24,3,37,8,10,False,1.3333333730697632,2,positive,positive,True,9,9,8,0,9,9,8,0,50,0,True,True
aligned,train,7hSWYI99-24$_$6,7hSWYI99-24,6,122,23,28,False,1.0,2,positive,positive,True,27,27,26,0,27,27,26,0,50,0,True,True
aligned,train,7pZPQbMKGkY$_$0,7pZPQbMKGkY,0,67,14,20,False,0.6666666865348816,2,positive,positive,True,19,19,18,0,19,19,18,0,50,0,True,True
aligned,train,7pZPQbMKGkY$_$5,7pZPQbMKGkY,5,69,13,17,False,0.0,1,neutral,neutral,True,16,16,15,0,16,16,15,0,50,0,True,True
aligned,train,7rMLN0KKE5k$_$28,7rMLN0KKE5k,28,239,44,50,False,-0.3333333432674408,0,negative,negative,True,49,49,48,0,49,49,48,0,50,0,True,True
aligned,train,7rMLN0KKE5k$_$19,7rMLN0KKE5k,19,176,36,45,False,-0.3333333432674408,0,negative,negative,True,44,44,43,0,44,44,43,0,50,0,True,True
aligned,train,7rMLN0KKE5k$_$32,7rMLN0KKE5k,32,221,38,50,False,1.6666666269302368,2,positive,positive,True,49,49,48,0,49,49,48,0,50,0,True,True
aligned,train,7sgAWvbLtiM$_$1,7sgAWvbLtiM,1,57,9,13,False,0.0,1,neutral,neutral,True,12,12,11,0,12,12,11,0,50,0,True,True
aligned,train,7sgAWvbLtiM$_$6,7sgAWvbLtiM,6,55,9,12,False,0.0,1,neutral,neutral,True,11,11,10,0,11,11,10,0,50,0,True,True
aligned,train,8-Hi9NmF4rM$_$1,8-Hi9NmF4rM,1,87,17,21,False,1.0,2,positive,positive,True,20,20,19,0,20,20,19,0,50,0,True,True
aligned,train,8-Hi9NmF4rM$_$2,8-Hi9NmF4rM,2,77,16,19,False,2.3333332538604736,2,positive,positive,True,18,18,17,0,18,18,17,0,50,0,True,True
aligned,train,80620$_$0,80620,0,2,1,3,False,0.3333333432674408,2,positive,positive,True,2,2,1,0,2,2,1,0,50,0,True,True
aligned,train,80620$_$2,80620,2,36,7,13,False,-2.0,0,negative,negative,True,12,12,11,0,12,12,11,0,50,0,True,True
aligned,train,80620$_$5,80620,5,30,6,11,False,-2.0,0,negative,negative,True,10,10,9,0,10,10,9,0,50,0,True,True
aligned,train,80627$_$11,80627,11,9,3,5,False,-1.3333333730697632,0,negative,negative,True,4,4,3,0,4,4,3,0,50,0,True,True
aligned,train,80627$_$13,80627,13,86,15,30,False,-2.0,0,negative,negative,True,29,29,28,0,29,29,28,0,50,0,True,True
aligned,train,80866$_$13,80866,13,19,4,9,False,0.0,1,neutral,neutral,True,8,8,7,0,8,8,7,0,50,0,True,True
aligned,train,80866$_$12,80866,12,53,12,14,False,-1.6666666269302368,0,negative,negative,True,13,13,12,0,13,13,12,0,50,0,True,True
aligned,train,80866$_$14,80866,14,130,22,33,False,-1.6666666269302368,0,negative,negative,True,32,32,31,0,32,32,31,0,50,0,True,True
aligned,train,80866$_$1,80866,1,64,13,17,False,0.6666666865348816,2,positive,positive,True,16,16,15,0,14,14,13,0,50,0,True,True
aligned,train,80866$_$3,80866,3,29,6,11,False,0.3333333432674408,2,positive,positive,True,10,10,9,0,10,10,9,0,50,0,True,True
aligned,train,80866$_$2,80866,2,56,10,18,False,0.3333333432674408,2,positive,positive,True,17,17,16,0,0,0,0,0,50,0,True,True
aligned,train,80866$_$5,80866,5,63,12,19,False,0.0,1,neutral,neutral,True,18,18,17,0,18,18,17,0,50,0,True,True
aligned,train,80866$_$4,80866,4,78,14,25,False,0.0,1,neutral,neutral,True,24,24,23,0,24,24,23,0,50,0,True,True
aligned,train,80866$_$6,80866,6,28,5,7,False,0.0,1,neutral,neutral,True,6,6,5,0,6,6,5,0,50,0,True,True
aligned,train,80914$_$3,80914,3,35,8,12,False,0.3333333432674408,2,positive,positive,True,11,11,10,0,11,11,10,0,50,0,True,True
aligned,train,81406$_$0,81406,0,123,24,34,False,1.0,2,positive,positive,True,33,33,32,0,33,33,32,0,50,0,True,True
aligned,train,81406$_$2,81406,2,31,7,9,False,-2.3333332538604736,0,negative,negative,True,8,8,7,0,8,8,7,0,50,0,True,True
aligned,train,81615$_$3,81615,3,87,15,21,False,1.6666666269302368,2,positive,positive,True,20,20,19,0,20,20,19,0,50,0,True,True
aligned,train,81615$_$7,81615,7,29,6,10,False,-1.0,0,negative,negative,True,9,9,8,0,8,8,1,6,50,0,True,True
aligned,train,81615$_$6,81615,6,240,47,50,False,-1.0,0,negative,negative,True,49,49,48,0,34,34,20,13,50,0,True,True
aligned,train,83310$_$1,83310,1,223,43,50,False,-0.6666666865348816,0,negative,negative,True,49,49,48,0,49,49,48,0,50,0,True,True
aligned,train,83859$_$25,83859,25,67,13,17,False,0.6666666865348816,2,positive,positive,True,16,16,15,0,16,16,15,0,50,0,True,True
aligned,train,83859$_$29,83859,29,56,10,16,False,0.0,1,neutral,neutral,True,15,15,14,0,15,15,14,0,50,0,True,True
aligned,train,83859$_$1,83859,1,138,29,38,False,2.6666667461395264,2,positive,positive,True,37,37,36,0,37,37,36,0,50,0,True,True
aligned,train,83859$_$3,83859,3,99,19,31,False,2.6666667461395264,2,positive,positive,True,30,30,29,0,30,30,29,0,50,0,True,True
aligned,train,83859$_$11,83859,11,42,6,8,False,2.6666667461395264,2,positive,positive,True,7,7,6,0,7,7,6,0,50,0,True,True
aligned,train,83859$_$12,83859,12,96,20,22,False,0.0,1,neutral,neutral,True,21,21,20,0,21,21,20,0,50,0,True,True
aligned,train,83859$_$16,83859,16,42,8,12,False,3.0,2,positive,positive,True,11,11,10,0,11,11,10,0,50,0,True,True
aligned,train,8404$_$11,8404,11,123,23,27,False,2.0,2,positive,positive,True,26,26,25,0,26,26,25,0,50,0,True,True
aligned,train,8404$_$4,8404,4,87,16,20,False,3.0,2,positive,positive,True,19,19,18,0,19,19,18,0,50,0,True,True
aligned,train,84133$_$23,84133,23,88,17,25,False,-2.0,0,negative,negative,True,24,24,23,0,24,24,23,0,50,0,True,True
aligned,train,84133$_$2,84133,2,75,13,19,False,0.0,1,neutral,neutral,True,18,18,17,0,18,18,17,0,50,0,True,True
aligned,train,84133$_$9,84133,9,9,2,6,False,0.0,1,neutral,neutral,True,5,5,4,0,5,5,4,0,50,0,True,True
aligned,train,84133$_$16,84133,16,52,12,16,False,1.6666666269302368,2,positive,positive,True,15,15,14,0,15,15,14,0,50,0,True,True
aligned,train,84133$_$19,84133,19,8,2,6,False,-1.6666666269302368,0,negative,negative,True,5,5,4,0,5,5,4,0,50,0,True,True
aligned,train,84176$_$10,84176,10,148,31,47,False,-0.3333333432674408,0,negative,negative,True,46,46,45,0,46,46,45,0,50,0,True,True
aligned,train,84176$_$1,84176,1,58,11,16,False,1.6666666269302368,2,positive,positive,True,15,15,14,0,15,15,14,0,50,0,True,True
aligned,train,84176$_$8,84176,8,173,36,41,False,-3.0,0,negative,negative,True,40,40,39,0,40,40,39,0,50,0,True,True
aligned,train,856LGms_0s0$_$9,856LGms_0s0,9,109,21,31,False,0.6666666865348816,2,positive,positive,True,30,30,29,0,30,30,29,0,50,0,True,True
aligned,train,87161$_$3,87161,3,131,25,36,False,0.0,1,neutral,neutral,True,35,35,34,0,35,35,34,0,50,0,True,True
aligned,train,87161$_$2,87161,2,87,15,20,False,0.0,1,neutral,neutral,True,19,19,18,0,19,19,18,0,50,0,True,True
aligned,train,87161$_$5,87161,5,27,6,11,False,0.0,1,neutral,neutral,True,10,10,9,0,10,10,9,0,50,0,True,True
aligned,train,87400$_$13,87400,13,12,2,6,False,2.6666667461395264,2,positive,positive,True,5,5,4,0,5,5,4,0,50,0,True,True
aligned,train,87400$_$12,87400,12,45,9,16,False,1.6666666269302368,2,positive,positive,True,15,15,14,0,15,15,14,0,50,0,True,True
aligned,train,87400$_$14,87400,14,44,7,14,False,-0.3333333432674408,0,negative,negative,True,13,13,12,0,13,13,12,0,50,0,True,True
aligned,train,88245$_$6,88245,6,128,27,38,False,-1.0,0,negative,negative,True,37,37,36,0,37,37,36,0,50,0,True,True
aligned,train,88797$_$12,88797,12,29,6,8,False,-0.3333333432674408,0,negative,negative,True,7,7,6,0,7,7,6,0,50,0,True,True
aligned,train,88797$_$0,88797,0,20,4,6,False,0.0,1,neutral,neutral,True,5,5,4,0,5,5,4,0,50,0,True,True
aligned,train,88797$_$3,88797,3,46,8,16,False,0.0,1,neutral,neutral,True,15,15,14,0,15,15,14,0,50,0,True,True
aligned,train,88797$_$7,88797,7,140,23,34,False,0.0,1,neutral,neutral,True,33,33,32,0,33,33,32,0,50,0,True,True
aligned,train,88888$_$4,88888,4,35,8,13,False,1.6666666269302368,2,positive,positive,True,12,12,11,0,12,12,11,0,50,0,True,True
aligned,train,88S1BjwMfdw$_$7,88S1BjwMfdw,7,73,11,15,False,0.3333333432674408,2,positive,positive,True,14,14,13,0,14,14,13,0,50,0,True,True
aligned,train,88oSn21TFcA$_$0,88oSn21TFcA,0,81,12,22,False,0.0,1,neutral,neutral,True,21,21,20,0,21,21,20,0,50,0,True,True
aligned,train,88oSn21TFcA$_$8,88oSn21TFcA,8,159,23,32,False,-1.0,0,negative,negative,True,31,31,30,0,31,31,30,0,50,0,True,True
aligned,train,89747$_$9,89747,9,449,83,50,False,2.0,2,positive,positive,True,49,49,48,0,49,49,45,3,50,0,True,True
aligned,train,89787$_$14,89787,14,57,11,17,False,0.0,1,neutral,neutral,True,16,16,15,0,16,16,15,0,50,0,True,True
aligned,train,89787$_$4,89787,4,87,17,29,False,1.0,2,positive,positive,True,28,28,27,0,28,28,27,0,50,0,True,True
aligned,train,89787$_$7,89787,7,183,32,50,False,-2.0,0,negative,negative,True,49,49,48,0,49,49,41,7,50,0,True,True
aligned,train,89951$_$10,89951,10,69,13,22,False,0.0,1,neutral,neutral,True,21,21,20,0,21,21,20,0,50,0,True,True
aligned,train,89951$_$8,89951,8,142,27,35,False,0.3333333432674408,2,positive,positive,True,34,34,33,0,34,34,33,0,50,0,True,True
aligned,train,8Cp8c-eQELQ$_$11,8Cp8c-eQELQ,11,108,18,23,False,0.6666666865348816,2,positive,positive,True,22,22,21,0,22,22,21,0,50,0,True,True
aligned,train,8Cp8c-eQELQ$_$16,8Cp8c-eQELQ,16,124,24,27,False,0.0,1,neutral,neutral,True,26,26,25,0,26,26,25,0,50,0,True,True
aligned,train,8EHEEXex5D8$_$11,8EHEEXex5D8,11,142,20,26,False,1.0,2,positive,positive,True,25,25,24,0,25,25,24,0,50,0,True,True
aligned,train,8EHEEXex5D8$_$23,8EHEEXex5D8,23,122,15,18,False,0.6666666865348816,2,positive,positive,True,17,17,16,0,17,17,16,0,50,0,True,True
aligned,train,8EHEEXex5D8$_$18,8EHEEXex5D8,18,108,16,21,False,1.3333333730697632,2,positive,positive,True,20,20,19,0,20,20,19,0,50,0,True,True
aligned,train,8Lmqsakmw3M$_$20,8Lmqsakmw3M,20,98,20,25,False,0.3333333432674408,2,positive,positive,True,24,24,23,0,24,24,23,0,50,0,True,True
aligned,train,8P0zm2oYDyY$_$1,8P0zm2oYDyY,1,117,21,24,False,1.0,2,positive,positive,True,23,23,22,0,23,23,22,0,50,0,True,True
aligned,train,8P0zm2oYDyY$_$6,8P0zm2oYDyY,6,66,13,18,False,1.6666666269302368,2,positive,positive,True,17,17,16,0,17,17,16,0,50,0,True,True
aligned,train,8VB6pdJTpX4$_$1,8VB6pdJTpX4,1,113,19,25,False,0.3333333432674408,2,positive,positive,True,24,24,23,0,24,24,18,5,50,0,True,True
aligned,train,8VP1qxX9mh4$_$0,8VP1qxX9mh4,0,87,14,26,False,1.0,2,positive,positive,True,25,25,24,0,25,25,24,0,50,0,True,True
aligned,train,8X5tGQLBqPo$_$11,8X5tGQLBqPo,11,228,40,47,False,0.3333333432674408,2,positive,positive,True,46,46,45,0,46,46,45,0,50,0,True,True
aligned,train,8X5tGQLBqPo$_$10,8X5tGQLBqPo,10,164,30,35,False,0.0,1,neutral,neutral,True,34,34,33,0,34,34,33,0,50,0,True,True
aligned,train,8X5tGQLBqPo$_$13,8X5tGQLBqPo,13,97,16,20,False,0.0,1,neutral,neutral,True,19,19,18,0,19,19,18,0,50,0,True,True
aligned,train,8X5tGQLBqPo$_$15,8X5tGQLBqPo,15,212,36,40,False,0.0,1,neutral,neutral,True,39,39,38,0,39,39,38,0,50,0,True,True
aligned,train,8XODJwsvBa0$_$2,8XODJwsvBa0,2,288,42,50,False,1.3333333730697632,2,positive,positive,True,49,49,48,0,49,49,48,0,50,0,True,True
aligned,train,8YsIvz4qnk4$_$1,8YsIvz4qnk4,1,84,18,21,False,2.6666667461395264,2,positive,positive,True,20,20,19,0,20,20,19,0,50,0,True,True
aligned,train,8ovb-GaZ3QE$_$3,8ovb-GaZ3QE,3,54,11,14,False,-1.6666666269302368,0,negative,negative,True,13,13,12,0,13,13,12,0,50,0,True,True
aligned,train,8ovb-GaZ3QE$_$5,8ovb-GaZ3QE,5,42,10,17,False,1.0,2,positive,positive,True,16,16,15,0,16,16,15,0,50,0,True,True
aligned,train,8qCNtqjygW8$_$10,8qCNtqjygW8,10,42,6,10,False,1.0,2,positive,positive,True,9,9,8,0,9,9,8,0,50,0,True,True
aligned,train,8qCNtqjygW8$_$12,8qCNtqjygW8,12,46,8,14,False,1.3333333730697632,2,positive,positive,True,13,13,12,0,13,13,12,0,50,0,True,True
aligned,train,8qCNtqjygW8$_$1,8qCNtqjygW8,1,29,7,9,False,0.3333333432674408,2,positive,positive,True,8,8,7,0,8,8,7,0,50,0,True,True
aligned,train,8qCNtqjygW8$_$0,8qCNtqjygW8,0,85,16,22,False,0.3333333432674408,2,positive,positive,True,21,21,20,0,21,21,20,0,50,0,True,True
aligned,train,8qCNtqjygW8$_$7,8qCNtqjygW8,7,36,7,11,False,-0.3333333432674408,0,negative,negative,True,10,10,9,0,0,0,0,0,50,0,True,True
aligned,train,8qCNtqjygW8$_$8,8qCNtqjygW8,8,77,16,20,False,0.0,1,neutral,neutral,True,19,19,18,0,0,0,0,0,50,0,True,True
aligned,train,8u5aet7s9_w$_$8,8u5aet7s9_w,8,278,46,50,False,2.3333332538604736,2,positive,positive,True,49,49,48,0,49,49,48,0,50,0,True,True
aligned,train,8x81fzwcJko$_$5,8x81fzwcJko,5,76,16,21,False,0.3333333432674408,2,positive,positive,True,20,20,19,0,10,10,9,0,50,0,True,True
aligned,train,8xfW_azeNPk$_$12,8xfW_azeNPk,12,33,8,10,False,0.6666666865348816,2,positive,positive,True,9,9,8,0,9,9,8,0,50,0,True,True
aligned,train,8xfW_azeNPk$_$1,8xfW_azeNPk,1,176,35,40,False,2.3333332538604736,2,positive,positive,True,39,39,38,0,39,39,38,0,50,0,True,True
aligned,train,8xfW_azeNPk$_$8,8xfW_azeNPk,8,80,15,17,False,1.3333333730697632,2,positive,positive,True,16,16,15,0,16,16,15,0,50,0,True,True
aligned,train,9-EO2oCAGA4$_$10,9-EO2oCAGA4,10,184,29,33,False,0.0,1,neutral,neutral,True,32,32,31,0,32,32,31,0,50,0,True,True
aligned,train,9-EO2oCAGA4$_$0,9-EO2oCAGA4,0,139,22,29,False,0.6666666865348816,2,positive,positive,True,28,28,27,0,28,28,27,0,50,0,True,True
aligned,train,9-EO2oCAGA4$_$3,9-EO2oCAGA4,3,225,39,41,False,0.6666666865348816,2,positive,positive,True,40,40,39,0,40,40,39,0,50,0,True,True
aligned,train,9-EO2oCAGA4$_$4,9-EO2oCAGA4,4,123,21,26,False,0.6666666865348816,2,positive,positive,True,25,25,24,0,25,25,20,4,50,0,True,True
aligned,train,9-EO2oCAGA4$_$7,9-EO2oCAGA4,7,48,7,11,False,1.0,2,positive,positive,True,10,10,9,0,10,10,9,0,50,0,True,True
aligned,train,9-K1CXCXui4$_$15,9-K1CXCXui4,15,243,39,50,False,0.6666666865348816,2,positive,positive,True,49,49,48,0,49,49,48,0,50,0,True,True
aligned,train,9-K1CXCXui4$_$16,9-K1CXCXui4,16,32,6,9,False,0.3333333432674408,2,positive,positive,True,8,8,7,0,8,8,7,0,50,0,True,True
aligned,train,90172$_$11,90172,11,328,56,50,False,-1.3333333730697632,0,negative,negative,True,49,49,48,0,49,49,48,0,50,0,True,True
aligned,train,90172$_$14,90172,14,48,6,16,False,-1.6666666269302368,0,negative,negative,True,15,15,14,0,15,15,14,0,50,0,True,True
aligned,train,90172$_$0,90172,0,202,33,48,False,-1.6666666269302368,0,negative,negative,True,47,47,46,0,47,47,46,0,50,0,True,True
aligned,train,90172$_$3,90172,3,345,67,50,False,0.0,1,neutral,neutral,True,49,49,48,0,49,49,48,0,50,0,True,True
aligned,train,90172$_$7,90172,7,35,7,11,False,-2.3333332538604736,0,negative,negative,True,10,10,9,0,10,10,9,0,50,0,True,True
aligned,train,90wZz0thye4$_$11,90wZz0thye4,11,73,14,21,False,0.6666666865348816,2,positive,positive,True,20,20,19,0,20,20,19,0,50,0,True,True
aligned,train,90wZz0thye4$_$10,90wZz0thye4,10,64,13,16,False,0.3333333432674408,2,positive,positive,True,15,15,14,0,15,15,14,0,50,0,True,True
aligned,train,90wZz0thye4$_$2,90wZz0thye4,2,185,29,38,False,1.0,2,positive,positive,True,37,37,36,0,37,37,36,0,50,0,True,True
aligned,train,91276$_$1,91276,1,14,3,6,False,0.0,1,neutral,neutral,True,5,5,4,0,5,5,4,0,50,0,True,True
aligned,train,91276$_$7,91276,7,147,26,41,False,-1.6666666269302368,0,negative,negative,True,40,40,39,0,40,40,38,1,50,0,True,True
aligned,train,91276$_$8,91276,8,12,2,6,False,-1.0,0,negative,negative,True,5,5,4,0,5,5,4,0,50,0,True,True
aligned,train,91y7nPEWdmQ$_$5,91y7nPEWdmQ,5,279,52,50,False,-0.6666666865348816,0,negative,negative,True,49,49,48,0,49,49,48,0,50,0,True,True
aligned,train,92221$_$11,92221,11,89,16,25,False,0.3333333432674408,2,positive,positive,True,24,24,23,0,24,24,23,0,50,0,True,True
aligned,train,92221$_$12,92221,12,93,17,24,False,0.0,1,neutral,neutral,True,23,23,22,0,23,23,22,0,50,0,True,True
aligned,train,92221$_$18,92221,18,9,2,4,False,1.0,2,positive,positive,True,3,3,2,0,3,3,2,0,50,0,True,True
aligned,train,92221$_$5,92221,5,78,14,21,False,0.3333333432674408,2,positive,positive,True,20,20,19,0,20,20,19,0,50,0,True,True
aligned,train,92331$_$20,92331,20,82,14,29,False,-2.6666667461395264,0,negative,negative,True,28,28,27,0,28,28,27,0,50,0,True,True
aligned,train,92331$_$21,92331,21,36,7,9,False,-3.0,0,negative,negative,True,8,8,7,0,8,8,7,0,50,0,True,True
aligned,train,92331$_$22,92331,22,38,9,12,False,-2.0,0,negative,negative,True,11,11,10,0,11,11,10,0,50,0,True,True
aligned,train,92331$_$1,92331,1,51,9,16,False,0.3333333432674408,2,positive,positive,True,15,15,14,0,15,15,14,0,50,0,True,True
aligned,train,92331$_$2,92331,2,82,16,21,False,-2.6666667461395264,0,negative,negative,True,20,20,19,0,20,20,19,0,50,0,True,True
aligned,train,92331$_$8,92331,8,80,17,19,False,-1.6666666269302368,0,negative,negative,True,18,18,17,0,18,18,17,0,50,0,True,True
aligned,train,92331$_$10,92331,10,73,11,16,False,-0.6666666865348816,0,negative,negative,True,15,15,14,0,15,15,14,0,50,0,True,True
aligned,train,92331$_$18,92331,18,37,9,11,False,-2.0,0,negative,negative,True,10,10,9,0,10,10,9,0,50,0,True,True
aligned,train,92521$_$0,92521,0,48,11,18,False,0.0,1,neutral,neutral,True,17,17,16,0,9,9,8,0,50,0,True,True
aligned,train,92521$_$6,92521,6,73,16,25,False,2.0,2,positive,positive,True,24,24,23,0,24,24,23,0,50,0,True,True
aligned,train,92533$_$7,92533,7,22,5,9,False,-2.0,0,negative,negative,True,8,8,7,0,8,8,7,0,50,0,True,True
aligned,train,92533$_$6,92533,6,65,14,21,False,-2.3333332538604736,0,negative,negative,True,20,20,19,0,20,20,19,0,50,0,True,True
aligned,train,93821$_$1,93821,1,55,12,16,False,-1.6666666269302368,0,negative,negative,True,15,15,14,0,15,15,14,0,50,0,True,True
aligned,train,93821$_$7,93821,7,106,19,22,False,1.3333333730697632,2,positive,positive,True,21,21,20,0,21,21,20,0,50,0,True,True
aligned,train,93839$_$11,93839,11,95,21,29,False,-2.0,0,negative,negative,True,28,28,27,0,28,28,27,0,50,0,True,True
aligned,train,93839$_$1,93839,1,88,15,21,False,-2.6666667461395264,0,negative,negative,True,20,20,19,0,20,20,19,0,50,0,True,True
aligned,train,93839$_$7,93839,7,155,28,34,False,-1.6666666269302368,0,negative,negative,True,33,33,32,0,33,33,32,0,50,0,True,True
aligned,train,94215$_$1,94215,1,58,13,17,False,-2.0,0,negative,negative,True,16,16,15,0,16,16,7,8,50,0,True,True
aligned,train,94983$_$11,94983,11,82,17,22,False,-2.3333332538604736,0,negative,negative,True,21,21,20,0,21,21,20,0,50,0,True,True
aligned,train,94983$_$6,94983,6,23,5,9,False,-1.0,0,negative,negative,True,8,8,7,0,8,8,7,0,50,0,True,True
aligned,train,94ULum9MYX0$_$11,94ULum9MYX0,11,131,22,29,False,0.0,1,neutral,neutral,True,28,28,10,17,28,28,9,18,50,0,False,True
aligned,train,96099$_$3,96099,3,88,20,26,False,0.0,1,neutral,neutral,True,25,25,24,0,25,25,24,0,50,0,True,True
aligned,train,96099$_$9,96099,9,109,22,33,False,-2.3333332538604736,0,negative,negative,True,32,32,31,0,32,32,31,0,50,0,True,True
aligned,train,96179$_$13,96179,13,44,9,17,False,-2.0,0,negative,negative,True,16,16,15,0,16,16,15,0,50,0,True,True
aligned,train,96179$_$14,96179,14,14,3,6,False,-1.0,0,negative,negative,True,5,5,4,0,5,5,4,0,50,0,True,True
aligned,train,96179$_$5,96179,5,92,15,24,False,-1.0,0,negative,negative,True,23,23,22,0,23,23,22,0,50,0,True,True
aligned,train,96194$_$12,96194,12,54,11,15,False,-0.6666666865348816,0,negative,negative,True,14,14,13,0,14,14,13,0,50,0,True,True
aligned,train,96194$_$6,96194,6,82,13,25,False,-1.3333333730697632,0,negative,negative,True,24,24,23,0,24,24,23,0,50,0,True,True
aligned,train,96350$_$2,96350,2,86,16,21,False,0.0,1,neutral,neutral,True,20,20,19,0,20,20,19,0,50,0,True,True
aligned,train,96350$_$5,96350,5,81,15,24,False,-2.0,0,negative,negative,True,23,23,22,0,23,23,22,0,50,0,True,True
aligned,train,96350$_$7,96350,7,134,26,39,False,-1.0,0,negative,negative,True,38,38,37,0,38,38,37,0,50,0,True,True
aligned,train,96350$_$9,96350,9,255,48,50,False,-2.6666667461395264,0,negative,negative,True,49,49,48,0,49,49,48,0,50,0,True,True
aligned,train,96350$_$8,96350,8,2,1,3,False,-2.3333332538604736,0,negative,negative,True,2,2,1,0,2,2,1,0,50,0,True,True
aligned,train,96361$_$4,96361,4,24,4,9,False,0.0,1,neutral,neutral,True,8,8,7,0,8,8,7,0,50,0,True,True
aligned,train,96361$_$7,96361,7,85,17,29,False,1.6666666269302368,2,positive,positive,True,28,28,27,0,28,28,27,0,50,0,True,True
aligned,train,96361$_$6,96361,6,199,33,50,False,1.3333333730697632,2,positive,positive,True,49,49,48,0,49,49,48,0,50,0,True,True
aligned,train,96361$_$8,96361,8,16,4,8,False,-0.6666666865348816,0,negative,negative,True,7,7,6,0,7,7,6,0,50,0,True,True
aligned,train,97095$_$24,97095,24,22,5,7,False,3.0,2,positive,positive,True,6,6,5,0,6,6,5,0,50,0,True,True
aligned,train,97095$_$20,97095,20,30,6,13,False,0.0,1,neutral,neutral,True,12,12,11,0,12,12,11,0,50,0,True,True
aligned,train,97095$_$29,97095,29,29,7,14,False,2.0,2,positive,positive,True,13,13,12,0,13,13,12,0,50,0,True,True
aligned,train,97095$_$0,97095,0,2,1,3,False,0.0,1,neutral,neutral,True,2,2,1,0,2,2,1,0,50,0,True,True
aligned,train,97095$_$2,97095,2,86,15,22,False,0.0,1,neutral,neutral,True,21,21,20,0,21,21,20,0,50,0,True,True
aligned,train,97095$_$5,97095,5,22,5,9,False,0.0,1,neutral,neutral,True,8,8,7,0,8,8,7,0,50,0,True,True
aligned,train,97095$_$11,97095,11,25,4,6,False,2.6666667461395264,2,positive,positive,True,5,5,4,0,5,5,4,0,50,0,True,True
aligned,train,97095$_$17,97095,17,109,20,28,False,0.6666666865348816,2,positive,positive,True,27,27,26,0,27,27,26,0,50,0,True,True
aligned,train,97095$_$16,97095,16,86,12,19,False,0.0,1,neutral,neutral,True,18,18,17,0,18,18,17,0,50,0,True,True
aligned,train,97095$_$33,97095,33,44,10,19,False,1.6666666269302368,2,positive,positive,True,18,18,17,0,18,18,17,0,50,0,True,True
aligned,train,97095$_$32,97095,32,59,11,13,False,0.6666666865348816,2,positive,positive,True,12,12,11,0,12,12,11,0,50,0,True,True
aligned,train,97992$_$10,97992,10,56,10,14,False,2.3333332538604736,2,positive,positive,True,13,13,12,0,13,13,12,0,50,0,True,True
aligned,train,97992$_$9,97992,9,18,3,7,False,-0.6666666865348816,0,negative,negative,True,6,6,5,0,6,6,5,0,50,0,True,True
aligned,train,98187$_$11,98187,11,68,11,18,False,-2.0,0,negative,negative,True,17,17,16,0,17,17,13,3,50,0,True,True
aligned,train,98187$_$12,98187,12,18,4,8,False,-1.0,0,negative,negative,True,7,7,6,0,0,0,0,0,50,0,True,True
aligned,train,98187$_$1,98187,1,54,10,12,False,0.0,1,neutral,neutral,True,11,11,10,0,11,11,4,6,50,0,True,True
aligned,train,98442$_$10,98442,10,64,14,19,False,-0.6666666865348816,0,negative,negative,True,18,18,17,0,18,18,17,0,50,0,True,True
aligned,train,984VkHzXl8w$_$7,984VkHzXl8w,7,111,21,27,False,1.3333333730697632,2,positive,positive,True,26,26,25,0,26,26,25,0,50,0,True,True
aligned,train,9BceQC_SdTM$_$3,9BceQC_SdTM,3,254,41,50,False,0.3333333432674408,2,positive,positive,True,49,49,48,0,49,49,48,0,50,0,True,True
aligned,train,9BceQC_SdTM$_$6,9BceQC_SdTM,6,126,24,31,False,-0.3333333432674408,0,negative,negative,True,30,30,29,0,30,30,29,0,50,0,True,True
aligned,train,9K5mYSaoBL4$_$4,9K5mYSaoBL4,4,107,23,30,False,0.3333333432674408,2,positive,positive,True,29,29,28,0,29,29,2,26,50,0,True,True
aligned,train,9K5mYSaoBL4$_$9,9K5mYSaoBL4,9,127,24,34,False,0.0,1,neutral,neutral,True,33,33,32,0,0,0,0,0,50,0,True,True
aligned,train,9Un1O2ypJmI$_$5,9Un1O2ypJmI,5,255,45,50,False,2.3333332538604736,2,positive,positive,True,49,49,48,0,49,49,48,0,50,0,True,True
aligned,train,9VZ4cpoTFbo$_$2,9VZ4cpoTFbo,2,113,16,20,False,0.0,1,neutral,neutral,True,19,19,18,0,19,19,18,0,50,0,True,True
aligned,train,9VZ4cpoTFbo$_$5,9VZ4cpoTFbo,5,70,12,17,False,1.0,2,positive,positive,True,16,16,15,0,16,16,15,0,50,0,True,True
aligned,train,9cSJglGi9Pg$_$6,9cSJglGi9Pg,6,99,20,24,False,0.0,1,neutral,neutral,True,23,23,22,0,23,23,22,0,50,0,True,True
aligned,train,9cxlcpbmrH0$_$11,9cxlcpbmrH0,11,163,29,35,False,0.6666666865348816,2,positive,positive,True,34,34,33,0,34,34,33,0,50,0,True,True
aligned,train,9dFEGb_RfwE$_$11,9dFEGb_RfwE,11,391,73,50,False,0.0,1,neutral,neutral,True,49,49,26,22,49,49,19,29,50,0,False,True
aligned,train,9f6A3ucYArQ$_$3,9f6A3ucYArQ,3,133,20,25,False,-1.6666666269302368,0,negative,negative,True,24,24,23,0,24,24,23,0,50,0,True,True
aligned,train,9pdyTplXwM4$_$5,9pdyTplXwM4,5,99,15,19,False,0.3333333432674408,2,positive,positive,True,18,18,17,0,18,18,17,0,50,0,True,True
aligned,train,9pzn93kdP_g$_$11,9pzn93kdP_g,11,248,42,50,False,0.3333333432674408,2,positive,positive,True,49,49,48,0,49,49,48,0,50,0,True,True
aligned,train,9pzn93kdP_g$_$17,9pzn93kdP_g,17,61,11,14,False,1.6666666269302368,2,positive,positive,True,13,13,12,0,13,13,12,0,50,0,True,True
aligned,train,9pzn93kdP_g$_$3,9pzn93kdP_g,3,67,14,18,False,0.0,1,neutral,neutral,True,17,17,16,0,17,17,16,0,50,0,True,True
aligned,train,9tX18DNC74w$_$4,9tX18DNC74w,4,95,20,25,False,0.0,1,neutral,neutral,True,24,24,23,0,24,24,23,0,50,0,True,True
aligned,train,9zWeMrfr-l0$_$0,9zWeMrfr-l0,0,45,9,11,False,0.0,1,neutral,neutral,True,10,10,9,0,10,10,9,0,50,0,True,True
aligned,train,A4dzxgHDhF0$_$1,A4dzxgHDhF0,1,227,42,45,False,0.0,1,neutral,neutral,True,44,44,43,0,44,44,43,0,50,0,True,True
aligned,train,A8plGi4rbxM$_$4,A8plGi4rbxM,4,111,18,24,False,-2.6666667461395264,0,negative,negative,True,23,23,22,0,23,23,22,0,50,0,True,True
aligned,train,ABSC1JNdpTw$_$9,ABSC1JNdpTw,9,214,41,46,False,0.3333333432674408,2,positive,positive,True,45,45,44,0,45,45,44,0,50,0,True,True
aligned,train,ABSC1JNdpTw$_$11,ABSC1JNdpTw,11,91,16,22,False,0.0,1,neutral,neutral,True,21,21,20,0,21,21,20,0,50,0,True,True
aligned,train,ADYia28RrFU$_$4,ADYia28RrFU,4,34,6,13,False,1.0,2,positive,positive,True,12,12,11,0,12,12,11,0,50,0,True,True
aligned,train,ADYia28RrFU$_$7,ADYia28RrFU,7,132,24,30,False,0.3333333432674408,2,positive,positive,True,29,29,28,0,29,29,3,25,50,0,True,True
aligned,train,ADYia28RrFU$_$9,ADYia28RrFU,9,73,17,19,False,1.0,2,positive,positive,True,18,18,17,0,18,18,17,0,50,0,True,True
aligned,train,ADYia28RrFU$_$8,ADYia28RrFU,8,75,16,21,False,-0.3333333432674408,0,negative,negative,True,20,20,19,0,20,20,19,0,50,0,True,True
aligned,train,AGFgaKPzjMQ$_$2,AGFgaKPzjMQ,2,164,28,39,False,0.6666666865348816,2,positive,positive,True,38,38,37,0,38,38,37,0,50,0,True,True
aligned,train,AIPqRuTjI4E$_$14,AIPqRuTjI4E,14,91,19,24,False,0.0,1,neutral,neutral,True,23,23,22,0,23,23,22,0,50,0,True,True
aligned,train,AIPqRuTjI4E$_$16,AIPqRuTjI4E,16,74,13,18,False,0.0,1,neutral,neutral,True,17,17,16,0,17,17,16,0,50,0,True,True
aligned,train,AKofHsmxa1I$_$6,AKofHsmxa1I,6,105,21,31,False,2.3333332538604736,2,positive,positive,True,30,30,29,0,30,30,29,0,50,0,True,True
aligned,train,APYv5s4ucd0$_$9,APYv5s4ucd0,9,121,21,31,False,0.6666666865348816,2,positive,positive,True,30,30,29,0,30,30,29,0,50,0,True,True
aligned,train,AVScVfLgNmw$_$1,AVScVfLgNmw,1,102,17,23,False,0.0,1,neutral,neutral,True,22,22,21,0,0,0,0,0,50,0,True,True
aligned,train,AVScVfLgNmw$_$2,AVScVfLgNmw,2,100,18,21,False,1.0,2,positive,positive,True,20,20,19,0,16,16,15,0,50,0,True,True
aligned,train,AepwIhSbAws$_$2,AepwIhSbAws,2,109,22,25,False,-1.3333333730697632,0,negative,negative,True,24,24,23,0,24,24,23,0,50,0,True,True
aligned,train,AggyS1coOb8$_$1,AggyS1coOb8,1,1662,307,50,False,0.3333333432674408,2,positive,positive,True,49,49,48,0,49,49,48,0,50,0,True,True
aligned,train,AmGocfFQfVE$_$1,AmGocfFQfVE,1,79,15,21,False,-0.3333333432674408,0,negative,negative,True,20,20,19,0,20,20,19,0,50,0,True,True
aligned,train,AuPCZlKBzq8$_$11,AuPCZlKBzq8,11,141,19,31,False,1.3333333730697632,2,positive,positive,True,30,30,29,0,30,30,29,0,50,0,True,True
aligned,train,Az3e1Opu0LE$_$1,Az3e1Opu0LE,1,66,13,18,False,0.0,1,neutral,neutral,True,17,17,16,0,17,17,16,0,50,0,True,True
aligned,train,Az3e1Opu0LE$_$5,Az3e1Opu0LE,5,39,8,11,False,0.0,1,neutral,neutral,True,10,10,9,0,10,10,9,0,50,0,True,True
aligned,train,BAi3ZJo5Vwg$_$11,BAi3ZJo5Vwg,11,169,27,44,False,0.6666666865348816,2,positive,positive,True,43,43,42,0,43,43,42,0,50,0,True,True
aligned,train,BAi3ZJo5Vwg$_$7,BAi3ZJo5Vwg,7,247,45,50,False,0.0,1,neutral,neutral,True,49,49,48,0,49,49,48,0,50,0,True,True
aligned,train,BB_VwJSg3AI$_$6,BB_VwJSg3AI,6,169,33,40,False,0.0,1,neutral,neutral,True,39,39,38,0,39,39,38,0,50,0,True,True
aligned,train,BBoe8-HWPSw$_$4,BBoe8-HWPSw,4,124,26,35,False,0.3333333432674408,2,positive,positive,True,34,34,33,0,34,34,28,5,50,0,True,True
aligned,train,BBoe8-HWPSw$_$7,BBoe8-HWPSw,7,124,22,29,False,2.3333332538604736,2,positive,positive,True,28,28,27,0,28,28,27,0,50,0,True,True
aligned,train,BDCFV4EqHjY$_$1,BDCFV4EqHjY,1,167,26,34,False,0.3333333432674408,2,positive,positive,True,33,33,32,0,33,33,32,0,50,0,True,True
aligned,train,BMhG11CXgww$_$5,BMhG11CXgww,5,103,17,21,False,-1.3333333730697632,0,negative,negative,True,20,20,19,0,20,20,19,0,50,0,True,True
aligned,train,BRdw-_dbJXc$_$19,BRdw-_dbJXc,19,61,10,18,False,0.6666666865348816,2,positive,positive,True,17,17,16,0,17,17,16,0,50,0,True,True
aligned,train,BRzjQHYWbSs$_$11,BRzjQHYWbSs,11,102,20,28,False,0.0,1,neutral,neutral,True,27,27,26,0,27,27,26,0,50,0,True,True
aligned,train,BRzjQHYWbSs$_$15,BRzjQHYWbSs,15,147,27,31,False,-1.0,0,negative,negative,True,30,30,29,0,30,30,29,0,50,0,True,True
aligned,train,BRzjQHYWbSs$_$16,BRzjQHYWbSs,16,77,12,16,False,1.0,2,positive,positive,True,15,15,14,0,15,15,14,0,50,0,True,True
aligned,train,BdqoZ5qpz0E$_$7,BdqoZ5qpz0E,7,127,21,26,False,0.6666666865348816,2,positive,positive,True,25,25,24,0,25,25,24,0,50,0,True,True
aligned,train,BdqoZ5qpz0E$_$6,BdqoZ5qpz0E,6,131,22,27,False,-0.3333333432674408,0,negative,negative,True,26,26,25,0,26,26,25,0,50,0,True,True
aligned,train,BdqoZ5qpz0E$_$15,BdqoZ5qpz0E,15,82,16,19,False,1.0,2,positive,positive,True,18,18,17,0,18,18,17,0,50,0,True,True
aligned,train,Bf5owLv3X98$_$4,Bf5owLv3X98,4,114,21,24,False,0.3333333432674408,2,positive,positive,True,23,23,22,0,23,23,22,0,50,0,True,True
aligned,train,Bg-PA5KTjNs$_$1,Bg-PA5KTjNs,1,163,31,38,False,-0.3333333432674408,0,negative,negative,True,37,37,36,0,37,37,36,0,50,0,True,True
aligned,train,Bg-PA5KTjNs$_$3,Bg-PA5KTjNs,3,73,16,19,False,-0.3333333432674408,0,negative,negative,True,18,18,17,0,18,18,17,0,50,0,True,True
aligned,train,Bg-PA5KTjNs$_$6,Bg-PA5KTjNs,6,66,13,18,False,1.3333333730697632,2,positive,positive,True,17,17,16,0,17,17,16,0,50,0,True,True
aligned,train,Bg-PA5KTjNs$_$8,Bg-PA5KTjNs,8,170,39,42,False,1.6666666269302368,2,positive,positive,True,41,41,40,0,41,41,40,0,50,0,True,True
aligned,train,BnWvk0YRgE4$_$0,BnWvk0YRgE4,0,226,43,50,False,-0.6666666865348816,0,negative,negative,True,49,49,48,0,49,49,48,0,50,0,True,True
aligned,train,Bo5IDtP8_Fk$_$11,Bo5IDtP8_Fk,11,275,47,50,False,1.0,2,positive,positive,True,49,49,48,0,49,49,48,0,50,0,True,True
aligned,train,BseI8-TYWm8$_$1,BseI8-TYWm8,1,117,20,26,False,0.0,1,neutral,neutral,True,25,25,24,0,25,25,24,0,50,0,True,True
aligned,train,BseI8-TYWm8$_$2,BseI8-TYWm8,2,95,17,24,False,0.0,1,neutral,neutral,True,23,23,22,0,23,23,22,0,50,0,True,True
aligned,train,BseI8-TYWm8$_$4,BseI8-TYWm8,4,115,21,28,False,2.0,2,positive,positive,True,27,27,26,0,27,27,26,0,50,0,True,True
aligned,train,BuPhjBayua8$_$7,BuPhjBayua8,7,174,31,49,False,-0.6666666865348816,0,negative,negative,True,48,48,47,0,48,48,47,0,50,0,True,True
aligned,train,BuPhjBayua8$_$6,BuPhjBayua8,6,106,20,23,False,0.6666666865348816,2,positive,positive,True,22,22,21,0,22,22,21,0,50,0,True,True
aligned,train,C03473pYcRM$_$7,C03473pYcRM,7,206,36,50,False,0.3333333432674408,2,positive,positive,True,49,49,48,0,49,49,48,0,50,0,True,True
aligned,train,C3lDRFu1ZcI$_$1,C3lDRFu1ZcI,1,108,19,23,False,0.3333333432674408,2,positive,positive,True,22,22,21,0,19,19,18,0,50,0,True,True
aligned,train,C3lDRFu1ZcI$_$3,C3lDRFu1ZcI,3,88,14,17,False,0.6666666865348816,2,positive,positive,True,16,16,15,0,0,0,0,0,50,0,True,True
aligned,train,CBYQDIqucxE$_$0,CBYQDIqucxE,0,131,22,31,False,1.0,2,positive,positive,True,30,30,29,0,30,30,29,0,50,0,True,True
aligned,train,CE9yV4SearE$_$11,CE9yV4SearE,11,202,35,44,False,0.3333333432674408,2,positive,positive,True,43,43,42,0,43,43,42,0,50,0,True,True
aligned,train,CHh6hWo1AFE$_$2,CHh6hWo1AFE,2,78,11,15,False,-0.6666666865348816,0,negative,negative,True,14,14,13,0,14,14,13,0,50,0,True,True
aligned,train,CIqRibqChDQ$_$0,CIqRibqChDQ,0,147,33,40,False,-0.6666666865348816,0,negative,negative,True,39,39,38,0,39,39,38,0,50,0,True,True
aligned,train,CIqRibqChDQ$_$8,CIqRibqChDQ,8,90,18,30,False,0.0,1,neutral,neutral,True,29,29,28,0,29,29,28,0,50,0,True,True
aligned,train,CK31s0kfp-k$_$16,CK31s0kfp-k,16,102,19,27,False,0.6666666865348816,2,positive,positive,True,26,26,25,0,26,26,25,0,50,0,True,True
aligned,train,CL4hDu95Eqw$_$0,CL4hDu95Eqw,0,138,23,40,False,0.6666666865348816,2,positive,positive,True,39,39,38,0,39,39,38,0,50,0,True,True
aligned,train,CL4hDu95Eqw$_$3,CL4hDu95Eqw,3,62,12,16,False,2.6666667461395264,2,positive,positive,True,15,15,14,0,15,15,14,0,50,0,True,True
aligned,train,CLkTjujFVKU$_$12,CLkTjujFVKU,12,102,18,26,False,0.6666666865348816,2,positive,positive,True,25,25,24,0,25,25,24,0,50,0,True,True
aligned,train,CLkTjujFVKU$_$0,CLkTjujFVKU,0,178,32,50,False,1.0,2,positive,positive,True,49,49,48,0,49,49,48,0,50,0,True,True
aligned,train,CT7QOWbhfv4$_$3,CT7QOWbhfv4,3,199,33,41,False,2.0,2,positive,positive,True,40,40,39,0,40,40,39,0,50,0,True,True
aligned,train,CVx494kExvc$_$2,CVx494kExvc,2,182,26,35,False,0.6666666865348816,2,positive,positive,True,34,34,33,0,34,34,33,0,50,0,True,True
aligned,train,CVx494kExvc$_$6,CVx494kExvc,6,97,15,23,False,0.0,1,neutral,neutral,True,22,22,21,0,22,22,21,0,50,0,True,True
aligned,train,CVx494kExvc$_$15,CVx494kExvc,15,182,30,40,False,0.6666666865348816,2,positive,positive,True,39,39,38,0,39,39,38,0,50,0,True,True
aligned,train,CVx494kExvc$_$8,CVx494kExvc,8,99,17,26,False,0.6666666865348816,2,positive,positive,True,25,25,24,0,25,25,24,0,50,0,True,True
aligned,train,CXojk-oSaEw$_$2,CXojk-oSaEw,2,200,37,50,False,-0.6666666865348816,0,negative,negative,True,49,49,48,0,49,49,48,0,50,0,True,True
aligned,train,CZigX1ntOsI$_$3,CZigX1ntOsI,3,96,15,19,False,0.0,1,neutral,neutral,True,18,18,17,0,18,18,17,0,50,0,True,True
aligned,train,Cb8ay6WtJuM$_$1,Cb8ay6WtJuM,1,47,8,12,False,2.6666667461395264,2,positive,positive,True,11,11,10,0,0,0,0,0,50,0,True,True
aligned,train,Cb8ay6WtJuM$_$4,Cb8ay6WtJuM,4,35,7,9,False,1.6666666269302368,2,positive,positive,True,8,8,7,0,0,0,0,0,50,0,True,True
aligned,train,Cd0JH1AreDw$_$5,Cd0JH1AreDw,5,72,12,16,False,0.0,1,neutral,neutral,True,15,15,14,0,15,15,14,0,50,0,True,True
aligned,train,CdB8QBhFccs$_$1,CdB8QBhFccs,1,53,11,15,False,0.3333333432674408,2,positive,positive,True,14,14,13,0,14,14,13,0,50,0,True,True
aligned,train,CdB8QBhFccs$_$2,CdB8QBhFccs,2,78,15,22,False,-2.0,0,negative,negative,True,21,21,20,0,21,21,20,0,50,0,True,True
aligned,train,CdB8QBhFccs$_$4,CdB8QBhFccs,4,107,20,31,False,-1.0,0,negative,negative,True,30,30,29,0,30,30,29,0,50,0,True,True
aligned,train,Ceu9AkIjuLY$_$13,Ceu9AkIjuLY,13,127,14,20,False,-0.6666666865348816,0,negative,negative,True,19,19,18,0,19,19,18,0,50,0,True,True
aligned,train,Ceu9AkIjuLY$_$2,Ceu9AkIjuLY,2,140,23,32,False,0.3333333432674408,2,positive,positive,True,31,31,30,0,31,31,30,0,50,0,True,True
aligned,train,Ceu9AkIjuLY$_$4,Ceu9AkIjuLY,4,80,11,15,False,-0.6666666865348816,0,negative,negative,True,14,14,13,0,14,14,13,0,50,0,True,True
aligned,train,Ceu9AkIjuLY$_$8,Ceu9AkIjuLY,8,79,15,18,False,-1.0,0,negative,negative,True,17,17,16,0,17,17,16,0,50,0,True,True
aligned,train,Cj7R36s4dbM$_$10,Cj7R36s4dbM,10,47,11,16,False,0.6666666865348816,2,positive,positive,True,15,15,14,0,15,15,14,0,50,0,True,True
aligned,train,Ctc23Icfzvg$_$3,Ctc23Icfzvg,3,68,12,14,False,0.0,1,neutral,neutral,True,13,13,12,0,10,10,3,6,50,0,True,True
aligned,train,Ctc23Icfzvg$_$5,Ctc23Icfzvg,5,137,22,29,False,0.0,1,neutral,neutral,True,28,28,27,0,28,28,23,4,50,0,True,True
aligned,train,CvW0Mh1EWFA$_$3,CvW0Mh1EWFA,3,304,53,50,False,1.0,2,positive,positive,True,49,49,48,0,46,46,45,0,50,0,True,True
aligned,train,CzstrpOTtgo$_$4,CzstrpOTtgo,4,155,30,40,False,0.0,1,neutral,neutral,True,39,39,38,0,39,39,38,0,50,0,True,True
aligned,train,D5cQWqYcBAE$_$0,D5cQWqYcBAE,0,201,30,42,False,0.0,1,neutral,neutral,True,41,41,40,0,41,41,40,0,50,0,True,True
aligned,train,D5cQWqYcBAE$_$2,D5cQWqYcBAE,2,61,9,16,False,1.3333333730697632,2,positive,positive,True,15,15,14,0,15,15,14,0,50,0,True,True
aligned,train,DEFDuYyc-Xw$_$7,DEFDuYyc-Xw,7,61,9,14,False,-0.3333333432674408,0,negative,negative,True,13,13,12,0,13,13,12,0,50,0,True,True
aligned,train,DGeBPk1op3E$_$2,DGeBPk1op3E,2,55,9,11,False,0.0,1,neutral,neutral,True,10,10,9,0,10,10,9,0,50,0,True,True
aligned,train,DGeBPk1op3E$_$5,DGeBPk1op3E,5,128,23,32,False,2.0,2,positive,positive,True,31,31,30,0,31,31,13,17,50,0,True,True
aligned,train,DQ7QKE3hzVg$_$1,DQ7QKE3hzVg,1,127,24,27,False,0.3333333432674408,2,positive,positive,True,26,26,25,0,26,26,25,0,50,0,True,True
aligned,train,DXQGngge7vU$_$4,DXQGngge7vU,4,40,8,10,False,0.0,1,neutral,neutral,True,9,9,8,0,9,9,8,0,50,0,True,True
aligned,train,DZBpdzrMelA$_$3,DZBpdzrMelA,3,127,19,26,False,0.0,1,neutral,neutral,True,25,25,24,0,25,25,24,0,50,0,True,True
aligned,train,DZBpdzrMelA$_$5,DZBpdzrMelA,5,150,25,34,False,1.0,2,positive,positive,True,33,33,32,0,22,22,21,0,50,0,True,True
aligned,train,DZIFCYOhosQ$_$5,DZIFCYOhosQ,5,227,34,46,False,-0.3333333432674408,0,negative,negative,True,45,45,44,0,45,45,44,0,50,0,True,True
aligned,train,DZIFCYOhosQ$_$6,DZIFCYOhosQ,6,100,16,23,False,0.0,1,neutral,neutral,True,22,22,21,0,22,22,21,0,50,0,True,True
aligned,train,DaXkixKFEvE$_$4,DaXkixKFEvE,4,74,11,15,False,0.3333333432674408,2,positive,positive,True,14,14,13,0,14,14,13,0,50,0,True,True
aligned,train,DatH-ra0VKY$_$12,DatH-ra0VKY,12,222,39,50,False,1.0,2,positive,positive,True,49,49,48,0,49,49,48,0,50,0,True,True
aligned,train,DatH-ra0VKY$_$3,DatH-ra0VKY,3,229,39,50,False,0.6666666865348816,2,positive,positive,True,49,49,48,0,49,49,48,0,50,0,True,True
aligned,train,DatH-ra0VKY$_$4,DatH-ra0VKY,4,271,48,50,False,0.0,1,neutral,neutral,True,49,49,48,0,49,49,48,0,50,0,True,True
aligned,train,DbAppk7xT0Y$_$0,DbAppk7xT0Y,0,48,9,14,False,0.3333333432674408,2,positive,positive,True,13,13,12,0,0,0,0,0,50,0,True,True
aligned,train,DfTMoqwMHVE$_$0,DfTMoqwMHVE,0,189,30,38,False,0.3333333432674408,2,positive,positive,True,37,37,36,0,37,37,36,0,50,0,True,True
aligned,train,DhXBaBOB4E8$_$5,DhXBaBOB4E8,5,122,23,31,False,0.6666666865348816,2,positive,positive,True,30,30,29,0,30,30,29,0,50,0,True,True
aligned,train,DiOw-w5LDJ0$_$1,DiOw-w5LDJ0,1,145,29,34,False,1.0,2,positive,positive,True,33,33,32,0,33,33,32,0,50,0,True,True
aligned,train,DiOw-w5LDJ0$_$0,DiOw-w5LDJ0,0,149,31,38,False,1.0,2,positive,positive,True,37,37,36,0,37,37,36,0,50,0,True,True
aligned,train,Drhrzj1yhVs$_$8,Drhrzj1yhVs,8,152,29,32,False,0.0,1,neutral,neutral,True,31,31,30,0,31,31,30,0,50,0,True,True
aligned,train,Drhrzj1yhVs$_$5,Drhrzj1yhVs,5,100,17,26,False,1.0,2,positive,positive,True,25,25,24,0,25,25,24,0,50,0,True,True
aligned,train,Dws8ZrzF7xQ$_$7,Dws8ZrzF7xQ,7,114,19,24,False,0.3333333432674408,2,positive,positive,True,23,23,22,0,23,23,22,0,50,0,True,True
aligned,train,E0g6nae4Ae4$_$24,E0g6nae4Ae4,24,241,43,50,False,1.0,2,positive,positive,True,49,49,48,0,49,49,48,0,50,0,True,True
aligned,train,E0g6nae4Ae4$_$22,E0g6nae4Ae4,22,251,45,50,False,0.6666666865348816,2,positive,positive,True,49,49,48,0,49,49,48,0,50,0,True,True
aligned,train,E0g6nae4Ae4$_$23,E0g6nae4Ae4,23,138,24,40,False,1.3333333730697632,2,positive,positive,True,39,39,38,0,39,39,31,7,50,0,True,True
aligned,train,E0g6nae4Ae4$_$1,E0g6nae4Ae4,1,199,34,47,False,0.3333333432674408,2,positive,positive,True,46,46,45,0,46,46,45,0,50,0,True,True
aligned,train,E0g6nae4Ae4$_$4,E0g6nae4Ae4,4,45,8,11,False,1.3333333730697632,2,positive,positive,True,10,10,9,0,10,10,9,0,50,0,True,True
aligned,train,E0g6nae4Ae4$_$8,E0g6nae4Ae4,8,115,21,26,False,0.0,1,neutral,neutral,True,25,25,24,0,25,25,24,0,50,0,True,True
aligned,train,E0g6nae4Ae4$_$19,E0g6nae4Ae4,19,43,8,10,False,1.3333333730697632,2,positive,positive,True,9,9,8,0,8,8,7,0,50,0,True,True
aligned,train,E0g6nae4Ae4$_$33,E0g6nae4Ae4,33,118,24,29,False,1.0,2,positive,positive,True,28,28,27,0,28,28,27,0,50,0,True,True
aligned,train,E8L1Z71vKG8$_$3,E8L1Z71vKG8,3,98,17,25,False,0.0,1,neutral,neutral,True,24,24,23,0,24,24,23,0,50,0,True,True
aligned,train,EEUGfVTyTQM$_$1,EEUGfVTyTQM,1,218,39,43,False,1.3333333730697632,2,positive,positive,True,42,42,41,0,42,42,41,0,50,0,True,True
aligned,train,EHbZ2EeVags$_$1,EHbZ2EeVags,1,62,12,15,False,1.3333333730697632,2,positive,positive,True,14,14,13,0,14,14,13,0,50,0,True,True
aligned,train,EJT25p7JahU$_$7,EJT25p7JahU,7,152,28,35,False,-1.3333333730697632,0,negative,negative,True,34,34,33,0,34,34,33,0,50,0,True,True
aligned,train,EJT25p7JahU$_$6,EJT25p7JahU,6,85,14,18,False,0.3333333432674408,2,positive,positive,True,17,17,16,0,17,17,16,0,50,0,True,True
aligned,train,EO_SN04Xef0$_$2,EO_SN04Xef0,2,105,18,26,False,2.0,2,positive,positive,True,25,25,24,0,25,25,24,0,50,0,True,True
aligned,train,EOkdFMw0pmk$_$11,EOkdFMw0pmk,11,29,5,7,False,0.0,1,neutral,neutral,True,6,6,5,0,6,6,5,0,50,0,True,True
aligned,train,EOkdFMw0pmk$_$9,EOkdFMw0pmk,9,85,13,27,False,0.0,1,neutral,neutral,True,26,26,25,0,22,22,2,19,50,0,True,True
aligned,train,ERnYvxojeu0$_$1,ERnYvxojeu0,1,95,18,21,False,0.0,1,neutral,neutral,True,20,20,19,0,16,16,15,0,50,0,True,True
aligned,train,ERnYvxojeu0$_$2,ERnYvxojeu0,2,125,25,30,False,0.0,1,neutral,neutral,True,29,29,28,0,29,29,3,25,50,0,True,True
aligned,train,ERnYvxojeu0$_$4,ERnYvxojeu0,4,72,13,21,False,0.3333333432674408,2,positive,positive,True,20,20,19,0,20,20,19,0,50,0,True,True
aligned,train,EULEL3QhKD0$_$3,EULEL3QhKD0,3,85,15,19,False,0.3333333432674408,2,positive,positive,True,18,18,17,0,18,18,17,0,50,0,True,True
aligned,train,E_ocLuUw-1I$_$1,E_ocLuUw-1I,1,69,14,19,False,0.5,2,positive,positive,True,18,18,17,0,18,18,17,0,50,0,True,True
aligned,train,Ea_Huc2-lwo$_$2,Ea_Huc2-lwo,2,111,21,24,False,1.6666666269302368,2,positive,positive,True,23,23,22,0,23,23,22,0,50,0,True,True
aligned,train,Emi9cw9xa00$_$9,Emi9cw9xa00,9,101,18,23,False,-1.0,0,negative,negative,True,22,22,21,0,22,22,21,0,50,0,True,True
aligned,train,Emjv2cDzW1E$_$0,Emjv2cDzW1E,0,74,13,19,False,0.0,1,neutral,neutral,True,18,18,17,0,18,18,17,0,50,0,True,True
aligned,train,EoC83JhkCAw$_$10,EoC83JhkCAw,10,111,21,25,False,0.6666666865348816,2,positive,positive,True,24,24,23,0,0,0,0,0,50,0,True,True
aligned,train,EoC83JhkCAw$_$5,EoC83JhkCAw,5,77,13,16,False,1.3333333730697632,2,positive,positive,True,15,15,14,0,15,15,14,0,50,0,True,True
aligned,train,EoC83JhkCAw$_$4,EoC83JhkCAw,4,120,22,27,False,2.3333332538604736,2,positive,positive,True,26,26,25,0,23,23,12,10,50,0,True,True
aligned,train,EpadyoYlAjQ$_$0,EpadyoYlAjQ,0,24,4,7,False,0.3333333432674408,2,positive,positive,True,6,6,5,0,6,6,5,0,50,0,True,True
aligned,train,ExDLNkDVsxY$_$4,ExDLNkDVsxY,4,57,11,18,False,0.0,1,neutral,neutral,True,17,17,16,0,17,17,16,0,50,0,True,True
aligned,train,ExDLNkDVsxY$_$6,ExDLNkDVsxY,6,54,10,14,False,0.3333333432674408,2,positive,positive,True,13,13,12,0,13,13,9,3,50,0,True,True
aligned,train,F2M7WbPXRps$_$11,F2M7WbPXRps,11,118,22,28,False,0.3333333432674408,2,positive,positive,True,27,27,26,0,27,27,26,0,50,0,True,True
aligned,train,F2M7WbPXRps$_$12,F2M7WbPXRps,12,73,12,22,False,0.3333333432674408,2,positive,positive,True,21,21,20,0,21,21,20,0,50,0,True,True
aligned,train,F4OhXQTMOEc$_$3,F4OhXQTMOEc,3,78,14,18,False,-1.3333333730697632,0,negative,negative,True,17,17,16,0,17,17,16,0,50,0,True,True
aligned,train,F59hwsm4Ld0$_$23,F59hwsm4Ld0,23,45,9,15,False,0.6666666865348816,2,positive,positive,True,14,14,13,0,14,14,13,0,50,0,True,True
aligned,train,F59hwsm4Ld0$_$49,F59hwsm4Ld0,49,102,18,25,False,1.0,2,positive,positive,True,24,24,23,0,24,24,23,0,50,0,True,True
aligned,train,F59hwsm4Ld0$_$0,F59hwsm4Ld0,0,72,12,17,False,1.6666666269302368,2,positive,positive,True,16,16,15,0,16,16,15,0,50,0,True,True
aligned,train,F59hwsm4Ld0$_$7,F59hwsm4Ld0,7,31,6,10,False,1.0,2,positive,positive,True,9,9,8,0,9,9,8,0,50,0,True,True
aligned,train,F59hwsm4Ld0$_$6,F59hwsm4Ld0,6,34,5,8,False,1.3333333730697632,2,positive,positive,True,7,7,6,0,7,7,6,0,50,0,True,True
aligned,train,F59hwsm4Ld0$_$11,F59hwsm4Ld0,11,117,21,26,False,1.0,2,positive,positive,True,25,25,24,0,25,25,24,0,50,0,True,True
aligned,train,F59hwsm4Ld0$_$14,F59hwsm4Ld0,14,189,36,41,False,-0.6666666865348816,0,negative,negative,True,40,40,39,0,40,40,39,0,50,0,True,True
aligned,train,F59hwsm4Ld0$_$17,F59hwsm4Ld0,17,39,8,13,False,1.3333333730697632,2,positive,positive,True,12,12,11,0,12,12,11,0,50,0,True,True
aligned,train,F59hwsm4Ld0$_$16,F59hwsm4Ld0,16,18,4,6,False,0.0,1,neutral,neutral,True,5,5,4,0,5,5,4,0,50,0,True,True
aligned,train,F59hwsm4Ld0$_$36,F59hwsm4Ld0,36,103,22,24,False,1.0,2,positive,positive,True,23,23,22,0,23,23,22,0,50,0,True,True
aligned,train,F5SGdvSRJmo$_$10,F5SGdvSRJmo,10,29,5,11,False,1.0,2,positive,positive,True,10,10,9,0,10,10,9,0,50,0,True,True
aligned,train,F5SGdvSRJmo$_$3,F5SGdvSRJmo,3,36,6,11,False,1.3333333730697632,2,positive,positive,True,10,10,9,0,10,10,9,0,50,0,True,True
aligned,train,F5SGdvSRJmo$_$7,F5SGdvSRJmo,7,68,13,17,False,2.0,2,positive,positive,True,16,16,15,0,16,16,15,0,50,0,True,True
aligned,train,F6Ci45lP5aA$_$0,F6Ci45lP5aA,0,71,14,17,False,0.6666666865348816,2,positive,positive,True,16,16,15,0,16,16,15,0,50,0,True,True
aligned,train,F8KE2ZhoUe4$_$16,F8KE2ZhoUe4,16,116,16,23,False,0.3333333432674408,2,positive,positive,True,22,22,21,0,22,22,21,0,50,0,True,True
aligned,train,F8KE2ZhoUe4$_$19,F8KE2ZhoUe4,19,115,19,22,False,1.0,2,positive,positive,True,21,21,20,0,21,21,20,0,50,0,True,True
aligned,train,F8KE2ZhoUe4$_$4,F8KE2ZhoUe4,4,170,34,37,False,0.3333333432674408,2,positive,positive,True,36,36,35,0,36,36,35,0,50,0,True,True
aligned,train,F8KE2ZhoUe4$_$20,F8KE2ZhoUe4,20,135,22,25,False,1.0,2,positive,positive,True,24,24,23,0,24,24,23,0,50,0,True,True
aligned,train,FHlzZ2VxuGQ$_$13,FHlzZ2VxuGQ,13,106,23,27,False,-0.6666666865348816,0,negative,negative,True,26,26,25,0,26,26,25,0,50,0,True,True
aligned,train,FHlzZ2VxuGQ$_$7,FHlzZ2VxuGQ,7,114,23,30,False,0.3333333432674408,2,positive,positive,True,29,29,28,0,29,29,28,0,50,0,True,True
aligned,train,FHlzZ2VxuGQ$_$9,FHlzZ2VxuGQ,9,83,19,22,False,1.0,2,positive,positive,True,21,21,20,0,21,21,20,0,50,0,True,True
aligned,train,FLyWn2DCci4$_$1,FLyWn2DCci4,1,114,24,32,False,0.3333333432674408,2,positive,positive,True,31,31,30,0,31,31,30,0,50,0,True,True
aligned,train,FLyWn2DCci4$_$3,FLyWn2DCci4,3,31,7,9,False,0.0,1,neutral,neutral,True,8,8,7,0,8,8,7,0,50,0,True,True
aligned,train,FMW6diQ9rMo$_$4,FMW6diQ9rMo,4,39,8,17,False,-0.3333333432674408,0,negative,negative,True,16,16,15,0,16,16,15,0,50,0,True,True
aligned,train,FMW6diQ9rMo$_$8,FMW6diQ9rMo,8,68,12,23,False,-0.3333333432674408,0,negative,negative,True,22,22,21,0,15,15,14,0,50,0,True,True
aligned,train,FOMXt3lStco$_$1,FOMXt3lStco,1,171,31,44,False,0.3333333432674408,2,positive,positive,True,43,43,42,0,43,43,42,0,50,0,True,True
aligned,train,FR0B64ID-hA$_$5,FR0B64ID-hA,5,64,12,20,False,-0.6666666865348816,0,negative,negative,True,19,19,18,0,19,19,18,0,50,0,True,True
aligned,train,FRKwvmrwrZA$_$24,FRKwvmrwrZA,24,62,13,17,False,0.3333333432674408,2,positive,positive,True,16,16,15,0,16,16,15,0,50,0,True,True
aligned,train,FRKwvmrwrZA$_$22,FRKwvmrwrZA,22,61,12,20,False,-0.3333333432674408,0,negative,negative,True,19,19,18,0,19,19,18,0,50,0,True,True
aligned,train,FX-YgVKC1AI$_$5,FX-YgVKC1AI,5,100,18,23,False,0.6666666865348816,2,positive,positive,True,22,22,21,0,22,22,21,0,50,0,True,True
aligned,train,FX-YgVKC1AI$_$7,FX-YgVKC1AI,7,208,39,47,False,1.3333333730697632,2,positive,positive,True,46,46,45,0,46,46,45,0,50,0,True,True
aligned,train,FaHosBIr0xY$_$3,FaHosBIr0xY,3,88,18,24,False,0.6666666865348816,2,positive,positive,True,23,23,22,0,23,23,22,0,50,0,True,True
aligned,train,FdTczBnXtYU$_$3,FdTczBnXtYU,3,109,22,25,False,1.3333333730697632,2,positive,positive,True,24,24,23,0,24,24,23,0,50,0,True,True
aligned,train,FmIS69vB12I$_$13,FmIS69vB12I,13,89,17,19,False,0.3333333432674408,2,positive,positive,True,18,18,17,0,0,0,0,0,50,0,True,True
aligned,train,FmIS69vB12I$_$0,FmIS69vB12I,0,62,13,18,False,1.0,2,positive,positive,True,17,17,16,0,14,14,1,12,50,0,True,True
aligned,train,FmIS69vB12I$_$3,FmIS69vB12I,3,65,13,18,False,0.3333333432674408,2,positive,positive,True,17,17,16,0,17,17,16,0,50,0,True,True
aligned,train,FmIS69vB12I$_$2,FmIS69vB12I,2,28,6,10,False,0.0,1,neutral,neutral,True,9,9,8,0,9,9,8,0,50,0,True,True
aligned,train,FmIS69vB12I$_$7,FmIS69vB12I,7,37,7,11,False,-0.6666666865348816,0,negative,negative,True,10,10,9,0,10,10,9,0,50,0,True,True
aligned,train,Fmwc7wkIc4Q$_$10,Fmwc7wkIc4Q,10,50,8,10,False,0.0,1,neutral,neutral,True,9,9,8,0,9,9,8,0,50,0,True,True
aligned,train,Fmwc7wkIc4Q$_$13,Fmwc7wkIc4Q,13,100,18,22,False,0.3333333432674408,2,positive,positive,True,21,21,20,0,21,21,20,0,50,0,True,True
aligned,train,Fmwc7wkIc4Q$_$14,Fmwc7wkIc4Q,14,103,18,21,False,0.0,1,neutral,neutral,True,20,20,19,0,20,20,19,0,50,0,True,True
aligned,train,FphtHpVV-7w$_$0,FphtHpVV-7w,0,68,10,15,False,-1.0,0,negative,negative,True,14,14,13,0,14,14,13,0,50,0,True,True
aligned,train,FphtHpVV-7w$_$3,FphtHpVV-7w,3,207,45,50,False,0.6666666865348816,2,positive,positive,True,49,49,48,0,49,49,48,0,50,0,True,True
aligned,train,FsmNLTdE2p0$_$0,FsmNLTdE2p0,0,74,12,20,False,0.3333333432674408,2,positive,positive,True,19,19,18,0,19,19,18,0,50,0,True,True
aligned,train,FvoZgWvc3gc$_$11,FvoZgWvc3gc,11,73,14,20,False,0.6666666865348816,2,positive,positive,True,19,19,18,0,19,19,18,0,50,0,True,True
aligned,train,FylhSeozvG8$_$3,FylhSeozvG8,3,93,18,22,False,1.0,2,positive,positive,True,21,21,20,0,21,21,1,19,50,0,True,True
aligned,train,FylhSeozvG8$_$2,FylhSeozvG8,2,60,14,17,False,-0.3333333432674408,0,negative,negative,True,16,16,15,0,16,16,5,10,50,0,True,True
aligned,train,FylhSeozvG8$_$5,FylhSeozvG8,5,73,14,20,False,0.6666666865348816,2,positive,positive,True,19,19,18,0,0,0,0,0,50,0,True,True
aligned,train,FylhSeozvG8$_$6,FylhSeozvG8,6,23,6,11,False,-1.3333333730697632,0,negative,negative,True,10,10,9,0,0,0,0,0,50,0,True,True
aligned,train,G1Z_JUTgZqo$_$0,G1Z_JUTgZqo,0,107,17,26,False,0.0,1,neutral,neutral,True,25,25,24,0,25,25,24,0,50,0,True,True
aligned,train,G1Z_JUTgZqo$_$3,G1Z_JUTgZqo,3,118,21,27,False,0.0,1,neutral,neutral,True,26,26,25,0,26,26,25,0,50,0,True,True
aligned,train,G1Z_JUTgZqo$_$2,G1Z_JUTgZqo,2,113,22,26,False,0.3333333432674408,2,positive,positive,True,25,25,24,0,25,25,24,0,50,0,True,True
aligned,train,G38DwNDQ8Cc$_$26,G38DwNDQ8Cc,26,167,29,36,False,-0.6666666865348816,0,negative,negative,True,35,35,34,0,35,35,34,0,50,0,True,True
aligned,train,G38DwNDQ8Cc$_$1,G38DwNDQ8Cc,1,151,30,37,False,-1.6666666269302368,0,negative,negative,True,36,36,35,0,36,36,35,0,50,0,True,True
aligned,train,G38DwNDQ8Cc$_$0,G38DwNDQ8Cc,0,62,12,16,False,0.0,1,neutral,neutral,True,15,15,14,0,15,15,14,0,50,0,True,True
aligned,train,G38DwNDQ8Cc$_$2,G38DwNDQ8Cc,2,158,28,34,False,-1.0,0,negative,negative,True,33,33,32,0,33,33,32,0,50,0,True,True
aligned,train,G38DwNDQ8Cc$_$5,G38DwNDQ8Cc,5,124,23,28,False,-0.3333333432674408,0,negative,negative,True,27,27,26,0,27,27,26,0,50,0,True,True
aligned,train,G4HMKRdIva0$_$10,G4HMKRdIva0,10,186,39,45,False,-0.3333333432674408,0,negative,negative,True,44,44,43,0,44,44,43,0,50,0,True,True
aligned,train,G4HMKRdIva0$_$18,G4HMKRdIva0,18,163,34,40,False,-0.3333333432674408,0,negative,negative,True,39,39,38,0,39,39,38,0,50,0,True,True
aligned,train,G4HMKRdIva0$_$15,G4HMKRdIva0,15,74,16,19,False,1.0,2,positive,positive,True,18,18,17,0,18,18,17,0,50,0,True,True
aligned,train,G8p4QMjLUXI$_$7,G8p4QMjLUXI,7,66,12,15,False,0.3333333432674408,2,positive,positive,True,14,14,13,0,14,14,10,3,50,0,True,True
aligned,train,G8p4QMjLUXI$_$9,G8p4QMjLUXI,9,95,16,27,False,2.6666667461395264,2,positive,positive,True,26,26,25,0,26,26,21,4,50,0,True,True
aligned,train,GAY5ICoVnA8$_$12,GAY5ICoVnA8,12,190,31,37,False,1.0,2,positive,positive,True,36,36,35,0,36,36,35,0,50,0,True,True
aligned,train,GAY5ICoVnA8$_$3,GAY5ICoVnA8,3,212,39,47,False,0.6666666865348816,2,positive,positive,True,46,46,45,0,46,46,45,0,50,0,True,True
aligned,train,GAY5ICoVnA8$_$5,GAY5ICoVnA8,5,186,35,42,False,1.0,2,positive,positive,True,41,41,40,0,41,41,40,0,50,0,True,True
aligned,train,GCOFujDHDx0$_$10,GCOFujDHDx0,10,71,11,16,False,0.0,1,neutral,neutral,True,15,15,14,0,15,15,14,0,50,0,True,True
aligned,train,GCOFujDHDx0$_$2,GCOFujDHDx0,2,105,19,23,False,0.3333333432674408,2,positive,positive,True,22,22,21,0,22,22,21,0,50,0,True,True
aligned,train,GCOFujDHDx0$_$5,GCOFujDHDx0,5,112,20,27,False,-0.3333333432674408,0,negative,negative,True,26,26,25,0,26,26,25,0,50,0,True,True
aligned,train,GCOFujDHDx0$_$9,GCOFujDHDx0,9,88,17,22,False,0.3333333432674408,2,positive,positive,True,21,21,20,0,21,21,20,0,50,0,True,True
aligned,train,GICVzJMDfv0$_$1,GICVzJMDfv0,1,109,13,20,False,1.0,2,positive,positive,True,19,19,18,0,19,19,18,0,50,0,True,True
aligned,train,GJyzeK-Cn-0$_$6,GJyzeK-Cn-0,6,219,45,50,False,0.6666666865348816,2,positive,positive,True,49,49,48,0,49,49,48,0,50,0,True,True
aligned,train,GMnoxaqqReQ$_$1,GMnoxaqqReQ,1,114,21,25,False,0.0,1,neutral,neutral,True,24,24,23,0,24,24,23,0,50,0,True,True
aligned,train,GOj7TBcEA8E$_$3,GOj7TBcEA8E,3,61,11,15,False,1.3333333730697632,2,positive,positive,True,14,14,13,0,14,14,13,0,50,0,True,True
aligned,train,GOj7TBcEA8E$_$4,GOj7TBcEA8E,4,145,23,29,False,0.0,1,neutral,neutral,True,28,28,27,0,28,28,27,0,50,0,True,True
aligned,train,GOj7TBcEA8E$_$8,GOj7TBcEA8E,8,240,40,46,False,1.0,2,positive,positive,True,45,45,44,0,45,45,44,0,50,0,True,True
aligned,train,GRFXnnrQaB4$_$0,GRFXnnrQaB4,0,61,12,16,False,-0.6666666865348816,0,negative,negative,True,15,15,14,0,0,0,0,0,50,0,True,True
aligned,train,GSnt_fW8qjI$_$4,GSnt_fW8qjI,4,599,104,50,False,0.6666666865348816,2,positive,positive,True,49,49,48,0,47,47,46,0,50,0,True,True
aligned,train,GTGtVdAuyRc$_$10,GTGtVdAuyRc,10,91,15,19,False,0.3333333432674408,2,positive,positive,True,18,18,17,0,18,18,17,0,50,0,True,True
aligned,train,GTGtVdAuyRc$_$0,GTGtVdAuyRc,0,93,16,21,False,0.3333333432674408,2,positive,positive,True,20,20,19,0,20,20,18,1,50,0,True,True
aligned,train,GTGtVdAuyRc$_$5,GTGtVdAuyRc,5,19,6,8,False,1.6666666269302368,2,positive,positive,True,7,7,6,0,7,7,6,0,50,0,True,True
aligned,train,GUffC7vu9zA$_$26,GUffC7vu9zA,26,59,11,14,False,0.3333333432674408,2,positive,positive,True,13,13,12,0,13,13,12,0,50,0,True,True
aligned,train,GUffC7vu9zA$_$37,GUffC7vu9zA,37,86,15,19,False,0.6666666865348816,2,positive,positive,True,18,18,17,0,18,18,17,0,50,0,True,True
aligned,train,GUffC7vu9zA$_$43,GUffC7vu9zA,43,65,10,14,False,1.0,2,positive,positive,True,13,13,12,0,13,13,12,0,50,0,True,True
aligned,train,GUffC7vu9zA$_$41,GUffC7vu9zA,41,59,11,16,False,0.0,1,neutral,neutral,True,15,15,14,0,15,15,14,0,50,0,True,True
aligned,train,G_M3lYn6hAA$_$5,G_M3lYn6hAA,5,83,19,23,False,2.3333332538604736,2,positive,positive,True,22,22,21,0,22,22,21,0,50,0,True,True
aligned,train,GcfETVXgtg0$_$3,GcfETVXgtg0,3,108,21,27,False,0.6666666865348816,2,positive,positive,True,26,26,25,0,26,26,25,0,50,0,True,True
aligned,train,Gg9ZcRlwnbc$_$14,Gg9ZcRlwnbc,14,127,23,31,False,0.6666666865348816,2,positive,positive,True,30,30,29,0,30,30,29,0,50,0,True,True
aligned,train,Gg9ZcRlwnbc$_$16,Gg9ZcRlwnbc,16,81,13,17,False,0.0,1,neutral,neutral,True,16,16,15,0,16,16,15,0,50,0,True,True
aligned,train,GkoBk5K-FH0$_$21,GkoBk5K-FH0,21,301,52,50,False,1.6666666269302368,2,positive,positive,True,49,49,48,0,49,49,48,0,50,0,True,True
aligned,train,Gljee9uq_Rc$_$11,Gljee9uq_Rc,11,195,34,42,False,-0.3333333432674408,0,negative,negative,True,41,41,40,0,41,41,40,0,50,0,True,True
aligned,train,Gljee9uq_Rc$_$12,Gljee9uq_Rc,12,91,19,28,False,-0.3333333432674408,0,negative,negative,True,27,27,26,0,27,27,26,0,50,0,True,True
aligned,train,Gljee9uq_Rc$_$16,Gljee9uq_Rc,16,70,14,19,False,-1.6666666269302368,0,negative,negative,True,18,18,17,0,18,18,17,0,50,0,True,True
aligned,train,Gljee9uq_Rc$_$6,Gljee9uq_Rc,6,137,26,30,False,0.0,1,neutral,neutral,True,29,29,28,0,29,29,28,0,50,0,True,True
aligned,train,Gmhi58erY6k$_$0,Gmhi58erY6k,0,88,14,17,False,0.0,1,neutral,neutral,True,16,16,15,0,3,3,2,0,50,0,True,True
aligned,train,GpRDC-S88dM$_$25,GpRDC-S88dM,25,123,25,29,False,1.3333333730697632,2,positive,positive,True,28,28,27,0,28,28,27,0,50,0,True,True
aligned,train,GpRDC-S88dM$_$1,GpRDC-S88dM,1,49,11,15,False,0.6666666865348816,2,positive,positive,True,14,14,13,0,14,14,13,0,50,0,True,True
aligned,train,GpRDC-S88dM$_$18,GpRDC-S88dM,18,41,9,13,False,1.0,2,positive,positive,True,12,12,11,0,12,12,11,0,50,0,True,True
aligned,train,GtRxTvuF6J0$_$7,GtRxTvuF6J0,7,139,18,34,False,1.3333333730697632,2,positive,positive,True,33,33,32,0,33,33,32,0,50,0,True,True
aligned,train,Gv0kKbfwPpI$_$2,Gv0kKbfwPpI,2,92,14,21,False,0.0,1,neutral,neutral,True,20,20,19,0,8,8,2,5,50,0,True,True
aligned,train,H-AJ-grXvgQ$_$0,H-AJ-grXvgQ,0,87,13,19,False,0.6666666865348816,2,positive,positive,True,18,18,17,0,18,18,17,0,50,0,True,True
aligned,train,H26MMmrHTlQ$_$7,H26MMmrHTlQ,7,50,8,10,False,0.0,1,neutral,neutral,True,9,9,8,0,0,0,0,0,50,0,True,True
aligned,train,H26MMmrHTlQ$_$8,H26MMmrHTlQ,8,82,13,15,False,0.6666666865348816,2,positive,positive,True,14,14,13,0,14,14,13,0,50,0,True,True
aligned,train,H4RysMUSQD8$_$7,H4RysMUSQD8,7,65,13,21,False,0.0,1,neutral,neutral,True,20,20,19,0,20,20,19,0,50,0,True,True
aligned,train,H4w9mU8B3Mc$_$7,H4w9mU8B3Mc,7,130,17,30,False,0.6666666865348816,2,positive,positive,True,29,29,28,0,29,29,28,0,50,0,True,True
aligned,train,HByf7qiO-Kg$_$3,HByf7qiO-Kg,3,30,6,8,False,0.6666666865348816,2,positive,positive,True,7,7,6,0,7,7,6,0,50,0,True,True
aligned,train,HIsJqphLCyw$_$1,HIsJqphLCyw,1,81,16,20,False,0.0,1,neutral,neutral,True,19,19,18,0,19,19,18,0,50,0,True,True
aligned,train,HLFaW4oVP9E$_$13,HLFaW4oVP9E,13,87,19,28,False,0.0,1,neutral,neutral,True,27,27,26,0,27,27,26,0,50,0,True,True
aligned,train,HOCsiS0pmf0$_$2,HOCsiS0pmf0,2,246,44,50,False,0.6666666865348816,2,positive,positive,True,49,49,48,0,49,49,48,0,50,0,True,True
aligned,train,HQ2LwfRcrVc$_$11,HQ2LwfRcrVc,11,149,28,35,False,2.3333332538604736,2,positive,positive,True,34,34,33,0,34,34,33,0,50,0,True,True
aligned,train,HQ2LwfRcrVc$_$8,HQ2LwfRcrVc,8,65,10,13,False,1.0,2,positive,positive,True,12,12,11,0,12,12,11,0,50,0,True,True
aligned,train,HUH9BXVmAig$_$2,HUH9BXVmAig,2,157,33,39,False,0.6666666865348816,2,positive,positive,True,38,38,37,0,38,38,37,0,50,0,True,True
aligned,train,HUOMbK1x7MI$_$6,HUOMbK1x7MI,6,47,9,12,False,0.6666666865348816,2,positive,positive,True,11,11,10,0,11,11,10,0,50,0,True,True
aligned,train,HVksxaUzv9Y$_$5,HVksxaUzv9Y,5,143,25,29,False,0.0,1,neutral,neutral,True,28,28,27,0,28,28,27,0,50,0,True,True
aligned,train,HXuRR2eBHHQ$_$2,HXuRR2eBHHQ,2,135,25,34,False,3.0,2,positive,positive,True,33,33,32,0,33,33,27,5,50,0,True,True
aligned,train,Ha7DMd_iKyM$_$3,Ha7DMd_iKyM,3,143,26,30,False,0.3333333432674408,2,positive,positive,True,29,29,28,0,29,29,28,0,50,0,True,True
aligned,train,Ha7DMd_iKyM$_$4,Ha7DMd_iKyM,4,70,10,15,False,0.0,1,neutral,neutral,True,14,14,13,0,14,14,13,0,50,0,True,True
aligned,train,HgDdU_RB9UA$_$10,HgDdU_RB9UA,10,254,47,50,False,0.3333333432674408,2,positive,positive,True,49,49,48,0,49,49,39,9,50,0,True,True
aligned,train,HgDdU_RB9UA$_$7,HgDdU_RB9UA,7,120,20,24,False,0.3333333432674408,2,positive,positive,True,23,23,22,0,23,23,22,0,50,0,True,True
aligned,train,HhpziYYP2Vg$_$16,HhpziYYP2Vg,16,124,24,28,False,1.0,2,positive,positive,True,27,27,26,0,27,27,26,0,50,0,True,True
aligned,train,Hkt_kncJGVM$_$2,Hkt_kncJGVM,2,68,15,23,False,0.6666666865348816,2,positive,positive,True,22,22,21,0,22,22,21,0,50,0,True,True
aligned,train,I--8nRKCkJI$_$4,I--8nRKCkJI,4,284,43,50,False,1.0,2,positive,positive,True,49,49,48,0,49,49,48,0,50,0,True,True
aligned,train,I--8nRKCkJI$_$7,I--8nRKCkJI,7,245,42,47,False,1.3333333730697632,2,positive,positive,True,46,46,45,0,46,46,45,0,50,0,True,True
aligned,train,I3SPlbTGuNc$_$5,I3SPlbTGuNc,5,184,35,37,False,2.3333332538604736,2,positive,positive,True,36,36,35,0,36,36,35,0,50,0,True,True
aligned,train,I5cS_TlV5B8$_$2,I5cS_TlV5B8,2,75,15,18,False,1.6666666269302368,2,positive,positive,True,17,17,16,0,17,17,16,0,50,0,True,True
aligned,train,IB0lGIxP8YY$_$11,IB0lGIxP8YY,11,66,13,20,False,-0.6666666865348816,0,negative,negative,True,19,19,18,0,19,19,18,0,50,0,True,True
aligned,train,IB0lGIxP8YY$_$5,IB0lGIxP8YY,5,76,12,16,False,-0.6666666865348816,0,negative,negative,True,15,15,14,0,15,15,14,0,50,0,True,True
aligned,train,IB0lGIxP8YY$_$8,IB0lGIxP8YY,8,209,38,45,False,0.0,1,neutral,neutral,True,44,44,43,0,44,44,43,0,50,0,True,True
aligned,train,ICeSewdyf34$_$5,ICeSewdyf34,5,212,28,36,False,1.6666666269302368,2,positive,positive,True,35,35,34,0,35,35,34,0,50,0,True,True
aligned,train,ITQTVfk9Iqo$_$5,ITQTVfk9Iqo,5,114,22,26,False,-0.3333333432674408,0,negative,negative,True,25,25,24,0,25,25,24,0,50,0,True,True
aligned,train,IW7IssCKgmI$_$9,IW7IssCKgmI,9,70,13,19,False,0.6666666865348816,2,positive,positive,True,18,18,17,0,18,18,17,0,50,0,True,True
aligned,train,I_r2CP56toU$_$6,I_r2CP56toU,6,92,19,24,False,0.3333333432674408,2,positive,positive,True,23,23,22,0,23,23,18,4,50,0,True,True
aligned,train,IawsOlEKRf0$_$11,IawsOlEKRf0,11,136,29,40,False,-0.6666666865348816,0,negative,negative,True,39,39,38,0,39,39,38,0,50,0,True,True
aligned,train,IawsOlEKRf0$_$26,IawsOlEKRf0,26,123,23,32,False,-0.6666666865348816,0,negative,negative,True,31,31,30,0,31,31,30,0,50,0,True,True
aligned,train,IawsOlEKRf0$_$28,IawsOlEKRf0,28,86,16,23,False,1.6666666269302368,2,positive,positive,True,22,22,21,0,22,22,21,0,50,0,True,True
aligned,train,IawsOlEKRf0$_$3,IawsOlEKRf0,3,87,16,21,False,1.3333333730697632,2,positive,positive,True,20,20,19,0,20,20,19,0,50,0,True,True
aligned,train,IawsOlEKRf0$_$5,IawsOlEKRf0,5,71,14,18,False,1.0,2,positive,positive,True,17,17,16,0,17,17,15,1,50,0,True,True
aligned,train,IkvL4IAiZog$_$8,IkvL4IAiZog,8,142,26,30,False,0.3333333432674408,2,positive,positive,True,29,29,28,0,29,29,28,0,50,0,True,True
aligned,train,IlgnbEdOhmI$_$9,IlgnbEdOhmI,9,231,41,50,False,0.6666666865348816,2,positive,positive,True,49,49,48,0,49,49,48,0,50,0,True,True
aligned,train,IlgnbEdOhmI$_$1,IlgnbEdOhmI,1,63,11,14,False,1.3333333730697632,2,positive,positive,True,13,13,12,0,13,13,12,0,50,0,True,True
aligned,train,IsAtAzltJNM$_$6,IsAtAzltJNM,6,33,8,10,False,1.0,2,positive,positive,True,9,9,8,0,9,9,8,0,50,0,True,True
aligned,train,IsAtAzltJNM$_$8,IsAtAzltJNM,8,84,17,27,False,0.3333333432674408,2,positive,positive,True,26,26,25,0,26,26,25,0,50,0,True,True
aligned,train,Itqbc2TBXWY$_$26,Itqbc2TBXWY,26,133,26,31,False,2.6666667461395264,2,positive,positive,True,30,30,29,0,30,30,29,0,50,0,True,True
aligned,train,Itqbc2TBXWY$_$23,Itqbc2TBXWY,23,43,10,15,False,0.6666666865348816,2,positive,positive,True,14,14,13,0,14,14,13,0,50,0,True,True
aligned,train,Itqbc2TBXWY$_$1,Itqbc2TBXWY,1,181,29,36,False,0.6666666865348816,2,positive,positive,True,35,35,34,0,35,35,34,0,50,0,True,True
aligned,train,Itqbc2TBXWY$_$0,Itqbc2TBXWY,0,143,32,40,False,0.0,1,neutral,neutral,True,39,39,38,0,39,39,38,0,50,0,True,True
aligned,train,Itqbc2TBXWY$_$6,Itqbc2TBXWY,6,67,10,17,False,0.3333333432674408,2,positive,positive,True,16,16,15,0,16,16,15,0,50,0,True,True
aligned,train,Itqbc2TBXWY$_$13,Itqbc2TBXWY,13,282,47,50,False,0.3333333432674408,2,positive,positive,True,49,49,48,0,49,49,48,0,50,0,True,True
aligned,train,Itqbc2TBXWY$_$18,Itqbc2TBXWY,18,90,19,25,False,1.0,2,positive,positive,True,24,24,23,0,24,24,23,0,50,0,True,True
aligned,train,IwQWibE8EOM$_$3,IwQWibE8EOM,3,298,52,50,False,1.6666666269302368,2,positive,positive,True,49,49,48,0,49,49,48,0,50,0,True,True
aligned,train,Iz_PDdyXr-8$_$3,Iz_PDdyXr-8,3,125,18,27,False,0.0,1,neutral,neutral,True,26,26,25,0,26,26,25,0,50,0,True,True
aligned,train,J3-NEG8uoiE$_$11,J3-NEG8uoiE,11,63,12,15,False,0.6666666865348816,2,positive,positive,True,14,14,13,0,14,14,13,0,50,0,True,True
aligned,train,J3-NEG8uoiE$_$1,J3-NEG8uoiE,1,95,20,27,False,1.6666666269302368,2,positive,positive,True,26,26,25,0,26,26,25,0,50,0,True,True
aligned,train,J3-NEG8uoiE$_$3,J3-NEG8uoiE,3,177,34,48,False,1.0,2,positive,positive,True,47,47,46,0,47,47,46,0,50,0,True,True
aligned,train,J3JU1zBQ4RM$_$2,J3JU1zBQ4RM,2,103,20,22,False,1.3333333730697632,2,positive,positive,True,21,21,20,0,21,21,20,0,50,0,True,True
aligned,train,J7UduuBfnrE$_$4,J7UduuBfnrE,4,73,15,19,False,0.0,1,neutral,neutral,True,18,18,17,0,18,18,17,0,50,0,True,True
aligned,train,J7UduuBfnrE$_$7,J7UduuBfnrE,7,48,10,15,False,-0.6666666865348816,0,negative,negative,True,14,14,13,0,14,14,13,0,50,0,True,True
aligned,train,J7UduuBfnrE$_$6,J7UduuBfnrE,6,77,13,19,False,-1.3333333730697632,0,negative,negative,True,18,18,17,0,18,18,17,0,50,0,True,True
aligned,train,J7UduuBfnrE$_$8,J7UduuBfnrE,8,39,7,10,False,1.0,2,positive,positive,True,9,9,8,0,9,9,8,0,50,0,True,True
aligned,train,JAbFsRxxnFo$_$0,JAbFsRxxnFo,0,83,15,22,False,1.0,2,positive,positive,True,21,21,20,0,21,21,20,0,50,0,True,True
aligned,train,JCg26b8EO48$_$4,JCg26b8EO48,4,114,22,26,False,0.6666666865348816,2,positive,positive,True,25,25,24,0,25,25,24,0,50,0,True,True
aligned,train,JCg26b8EO48$_$6,JCg26b8EO48,6,96,18,22,False,2.0,2,positive,positive,True,21,21,20,0,21,21,20,0,50,0,True,True
aligned,train,JDgqyOkzXHw$_$0,JDgqyOkzXHw,0,63,11,13,False,1.3333333730697632,2,positive,positive,True,12,12,11,0,12,12,11,0,50,0,True,True
aligned,train,JDgqyOkzXHw$_$7,JDgqyOkzXHw,7,337,69,50,False,0.6666666865348816,2,positive,positive,True,49,49,48,0,49,49,48,0,50,0,True,True
aligned,train,JDgqyOkzXHw$_$9,JDgqyOkzXHw,9,98,19,21,False,0.6666666865348816,2,positive,positive,True,20,20,19,0,20,20,19,0,50,0,True,True
aligned,train,JF-5nlUNx_g$_$20,JF-5nlUNx_g,20,62,15,17,False,1.3333333730697632,2,positive,positive,True,16,16,15,0,16,16,15,0,50,0,True,True
aligned,train,JF-5nlUNx_g$_$21,JF-5nlUNx_g,21,238,47,50,False,2.3333332538604736,2,positive,positive,True,49,49,48,0,49,49,48,0,50,0,True,True
aligned,train,JF-5nlUNx_g$_$2,JF-5nlUNx_g,2,42,9,11,False,1.0,2,positive,positive,True,10,10,9,0,10,10,9,0,50,0,True,True
aligned,train,JF-5nlUNx_g$_$5,JF-5nlUNx_g,5,53,11,15,False,0.3333333432674408,2,positive,positive,True,14,14,13,0,14,14,13,0,50,0,True,True
aligned,train,JF-5nlUNx_g$_$13,JF-5nlUNx_g,13,118,21,33,False,0.3333333432674408,2,positive,positive,True,32,32,31,0,32,32,31,0,50,0,True,True
aligned,train,JF-5nlUNx_g$_$16,JF-5nlUNx_g,16,182,37,47,False,0.3333333432674408,2,positive,positive,True,46,46,45,0,46,46,45,0,50,0,True,True
aligned,train,JF-5nlUNx_g$_$18,JF-5nlUNx_g,18,62,10,15,False,1.0,2,positive,positive,True,14,14,13,0,14,14,13,0,50,0,True,True
aligned,train,JGEEA_JVriE$_$0,JGEEA_JVriE,0,460,90,50,False,1.0,2,positive,positive,True,49,49,48,0,49,49,48,0,50,0,True,True
aligned,train,JHW3nD6flgU$_$4,JHW3nD6flgU,4,115,23,27,False,2.0,2,positive,positive,True,26,26,25,0,26,26,25,0,50,0,True,True
aligned,train,JHW3nD6flgU$_$8,JHW3nD6flgU,8,38,6,8,False,1.0,2,positive,positive,True,7,7,6,0,7,7,6,0,50,0,True,True
aligned,train,JLqBVj6f5gI$_$21,JLqBVj6f5gI,21,83,14,17,False,1.0,2,positive,positive,True,16,16,15,0,16,16,15,0,50,0,True,True
aligned,train,JLqBVj6f5gI$_$17,JLqBVj6f5gI,17,153,25,30,False,1.3333333730697632,2,positive,positive,True,29,29,28,0,29,29,28,0,50,0,True,True
aligned,train,JLqBVj6f5gI$_$8,JLqBVj6f5gI,8,101,19,25,False,2.0,2,positive,positive,True,24,24,23,0,24,24,23,0,50,0,True,True
aligned,train,JMb18N7lQ0A$_$1,JMb18N7lQ0A,1,78,14,19,False,0.0,1,neutral,neutral,True,18,18,17,0,18,18,17,0,50,0,True,True
aligned,train,JMzilFvwNXE$_$4,JMzilFvwNXE,4,79,13,18,False,0.6666666865348816,2,positive,positive,True,17,17,16,0,17,17,16,0,50,0,True,True
aligned,train,JP95Fby6qLE$_$23,JP95Fby6qLE,23,149,25,33,False,2.3333332538604736,2,positive,positive,True,32,32,31,0,32,32,31,0,50,0,True,True
aligned,train,JP95Fby6qLE$_$1,JP95Fby6qLE,1,117,17,23,False,0.3333333432674408,2,positive,positive,True,22,22,21,0,22,22,21,0,50,0,True,True
aligned,train,JSlTJsUulH0$_$2,JSlTJsUulH0,2,94,13,21,False,-0.6666666865348816,0,negative,negative,True,20,20,19,0,20,20,19,0,50,0,True,True
aligned,train,JW3OfSCZlhc$_$5,JW3OfSCZlhc,5,43,7,13,False,0.3333333432674408,2,positive,positive,True,12,12,11,0,0,0,0,0,50,0,True,True
aligned,train,JX-mwjSw0dk$_$8,JX-mwjSw0dk,8,78,17,20,False,-0.3333333432674408,0,negative,negative,True,19,19,18,0,19,19,18,0,50,0,True,True
aligned,train,JYdfUNjyYxo$_$5,JYdfUNjyYxo,5,147,23,30,False,1.0,2,positive,positive,True,29,29,28,0,29,29,28,0,50,0,True,True
aligned,train,JYsAacFmXEo$_$11,JYsAacFmXEo,11,94,17,22,False,0.0,1,neutral,neutral,True,21,21,20,0,21,21,20,0,50,0,True,True
aligned,train,JYsAacFmXEo$_$17,JYsAacFmXEo,17,153,29,36,False,1.6666666269302368,2,positive,positive,True,35,35,34,0,35,35,34,0,50,0,True,True
aligned,train,J_DtcW86D9c$_$2,J_DtcW86D9c,2,99,18,26,False,0.6666666865348816,2,positive,positive,True,25,25,24,0,25,25,24,0,50,0,True,True
aligned,train,J_DtcW86D9c$_$9,J_DtcW86D9c,9,126,21,30,False,0.3333333432674408,2,positive,positive,True,29,29,28,0,29,29,28,0,50,0,True,True
aligned,train,Ja7phs8EbWk$_$10,Ja7phs8EbWk,10,121,23,27,False,1.0,2,positive,positive,True,26,26,25,0,26,26,25,0,50,0,True,True
aligned,train,Ja7phs8EbWk$_$6,Ja7phs8EbWk,6,79,12,18,False,-0.3333333432674408,0,negative,negative,True,17,17,16,0,17,17,16,0,50,0,True,True
aligned,train,JcmqmLaL_MQ$_$7,JcmqmLaL_MQ,7,136,25,34,False,0.3333333432674408,2,positive,positive,True,33,33,32,0,26,26,4,21,50,0,True,True
aligned,train,JdFaSggG58c$_$5,JdFaSggG58c,5,72,15,19,False,-0.3333333432674408,0,negative,negative,True,18,18,17,0,18,18,17,0,50,0,True,True
aligned,train,JdFaSggG58c$_$6,JdFaSggG58c,6,45,9,11,False,0.0,1,neutral,neutral,True,10,10,9,0,10,10,9,0,50,0,True,True
aligned,train,Jh1uDYOJMwk$_$1,Jh1uDYOJMwk,1,115,22,27,False,1.3333333730697632,2,positive,positive,True,26,26,25,0,26,26,25,0,50,0,True,True
aligned,train,Jh1uDYOJMwk$_$4,Jh1uDYOJMwk,4,81,13,17,False,-1.6666666269302368,0,negative,negative,True,16,16,15,0,16,16,15,0,50,0,True,True
aligned,train,JlmpDdm1A1Y$_$3,JlmpDdm1A1Y,3,208,32,45,False,2.0,2,positive,positive,True,44,44,43,0,44,44,43,0,50,0,True,True
aligned,train,JvgofTcCSEc$_$15,JvgofTcCSEc,15,160,31,36,False,0.3333333432674408,2,positive,positive,True,35,35,34,0,35,35,34,0,50,0,True,True
aligned,train,JvgofTcCSEc$_$19,JvgofTcCSEc,19,111,18,25,False,0.0,1,neutral,neutral,True,24,24,23,0,24,24,23,0,50,0,True,True
aligned,train,JwzxqrD8tIo$_$9,JwzxqrD8tIo,9,141,26,34,False,1.0,2,positive,positive,True,33,33,32,0,33,33,32,0,50,0,True,True
aligned,train,JzydLJw6y6o$_$14,JzydLJw6y6o,14,32,8,11,False,0.6666666865348816,2,positive,positive,True,10,10,9,0,10,10,6,3,50,0,True,True
aligned,train,JzydLJw6y6o$_$0,JzydLJw6y6o,0,127,20,33,False,2.0,2,positive,positive,True,32,32,31,0,23,23,22,0,50,0,True,True
aligned,train,JzydLJw6y6o$_$8,JzydLJw6y6o,8,59,10,16,False,0.0,1,neutral,neutral,True,15,15,14,0,15,15,13,1,50,0,True,True
aligned,train,K5cGfs3i-tk$_$0,K5cGfs3i-tk,0,78,10,17,False,1.3333333730697632,2,positive,positive,True,16,16,15,0,16,16,15,0,50,0,True,True
aligned,train,K62NK2KYhws$_$10,K62NK2KYhws,10,67,13,17,False,0.6666666865348816,2,positive,positive,True,16,16,15,0,16,16,15,0,50,0,True,True
aligned,train,K62NK2KYhws$_$15,K62NK2KYhws,15,61,11,17,False,0.6666666865348816,2,positive,positive,True,16,16,15,0,16,16,15,0,50,0,True,True
aligned,train,K62NK2KYhws$_$3,K62NK2KYhws,3,164,23,31,False,1.3333333730697632,2,positive,positive,True,30,30,29,0,30,30,29,0,50,0,True,True
aligned,train,K62NK2KYhws$_$8,K62NK2KYhws,8,67,14,21,False,0.6666666865348816,2,positive,positive,True,20,20,19,0,20,20,19,0,50,0,True,True
aligned,train,K7FiMf-Dmwo$_$2,K7FiMf-Dmwo,2,80,12,17,False,0.3333333432674408,2,positive,positive,True,16,16,15,0,16,16,15,0,50,0,True,True
aligned,train,K7KEtrgBkz4$_$9,K7KEtrgBkz4,9,130,23,36,False,1.0,2,positive,positive,True,35,35,34,0,35,35,34,0,50,0,True,True
aligned,train,K9-KyChw8RM$_$8,K9-KyChw8RM,8,99,17,20,False,-0.3333333432674408,0,negative,negative,True,19,19,18,0,19,19,18,0,50,0,True,True
aligned,train,K9U2TAF9DDY$_$6,K9U2TAF9DDY,6,54,11,15,False,0.0,1,neutral,neutral,True,14,14,13,0,14,14,13,0,50,0,True,True
aligned,train,K9faaGel838$_$0,K9faaGel838,0,99,14,18,False,0.0,1,neutral,neutral,True,17,17,16,0,17,17,16,0,50,0,True,True
aligned,train,KD0w4BrNXQg$_$11,KD0w4BrNXQg,11,92,15,28,False,-1.3333333730697632,0,negative,negative,True,27,27,26,0,27,27,26,0,50,0,True,True
aligned,train,KD0w4BrNXQg$_$7,KD0w4BrNXQg,7,64,9,15,False,0.3333333432674408,2,positive,positive,True,14,14,13,0,14,14,13,0,50,0,True,True
aligned,train,KEUVzxC7T3E$_$4,KEUVzxC7T3E,4,121,25,28,False,-0.3333333432674408,0,negative,negative,True,27,27,26,0,27,27,26,0,50,0,True,True
aligned,train,KI2sU-mhM44$_$16,KI2sU-mhM44,16,220,41,48,False,1.6666666269302368,2,positive,positive,True,47,47,46,0,47,47,46,0,50,0,True,True
aligned,train,KLy4aBLqwCk$_$15,KLy4aBLqwCk,15,103,18,29,False,0.6666666865348816,2,positive,positive,True,28,28,27,0,28,28,27,0,50,0,True,True
aligned,train,KLy4aBLqwCk$_$17,KLy4aBLqwCk,17,129,22,31,False,0.3333333432674408,2,positive,positive,True,30,30,29,0,30,30,29,0,50,0,True,True
aligned,train,KPeos6f4HuQ$_$6,KPeos6f4HuQ,6,80,15,19,False,0.3333333432674408,2,positive,positive,True,18,18,17,0,18,18,17,0,50,0,True,True
aligned,train,KQ86HmgwUns$_$11,KQ86HmgwUns,11,223,41,50,False,0.3333333432674408,2,positive,positive,True,49,49,48,0,49,49,48,0,50,0,True,True
aligned,train,KR4MpF0YtgE$_$1,KR4MpF0YtgE,1,73,13,19,False,1.0,2,positive,positive,True,18,18,17,0,18,18,17,0,50,0,True,True
aligned,train,K_5u2Wh_wGk$_$5,K_5u2Wh_wGk,5,125,23,26,False,0.3333333432674408,2,positive,positive,True,25,25,24,0,25,25,24,0,50,0,True,True
aligned,train,Kep_mLLXsqk$_$3,Kep_mLLXsqk,3,102,22,27,False,0.3333333432674408,2,positive,positive,True,26,26,25,0,26,26,25,0,50,0,True,True
aligned,train,Kep_mLLXsqk$_$7,Kep_mLLXsqk,7,123,19,29,False,0.0,1,neutral,neutral,True,28,28,27,0,28,28,27,0,50,0,True,True
aligned,train,Kmtib-wZ0jM$_$0,Kmtib-wZ0jM,0,126,23,30,False,-1.6666666269302368,0,negative,negative,True,29,29,28,0,29,29,28,0,50,0,True,True
aligned,train,L0WUuWYNeCo$_$26,L0WUuWYNeCo,26,171,31,37,False,1.3333333730697632,2,positive,positive,True,36,36,35,0,36,36,35,0,50,0,True,True
aligned,train,L0WUuWYNeCo$_$27,L0WUuWYNeCo,27,48,11,13,False,0.3333333432674408,2,positive,positive,True,12,12,11,0,12,12,11,0,50,0,True,True
aligned,train,L0WUuWYNeCo$_$2,L0WUuWYNeCo,2,72,13,19,False,0.3333333432674408,2,positive,positive,True,18,18,17,0,18,18,17,0,50,0,True,True
aligned,train,L0WUuWYNeCo$_$5,L0WUuWYNeCo,5,130,23,27,False,0.0,1,neutral,neutral,True,26,26,25,0,26,26,25,0,50,0,True,True
aligned,train,L0WUuWYNeCo$_$8,L0WUuWYNeCo,8,216,39,44,False,0.0,1,neutral,neutral,True,43,43,42,0,43,43,42,0,50,0,True,True
aligned,train,L0WUuWYNeCo$_$11,L0WUuWYNeCo,11,141,24,34,False,-1.0,0,negative,negative,True,33,33,32,0,33,33,32,0,50,0,True,True
aligned,train,L0WUuWYNeCo$_$10,L0WUuWYNeCo,10,183,32,39,False,1.3333333730697632,2,positive,positive,True,38,38,37,0,38,38,37,0,50,0,True,True
aligned,train,L2uC4_Co9uw$_$0,L2uC4_Co9uw,0,168,26,32,False,2.0,2,positive,positive,True,31,31,30,0,31,31,30,0,50,0,True,True
aligned,train,L382XZ6iZmM$_$7,L382XZ6iZmM,7,86,15,23,False,-0.3333333432674408,0,negative,negative,True,22,22,21,0,22,22,21,0,50,0,True,True
aligned,train,L5a2ijeWpUI$_$4,L5a2ijeWpUI,4,58,10,14,False,-0.3333333432674408,0,negative,negative,True,13,13,12,0,13,13,12,0,50,0,True,True
aligned,train,L6pg3DQKoH4$_$0,L6pg3DQKoH4,0,73,14,16,False,0.6666666865348816,2,positive,positive,True,15,15,14,0,15,15,14,0,50,0,True,True
aligned,train,LHC7ZKJy4Zw$_$1,LHC7ZKJy4Zw,1,41,7,9,False,1.6666666269302368,2,positive,positive,True,8,8,7,0,8,8,7,0,50,0,True,True
aligned,train,LUKIYWa0UGA$_$7,LUKIYWa0UGA,7,19,5,8,False,1.0,2,positive,positive,True,7,7,6,0,7,7,6,0,50,0,True,True
aligned,train,LUf9vbe0TcQ$_$1,LUf9vbe0TcQ,1,124,20,27,False,1.6666666269302368,2,positive,positive,True,26,26,25,0,26,26,25,0,50,0,True,True
aligned,train,LX2rT5C3sJs$_$5,LX2rT5C3sJs,5,158,21,30,False,0.3333333432674408,2,positive,positive,True,29,29,28,0,29,29,28,0,50,0,True,True
aligned,train,LX2rT5C3sJs$_$6,LX2rT5C3sJs,6,266,38,44,False,1.6666666269302368,2,positive,positive,True,43,43,42,0,43,43,42,0,50,0,True,True
aligned,train,LZl9Sj1safM$_$0,LZl9Sj1safM,0,96,19,25,False,0.3333333432674408,2,positive,positive,True,24,24,23,0,24,24,23,0,50,0,True,True
aligned,train,L_XttWZBKss$_$3,L_XttWZBKss,3,115,19,25,False,0.6666666865348816,2,positive,positive,True,24,24,23,0,20,20,19,0,50,0,True,True
aligned,train,LityRNuQihc$_$13,LityRNuQihc,13,111,23,29,False,0.0,1,neutral,neutral,True,28,28,27,0,28,28,27,0,50,0,True,True
aligned,train,LityRNuQihc$_$1,LityRNuQihc,1,75,17,22,False,0.6666666865348816,2,positive,positive,True,21,21,20,0,21,21,20,0,50,0,True,True
aligned,train,LityRNuQihc$_$2,LityRNuQihc,2,80,15,27,False,0.0,1,neutral,neutral,True,26,26,25,0,26,26,25,0,50,0,True,True
aligned,train,LityRNuQihc$_$5,LityRNuQihc,5,81,17,20,False,-0.3333333432674408,0,negative,negative,True,19,19,18,0,19,19,18,0,50,0,True,True
aligned,train,LpbSYaPRTqI$_$1,LpbSYaPRTqI,1,46,7,12,False,0.3333333432674408,2,positive,positive,True,11,11,10,0,11,11,10,0,50,0,True,True
aligned,train,LppEvM60-xo$_$9,LppEvM60-xo,9,144,27,35,False,1.3333333730697632,2,positive,positive,True,34,34,33,0,34,34,33,0,50,0,True,True
aligned,train,Lxs_6Tvq12E$_$3,Lxs_6Tvq12E,3,71,14,18,False,2.0,2,positive,positive,True,17,17,16,0,17,17,16,0,50,0,True,True
aligned,train,M2Pb2kx77ww$_$8,M2Pb2kx77ww,8,96,17,26,False,-1.0,0,negative,negative,True,25,25,24,0,25,25,24,0,50,0,True,True
aligned,train,M2Pb2kx77ww$_$35,M2Pb2kx77ww,35,69,15,22,False,-0.3333333432674408,0,negative,negative,True,21,21,20,0,21,21,20,0,50,0,True,True
aligned,train,MBDZbACupsc$_$11,MBDZbACupsc,11,53,11,17,False,-0.3333333432674408,0,negative,negative,True,16,16,15,0,16,16,15,0,50,0,True,True
aligned,train,MBDZbACupsc$_$7,MBDZbACupsc,7,66,12,15,False,-0.3333333432674408,0,negative,negative,True,14,14,13,0,14,14,13,0,50,0,True,True
aligned,train,MCRCXXPqFOI$_$2,MCRCXXPqFOI,2,62,13,16,False,0.0,1,neutral,neutral,True,15,15,14,0,15,15,14,0,50,0,True,True
aligned,train,MFrwi-RibUk$_$13,MFrwi-RibUk,13,45,9,11,False,0.3333333432674408,2,positive,positive,True,10,10,9,0,10,10,9,0,50,0,True,True
aligned,train,MFrwi-RibUk$_$0,MFrwi-RibUk,0,53,9,15,False,2.0,2,positive,positive,True,14,14,13,0,14,14,13,0,50,0,True,True
aligned,train,MFrwi-RibUk$_$6,MFrwi-RibUk,6,202,37,45,False,2.0,2,positive,positive,True,44,44,43,0,44,44,43,0,50,0,True,True
aligned,train,MIuJDn_0yVU$_$3,MIuJDn_0yVU,3,59,14,19,False,-0.6666666865348816,0,negative,negative,True,18,18,17,0,18,18,17,0,50,0,True,True
aligned,train,MJnc4GUhUuY$_$3,MJnc4GUhUuY,3,45,7,10,False,1.0,2,positive,positive,True,9,9,8,0,9,9,8,0,50,0,True,True
aligned,train,MJnc4GUhUuY$_$4,MJnc4GUhUuY,4,32,5,9,False,1.0,2,positive,positive,True,8,8,7,0,8,8,7,0,50,0,True,True
aligned,train,MJnc4GUhUuY$_$9,MJnc4GUhUuY,9,33,5,10,False,0.6666666865348816,2,positive,positive,True,9,9,8,0,9,9,8,0,50,0,True,True
aligned,train,MKShLlJ7X7g$_$1,MKShLlJ7X7g,1,100,19,24,False,1.6666666269302368,2,positive,positive,True,23,23,22,0,23,23,22,0,50,0,True,True
aligned,train,MKShLlJ7X7g$_$2,MKShLlJ7X7g,2,60,12,15,False,1.3333333730697632,2,positive,positive,True,14,14,13,0,14,14,13,0,50,0,True,True
aligned,train,MMaEsDdBsvM$_$0,MMaEsDdBsvM,0,262,40,50,False,2.0,2,positive,positive,True,49,49,48,0,49,49,48,0,50,0,True,True
aligned,train,MNXBOeiPhec$_$2,MNXBOeiPhec,2,152,26,30,False,0.6666666865348816,2,positive,positive,True,29,29,28,0,29,29,28,0,50,0,True,True
aligned,train,MNXBOeiPhec$_$7,MNXBOeiPhec,7,108,16,22,False,1.0,2,positive,positive,True,21,21,20,0,21,21,20,0,50,0,True,True
aligned,train,MOfEl_1dh-g$_$4,MOfEl_1dh-g,4,77,15,23,False,-0.3333333432674408,0,negative,negative,True,22,22,21,0,22,22,21,0,50,0,True,True
aligned,train,MPRqaQqrd9Y$_$7,MPRqaQqrd9Y,7,157,27,36,False,0.0,1,neutral,neutral,True,35,35,34,0,35,35,34,0,50,0,True,True
aligned,train,MTU_thei3-c$_$8,MTU_thei3-c,8,103,17,21,False,-0.3333333432674408,0,negative,negative,True,20,20,19,0,20,20,19,0,50,0,True,True
aligned,train,MWCNzYUCys0$_$0,MWCNzYUCys0,0,96,17,21,False,0.0,1,neutral,neutral,True,20,20,19,0,20,20,19,0,50,0,True,True
aligned,train,MZoLQD83R-4$_$5,MZoLQD83R-4,5,248,40,46,False,-1.0,0,negative,negative,True,45,45,44,0,45,45,44,0,50,0,True,True
aligned,train,MZoLQD83R-4$_$8,MZoLQD83R-4,8,182,33,41,False,0.0,1,neutral,neutral,True,40,40,39,0,40,40,39,0,50,0,True,True
aligned,train,MbpPBLUjpV4$_$16,MbpPBLUjpV4,16,109,19,24,False,0.3333333432674408,2,positive,positive,True,23,23,22,0,23,23,22,0,50,0,True,True
aligned,train,MbpPBLUjpV4$_$0,MbpPBLUjpV4,0,75,12,17,False,1.0,2,positive,positive,True,16,16,15,0,16,16,15,0,50,0,True,True
aligned,train,MnFRVJtHAeo$_$0,MnFRVJtHAeo,0,93,17,25,False,0.3333333432674408,2,positive,positive,True,24,24,23,0,21,21,20,0,50,0,True,True
aligned,train,MroQfGehC84$_$1,MroQfGehC84,1,131,22,27,False,1.0,2,positive,positive,True,26,26,25,0,26,26,25,0,50,0,True,True
aligned,train,MsjnLoTKAXo$_$0,MsjnLoTKAXo,0,22,5,7,False,0.0,1,neutral,neutral,True,6,6,5,0,0,0,0,0,50,0,True,True
aligned,train,MsjnLoTKAXo$_$2,MsjnLoTKAXo,2,50,12,14,False,1.3333333730697632,2,positive,positive,True,13,13,12,0,13,13,12,0,50,0,True,True
aligned,train,MsjnLoTKAXo$_$5,MsjnLoTKAXo,5,58,12,16,False,0.3333333432674408,2,positive,positive,True,15,15,14,0,15,15,14,0,50,0,True,True
aligned,train,MvFFYObY9A8$_$2,MvFFYObY9A8,2,240,35,50,False,1.0,2,positive,positive,True,49,49,48,0,49,49,48,0,50,0,True,True
aligned,train,Mw4EZYZAd9c$_$5,Mw4EZYZAd9c,5,165,30,35,False,1.0,2,positive,positive,True,34,34,33,0,34,34,33,0,50,0,True,True
aligned,train,MyfRrTjglm8$_$1,MyfRrTjglm8,1,100,19,24,False,0.6666666865348816,2,positive,positive,True,23,23,22,0,23,23,22,0,50,0,True,True
aligned,train,MyfRrTjglm8$_$0,MyfRrTjglm8,0,81,17,21,False,-0.6666666865348816,0,negative,negative,True,20,20,19,0,20,20,6,13,50,0,True,True
aligned,train,MyfRrTjglm8$_$2,MyfRrTjglm8,2,92,21,24,False,0.6666666865348816,2,positive,positive,True,23,23,22,0,23,23,22,0,50,0,True,True
aligned,train,N0pKIn6VhOw$_$2,N0pKIn6VhOw,2,56,12,14,False,1.3333333730697632,2,positive,positive,True,13,13,12,0,13,13,12,0,50,0,True,True
aligned,train,N3QuD26DuCI$_$1,N3QuD26DuCI,1,85,17,21,False,1.0,2,positive,positive,True,20,20,19,0,20,20,19,0,50,0,True,True
aligned,train,N3QuD26DuCI$_$0,N3QuD26DuCI,0,63,11,19,False,-1.0,0,negative,negative,True,18,18,17,0,18,18,17,0,50,0,True,True
aligned,train,N3QuD26DuCI$_$2,N3QuD26DuCI,2,33,8,11,False,0.6666666865348816,2,positive,positive,True,10,10,9,0,10,10,9,0,50,0,True,True
aligned,train,N3QuD26DuCI$_$5,N3QuD26DuCI,5,21,5,8,False,1.0,2,positive,positive,True,7,7,6,0,0,0,0,0,50,0,True,True
aligned,train,N7tS7A0WWpM$_$1,N7tS7A0WWpM,1,75,14,17,False,-0.6666666865348816,0,negative,negative,True,16,16,15,0,16,16,15,0,50,0,True,True
aligned,train,N7tS7A0WWpM$_$3,N7tS7A0WWpM,3,68,13,16,False,-0.6666666865348816,0,negative,negative,True,15,15,14,0,15,15,14,0,50,0,True,True
aligned,train,NCJTV5KaJJc$_$1,NCJTV5KaJJc,1,83,17,19,False,1.0,2,positive,positive,True,18,18,17,0,18,18,17,0,50,0,True,True
aligned,train,NCJTV5KaJJc$_$9,NCJTV5KaJJc,9,48,11,14,False,2.0,2,positive,positive,True,13,13,12,0,11,11,10,0,50,0,True,True
aligned,train,NG7QLq4XlWo$_$15,NG7QLq4XlWo,15,354,66,50,False,1.0,2,positive,positive,True,49,49,48,0,49,49,48,0,50,0,True,True
aligned,train,NG7QLq4XlWo$_$1,NG7QLq4XlWo,1,86,14,18,False,0.3333333432674408,2,positive,positive,True,17,17,16,0,17,17,16,0,50,0,True,True
aligned,train,NG7QLq4XlWo$_$3,NG7QLq4XlWo,3,273,47,50,False,0.6666666865348816,2,positive,positive,True,49,49,48,0,49,49,48,0,50,0,True,True
aligned,train,NG7QLq4XlWo$_$5,NG7QLq4XlWo,5,78,13,15,False,2.0,2,positive,positive,True,14,14,13,0,14,14,13,0,50,0,True,True
aligned,train,NKindd5Xn3s$_$4,NKindd5Xn3s,4,166,28,31,False,0.0,1,neutral,neutral,True,30,30,29,0,30,30,29,0,50,0,True,True
aligned,train,NOl0v54DaXo$_$10,NOl0v54DaXo,10,21,5,9,False,1.0,2,positive,positive,True,8,8,7,0,0,0,0,0,50,0,True,True
aligned,train,NOl0v54DaXo$_$3,NOl0v54DaXo,3,27,5,9,False,-1.6666666269302368,0,negative,negative,True,8,8,7,0,8,8,4,3,50,0,True,True
aligned,train,NSihgq4R8Z0$_$2,NSihgq4R8Z0,2,59,13,16,False,-1.0,0,negative,negative,True,15,15,14,0,15,15,14,0,50,0,True,True
aligned,train,NSihgq4R8Z0$_$16,NSihgq4R8Z0,16,104,15,22,False,0.0,1,neutral,neutral,True,21,21,20,0,21,21,20,0,50,0,True,True
aligned,train,NYuY6HVjMZQ$_$1,NYuY6HVjMZQ,1,255,38,50,False,2.0,2,positive,positive,True,49,49,48,0,49,49,48,0,50,0,True,True
aligned,train,NYuY6HVjMZQ$_$6,NYuY6HVjMZQ,6,175,30,36,False,0.0,1,neutral,neutral,True,35,35,34,0,35,35,34,0,50,0,True,True
aligned,train,Na6170hd8po$_$11,Na6170hd8po,11,143,31,40,False,0.6666666865348816,2,positive,positive,True,39,39,38,0,39,39,38,0,50,0,True,True
aligned,train,NkbRuTJaj_M$_$18,NkbRuTJaj_M,18,133,21,32,False,1.6666666269302368,2,positive,positive,True,31,31,30,0,31,31,30,0,50,0,True,True
aligned,train,O0Nn-5UkfoA$_$2,O0Nn-5UkfoA,2,101,20,24,False,-0.3333333432674408,0,negative,negative,True,23,23,22,0,23,23,22,0,50,0,True,True
aligned,train,O2CEvvYWWbU$_$10,O2CEvvYWWbU,10,144,26,42,False,0.3333333432674408,2,positive,positive,True,41,41,40,0,34,34,22,11,50,0,True,True
aligned,train,O3whFU2lAAk$_$8,O3whFU2lAAk,8,155,27,33,False,0.3333333432674408,2,positive,positive,True,32,32,31,0,32,32,31,0,50,0,True,True
aligned,train,O3whFU2lAAk$_$2,O3whFU2lAAk,2,287,59,50,False,0.3333333432674408,2,positive,positive,True,49,49,48,0,49,49,44,4,50,0,True,True
aligned,train,O3whFU2lAAk$_$5,O3whFU2lAAk,5,120,20,26,False,0.3333333432674408,2,positive,positive,True,25,25,24,0,25,25,24,0,50,0,True,True
aligned,train,O3whFU2lAAk$_$11,O3whFU2lAAk,11,198,46,50,False,2.0,2,positive,positive,True,49,49,48,0,49,49,48,0,50,0,True,True
aligned,train,O8IJh_L0EfM$_$5,O8IJh_L0EfM,5,112,24,33,False,1.0,2,positive,positive,True,32,32,31,0,32,32,31,0,50,0,True,True
aligned,train,OAV6KKf60bQ$_$10,OAV6KKf60bQ,10,41,8,10,False,0.3333333432674408,2,positive,positive,True,9,9,8,0,9,9,8,0,50,0,True,True
aligned,train,OAV6KKf60bQ$_$0,OAV6KKf60bQ,0,57,8,11,False,0.3333333432674408,2,positive,positive,True,10,10,9,0,10,10,9,0,50,0,True,True
aligned,train,OAV6KKf60bQ$_$6,OAV6KKf60bQ,6,50,10,12,False,0.0,1,neutral,neutral,True,11,11,10,0,11,11,10,0,50,0,True,True
aligned,train,OBaMn1-x7jQ$_$7,OBaMn1-x7jQ,7,27,6,8,False,1.3333333730697632,2,positive,positive,True,7,7,6,0,0,0,0,0,50,0,True,True
aligned,train,OEOkmrKvTUo$_$0,OEOkmrKvTUo,0,166,28,41,False,0.6666666865348816,2,positive,positive,True,40,40,39,0,40,40,39,0,50,0,True,True
aligned,train,OEOkmrKvTUo$_$6,OEOkmrKvTUo,6,238,43,49,False,0.6666666865348816,2,positive,positive,True,48,48,47,0,48,48,47,0,50,0,True,True
aligned,train,OEesmAnTpeA$_$10,OEesmAnTpeA,10,78,10,19,False,-0.3333333432674408,0,negative,negative,True,18,18,17,0,18,18,17,0,50,0,True,True
aligned,train,OFBc3z99bIc$_$12,OFBc3z99bIc,12,146,28,35,False,0.3333333432674408,2,positive,positive,True,34,34,33,0,34,34,33,0,50,0,True,True
aligned,train,OFBc3z99bIc$_$15,OFBc3z99bIc,15,181,36,47,False,-0.3333333432674408,0,negative,negative,True,46,46,45,0,46,46,45,0,50,0,True,True
aligned,train,OFBc3z99bIc$_$14,OFBc3z99bIc,14,61,11,15,False,0.6666666865348816,2,positive,positive,True,14,14,13,0,14,14,13,0,50,0,True,True
aligned,train,OGXUtVG0Y9w$_$1,OGXUtVG0Y9w,1,268,48,50,False,2.0,2,positive,positive,True,49,49,48,0,49,49,48,0,50,0,True,True
aligned,train,OHWyYVux-yw$_$10,OHWyYVux-yw,10,121,19,23,False,1.3333333730697632,2,positive,positive,True,22,22,21,0,22,22,21,0,50,0,True,True
aligned,train,OHWyYVux-yw$_$14,OHWyYVux-yw,14,115,24,28,False,0.6666666865348816,2,positive,positive,True,27,27,26,0,27,27,26,0,50,0,True,True
aligned,train,OHWyYVux-yw$_$18,OHWyYVux-yw,18,61,11,14,False,1.3333333730697632,2,positive,positive,True,13,13,12,0,13,13,12,0,50,0,True,True
aligned,train,OHWyYVux-yw$_$2,OHWyYVux-yw,2,226,42,48,False,1.6666666269302368,2,positive,positive,True,47,47,46,0,47,47,46,0,50,0,True,True
aligned,train,OKSx1zxHGpQ$_$5,OKSx1zxHGpQ,5,26,4,6,False,1.0,2,positive,positive,True,5,5,4,0,5,5,4,0,50,0,True,True
aligned,train,OKSx1zxHGpQ$_$4,OKSx1zxHGpQ,4,93,19,21,False,1.0,2,positive,positive,True,20,20,19,0,20,20,19,0,50,0,True,True
aligned,train,OKSx1zxHGpQ$_$8,OKSx1zxHGpQ,8,145,25,31,False,-0.3333333432674408,0,negative,negative,True,30,30,29,0,30,30,29,0,50,0,True,True
aligned,train,OKSx1zxHGpQ$_$15,OKSx1zxHGpQ,15,218,41,46,False,1.3333333730697632,2,positive,positive,True,45,45,44,0,35,35,34,0,50,0,True,True
aligned,train,OKSx1zxHGpQ$_$16,OKSx1zxHGpQ,16,95,16,19,False,0.3333333432674408,2,positive,positive,True,18,18,17,0,18,18,17,0,50,0,True,True
aligned,train,OKSx1zxHGpQ$_$19,OKSx1zxHGpQ,19,31,4,6,False,0.0,1,neutral,neutral,True,5,5,4,0,5,5,4,0,50,0,True,True
aligned,train,OOh1_ffKOKk$_$2,OOh1_ffKOKk,2,68,15,20,False,0.6666666865348816,2,positive,positive,True,19,19,18,0,19,19,18,0,50,0,True,True
aligned,train,OPXmk49KyiU$_$1,OPXmk49KyiU,1,213,35,48,False,0.0,1,neutral,neutral,True,47,47,46,0,47,47,46,0,50,0,True,True
aligned,train,OSyKmOye5Uo$_$4,OSyKmOye5Uo,4,280,50,50,False,0.6666666865348816,2,positive,positive,True,49,49,48,0,49,49,48,0,50,0,True,True
aligned,train,O_fTDhCtAhw$_$8,O_fTDhCtAhw,8,138,27,37,False,0.3333333432674408,2,positive,positive,True,36,36,35,0,36,36,35,0,50,0,True,True
aligned,train,O_fTDhCtAhw$_$7,O_fTDhCtAhw,7,225,47,50,False,0.0,1,neutral,neutral,True,49,49,48,0,49,49,48,0,50,0,True,True
aligned,train,O_fTDhCtAhw$_$6,O_fTDhCtAhw,6,71,14,19,False,0.0,1,neutral,neutral,True,18,18,17,0,18,18,17,0,50,0,True,True
aligned,train,Ob8vPQCPDX0$_$1,Ob8vPQCPDX0,1,218,37,40,False,1.3333333730697632,2,positive,positive,True,39,39,38,0,39,39,38,0,50,0,True,True
aligned,train,Ob8vPQCPDX0$_$2,Ob8vPQCPDX0,2,354,67,50,False,2.0,2,positive,positive,True,49,49,48,0,49,49,48,0,50,0,True,True
aligned,train,OcqJx_cRc3Y$_$2,OcqJx_cRc3Y,2,265,46,50,False,-0.3333333432674408,0,negative,negative,True,49,49,48,0,49,49,48,0,50,0,True,True
aligned,train,OdKp0hYomgs$_$10,OdKp0hYomgs,10,114,21,36,False,3.0,2,positive,positive,True,35,35,34,0,35,35,34,0,50,0,True,True
aligned,train,OdKp0hYomgs$_$3,OdKp0hYomgs,3,86,16,20,False,1.6666666269302368,2,positive,positive,True,19,19,18,0,19,19,18,0,50,0,True,True
aligned,train,Oj3XwBBrzXc$_$1,Oj3XwBBrzXc,1,66,11,16,False,0.0,1,neutral,neutral,True,15,15,14,0,15,15,14,0,50,0,True,True
aligned,train,Op3CnqRLD9w$_$3,Op3CnqRLD9w,3,251,49,50,False,0.6666666865348816,2,positive,positive,True,49,49,48,0,49,49,48,0,50,0,True,True
aligned,train,OwYfPi9St0w$_$1,OwYfPi9St0w,1,132,24,32,False,0.0,1,neutral,neutral,True,31,31,30,0,31,31,30,0,50,0,True,True
aligned,train,OxyQSJMvWBo$_$11,OxyQSJMvWBo,11,38,9,14,False,-1.0,0,negative,negative,True,13,13,12,0,13,13,12,0,50,0,True,True
aligned,train,OxyQSJMvWBo$_$13,OxyQSJMvWBo,13,35,7,11,False,-0.3333333432674408,0,negative,negative,True,10,10,9,0,10,10,9,0,50,0,True,True
aligned,train,OxyQSJMvWBo$_$12,OxyQSJMvWBo,12,95,20,25,False,-1.0,0,negative,negative,True,24,24,23,0,24,24,23,0,50,0,True,True
aligned,train,P0WaXnH37uI$_$5,P0WaXnH37uI,5,75,17,20,False,0.0,1,neutral,neutral,True,19,19,18,0,19,19,18,0,50,0,True,True
aligned,train,P0WaXnH37uI$_$4,P0WaXnH37uI,4,26,6,8,False,0.3333333432674408,2,positive,positive,True,7,7,6,0,7,7,6,0,50,0,True,True
aligned,train,P35dyIit1yM$_$4,P35dyIit1yM,4,128,22,28,False,0.6666666865348816,2,positive,positive,True,27,27,26,0,27,27,26,0,50,0,True,True
aligned,train,P4qxfjZlIrY$_$4,P4qxfjZlIrY,4,82,12,18,False,0.3333333432674408,2,positive,positive,True,17,17,16,0,17,17,16,0,50,0,True,True
aligned,train,P4qxfjZlIrY$_$6,P4qxfjZlIrY,6,91,12,19,False,0.3333333432674408,2,positive,positive,True,18,18,17,0,18,18,17,0,50,0,True,True
aligned,train,PANWQeBKStk$_$0,PANWQeBKStk,0,281,42,50,False,1.0,2,positive,positive,True,49,49,48,0,49,49,48,0,50,0,True,True
aligned,train,PGBrZLC15yA$_$0,PGBrZLC15yA,0,176,29,38,False,2.6666667461395264,2,positive,positive,True,37,37,36,0,37,37,36,0,50,0,True,True
aligned,train,PHJ8eybXJdw$_$5,PHJ8eybXJdw,5,162,27,40,False,0.0,1,neutral,neutral,True,39,39,38,0,39,39,38,0,50,0,True,True
aligned,train,PMH4mdJeojE$_$3,PMH4mdJeojE,3,93,19,24,False,0.0,1,neutral,neutral,True,23,23,22,0,23,23,22,0,50,0,True,True
aligned,train,PMH4mdJeojE$_$2,PMH4mdJeojE,2,97,17,21,False,1.0,2,positive,positive,True,20,20,19,0,20,20,19,0,50,0,True,True
aligned,train,PN3ApHIGopo$_$6,PN3ApHIGopo,6,76,13,17,False,-0.3333333432674408,0,negative,negative,True,16,16,15,0,16,16,15,0,50,0,True,True
aligned,train,PQYmOknHA4c$_$5,PQYmOknHA4c,5,75,16,19,False,0.0,1,neutral,neutral,True,18,18,17,0,18,18,17,0,50,0,True,True
aligned,train,PQYmOknHA4c$_$4,PQYmOknHA4c,4,60,13,17,False,1.0,2,positive,positive,True,16,16,15,0,16,16,11,4,50,0,True,True
aligned,train,PUIsiLk8etk$_$11,PUIsiLk8etk,11,52,9,11,False,-0.6666666865348816,0,negative,negative,True,10,10,9,0,10,10,9,0,50,0,True,True
aligned,train,PYylJk8R9Ak$_$1,PYylJk8R9Ak,1,94,12,20,False,1.6666666269302368,2,positive,positive,True,19,19,18,0,19,19,18,0,50,0,True,True
aligned,train,PYylJk8R9Ak$_$4,PYylJk8R9Ak,4,213,38,49,False,1.0,2,positive,positive,True,48,48,47,0,48,48,47,0,50,0,True,True
aligned,train,PbyI-sUzLZY$_$5,PbyI-sUzLZY,5,53,8,13,False,0.6666666865348816,2,positive,positive,True,12,12,11,0,12,12,11,0,50,0,True,True
aligned,train,PbyI-sUzLZY$_$4,PbyI-sUzLZY,4,101,17,24,False,-0.3333333432674408,0,negative,negative,True,23,23,22,0,23,23,22,0,50,0,True,True
aligned,train,PmemTgQHagk$_$1,PmemTgQHagk,1,221,38,46,False,2.0,2,positive,positive,True,45,45,44,0,45,45,44,0,50,0,True,True
aligned,train,PmemTgQHagk$_$7,PmemTgQHagk,7,273,53,50,False,2.0,2,positive,positive,True,49,49,48,0,49,49,48,0,50,0,True,True
aligned,train,PoKZEKOf1dA$_$1,PoKZEKOf1dA,1,67,14,24,False,1.0,2,positive,positive,True,23,23,22,0,23,23,22,0,50,0,True,True
aligned,train,PoKZEKOf1dA$_$4,PoKZEKOf1dA,4,57,11,14,False,0.0,1,neutral,neutral,True,13,13,12,0,13,13,12,0,50,0,True,True
aligned,train,PohW-isYMK0$_$16,PohW-isYMK0,16,90,16,21,False,0.6666666865348816,2,positive,positive,True,20,20,19,0,20,20,19,0,50,0,True,True
aligned,train,PohW-isYMK0$_$1,PohW-isYMK0,1,83,11,18,False,1.3333333730697632,2,positive,positive,True,17,17,16,0,17,17,16,0,50,0,True,True
aligned,train,PohW-isYMK0$_$7,PohW-isYMK0,7,167,30,32,False,1.6666666269302368,2,positive,positive,True,31,31,30,0,31,31,30,0,50,0,True,True
aligned,train,Q5fZk_jPjBI$_$9,Q5fZk_jPjBI,9,104,23,28,False,0.3333333432674408,2,positive,positive,True,27,27,26,0,27,27,26,0,50,0,True,True
aligned,train,Q5fZk_jPjBI$_$0,Q5fZk_jPjBI,0,265,47,50,False,1.6666666269302368,2,positive,positive,True,49,49,48,0,49,49,48,0,50,0,True,True
aligned,train,Q7nhtfkIPN4$_$3,Q7nhtfkIPN4,3,56,10,15,False,0.0,1,neutral,neutral,True,14,14,13,0,14,14,13,0,50,0,True,True
aligned,train,Q7nhtfkIPN4$_$6,Q7nhtfkIPN4,6,97,19,23,False,0.0,1,neutral,neutral,True,22,22,21,0,22,22,21,0,50,0,True,True
aligned,train,QDRtKv8PvFs$_$3,QDRtKv8PvFs,3,141,28,35,False,1.3333333730697632,2,positive,positive,True,34,34,33,0,34,34,33,0,50,0,True,True
aligned,train,QE0pAVSPsKQ$_$26,QE0pAVSPsKQ,26,135,27,34,False,2.0,2,positive,positive,True,33,33,32,0,33,33,32,0,50,0,True,True
aligned,train,QE0pAVSPsKQ$_$12,QE0pAVSPsKQ,12,86,15,26,False,0.3333333432674408,2,positive,positive,True,25,25,24,0,25,25,24,0,50,0,True,True
aligned,train,QE0pAVSPsKQ$_$2,QE0pAVSPsKQ,2,83,18,23,False,2.6666667461395264,2,positive,positive,True,22,22,21,0,22,22,21,0,50,0,True,True
aligned,train,QE0pAVSPsKQ$_$7,QE0pAVSPsKQ,7,118,22,30,False,-0.6666666865348816,0,negative,negative,True,29,29,28,0,29,29,28,0,50,0,True,True
aligned,train,QI-TTqj0KnA$_$7,QI-TTqj0KnA,7,114,21,24,False,0.6666666865348816,2,positive,positive,True,23,23,22,0,23,23,22,0,50,0,True,True
aligned,train,QI-TTqj0KnA$_$6,QI-TTqj0KnA,6,279,48,50,False,0.0,1,neutral,neutral,True,49,49,48,0,49,49,48,0,50,0,True,True
aligned,train,QLEOYF7Mju0$_$11,QLEOYF7Mju0,11,218,39,49,False,1.0,2,positive,positive,True,48,48,47,0,48,48,47,0,50,0,True,True
aligned,train,QLEOYF7Mju0$_$2,QLEOYF7Mju0,2,61,10,17,False,0.3333333432674408,2,positive,positive,True,16,16,15,0,16,16,15,0,50,0,True,True
aligned,train,QMAztkqnvws$_$6,QMAztkqnvws,6,210,35,44,False,0.3333333432674408,2,positive,positive,True,43,43,42,0,43,43,42,0,50,0,True,True
aligned,train,QNxiqu1y1N0$_$1,QNxiqu1y1N0,1,121,21,35,False,0.3333333432674408,2,positive,positive,True,34,34,33,0,34,34,33,0,50,0,True,True
aligned,train,QOxIdbNwpx0$_$6,QOxIdbNwpx0,6,71,11,14,False,1.0,2,positive,positive,True,13,13,12,0,13,13,12,0,50,0,True,True
aligned,train,QQVRIGEUa_Q$_$5,QQVRIGEUa_Q,5,220,42,50,False,0.3333333432674408,2,positive,positive,True,49,49,48,0,49,49,48,0,50,0,True,True
aligned,train,QUpI5kMw_nA$_$10,QUpI5kMw_nA,10,175,31,36,False,0.3333333432674408,2,positive,positive,True,35,35,34,0,35,35,34,0,50,0,True,True
aligned,train,QUpI5kMw_nA$_$17,QUpI5kMw_nA,17,133,24,29,False,1.3333333730697632,2,positive,positive,True,28,28,27,0,28,28,27,0,50,0,True,True
aligned,train,QYp0lGhyL6A$_$13,QYp0lGhyL6A,13,135,23,30,False,0.0,1,neutral,neutral,True,29,29,28,0,29,29,28,0,50,0,True,True
aligned,train,QYp0lGhyL6A$_$14,QYp0lGhyL6A,14,64,15,18,False,-1.3333333730697632,0,negative,negative,True,17,17,16,0,17,17,16,0,50,0,True,True
aligned,train,QYp0lGhyL6A$_$4,QYp0lGhyL6A,4,111,20,30,False,-2.3333332538604736,0,negative,negative,True,29,29,28,0,29,29,28,0,50,0,True,True
aligned,train,QkMTYY69JYQ$_$1,QkMTYY69JYQ,1,43,9,13,False,0.6666666865348816,2,positive,positive,True,12,12,11,0,12,12,11,0,50,0,True,True
aligned,train,QkMTYY69JYQ$_$4,QkMTYY69JYQ,4,35,7,14,False,0.6666666865348816,2,positive,positive,True,13,13,12,0,13,13,12,0,50,0,True,True
aligned,train,QoIsjc4-GIg$_$8,QoIsjc4-GIg,8,96,18,22,False,-1.0,0,negative,negative,True,21,21,20,0,21,21,20,0,50,0,True,True
aligned,train,QzdEjKQFisQ$_$8,QzdEjKQFisQ,8,46,10,16,False,-0.3333333432674408,0,negative,negative,True,15,15,14,0,15,15,14,0,50,0,True,True
aligned,train,R0o37yJ1PP0$_$3,R0o37yJ1PP0,3,139,22,27,False,0.6666666865348816,2,positive,positive,True,26,26,25,0,26,26,25,0,50,0,True,True
aligned,train,R0o37yJ1PP0$_$5,R0o37yJ1PP0,5,243,40,49,False,0.0,1,neutral,neutral,True,48,48,47,0,48,48,47,0,50,0,True,True
aligned,train,R0o37yJ1PP0$_$6,R0o37yJ1PP0,6,111,22,31,False,0.3333333432674408,2,positive,positive,True,30,30,29,0,30,30,29,0,50,0,True,True
aligned,train,R0uRDh-engU$_$10,R0uRDh-engU,10,168,29,40,False,0.3333333432674408,2,positive,positive,True,39,39,38,0,39,39,38,0,50,0,True,True
aligned,train,R0uRDh-engU$_$5,R0uRDh-engU,5,232,47,50,False,-0.3333333432674408,0,negative,negative,True,49,49,48,0,49,49,48,0,50,0,True,True
aligned,train,R5a3TP-l_n4$_$1,R5a3TP-l_n4,1,108,20,27,False,1.0,2,positive,positive,True,26,26,25,0,26,26,25,0,50,0,True,True
aligned,train,R9ypacCuEZo$_$4,R9ypacCuEZo,4,373,70,50,False,1.3333333730697632,2,positive,positive,True,49,49,48,0,49,49,48,0,50,0,True,True
aligned,train,R9ypacCuEZo$_$7,R9ypacCuEZo,7,131,23,27,False,-0.3333333432674408,0,negative,negative,True,26,26,25,0,26,26,25,0,50,0,True,True
aligned,train,RE-LIPOFnrE$_$4,RE-LIPOFnrE,4,99,18,21,False,0.0,1,neutral,neutral,True,20,20,19,0,20,20,19,0,50,0,True,True
aligned,train,REkPZ77s3Vc$_$0,REkPZ77s3Vc,0,118,19,32,False,0.0,1,neutral,neutral,True,31,31,30,0,31,31,16,14,50,0,True,True
aligned,train,REkPZ77s3Vc$_$4,REkPZ77s3Vc,4,127,24,35,False,0.0,1,neutral,neutral,True,34,34,33,0,34,34,32,1,50,0,True,True
aligned,train,REkPZ77s3Vc$_$7,REkPZ77s3Vc,7,110,21,24,False,0.0,1,neutral,neutral,True,23,23,22,0,23,23,22,0,50,0,True,True
aligned,train,RImmdklTOW0$_$10,RImmdklTOW0,10,189,38,44,False,1.6666666269302368,2,positive,positive,True,43,43,42,0,43,43,42,0,50,0,True,True
aligned,train,RImmdklTOW0$_$15,RImmdklTOW0,15,21,4,8,False,1.3333333730697632,2,positive,positive,True,7,7,6,0,7,7,6,0,50,0,True,True
aligned,train,RImmdklTOW0$_$8,RImmdklTOW0,8,86,14,21,False,0.6666666865348816,2,positive,positive,True,20,20,19,0,20,20,19,0,50,0,True,True
aligned,train,RLHZ6xtIWSM$_$2,RLHZ6xtIWSM,2,121,25,30,False,-0.6666666865348816,0,negative,negative,True,29,29,28,0,29,29,28,0,50,0,True,True
aligned,train,RLHZ6xtIWSM$_$6,RLHZ6xtIWSM,6,70,13,20,False,-1.3333333730697632,0,negative,negative,True,19,19,18,0,19,19,18,0,50,0,True,True
aligned,train,RRKez9BR-94$_$12,RRKez9BR-94,12,96,19,24,False,0.6666666865348816,2,positive,positive,True,23,23,22,0,23,23,22,0,50,0,True,True
aligned,train,RS5WM3q2ZZQ$_$11,RS5WM3q2ZZQ,11,506,89,50,False,0.0,1,neutral,neutral,True,49,49,48,0,49,49,48,0,50,0,True,True
aligned,train,RS5WM3q2ZZQ$_$10,RS5WM3q2ZZQ,10,287,55,50,False,0.6666666865348816,2,positive,positive,True,49,49,48,0,49,49,48,0,50,0,True,True
aligned,train,RS5WM3q2ZZQ$_$2,RS5WM3q2ZZQ,2,201,36,44,False,-0.6666666865348816,0,negative,negative,True,43,43,42,0,43,43,42,0,50,0,True,True
aligned,train,RS5WM3q2ZZQ$_$6,RS5WM3q2ZZQ,6,36,7,9,False,0.0,1,neutral,neutral,True,8,8,7,0,8,8,7,0,50,0,True,True
aligned,train,RST6PgpsLws$_$2,RST6PgpsLws,2,233,36,47,False,2.3333332538604736,2,positive,positive,True,46,46,45,0,46,46,45,0,50,0,True,True
aligned,train,RTzDzj4NxIM$_$7,RTzDzj4NxIM,7,33,6,9,False,0.6666666865348816,2,positive,positive,True,8,8,7,0,8,8,7,0,50,0,True,True
aligned,train,RaTQZrdICKo$_$2,RaTQZrdICKo,2,126,25,29,False,0.0,1,neutral,neutral,True,28,28,27,0,28,28,27,0,50,0,True,True
aligned,train,RadU51t1kL0$_$8,RadU51t1kL0,8,23,5,9,False,-0.6666666865348816,0,negative,negative,True,8,8,7,0,8,8,7,0,50,0,True,True
aligned,train,Rdf0Psjyrwc$_$3,Rdf0Psjyrwc,3,107,21,26,False,1.3333333730697632,2,positive,positive,True,25,25,24,0,25,25,24,0,50,0,True,True
aligned,train,Rdf0Psjyrwc$_$2,Rdf0Psjyrwc,2,169,29,39,False,1.3333333730697632,2,positive,positive,True,38,38,37,0,38,38,37,0,50,0,True,True
aligned,train,RgubFcmvgDE$_$0,RgubFcmvgDE,0,100,20,25,False,-0.6666666865348816,0,negative,negative,True,24,24,23,0,24,24,23,0,50,0,True,True
aligned,train,RgubFcmvgDE$_$3,RgubFcmvgDE,3,128,24,28,False,-2.0,0,negative,negative,True,27,27,26,0,27,27,26,0,50,0,True,True
aligned,train,Rse6laKf1i8$_$6,Rse6laKf1i8,6,132,24,27,False,1.6666666269302368,2,positive,positive,True,26,26,25,0,26,26,25,0,50,0,True,True
aligned,train,Rt9rN1ntS3E$_$1,Rt9rN1ntS3E,1,124,24,34,False,1.0,2,positive,positive,True,33,33,32,0,33,33,32,0,50,0,True,True
aligned,train,Rt9rN1ntS3E$_$2,Rt9rN1ntS3E,2,118,22,25,False,1.3333333730697632,2,positive,positive,True,24,24,23,0,24,24,23,0,50,0,True,True
aligned,train,Rugd2NMu4bA$_$11,Rugd2NMu4bA,11,112,17,34,False,0.6666666865348816,2,positive,positive,True,33,33,32,0,33,33,32,0,50,0,True,True
aligned,train,Rugd2NMu4bA$_$5,Rugd2NMu4bA,5,15,4,6,False,0.0,1,neutral,neutral,True,5,5,4,0,5,5,4,0,50,0,True,True
aligned,train,RvIohowRPAk$_$11,RvIohowRPAk,11,167,30,35,False,-1.3333333730697632,0,negative,negative,True,34,34,33,0,34,34,33,0,50,0,True,True
aligned,train,RvIohowRPAk$_$2,RvIohowRPAk,2,116,24,27,False,0.0,1,neutral,neutral,True,26,26,25,0,26,26,25,0,50,0,True,True
aligned,train,Rw2pzFGosmw$_$7,Rw2pzFGosmw,7,130,23,26,False,0.3333333432674408,2,positive,positive,True,25,25,24,0,18,18,17,0,50,0,True,True
aligned,train,RwcTz-tOIeo$_$2,RwcTz-tOIeo,2,157,24,30,False,-0.3333333432674408,0,negative,negative,True,29,29,28,0,29,29,28,0,50,0,True,True
aligned,train,Ry2NJPd4N3s$_$14,Ry2NJPd4N3s,14,105,19,22,False,1.0,2,positive,positive,True,21,21,20,0,21,21,20,0,50,0,True,True
aligned,train,S21ApRNQ9Ko$_$15,S21ApRNQ9Ko,15,136,27,42,False,-1.0,0,negative,negative,True,41,41,40,0,41,41,40,0,50,0,True,True
aligned,train,S21ApRNQ9Ko$_$14,S21ApRNQ9Ko,14,112,22,31,False,-0.6666666865348816,0,negative,negative,True,30,30,29,0,30,30,29,0,50,0,True,True
aligned,train,S21ApRNQ9Ko$_$3,S21ApRNQ9Ko,3,260,50,50,False,0.0,1,neutral,neutral,True,49,49,48,0,49,49,48,0,50,0,True,True
aligned,train,S21ApRNQ9Ko$_$2,S21ApRNQ9Ko,2,157,29,39,False,1.3333333730697632,2,positive,positive,True,38,38,37,0,38,38,37,0,50,0,True,True
aligned,train,S2znq3iRPwE$_$10,S2znq3iRPwE,10,68,12,15,False,1.0,2,positive,positive,True,14,14,13,0,14,14,13,0,50,0,True,True
aligned,train,S2znq3iRPwE$_$13,S2znq3iRPwE,13,183,35,41,False,2.0,2,positive,positive,True,40,40,39,0,40,40,39,0,50,0,True,True
aligned,train,S2znq3iRPwE$_$19,S2znq3iRPwE,19,209,40,50,False,1.3333333730697632,2,positive,positive,True,49,49,48,0,49,49,48,0,50,0,True,True
aligned,train,S6S2XL0-ZpM$_$1,S6S2XL0-ZpM,1,82,14,23,False,0.0,1,neutral,neutral,True,22,22,21,0,22,22,21,0,50,0,True,True
aligned,train,S9PDgK7fpJI$_$14,S9PDgK7fpJI,14,43,7,9,False,0.0,1,neutral,neutral,True,8,8,7,0,8,8,7,0,50,0,True,True
aligned,train,SGsiGz2fdpo$_$23,SGsiGz2fdpo,23,107,21,23,False,2.6666667461395264,2,positive,positive,True,22,22,21,0,22,22,21,0,50,0,True,True
aligned,train,SGsiGz2fdpo$_$29,SGsiGz2fdpo,29,75,17,20,False,1.0,2,positive,positive,True,19,19,18,0,19,19,18,0,50,0,True,True
aligned,train,SGsiGz2fdpo$_$5,SGsiGz2fdpo,5,62,10,16,False,0.6666666865348816,2,positive,positive,True,15,15,14,0,15,15,14,0,50,0,True,True
aligned,train,SGsiGz2fdpo$_$4,SGsiGz2fdpo,4,110,21,24,False,0.3333333432674408,2,positive,positive,True,23,23,22,0,23,23,22,0,50,0,True,True
aligned,train,SGsiGz2fdpo$_$6,SGsiGz2fdpo,6,63,13,16,False,0.6666666865348816,2,positive,positive,True,15,15,14,0,15,15,14,0,50,0,True,True
aligned,train,SGsiGz2fdpo$_$9,SGsiGz2fdpo,9,23,4,6,False,0.0,1,neutral,neutral,True,5,5,4,0,5,5,4,0,50,0,True,True
aligned,train,SGsiGz2fdpo$_$8,SGsiGz2fdpo,8,38,8,11,False,0.3333333432674408,2,positive,positive,True,10,10,9,0,10,10,9,0,50,0,True,True
aligned,train,SGsiGz2fdpo$_$11,SGsiGz2fdpo,11,98,17,22,False,-0.3333333432674408,0,negative,negative,True,21,21,20,0,21,21,20,0,50,0,True,True
aligned,train,SGsiGz2fdpo$_$15,SGsiGz2fdpo,15,47,8,10,False,0.0,1,neutral,neutral,True,9,9,8,0,9,9,8,0,50,0,True,True
aligned,train,SGsiGz2fdpo$_$33,SGsiGz2fdpo,33,51,11,13,False,1.3333333730697632,2,positive,positive,True,12,12,11,0,12,12,11,0,50,0,True,True
aligned,train,SH0wXyhsx9s$_$0,SH0wXyhsx9s,0,122,24,27,False,0.6666666865348816,2,positive,positive,True,26,26,25,0,26,26,25,0,50,0,True,True
aligned,train,SI39azgVUR8$_$2,SI39azgVUR8,2,59,10,13,False,-1.6666666269302368,0,negative,negative,True,12,12,11,0,12,12,11,0,50,0,True,True
aligned,train,SLi2gT5H6m8$_$3,SLi2gT5H6m8,3,107,16,22,False,0.6666666865348816,2,positive,positive,True,21,21,20,0,21,21,20,0,50,0,True,True
aligned,train,SLi2gT5H6m8$_$5,SLi2gT5H6m8,5,134,19,23,False,0.3333333432674408,2,positive,positive,True,22,22,21,0,22,22,21,0,50,0,True,True
aligned,train,SMr2DprlLu4$_$1,SMr2DprlLu4,1,54,10,13,False,2.0,2,positive,positive,True,12,12,11,0,3,3,2,0,50,0,True,True
aligned,train,SMzV26l6iA0$_$0,SMzV26l6iA0,0,132,18,26,False,1.0,2,positive,positive,True,25,25,24,0,25,25,24,0,50,0,True,True
aligned,train,STeqtJLakQQ$_$2,STeqtJLakQQ,2,135,24,35,False,-1.0,0,negative,negative,True,34,34,33,0,34,34,31,2,50,0,True,True
aligned,train,STeqtJLakQQ$_$5,STeqtJLakQQ,5,113,18,21,False,-0.6666666865348816,0,negative,negative,True,20,20,19,0,20,20,17,2,50,0,True,True
aligned,train,SWHmteF5Rlk$_$2,SWHmteF5Rlk,2,112,21,25,False,-0.6666666865348816,0,negative,negative,True,24,24,23,0,24,24,23,0,50,0,True,True
aligned,train,SWHmteF5Rlk$_$6,SWHmteF5Rlk,6,108,19,25,False,1.3333333730697632,2,positive,positive,True,24,24,23,0,24,24,23,0,50,0,True,True
aligned,train,SWhfaL7AdEc$_$2,SWhfaL7AdEc,2,188,24,35,False,1.0,2,positive,positive,True,34,34,33,0,34,34,33,0,50,0,True,True
aligned,train,SWhfaL7AdEc$_$4,SWhfaL7AdEc,4,373,64,50,False,0.6666666865348816,2,positive,positive,True,49,49,48,0,49,49,48,0,50,0,True,True
aligned,train,SYnygYs-fAg$_$14,SYnygYs-fAg,14,107,18,22,False,1.6666666269302368,2,positive,positive,True,21,21,20,0,20,20,11,8,50,0,True,True
aligned,train,SYnygYs-fAg$_$0,SYnygYs-fAg,0,177,29,33,False,0.3333333432674408,2,positive,positive,True,32,32,31,0,32,32,31,0,50,0,True,True
aligned,train,SYnygYs-fAg$_$6,SYnygYs-fAg,6,67,14,16,False,0.3333333432674408,2,positive,positive,True,15,15,14,0,15,15,14,0,50,0,True,True
aligned,train,SYnygYs-fAg$_$8,SYnygYs-fAg,8,292,53,50,False,2.0,2,positive,positive,True,49,49,48,0,49,49,48,0,50,0,True,True
aligned,train,S_mxvk4LEh0$_$12,S_mxvk4LEh0,12,81,15,21,False,2.0,2,positive,positive,True,20,20,19,0,20,20,19,0,50,0,True,True
aligned,train,S_mxvk4LEh0$_$5,S_mxvk4LEh0,5,60,10,13,False,0.0,1,neutral,neutral,True,12,12,11,0,12,12,11,0,50,0,True,True
aligned,train,Sb2xMPwNKPo$_$18,Sb2xMPwNKPo,18,78,12,17,False,0.0,1,neutral,neutral,True,16,16,15,0,16,16,15,0,50,0,True,True
aligned,train,Sb2xMPwNKPo$_$5,Sb2xMPwNKPo,5,69,11,14,False,0.0,1,neutral,neutral,True,13,13,12,0,13,13,12,0,50,0,True,True
aligned,train,ShgrdU9WAJE$_$12,ShgrdU9WAJE,12,128,25,29,False,-0.3333333432674408,0,negative,negative,True,28,28,27,0,28,28,27,0,50,0,True,True
aligned,train,ShgrdU9WAJE$_$2,ShgrdU9WAJE,2,120,22,31,False,1.0,2,positive,positive,True,30,30,29,0,30,30,29,0,50,0,True,True
aligned,train,ShgrdU9WAJE$_$5,ShgrdU9WAJE,5,86,17,24,False,0.0,1,neutral,neutral,True,23,23,22,0,23,23,22,0,50,0,True,True
aligned,train,Sir2QeCh4B0$_$5,Sir2QeCh4B0,5,112,21,30,False,0.0,1,neutral,neutral,True,29,29,28,0,29,29,28,0,50,0,True,True
aligned,train,So3bPzg2bq0$_$10,So3bPzg2bq0,10,92,16,20,False,0.3333333432674408,2,positive,positive,True,19,19,18,0,19,19,18,0,50,0,True,True
aligned,train,So3bPzg2bq0$_$2,So3bPzg2bq0,2,61,13,16,False,0.0,1,neutral,neutral,True,15,15,14,0,15,15,14,0,50,0,True,True
aligned,train,SrMN3rwvCsE$_$1,SrMN3rwvCsE,1,126,22,28,False,-0.3333333432674408,0,negative,negative,True,27,27,26,0,27,27,26,0,50,0,True,True
aligned,train,StgqrTr0JqU$_$10,StgqrTr0JqU,10,205,38,46,False,1.3333333730697632,2,positive,positive,True,45,45,44,0,45,45,44,0,50,0,True,True
aligned,train,StgqrTr0JqU$_$0,StgqrTr0JqU,0,169,27,31,False,0.6666666865348816,2,positive,positive,True,30,30,29,0,30,30,29,0,50,0,True,True
aligned,train,SxbTZjZD0vU$_$5,SxbTZjZD0vU,5,33,8,10,False,-0.6666666865348816,0,negative,negative,True,9,9,8,0,9,9,8,0,50,0,True,True
aligned,train,SzJf6viBWBg$_$2,SzJf6viBWBg,2,61,13,19,False,0.0,1,neutral,neutral,True,18,18,17,0,18,18,17,0,50,0,True,True
aligned,train,SzJf6viBWBg$_$4,SzJf6viBWBg,4,84,15,20,False,0.0,1,neutral,neutral,True,19,19,18,0,19,19,18,0,50,0,True,True
aligned,train,T-8TvJcS78w$_$3,T-8TvJcS78w,3,296,50,50,False,1.6666666269302368,2,positive,positive,True,49,49,48,0,49,49,48,0,50,0,True,True
aligned,train,T-8TvJcS78w$_$7,T-8TvJcS78w,7,66,10,15,False,1.3333333730697632,2,positive,positive,True,14,14,13,0,14,14,13,0,50,0,True,True
aligned,train,T1icdxz0TNs$_$0,T1icdxz0TNs,0,123,22,33,False,1.3333333730697632,2,positive,positive,True,32,32,31,0,32,32,31,0,50,0,True,True
aligned,train,T4e4Ba1sRg0$_$0,T4e4Ba1sRg0,0,160,27,30,False,-2.0,0,negative,negative,True,29,29,28,0,29,29,28,0,50,0,True,True
aligned,train,T4e4Ba1sRg0$_$3,T4e4Ba1sRg0,3,145,24,29,False,-0.6666666865348816,0,negative,negative,True,28,28,27,0,28,28,27,0,50,0,True,True
aligned,train,T4e4Ba1sRg0$_$9,T4e4Ba1sRg0,9,256,42,50,False,-0.6666666865348816,0,negative,negative,True,49,49,48,0,49,49,48,0,50,0,True,True
aligned,train,TBCjKGYBNIo$_$24,TBCjKGYBNIo,24,49,10,16,False,0.6666666865348816,2,positive,positive,True,15,15,14,0,15,15,14,0,50,0,True,True
aligned,train,TBCjKGYBNIo$_$20,TBCjKGYBNIo,20,59,8,13,False,-1.0,0,negative,negative,True,12,12,11,0,12,12,11,0,50,0,True,True
aligned,train,TBCjKGYBNIo$_$3,TBCjKGYBNIo,3,378,73,50,False,-1.0,0,negative,negative,True,49,49,48,0,49,49,48,0,50,0,True,True
aligned,train,TBCjKGYBNIo$_$19,TBCjKGYBNIo,19,114,18,26,False,-0.6666666865348816,0,negative,negative,True,25,25,24,0,25,25,24,0,50,0,True,True
aligned,train,TBwetweXRb4$_$5,TBwetweXRb4,5,67,12,16,False,0.3333333432674408,2,positive,positive,True,15,15,14,0,10,10,9,0,50,0,True,True
aligned,train,TFKgo5JlPro$_$1,TFKgo5JlPro,1,256,41,47,False,-0.3333333432674408,0,negative,negative,True,46,46,45,0,46,46,45,0,50,0,True,True
aligned,train,TFKgo5JlPro$_$0,TFKgo5JlPro,0,312,48,50,False,0.0,1,neutral,neutral,True,49,49,48,0,49,49,48,0,50,0,True,True
aligned,train,TM7cHOHfF70$_$30,TM7cHOHfF70,30,128,22,26,False,0.6666666865348816,2,positive,positive,True,25,25,24,0,19,19,18,0,50,0,True,True
aligned,train,TM7cHOHfF70$_$5,TM7cHOHfF70,5,85,19,23,False,-1.0,0,negative,negative,True,22,22,21,0,22,22,21,0,50,0,True,True
aligned,train,TNwwVWA-oAE$_$22,TNwwVWA-oAE,22,230,44,50,False,0.6666666865348816,2,positive,positive,True,49,49,48,0,49,49,48,0,50,0,True,True
aligned,train,TNwwVWA-oAE$_$16,TNwwVWA-oAE,16,121,21,25,False,1.0,2,positive,positive,True,24,24,23,0,24,24,23,0,50,0,True,True
aligned,train,TO5HjoK8Iu8$_$10,TO5HjoK8Iu8,10,127,21,26,False,1.3333333730697632,2,positive,positive,True,25,25,24,0,25,25,24,0,50,0,True,True
aligned,train,TO5HjoK8Iu8$_$12,TO5HjoK8Iu8,12,91,12,19,False,0.6666666865348816,2,positive,positive,True,18,18,17,0,18,18,17,0,50,0,True,True
aligned,train,TSDC7CCyeGY$_$5,TSDC7CCyeGY,5,57,11,13,False,-1.0,0,negative,negative,True,12,12,11,0,11,11,6,4,50,0,True,True
aligned,train,TUY83eDK5jc$_$17,TUY83eDK5jc,17,97,18,25,False,1.0,2,positive,positive,True,24,24,23,0,11,11,2,8,50,0,True,True
aligned,train,TVhXqAI9gyA$_$1,TVhXqAI9gyA,1,67,13,16,False,0.0,1,neutral,neutral,True,15,15,14,0,15,15,14,0,50,0,True,True
aligned,train,TWMFQED1Myk$_$1,TWMFQED1Myk,1,103,19,30,False,0.6666666865348816,2,positive,positive,True,29,29,28,0,6,6,1,4,50,0,True,True
aligned,train,TWMFQED1Myk$_$3,TWMFQED1Myk,3,23,5,7,False,0.0,1,neutral,neutral,True,6,6,5,0,0,0,0,0,50,0,True,True
aligned,train,TWMFQED1Myk$_$6,TWMFQED1Myk,6,90,19,21,False,1.6666666269302368,2,positive,positive,True,20,20,19,0,0,0,0,0,50,0,True,True
aligned,train,TWf0XFpXwfs$_$0,TWf0XFpXwfs,0,136,28,31,False,0.0,1,neutral,neutral,True,30,30,29,0,30,30,29,0,50,0,True,True
aligned,train,TZXcQemh8n8$_$11,TZXcQemh8n8,11,69,14,19,False,-0.3333333432674408,0,negative,negative,True,18,18,17,0,18,18,17,0,50,0,True,True
aligned,train,Ta_IgA3XJ3s$_$27,Ta_IgA3XJ3s,27,67,12,18,False,1.0,2,positive,positive,True,17,17,16,0,17,17,16,0,50,0,True,True
aligned,train,Ta_IgA3XJ3s$_$21,Ta_IgA3XJ3s,21,123,19,30,False,0.3333333432674408,2,positive,positive,True,29,29,28,0,29,29,28,0,50,0,True,True
aligned,train,TahiuVpcROM$_$2,TahiuVpcROM,2,208,28,37,False,0.6666666865348816,2,positive,positive,True,36,36,35,0,36,36,35,0,50,0,True,True
aligned,train,TfBVq9oWBmM$_$1,TfBVq9oWBmM,1,70,17,20,False,0.6666666865348816,2,positive,positive,True,19,19,18,0,19,19,18,0,50,0,True,True
aligned,train,Tiq67-bAV3M$_$5,Tiq67-bAV3M,5,103,17,26,False,0.6666666865348816,2,positive,positive,True,25,25,24,0,25,25,24,0,50,0,True,True
aligned,train,TwTLsgfpKvA$_$0,TwTLsgfpKvA,0,70,12,21,False,0.0,1,neutral,neutral,True,20,20,19,0,20,20,19,0,50,0,True,True
aligned,train,TwTLsgfpKvA$_$9,TwTLsgfpKvA,9,40,7,11,False,0.6666666865348816,2,positive,positive,True,10,10,9,0,10,10,9,0,50,0,True,True
aligned,train,TxJjAK0WrOY$_$10,TxJjAK0WrOY,10,131,27,35,False,0.3333333432674408,2,positive,positive,True,34,34,33,0,34,34,33,0,50,0,True,True
aligned,train,U8Ewftg_8CI$_$2,U8Ewftg_8CI,2,97,19,28,False,-0.3333333432674408,0,negative,negative,True,27,27,26,0,27,27,26,0,50,0,True,True
aligned,train,UK_IXtJ2BqI$_$17,UK_IXtJ2BqI,17,72,15,17,False,1.0,2,positive,positive,True,16,16,15,0,16,16,15,0,50,0,True,True
aligned,train,UK_IXtJ2BqI$_$3,UK_IXtJ2BqI,3,53,10,12,False,0.6666666865348816,2,positive,positive,True,11,11,10,0,11,11,10,0,50,0,True,True
aligned,train,UK_IXtJ2BqI$_$7,UK_IXtJ2BqI,7,29,7,9,False,-1.0,0,negative,negative,True,8,8,7,0,8,8,7,0,50,0,True,True
aligned,train,ULtBuI6nMaY$_$10,ULtBuI6nMaY,10,172,32,38,False,2.0,2,positive,positive,True,37,37,36,0,37,37,36,0,50,0,True,True
aligned,train,ULtBuI6nMaY$_$1,ULtBuI6nMaY,1,235,40,49,False,0.0,1,neutral,neutral,True,48,48,47,0,48,48,47,0,50,0,True,True
aligned,train,UUukBV82P9A$_$11,UUukBV82P9A,11,156,26,40,False,0.0,1,neutral,neutral,True,39,39,38,0,39,39,38,0,50,0,True,True
aligned,train,UUukBV82P9A$_$10,UUukBV82P9A,10,81,12,20,False,-0.3333333432674408,0,negative,negative,True,19,19,18,0,19,19,18,0,50,0,True,True
aligned,train,UUukBV82P9A$_$2,UUukBV82P9A,2,95,15,21,False,1.3333333730697632,2,positive,positive,True,20,20,19,0,11,11,10,0,50,0,True,True
aligned,train,UXvMaHD9kmA$_$10,UXvMaHD9kmA,10,62,11,14,False,0.6666666865348816,2,positive,positive,True,13,13,12,0,13,13,12,0,50,0,True,True
aligned,train,UXvMaHD9kmA$_$18,UXvMaHD9kmA,18,136,22,26,False,1.3333333730697632,2,positive,positive,True,25,25,24,0,25,25,24,0,50,0,True,True
aligned,train,UXvMaHD9kmA$_$14,UXvMaHD9kmA,14,94,15,18,False,0.0,1,neutral,neutral,True,17,17,16,0,17,17,16,0,50,0,True,True
aligned,train,Ua4g9q0r-dI$_$24,Ua4g9q0r-dI,24,87,17,27,False,0.0,1,neutral,neutral,True,26,26,25,0,26,26,25,0,50,0,True,True
aligned,train,Ua4g9q0r-dI$_$15,Ua4g9q0r-dI,15,115,16,23,False,0.0,1,neutral,neutral,True,22,22,21,0,22,22,21,0,50,0,True,True
aligned,train,Ua4g9q0r-dI$_$31,Ua4g9q0r-dI,31,82,14,21,False,0.0,1,neutral,neutral,True,20,20,19,0,20,20,19,0,50,0,True,True
aligned,train,Ua4g9q0r-dI$_$14,Ua4g9q0r-dI,14,87,16,20,False,-0.6666666865348816,0,negative,negative,True,19,19,18,0,19,19,18,0,50,0,True,True
aligned,train,Uc-0G7RRxoY$_$16,Uc-0G7RRxoY,16,73,12,18,False,0.0,1,neutral,neutral,True,17,17,16,0,17,17,16,0,50,0,True,True
aligned,train,Uc-0G7RRxoY$_$6,Uc-0G7RRxoY,6,65,14,19,False,0.3333333432674408,2,positive,positive,True,18,18,17,0,18,18,17,0,50,0,True,True
aligned,train,UeOIb6s0pVM$_$6,UeOIb6s0pVM,6,32,7,9,False,2.0,2,positive,positive,True,8,8,7,0,8,8,7,0,50,0,True,True
aligned,train,UeOIb6s0pVM$_$8,UeOIb6s0pVM,8,135,26,32,False,0.6666666865348816,2,positive,positive,True,31,31,30,0,31,31,30,0,50,0,True,True
aligned,train,UgTM9y2rD38$_$2,UgTM9y2rD38,2,65,11,15,False,2.6666667461395264,2,positive,positive,True,14,14,13,0,14,14,13,0,50,0,True,True
aligned,train,UkqTwAuA8jI$_$7,UkqTwAuA8jI,7,24,5,7,False,0.0,1,neutral,neutral,True,6,6,5,0,6,6,5,0,50,0,True,True
aligned,train,UmB5c_QqUPs$_$11,UmB5c_QqUPs,11,205,39,46,False,-2.3333332538604736,0,negative,negative,True,45,45,44,0,45,45,44,0,50,0,True,True
aligned,train,UtjenieM1Ak$_$6,UtjenieM1Ak,6,68,15,18,False,1.0,2,positive,positive,True,17,17,16,0,17,17,16,0,50,0,True,True
aligned,train,UtuTyW9pUN8$_$6,UtuTyW9pUN8,6,130,25,32,False,0.0,1,neutral,neutral,True,31,31,30,0,31,31,30,0,50,0,True,True
aligned,train,Uw1nWfSuyo8$_$2,Uw1nWfSuyo8,2,77,14,19,False,0.3333333432674408,2,positive,positive,True,18,18,17,0,18,18,17,0,50,0,True,True
aligned,train,VAFdgtqZz4g$_$4,VAFdgtqZz4g,4,72,12,17,False,0.6666666865348816,2,positive,positive,True,16,16,15,0,16,16,15,0,50,0,True,True
aligned,train,VAr7gJydnys$_$13,VAr7gJydnys,13,98,21,30,False,0.0,1,neutral,neutral,True,29,29,28,0,29,29,28,0,50,0,True,True
aligned,train,VAr7gJydnys$_$1,VAr7gJydnys,1,37,8,10,False,-1.3333333730697632,0,negative,negative,True,9,9,8,0,9,9,8,0,50,0,True,True
aligned,train,VAr7gJydnys$_$0,VAr7gJydnys,0,154,25,30,False,1.0,2,positive,positive,True,29,29,28,0,29,29,28,0,50,0,True,True
aligned,train,VAr7gJydnys$_$6,VAr7gJydnys,6,37,7,9,False,1.0,2,positive,positive,True,8,8,7,0,8,8,7,0,50,0,True,True
aligned,train,VDjnKdFxuBE$_$0,VDjnKdFxuBE,0,169,28,38,False,2.6666667461395264,2,positive,positive,True,37,37,36,0,37,37,36,0,50,0,True,True
aligned,train,VN1IPN1TL3Q$_$0,VN1IPN1TL3Q,0,244,39,50,False,-1.3333333730697632,0,negative,negative,True,49,49,48,0,49,49,48,0,50,0,True,True
aligned,train,VN1IPN1TL3Q$_$5,VN1IPN1TL3Q,5,72,14,22,False,-1.6666666269302368,0,negative,negative,True,21,21,20,0,21,21,20,0,50,0,True,True
aligned,train,VUrTT7xsrec$_$1,VUrTT7xsrec,1,70,13,19,False,1.0,2,positive,positive,True,18,18,17,0,18,18,17,0,50,0,True,True
aligned,train,VWik5oKP6IU$_$3,VWik5oKP6IU,3,25,6,8,False,0.3333333432674408,2,positive,positive,True,7,7,6,0,7,7,6,0,50,0,True,True
aligned,train,VZqkWIPmH6w$_$4,VZqkWIPmH6w,4,82,16,20,False,0.0,1,neutral,neutral,True,19,19,18,0,19,19,18,0,50,0,True,True
aligned,train,Va54WZgPTdY$_$6,Va54WZgPTdY,6,120,24,31,False,-2.0,0,negative,negative,True,30,30,29,0,30,30,29,0,50,0,True,True
aligned,train,VbSsGRXIwjc$_$2,VbSsGRXIwjc,2,121,23,32,False,1.6666666269302368,2,positive,positive,True,31,31,30,0,31,31,30,0,50,0,True,True
aligned,train,Ve-mmCM8TI0$_$15,Ve-mmCM8TI0,15,59,11,14,False,0.0,1,neutral,neutral,True,13,13,12,0,13,13,12,0,50,0,True,True
aligned,train,Ve-mmCM8TI0$_$2,Ve-mmCM8TI0,2,99,16,24,False,0.0,1,neutral,neutral,True,23,23,22,0,23,23,22,0,50,0,True,True
aligned,train,Ve-mmCM8TI0$_$4,Ve-mmCM8TI0,4,101,18,25,False,0.0,1,neutral,neutral,True,24,24,23,0,24,24,23,0,50,0,True,True
aligned,train,Ve-mmCM8TI0$_$7,Ve-mmCM8TI0,7,105,20,23,False,0.3333333432674408,2,positive,positive,True,22,22,21,0,22,22,21,0,50,0,True,True
aligned,train,Ve-mmCM8TI0$_$6,Ve-mmCM8TI0,6,86,18,22,False,-1.0,0,negative,negative,True,21,21,20,0,21,21,20,0,50,0,True,True
aligned,train,VhKJm_jiciU$_$10,VhKJm_jiciU,10,95,17,23,False,1.3333333730697632,2,positive,positive,True,22,22,21,0,22,22,20,1,50,0,True,True
aligned,train,VjAvqFXEmmk$_$3,VjAvqFXEmmk,3,79,13,19,False,0.0,1,neutral,neutral,True,18,18,17,0,18,18,17,0,50,0,True,True
aligned,train,VjAvqFXEmmk$_$2,VjAvqFXEmmk,2,65,12,14,False,0.0,1,neutral,neutral,True,13,13,12,0,13,13,12,0,50,0,True,True
aligned,train,VjAvqFXEmmk$_$4,VjAvqFXEmmk,4,121,20,25,False,0.6666666865348816,2,positive,positive,True,24,24,23,0,24,24,23,0,50,0,True,True
aligned,train,VoETCD8fBLI$_$5,VoETCD8fBLI,5,70,13,18,False,0.6666666865348816,2,positive,positive,True,17,17,16,0,17,17,16,0,50,0,True,True
aligned,train,Vv2DTPyyw90$_$0,Vv2DTPyyw90,0,149,26,30,False,0.0,1,neutral,neutral,True,29,29,28,0,29,29,28,0,50,0,True,True
aligned,train,Vw4-ae-ucHE$_$0,Vw4-ae-ucHE,0,80,14,20,False,-0.3333333432674408,0,negative,negative,True,19,19,18,0,19,19,18,0,50,0,True,True
aligned,train,Vw4-ae-ucHE$_$3,Vw4-ae-ucHE,3,121,21,28,False,0.3333333432674408,2,positive,positive,True,27,27,26,0,27,27,26,0,50,0,True,True
aligned,train,Vw4-ae-ucHE$_$2,Vw4-ae-ucHE,2,132,22,25,False,0.6666666865348816,2,positive,positive,True,24,24,23,0,24,24,23,0,50,0,True,True
aligned,train,Vx8npmcFxak$_$5,Vx8npmcFxak,5,99,19,25,False,2.0,2,positive,positive,True,24,24,23,0,24,24,23,0,50,0,True,True
aligned,train,VybXjsmsjAY$_$13,VybXjsmsjAY,13,102,15,19,False,1.0,2,positive,positive,True,18,18,17,0,18,18,17,0,50,0,True,True
aligned,train,W-pA0lOGLR0$_$5,W-pA0lOGLR0,5,92,17,20,False,0.3333333432674408,2,positive,positive,True,19,19,18,0,19,19,18,0,50,0,True,True
aligned,train,W-ptEZFARVo$_$2,W-ptEZFARVo,2,66,16,18,False,1.0,2,positive,positive,True,17,17,16,0,3,3,1,1,50,0,True,True
aligned,train,W-q9bPlMIVI$_$14,W-q9bPlMIVI,14,154,25,31,False,0.0,1,neutral,neutral,True,30,30,29,0,30,30,29,0,50,0,True,True
aligned,train,W40BaML7mzc$_$0,W40BaML7mzc,0,81,17,24,False,1.0,2,positive,positive,True,23,23,22,0,23,23,22,0,50,0,True,True
aligned,train,W53uRqITk2I$_$0,W53uRqITk2I,0,26,5,8,False,0.6666666865348816,2,positive,positive,True,7,7,6,0,7,7,6,0,50,0,True,True
aligned,train,W53uRqITk2I$_$6,W53uRqITk2I,6,185,28,39,False,1.0,2,positive,positive,True,38,38,37,0,38,38,37,0,50,0,True,True
aligned,train,WAXJRnJXmOA$_$18,WAXJRnJXmOA,18,131,23,32,False,0.6666666865348816,2,positive,positive,True,31,31,30,0,31,31,30,0,50,0,True,True
aligned,train,WAXJRnJXmOA$_$5,WAXJRnJXmOA,5,59,9,14,False,0.3333333432674408,2,positive,positive,True,13,13,12,0,13,13,12,0,50,0,True,True
aligned,train,WBCRTcMJZZc$_$3,WBCRTcMJZZc,3,97,19,25,False,0.6666666865348816,2,positive,positive,True,24,24,23,0,24,24,23,0,50,0,True,True
aligned,train,WGfGxoI05ew$_$3,WGfGxoI05ew,3,114,23,32,False,2.0,2,positive,positive,True,31,31,30,0,31,31,30,0,50,0,True,True
aligned,train,WHUHTmtBJWU$_$14,WHUHTmtBJWU,14,89,19,22,False,0.0,1,neutral,neutral,True,21,21,20,0,21,21,20,0,50,0,True,True
aligned,train,WMzvDL7b4sM$_$0,WMzvDL7b4sM,0,66,9,14,False,0.6666666865348816,2,positive,positive,True,13,13,12,0,13,13,12,0,50,0,True,True
aligned,train,WTF9xgqLIvI$_$2,WTF9xgqLIvI,2,22,5,8,False,0.6666666865348816,2,positive,positive,True,7,7,6,0,0,0,0,0,50,0,True,True
aligned,train,WTF9xgqLIvI$_$7,WTF9xgqLIvI,7,38,5,9,False,1.3333333730697632,2,positive,positive,True,8,8,7,0,0,0,0,0,50,0,True,True
aligned,train,WUeSV0Z23Kg$_$1,WUeSV0Z23Kg,1,60,15,17,False,-0.3333333432674408,0,negative,negative,True,16,16,15,0,16,16,15,0,50,0,True,True
aligned,train,WXKgBIiP8IA$_$10,WXKgBIiP8IA,10,90,19,23,False,0.0,1,neutral,neutral,True,22,22,21,0,22,22,21,0,50,0,True,True
aligned,train,WXKgBIiP8IA$_$1,WXKgBIiP8IA,1,49,10,13,False,0.3333333432674408,2,positive,positive,True,12,12,11,0,12,12,10,1,50,0,True,True
aligned,train,WXKgBIiP8IA$_$2,WXKgBIiP8IA,2,133,25,31,False,1.3333333730697632,2,positive,positive,True,30,30,29,0,15,15,14,0,50,0,True,True
aligned,train,WXKgBIiP8IA$_$5,WXKgBIiP8IA,5,116,24,31,False,0.3333333432674408,2,positive,positive,True,30,30,29,0,30,30,3,26,50,0,True,True
aligned,train,Wfn7XvSEwUA$_$1,Wfn7XvSEwUA,1,42,9,13,False,0.0,1,neutral,neutral,True,12,12,11,0,12,12,11,0,50,0,True,True
aligned,train,Wfn7XvSEwUA$_$3,Wfn7XvSEwUA,3,104,22,24,False,0.3333333432674408,2,positive,positive,True,23,23,22,0,23,23,22,0,50,0,True,True
aligned,train,Wh6sht7xwqQ$_$11,Wh6sht7xwqQ,11,98,20,27,False,0.6666666865348816,2,positive,positive,True,26,26,25,0,26,26,25,0,50,0,True,True
aligned,train,Wh6sht7xwqQ$_$0,Wh6sht7xwqQ,0,74,16,18,False,0.3333333432674408,2,positive,positive,True,17,17,16,0,17,17,16,0,50,0,True,True
aligned,train,Wn8nz8GPKkI$_$1,Wn8nz8GPKkI,1,99,14,20,False,-0.3333333432674408,0,negative,negative,True,19,19,18,0,19,19,18,0,50,0,True,True
aligned,train,Wn8nz8GPKkI$_$0,Wn8nz8GPKkI,0,119,18,23,False,0.3333333432674408,2,positive,positive,True,22,22,21,0,22,22,21,0,50,0,True,True
aligned,train,Wnw1IAEDwDM$_$0,Wnw1IAEDwDM,0,110,21,27,False,0.0,1,neutral,neutral,True,26,26,25,0,26,26,25,0,50,0,True,True
aligned,train,Wo1RxRjXyYw$_$3,Wo1RxRjXyYw,3,138,24,34,False,0.3333333432674408,2,positive,positive,True,33,33,32,0,33,33,32,0,50,0,True,True
aligned,train,Wo1RxRjXyYw$_$2,Wo1RxRjXyYw,2,98,18,23,False,0.3333333432674408,2,positive,positive,True,22,22,21,0,0,0,0,0,50,0,True,True
aligned,train,Wo1RxRjXyYw$_$6,Wo1RxRjXyYw,6,61,9,16,False,0.0,1,neutral,neutral,True,15,15,14,0,15,15,8,6,50,0,True,True
aligned,train,Wo1RxRjXyYw$_$8,Wo1RxRjXyYw,8,122,20,26,False,0.3333333432674408,2,positive,positive,True,25,25,24,0,25,25,24,0,50,0,True,True
aligned,train,WtiBpLt2wuA$_$2,WtiBpLt2wuA,2,123,21,30,False,0.0,1,neutral,neutral,True,29,29,28,0,29,29,28,0,50,0,True,True
aligned,train,Wx9nThz5z_Y$_$31,Wx9nThz5z_Y,31,79,14,24,False,0.0,1,neutral,neutral,True,23,23,22,0,23,23,22,0,50,0,True,True
aligned,train,WxYb2x_irTM$_$2,WxYb2x_irTM,2,179,34,38,False,1.3333333730697632,2,positive,positive,True,37,37,36,0,37,37,36,0,50,0,True,True
aligned,train,X0jMZoxUL2A$_$4,X0jMZoxUL2A,4,40,5,7,False,0.3333333432674408,2,positive,positive,True,6,6,5,0,6,6,5,0,50,0,True,True
aligned,train,X0jMZoxUL2A$_$7,X0jMZoxUL2A,7,32,7,10,False,1.0,2,positive,positive,True,9,9,8,0,9,9,8,0,50,0,True,True
aligned,train,X0jMZoxUL2A$_$8,X0jMZoxUL2A,8,105,19,26,False,1.3333333730697632,2,positive,positive,True,25,25,24,0,25,25,24,0,50,0,True,True
aligned,train,X2leyjuolDM$_$8,X2leyjuolDM,8,91,17,25,False,0.6666666865348816,2,positive,positive,True,24,24,23,0,24,24,23,0,50,0,True,True
aligned,train,X6-jJO00DMg$_$8,X6-jJO00DMg,8,187,31,42,False,0.0,1,neutral,neutral,True,41,41,40,0,41,41,40,0,50,0,True,True
aligned,train,X7-Gbk8gAD0$_$0,X7-Gbk8gAD0,0,56,9,11,False,0.6666666865348816,2,positive,positive,True,10,10,9,0,0,0,0,0,50,0,True,True
aligned,train,X7-Gbk8gAD0$_$2,X7-Gbk8gAD0,2,33,8,11,False,0.0,1,neutral,neutral,True,10,10,9,0,10,10,9,0,50,0,True,True
aligned,train,X7-Gbk8gAD0$_$6,X7-Gbk8gAD0,6,100,18,20,False,1.3333333730697632,2,positive,positive,True,19,19,18,0,19,19,18,0,50,0,True,True
aligned,train,XAT2IfFFAU0$_$3,XAT2IfFFAU0,3,100,19,24,False,0.0,1,neutral,neutral,True,23,23,22,0,23,23,22,0,50,0,True,True
aligned,train,XAgD-xoil40$_$16,XAgD-xoil40,16,63,10,17,False,0.0,1,neutral,neutral,True,16,16,15,0,16,16,15,0,50,0,True,True
aligned,train,XAgD-xoil40$_$2,XAgD-xoil40,2,86,17,25,False,0.0,1,neutral,neutral,True,24,24,23,0,24,24,23,0,50,0,True,True
aligned,train,XCyngF93SmU$_$5,XCyngF93SmU,5,45,7,9,False,0.0,1,neutral,neutral,True,8,8,7,0,8,8,7,0,50,0,True,True
aligned,train,XCyngF93SmU$_$4,XCyngF93SmU,4,159,21,27,False,0.0,1,neutral,neutral,True,26,26,25,0,26,26,25,0,50,0,True,True
aligned,train,XDVkhOziCkg$_$1,XDVkhOziCkg,1,33,6,9,False,1.3333333730697632,2,positive,positive,True,8,8,7,0,8,8,7,0,50,0,True,True
aligned,train,XEZ7e4pf1xE$_$11,XEZ7e4pf1xE,11,55,12,14,False,-1.3333333730697632,0,negative,negative,True,13,13,12,0,13,13,12,0,50,0,True,True
aligned,train,XEZ7e4pf1xE$_$12,XEZ7e4pf1xE,12,25,5,8,False,-1.6666666269302368,0,negative,negative,True,7,7,6,0,7,7,4,2,50,0,True,True
aligned,train,XFGHTk_3hGg$_$9,XFGHTk_3hGg,9,92,20,26,False,0.6666666865348816,2,positive,positive,True,25,25,24,0,25,25,24,0,50,0,True,True
aligned,train,XFGHTk_3hGg$_$5,XFGHTk_3hGg,5,97,17,23,False,0.3333333432674408,2,positive,positive,True,22,22,21,0,22,22,21,0,50,0,True,True
aligned,train,XFGHTk_3hGg$_$6,XFGHTk_3hGg,6,68,9,15,False,0.3333333432674408,2,positive,positive,True,14,14,13,0,14,14,13,0,50,0,True,True
aligned,train,XPoY4LD-A1I$_$12,XPoY4LD-A1I,12,52,9,11,False,0.0,1,neutral,neutral,True,10,10,9,0,6,6,1,4,50,0,True,True
aligned,train,XPoY4LD-A1I$_$8,XPoY4LD-A1I,8,142,26,29,False,-0.3333333432674408,0,negative,negative,True,28,28,27,0,0,0,0,0,50,0,True,True
aligned,train,XQOUZhWI1B0$_$3,XQOUZhWI1B0,3,209,39,50,False,-3.0,0,negative,negative,True,49,49,48,0,49,49,39,9,50,0,True,True
aligned,train,XQxnAPleuCE$_$3,XQxnAPleuCE,3,180,33,38,False,0.6666666865348816,2,positive,positive,True,37,37,36,0,37,37,36,0,50,0,True,True
aligned,train,XVSDfgstFUQ$_$1,XVSDfgstFUQ,1,159,30,36,False,2.0,2,positive,positive,True,35,35,34,0,35,35,34,0,50,0,True,True
aligned,train,XVSDfgstFUQ$_$3,XVSDfgstFUQ,3,61,13,16,False,2.6666667461395264,2,positive,positive,True,15,15,14,0,15,15,14,0,50,0,True,True
aligned,train,XVSDfgstFUQ$_$4,XVSDfgstFUQ,4,134,27,35,False,2.6666667461395264,2,positive,positive,True,34,34,33,0,34,34,33,0,50,0,True,True
aligned,train,XXvSLz8QmGk$_$10,XXvSLz8QmGk,10,110,23,29,False,1.6666666269302368,2,positive,positive,True,28,28,27,0,28,28,19,8,50,0,True,True
aligned,train,XXvSLz8QmGk$_$7,XXvSLz8QmGk,7,394,72,50,False,2.0,2,positive,positive,True,49,49,48,0,47,47,1,45,50,0,True,True
aligned,train,XbolrpSc0KU$_$5,XbolrpSc0KU,5,135,25,28,False,-0.6666666865348816,0,negative,negative,True,27,27,26,0,27,27,26,0,50,0,True,True
aligned,train,XcHLB-qfv5M$_$0,XcHLB-qfv5M,0,172,26,30,False,0.0,1,neutral,neutral,True,29,29,28,0,29,29,28,0,50,0,True,True
aligned,train,XcHLB-qfv5M$_$3,XcHLB-qfv5M,3,91,13,16,False,0.0,1,neutral,neutral,True,15,15,14,0,15,15,14,0,50,0,True,True
aligned,train,XgT2WWcXip4$_$7,XgT2WWcXip4,7,110,20,26,False,0.0,1,neutral,neutral,True,25,25,24,0,25,25,24,0,50,0,True,True
aligned,train,Xo6-V2RlWss$_$1,Xo6-V2RlWss,1,79,16,23,False,2.6666667461395264,2,positive,positive,True,22,22,21,0,22,22,21,0,50,0,True,True
aligned,train,Xo6-V2RlWss$_$0,Xo6-V2RlWss,0,97,19,23,False,1.6666666269302368,2,positive,positive,True,22,22,21,0,22,22,21,0,50,0,True,True
aligned,train,Xq7zLxYHxd8$_$10,Xq7zLxYHxd8,10,99,20,27,False,0.0,1,neutral,neutral,True,26,26,25,0,26,26,25,0,50,0,True,True
aligned,train,XsEPZydHWdo$_$4,XsEPZydHWdo,4,165,34,40,False,1.3333333730697632,2,positive,positive,True,39,39,38,0,39,39,38,0,50,0,True,True
aligned,train,XwOdPYlyqXA$_$12,XwOdPYlyqXA,12,109,23,26,False,0.6666666865348816,2,positive,positive,True,25,25,24,0,25,25,24,0,50,0,True,True
aligned,train,Xx7Y2YIbleA$_$16,Xx7Y2YIbleA,16,120,21,25,False,1.0,2,positive,positive,True,24,24,23,0,24,24,23,0,50,0,True,True
aligned,train,Xx7Y2YIbleA$_$9,Xx7Y2YIbleA,9,181,28,34,False,1.6666666269302368,2,positive,positive,True,33,33,32,0,15,15,14,0,50,0,True,True
aligned,train,Xx7Y2YIbleA$_$8,Xx7Y2YIbleA,8,72,10,15,False,0.0,1,neutral,neutral,True,14,14,13,0,14,14,13,0,50,0,True,True
aligned,train,XyBU_gZtU0M$_$23,XyBU_gZtU0M,23,63,12,14,False,0.3333333432674408,2,positive,positive,True,13,13,12,0,13,13,12,0,50,0,True,True
aligned,train,XyBU_gZtU0M$_$4,XyBU_gZtU0M,4,110,22,28,False,-0.3333333432674408,0,negative,negative,True,27,27,26,0,27,27,26,0,50,0,True,True
aligned,train,XyBU_gZtU0M$_$9,XyBU_gZtU0M,9,83,14,20,False,0.0,1,neutral,neutral,True,19,19,18,0,19,19,18,0,50,0,True,True
aligned,train,XzhRYIeczg4$_$6,XzhRYIeczg4,6,91,12,18,False,0.3333333432674408,2,positive,positive,True,17,17,16,0,17,17,16,0,50,0,True,True
aligned,train,Y6zyM1nDhN0$_$2,Y6zyM1nDhN0,2,50,7,11,False,-1.0,0,negative,negative,True,10,10,9,0,10,10,9,0,50,0,True,True
aligned,train,Y6zyM1nDhN0$_$4,Y6zyM1nDhN0,4,111,17,21,False,0.0,1,neutral,neutral,True,20,20,19,0,20,20,13,6,50,0,True,True
aligned,train,YAYfMkxhRiQ$_$3,YAYfMkxhRiQ,3,114,20,28,False,-0.6666666865348816,0,negative,negative,True,27,27,26,0,27,27,26,0,50,0,True,True
aligned,train,YB9EUgrzCCo$_$10,YB9EUgrzCCo,10,65,15,24,False,-2.0,0,negative,negative,True,23,23,22,0,23,23,22,0,50,0,True,True
aligned,train,YB9EUgrzCCo$_$5,YB9EUgrzCCo,5,62,13,17,False,0.6666666865348816,2,positive,positive,True,16,16,15,0,16,16,15,0,50,0,True,True
aligned,train,YGeVGXXK3ao$_$1,YGeVGXXK3ao,1,106,18,25,False,0.0,1,neutral,neutral,True,24,24,23,0,24,24,23,0,50,0,True,True
aligned,train,YGeVGXXK3ao$_$4,YGeVGXXK3ao,4,83,15,20,False,0.0,1,neutral,neutral,True,19,19,18,0,0,0,0,0,50,0,True,True
aligned,train,YITXOmhQhYE$_$0,YITXOmhQhYE,0,178,33,44,False,1.6666666269302368,2,positive,positive,True,43,43,42,0,43,43,42,0,50,0,True,True
aligned,train,YITXOmhQhYE$_$3,YITXOmhQhYE,3,93,15,21,False,1.0,2,positive,positive,True,20,20,19,0,20,20,19,0,50,0,True,True
aligned,train,YITXOmhQhYE$_$5,YITXOmhQhYE,5,78,15,18,False,2.0,2,positive,positive,True,17,17,16,0,17,17,16,0,50,0,True,True
aligned,train,YITXOmhQhYE$_$7,YITXOmhQhYE,7,118,24,27,False,0.3333333432674408,2,positive,positive,True,26,26,25,0,26,26,25,0,50,0,True,True
aligned,train,YITXOmhQhYE$_$6,YITXOmhQhYE,6,62,13,16,False,0.3333333432674408,2,positive,positive,True,15,15,14,0,15,15,14,0,50,0,True,True
aligned,train,YJJoYkFPmds$_$10,YJJoYkFPmds,10,64,14,16,False,0.6666666865348816,2,positive,positive,True,15,15,14,0,10,10,7,2,50,0,True,True
aligned,train,YJJoYkFPmds$_$5,YJJoYkFPmds,5,120,24,26,False,0.3333333432674408,2,positive,positive,True,25,25,24,0,25,25,22,2,50,0,True,True
aligned,train,YJJoYkFPmds$_$7,YJJoYkFPmds,7,58,12,15,False,0.3333333432674408,2,positive,positive,True,14,14,13,0,14,14,9,4,50,0,True,True
aligned,train,YLA7h1RTa9w$_$4,YLA7h1RTa9w,4,56,13,15,False,0.0,1,neutral,neutral,True,14,14,13,0,14,14,13,0,50,0,True,True
aligned,train,YRmjALBdTdE$_$7,YRmjALBdTdE,7,38,7,11,False,-1.0,0,negative,negative,True,10,10,9,0,10,10,4,5,50,0,True,True
aligned,train,YVBsDJtAbk4$_$7,YVBsDJtAbk4,7,104,16,19,False,-0.6666666865348816,0,negative,negative,True,18,18,17,0,18,18,17,0,50,0,True,True
aligned,train,YVHJpAROBvQ$_$2,YVHJpAROBvQ,2,21,6,8,False,0.6666666865348816,2,positive,positive,True,7,7,6,0,7,7,6,0,50,0,True,True
aligned,train,YWjTWl0oNLk$_$11,YWjTWl0oNLk,11,63,11,16,False,1.6666666269302368,2,positive,positive,True,15,15,14,0,15,15,14,0,50,0,True,True
aligned,train,YWjTWl0oNLk$_$1,YWjTWl0oNLk,1,39,8,11,False,0.0,1,neutral,neutral,True,10,10,9,0,10,10,9,0,50,0,True,True
aligned,train,YWjTWl0oNLk$_$3,YWjTWl0oNLk,3,34,8,10,False,0.0,1,neutral,neutral,True,9,9,8,0,9,9,8,0,50,0,True,True
aligned,train,YWjTWl0oNLk$_$4,YWjTWl0oNLk,4,98,19,24,False,-0.3333333432674408,0,negative,negative,True,23,23,22,0,23,23,22,0,50,0,True,True
aligned,train,YWjTWl0oNLk$_$7,YWjTWl0oNLk,7,88,16,23,False,0.6666666865348816,2,positive,positive,True,22,22,21,0,22,22,21,0,50,0,True,True
aligned,train,YWjTWl0oNLk$_$9,YWjTWl0oNLk,9,113,20,25,False,0.6666666865348816,2,positive,positive,True,24,24,23,0,24,24,23,0,50,0,True,True
aligned,train,YWxvIFmYnNU$_$13,YWxvIFmYnNU,13,113,20,25,False,0.0,1,neutral,neutral,True,24,24,23,0,24,24,23,0,50,0,True,True
aligned,train,YWxvIFmYnNU$_$20,YWxvIFmYnNU,20,60,9,17,False,0.0,1,neutral,neutral,True,16,16,15,0,16,16,15,0,50,0,True,True
aligned,train,YWxvIFmYnNU$_$26,YWxvIFmYnNU,26,81,17,22,False,0.6666666865348816,2,positive,positive,True,21,21,20,0,21,21,20,0,50,0,True,True
aligned,train,YcJ5RJYUr7Y$_$17,YcJ5RJYUr7Y,17,94,19,24,False,2.3333332538604736,2,positive,positive,True,23,23,22,0,23,23,22,0,50,0,True,True
aligned,train,YcJ5RJYUr7Y$_$19,YcJ5RJYUr7Y,19,323,65,50,False,1.6666666269302368,2,positive,positive,True,49,49,48,0,49,49,48,0,50,0,True,True
aligned,train,YcJ5RJYUr7Y$_$2,YcJ5RJYUr7Y,2,94,19,24,False,0.3333333432674408,2,positive,positive,True,23,23,22,0,23,23,22,0,50,0,True,True
aligned,train,YcyHQQXGXWA$_$4,YcyHQQXGXWA,4,35,7,10,False,1.6666666269302368,2,positive,positive,True,9,9,8,0,0,0,0,0,50,0,True,True
aligned,train,YfxtwXXkCmc$_$0,YfxtwXXkCmc,0,23,4,10,False,0.0,1,neutral,neutral,True,9,9,8,0,9,9,8,0,50,0,True,True
aligned,train,Yi6Qyn4X8is$_$16,Yi6Qyn4X8is,16,384,73,50,False,-0.6666666865348816,0,negative,negative,True,49,49,48,0,49,49,48,0,50,0,True,True
aligned,train,Yi6Qyn4X8is$_$7,Yi6Qyn4X8is,7,107,22,26,False,-2.0,0,negative,negative,True,25,25,24,0,25,25,24,0,50,0,True,True
aligned,train,YmGfjU5PGyE$_$5,YmGfjU5PGyE,5,90,19,24,False,0.3333333432674408,2,positive,positive,True,23,23,22,0,23,23,22,0,50,0,True,True
aligned,train,Yn8vNC41UMg$_$10,Yn8vNC41UMg,10,126,23,30,False,0.6666666865348816,2,positive,positive,True,29,29,28,0,29,29,28,0,50,0,True,True
aligned,train,YodtMIsjM0c$_$7,YodtMIsjM0c,7,30,8,10,False,0.6666666865348816,2,positive,positive,True,9,9,8,0,9,9,8,0,50,0,True,True
aligned,train,Z-26eyME6Co$_$10,Z-26eyME6Co,10,71,15,18,False,-0.3333333432674408,0,negative,negative,True,17,17,16,0,17,17,16,0,50,0,True,True
aligned,train,Z3fcd1wdzr0$_$2,Z3fcd1wdzr0,2,95,19,23,False,0.0,1,neutral,neutral,True,22,22,21,0,21,21,20,0,50,0,True,True
aligned,train,Z3fcd1wdzr0$_$5,Z3fcd1wdzr0,5,43,9,14,False,0.6666666865348816,2,positive,positive,True,13,13,12,0,13,13,12,0,50,0,True,True
aligned,train,Z3fcd1wdzr0$_$4,Z3fcd1wdzr0,4,106,16,21,False,1.3333333730697632,2,positive,positive,True,20,20,19,0,20,20,19,0,50,0,True,True
aligned,train,Z3fcd1wdzr0$_$7,Z3fcd1wdzr0,7,21,6,8,False,0.0,1,neutral,neutral,True,7,7,6,0,7,7,6,0,50,0,True,True
aligned,train,ZDz8Qr-sJ3E$_$3,ZDz8Qr-sJ3E,3,133,24,29,False,-0.3333333432674408,0,negative,negative,True,28,28,27,0,28,28,27,0,50,0,True,True
aligned,train,ZDz8Qr-sJ3E$_$4,ZDz8Qr-sJ3E,4,61,12,15,False,0.0,1,neutral,neutral,True,14,14,13,0,14,14,13,0,50,0,True,True
aligned,train,ZJGzEeDXbyM$_$0,ZJGzEeDXbyM,0,24,5,9,False,0.6666666865348816,2,positive,positive,True,8,8,7,0,8,8,3,4,50,0,True,True
aligned,train,ZQuGizjoCTY$_$4,ZQuGizjoCTY,4,42,9,13,False,-0.3333333432674408,0,negative,negative,True,12,12,11,0,0,0,0,0,50,0,True,True
aligned,train,ZQuGizjoCTY$_$8,ZQuGizjoCTY,8,83,16,20,False,2.0,2,positive,positive,True,19,19,18,0,0,0,0,0,50,0,True,True
aligned,train,ZSBoSJaD2tQ$_$1,ZSBoSJaD2tQ,1,125,22,27,False,0.0,1,neutral,neutral,True,26,26,25,0,26,26,25,0,50,0,True,True
aligned,train,ZSBoSJaD2tQ$_$8,ZSBoSJaD2tQ,8,81,14,18,False,0.0,1,neutral,neutral,True,17,17,16,0,17,17,16,0,50,0,True,True
aligned,train,ZW4Oe_fKJM0$_$7,ZW4Oe_fKJM0,7,134,21,24,False,1.0,2,positive,positive,True,23,23,22,0,23,23,22,0,50,0,True,True
aligned,train,ZXHX_e6HCI0$_$0,ZXHX_e6HCI0,0,123,20,28,False,0.6666666865348816,2,positive,positive,True,27,27,26,0,27,27,26,0,50,0,True,True
aligned,train,ZZ1IyZaMTWQ$_$0,ZZ1IyZaMTWQ,0,101,17,22,False,2.0,2,positive,positive,True,21,21,20,0,21,21,20,0,50,0,True,True
aligned,train,ZZ1IyZaMTWQ$_$5,ZZ1IyZaMTWQ,5,69,12,18,False,0.6666666865348816,2,positive,positive,True,17,17,16,0,17,17,16,0,50,0,True,True
aligned,train,Zae-zQ3VBpY$_$2,Zae-zQ3VBpY,2,236,40,50,False,1.0,2,positive,positive,True,49,49,48,0,35,35,4,30,50,0,True,True
aligned,train,Zg9DKOHJdw8$_$3,Zg9DKOHJdw8,3,161,28,31,False,0.6666666865348816,2,positive,positive,True,30,30,29,0,30,30,29,0,50,0,True,True
aligned,train,Zj_4YmbMWtg$_$10,Zj_4YmbMWtg,10,70,15,21,False,1.0,2,positive,positive,True,20,20,19,0,20,20,19,0,50,0,True,True
aligned,train,Zo8jCDGMWjw$_$0,Zo8jCDGMWjw,0,75,15,19,False,0.6666666865348816,2,positive,positive,True,18,18,17,0,18,18,17,0,50,0,True,True
aligned,train,Zs8x712Y-CM$_$8,Zs8x712Y-CM,8,93,16,23,False,-0.3333333432674408,0,negative,negative,True,22,22,21,0,0,0,0,0,50,0,True,True
aligned,train,ZtuTCuh9C1M$_$11,ZtuTCuh9C1M,11,203,31,38,False,1.6666666269302368,2,positive,positive,True,37,37,36,0,37,37,36,0,50,0,True,True
aligned,train,ZtuTCuh9C1M$_$8,ZtuTCuh9C1M,8,75,14,20,False,1.0,2,positive,positive,True,19,19,18,0,19,19,18,0,50,0,True,True
aligned,train,ZzL2sHtTWRc$_$1,ZzL2sHtTWRc,1,84,16,19,False,0.0,1,neutral,neutral,True,18,18,17,0,18,18,17,0,50,0,True,True
aligned,train,_26JmJnPKfM$_$5,_26JmJnPKfM,5,191,26,32,False,1.3333333730697632,2,positive,positive,True,31,31,30,0,31,31,30,0,50,0,True,True
aligned,train,_26JmJnPKfM$_$8,_26JmJnPKfM,8,145,26,35,False,1.0,2,positive,positive,True,34,34,33,0,34,34,33,0,50,0,True,True
aligned,train,_26JmJnPKfM$_$11,_26JmJnPKfM,11,131,23,33,False,1.6666666269302368,2,positive,positive,True,32,32,31,0,32,32,31,0,50,0,True,True
aligned,train,_26JmJnPKfM$_$13,_26JmJnPKfM,13,87,15,20,False,1.0,2,positive,positive,True,19,19,18,0,19,19,18,0,50,0,True,True
aligned,train,_26JmJnPKfM$_$12,_26JmJnPKfM,12,177,36,44,False,1.3333333730697632,2,positive,positive,True,43,43,42,0,43,43,42,0,50,0,True,True
aligned,train,_26JmJnPKfM$_$15,_26JmJnPKfM,15,132,22,24,False,0.0,1,neutral,neutral,True,23,23,22,0,23,23,22,0,50,0,True,True
aligned,train,_26JmJnPKfM$_$14,_26JmJnPKfM,14,30,5,7,False,0.0,1,neutral,neutral,True,6,6,5,0,6,6,5,0,50,0,True,True
aligned,train,_4PNh8dIILI$_$3,_4PNh8dIILI,3,167,30,36,False,2.0,2,positive,positive,True,35,35,34,0,35,35,34,0,50,0,True,True
aligned,train,_8pvMpMdGM4$_$1,_8pvMpMdGM4,1,46,8,12,False,1.0,2,positive,positive,True,11,11,10,0,11,11,10,0,50,0,True,True
aligned,train,_8pvMpMdGM4$_$0,_8pvMpMdGM4,0,60,11,14,False,0.3333333432674408,2,positive,positive,True,13,13,12,0,13,13,12,0,50,0,True,True
aligned,train,_8pvMpMdGM4$_$4,_8pvMpMdGM4,4,97,20,24,False,1.3333333730697632,2,positive,positive,True,23,23,22,0,23,23,22,0,50,0,True,True
aligned,train,_8pvMpMdGM4$_$6,_8pvMpMdGM4,6,126,25,33,False,0.3333333432674408,2,positive,positive,True,32,32,31,0,32,32,31,0,50,0,True,True
aligned,train,_HabvL0VnrQ$_$31,_HabvL0VnrQ,31,67,11,27,False,0.3333333432674408,2,positive,positive,True,26,26,25,0,26,26,25,0,50,0,True,True
aligned,train,_HabvL0VnrQ$_$0,_HabvL0VnrQ,0,64,10,15,False,0.0,1,neutral,neutral,True,14,14,13,0,14,14,13,0,50,0,True,True
aligned,train,_HabvL0VnrQ$_$9,_HabvL0VnrQ,9,248,47,50,False,-0.3333333432674408,0,negative,negative,True,49,49,48,0,49,49,48,0,50,0,True,True
aligned,train,_HanACduNJk$_$10,_HanACduNJk,10,109,20,24,False,-1.0,0,negative,negative,True,23,23,22,0,0,0,0,0,50,0,True,True
aligned,train,_HanACduNJk$_$12,_HanACduNJk,12,114,18,21,False,0.0,1,neutral,neutral,True,20,20,19,0,0,0,0,0,50,0,True,True
aligned,train,_HanACduNJk$_$2,_HanACduNJk,2,110,20,29,False,0.0,1,neutral,neutral,True,28,28,27,0,0,0,0,0,50,0,True,True
aligned,train,_JcML8u5Wes$_$3,_JcML8u5Wes,3,260,50,50,False,1.6666666269302368,2,positive,positive,True,49,49,48,0,49,49,48,0,50,0,True,True
aligned,train,_PKP676ez2c$_$4,_PKP676ez2c,4,112,19,22,False,0.3333333432674408,2,positive,positive,True,21,21,20,0,21,21,20,0,50,0,True,True
aligned,train,_PKP676ez2c$_$7,_PKP676ez2c,7,125,22,25,False,0.0,1,neutral,neutral,True,24,24,23,0,24,24,23,0,50,0,True,True
aligned,train,_UNQDdiAbWI$_$4,_UNQDdiAbWI,4,96,15,18,False,1.0,2,positive,positive,True,17,17,16,0,17,17,16,0,50,0,True,True
aligned,train,_XWUKMkxa-Q$_$4,_XWUKMkxa-Q,4,78,13,20,False,1.0,2,positive,positive,True,19,19,18,0,19,19,18,0,50,0,True,True
aligned,train,_YzIvwvyIq4$_$5,_YzIvwvyIq4,5,188,30,38,False,1.0,2,positive,positive,True,37,37,36,0,37,37,36,0,50,0,True,True
aligned,train,_bIJOxiIJFk$_$5,_bIJOxiIJFk,5,96,17,23,False,1.3333333730697632,2,positive,positive,True,22,22,21,0,15,15,14,0,50,0,True,True
aligned,train,_bIJOxiIJFk$_$4,_bIJOxiIJFk,4,142,26,34,False,1.3333333730697632,2,positive,positive,True,33,33,32,0,33,33,32,0,50,0,True,True
aligned,train,_iRAn6feOmw$_$25,_iRAn6feOmw,25,168,31,36,False,0.0,1,neutral,neutral,True,35,35,34,0,35,35,34,0,50,0,True,True
aligned,train,_iRAn6feOmw$_$15,_iRAn6feOmw,15,189,30,39,False,0.3333333432674408,2,positive,positive,True,38,38,37,0,38,38,37,0,50,0,True,True
aligned,train,_iRAn6feOmw$_$14,_iRAn6feOmw,14,151,24,28,False,0.3333333432674408,2,positive,positive,True,27,27,26,0,27,27,26,0,50,0,True,True
aligned,train,_iy7ftq27xE$_$11,_iy7ftq27xE,11,89,15,18,False,0.0,1,neutral,neutral,True,17,17,16,0,17,17,16,0,50,0,True,True
aligned,train,_iy7ftq27xE$_$6,_iy7ftq27xE,6,188,33,44,False,-1.6666666269302368,0,negative,negative,True,43,43,42,0,43,43,42,0,50,0,True,True
aligned,train,_iy7ftq27xE$_$9,_iy7ftq27xE,9,126,23,28,False,0.0,1,neutral,neutral,True,27,27,26,0,27,27,26,0,50,0,True,True
aligned,train,_qVgNLJCYdA$_$0,_qVgNLJCYdA,0,105,19,24,False,0.0,1,neutral,neutral,True,23,23,22,0,23,23,22,0,50,0,True,True
aligned,train,_qVgNLJCYdA$_$6,_qVgNLJCYdA,6,60,12,16,False,0.0,1,neutral,neutral,True,15,15,14,0,15,15,14,0,50,0,True,True
aligned,train,_t8ETpf2LnM$_$0,_t8ETpf2LnM,0,29,6,10,False,0.0,1,neutral,neutral,True,9,9,8,0,9,9,8,0,50,0,True,True
aligned,train,_v8c7iWkYz0$_$4,_v8c7iWkYz0,4,149,24,31,False,0.0,1,neutral,neutral,True,30,30,29,0,30,30,29,0,50,0,True,True
aligned,train,_xjBqNfiEY4$_$0,_xjBqNfiEY4,0,195,33,39,False,2.0,2,positive,positive,True,38,38,37,0,38,38,37,0,50,0,True,True
aligned,train,a4vRa-_nuJw$_$11,a4vRa-_nuJw,11,145,28,35,False,-1.3333333730697632,0,negative,negative,True,34,34,33,0,34,34,29,4,50,0,True,True
aligned,train,a4vRa-_nuJw$_$10,a4vRa-_nuJw,10,111,22,30,False,1.0,2,positive,positive,True,29,29,28,0,29,29,28,0,50,0,True,True
aligned,train,a4vRa-_nuJw$_$4,a4vRa-_nuJw,4,221,45,50,False,0.6666666865348816,2,positive,positive,True,49,49,48,0,49,49,48,0,50,0,True,True
aligned,train,a5CSKvCAhbs$_$11,a5CSKvCAhbs,11,63,13,24,False,0.0,1,neutral,neutral,True,23,23,22,0,23,23,22,0,50,0,True,True
aligned,train,a5CSKvCAhbs$_$7,a5CSKvCAhbs,7,27,6,8,False,0.0,1,neutral,neutral,True,7,7,6,0,7,7,6,0,50,0,True,True
aligned,train,a5CSKvCAhbs$_$6,a5CSKvCAhbs,6,66,14,20,False,0.3333333432674408,2,positive,positive,True,19,19,18,0,19,19,18,0,50,0,True,True
aligned,train,a5FKWiI90hk$_$3,a5FKWiI90hk,3,83,17,22,False,0.3333333432674408,2,positive,positive,True,21,21,20,0,21,21,20,0,50,0,True,True
aligned,train,a7HHg_JygJo$_$5,a7HHg_JygJo,5,107,22,25,False,0.3333333432674408,2,positive,positive,True,24,24,23,0,24,24,23,0,50,0,True,True
aligned,train,a7HHg_JygJo$_$6,a7HHg_JygJo,6,79,14,19,False,0.6666666865348816,2,positive,positive,True,18,18,17,0,18,18,17,0,50,0,True,True
aligned,train,a8WV5KEMKSw$_$1,a8WV5KEMKSw,1,137,25,31,False,-1.6666666269302368,0,negative,negative,True,30,30,29,0,30,30,29,0,50,0,True,True
aligned,train,a8WV5KEMKSw$_$0,a8WV5KEMKSw,0,130,17,25,False,-1.0,0,negative,negative,True,24,24,23,0,24,24,23,0,50,0,True,True
aligned,train,aCwLQrJz4Bo$_$0,aCwLQrJz4Bo,0,70,15,27,False,1.3333333730697632,2,positive,positive,True,26,26,25,0,0,0,0,0,50,0,True,True
aligned,train,aDvgbBqTWWE$_$10,aDvgbBqTWWE,10,76,15,20,False,0.0,1,neutral,neutral,True,19,19,18,0,19,19,18,0,50,0,True,True
aligned,train,aDvgbBqTWWE$_$23,aDvgbBqTWWE,23,101,18,28,False,-0.3333333432674408,0,negative,negative,True,27,27,26,0,27,27,26,0,50,0,True,True
aligned,train,aDvgbBqTWWE$_$30,aDvgbBqTWWE,30,88,16,22,False,1.6666666269302368,2,positive,positive,True,21,21,20,0,18,18,17,0,50,0,True,True
aligned,train,aE7sckIAWuw$_$4,aE7sckIAWuw,4,61,11,13,False,-0.6666666865348816,0,negative,negative,True,12,12,11,0,12,12,11,0,50,0,True,True
aligned,train,aE7sckIAWuw$_$8,aE7sckIAWuw,8,147,26,34,False,0.6666666865348816,2,positive,positive,True,33,33,32,0,33,33,32,0,50,0,True,True
aligned,train,aFjMWlR1QAY$_$0,aFjMWlR1QAY,0,72,13,16,False,-0.6666666865348816,0,negative,negative,True,15,15,14,0,15,15,14,0,50,0,True,True
aligned,train,aFjMWlR1QAY$_$3,aFjMWlR1QAY,3,60,12,15,False,-1.3333333730697632,0,negative,negative,True,14,14,13,0,14,14,13,0,50,0,True,True
aligned,train,aFjMWlR1QAY$_$2,aFjMWlR1QAY,2,54,13,17,False,0.0,1,neutral,neutral,True,16,16,15,0,16,16,15,0,50,0,True,True
aligned,train,aFjMWlR1QAY$_$9,aFjMWlR1QAY,9,57,12,15,False,-1.3333333730697632,0,negative,negative,True,14,14,13,0,14,14,13,0,50,0,True,True
aligned,train,aI1tdJPHz2I$_$1,aI1tdJPHz2I,1,64,11,13,False,0.0,1,neutral,neutral,True,12,12,11,0,0,0,0,0,50,0,True,True
aligned,train,aIUF3QJJOF4$_$12,aIUF3QJJOF4,12,110,21,30,False,1.0,2,positive,positive,True,29,29,28,0,0,0,0,0,50,0,True,True
aligned,train,aIUF3QJJOF4$_$0,aIUF3QJJOF4,0,135,24,42,False,1.0,2,positive,positive,True,41,41,40,0,41,41,40,0,50,0,True,True
aligned,train,aIUF3QJJOF4$_$3,aIUF3QJJOF4,3,82,12,17,False,0.3333333432674408,2,positive,positive,True,16,16,15,0,16,16,15,0,50,0,True,True
aligned,train,aIUF3QJJOF4$_$2,aIUF3QJJOF4,2,149,28,35,False,0.3333333432674408,2,positive,positive,True,34,34,33,0,34,34,33,0,50,0,True,True
aligned,train,aIUF3QJJOF4$_$7,aIUF3QJJOF4,7,186,36,48,False,0.0,1,neutral,neutral,True,47,47,46,0,47,47,46,0,50,0,True,True
aligned,train,aNOuoSVlunM$_$8,aNOuoSVlunM,8,28,6,10,False,-1.0,0,negative,negative,True,9,9,8,0,6,6,1,4,50,0,True,True
aligned,train,aNOuoSVlunM$_$0,aNOuoSVlunM,0,50,8,17,False,0.0,1,neutral,neutral,True,16,16,15,0,16,16,15,0,50,0,True,True
aligned,train,afCsKTHteg4$_$5,afCsKTHteg4,5,127,21,27,False,2.3333332538604736,2,positive,positive,True,26,26,25,0,26,26,25,0,50,0,True,True
aligned,train,ahcAFnY6iAY$_$1,ahcAFnY6iAY,1,41,7,10,False,0.0,1,neutral,neutral,True,9,9,8,0,3,3,1,1,50,0,True,True
aligned,train,aiUq5xksJy0$_$5,aiUq5xksJy0,5,121,21,29,False,0.0,1,neutral,neutral,True,28,28,27,0,28,28,27,0,50,0,True,True
aligned,train,aiUq5xksJy0$_$7,aiUq5xksJy0,7,101,18,22,False,0.0,1,neutral,neutral,True,21,21,20,0,21,21,20,0,50,0,True,True
aligned,train,ak7N0BqMluI$_$3,ak7N0BqMluI,3,66,10,13,False,-0.3333333432674408,0,negative,negative,True,12,12,11,0,12,12,11,0,50,0,True,True
aligned,train,ak7N0BqMluI$_$2,ak7N0BqMluI,2,109,16,23,False,-0.3333333432674408,0,negative,negative,True,22,22,21,0,22,22,21,0,50,0,True,True
aligned,train,amem5EmRG3s$_$2,amem5EmRG3s,2,119,24,30,False,2.0,2,positive,positive,True,29,29,28,0,29,29,28,0,50,0,True,True
aligned,train,ap465Tlzf88$_$1,ap465Tlzf88,1,88,16,23,False,0.3333333432674408,2,positive,positive,True,22,22,21,0,22,22,21,0,50,0,True,True
aligned,train,aqmRPNfeOy8$_$0,aqmRPNfeOy8,0,113,20,24,False,0.3333333432674408,2,positive,positive,True,23,23,22,0,23,23,22,0,50,0,True,True
aligned,train,aqmRPNfeOy8$_$2,aqmRPNfeOy8,2,100,17,21,False,0.6666666865348816,2,positive,positive,True,20,20,19,0,9,9,7,1,50,0,True,True
aligned,train,asWraTfIqq0$_$11,asWraTfIqq0,11,26,6,9,False,1.0,2,positive,positive,True,8,8,7,0,8,8,7,0,50,0,True,True
aligned,train,asWraTfIqq0$_$4,asWraTfIqq0,4,116,21,27,False,0.0,1,neutral,neutral,True,26,26,25,0,26,26,25,0,50,0,True,True
aligned,train,asWraTfIqq0$_$6,asWraTfIqq0,6,25,5,9,False,1.3333333730697632,2,positive,positive,True,8,8,7,0,8,8,7,0,50,0,True,True
aligned,train,assx_NKo-L8$_$14,assx_NKo-L8,14,36,7,9,False,0.0,1,neutral,neutral,True,8,8,7,0,8,8,7,0,50,0,True,True
aligned,train,assx_NKo-L8$_$4,assx_NKo-L8,4,86,15,17,False,-0.3333333432674408,0,negative,negative,True,16,16,15,0,16,16,15,0,50,0,True,True
aligned,train,assx_NKo-L8$_$9,assx_NKo-L8,9,130,23,25,False,-1.3333333730697632,0,negative,negative,True,24,24,23,0,24,24,23,0,50,0,True,True
aligned,train,assx_NKo-L8$_$20,assx_NKo-L8,20,233,41,46,False,-0.3333333432674408,0,negative,negative,True,45,45,44,0,45,45,44,0,50,0,True,True
aligned,train,atxoi7pB5TM$_$2,atxoi7pB5TM,2,78,15,20,False,0.0,1,neutral,neutral,True,19,19,18,0,19,19,18,0,50,0,True,True
aligned,train,avW2m6VHTyg$_$2,avW2m6VHTyg,2,86,18,23,False,2.0,2,positive,positive,True,22,22,21,0,22,22,21,0,50,0,True,True
aligned,train,b1Il3Nf6BrU$_$6,b1Il3Nf6BrU,6,199,35,50,False,0.6666666865348816,2,positive,positive,True,49,49,48,0,49,49,48,0,50,0,True,True
aligned,train,b8xmgi4VV0M$_$9,b8xmgi4VV0M,9,64,9,19,False,1.0,2,positive,positive,True,18,18,17,0,18,18,17,0,50,0,True,True
aligned,train,bBJ0BxmIocQ$_$1,bBJ0BxmIocQ,1,125,21,29,False,2.3333332538604736,2,positive,positive,True,28,28,27,0,28,28,27,0,50,0,True,True
aligned,train,bBJ0BxmIocQ$_$0,bBJ0BxmIocQ,0,337,63,50,False,1.6666666269302368,2,positive,positive,True,49,49,48,0,49,49,48,0,50,0,True,True
aligned,train,bBJ0BxmIocQ$_$12,bBJ0BxmIocQ,12,89,16,21,False,0.0,1,neutral,neutral,True,20,20,19,0,20,20,19,0,50,0,True,True
aligned,train,bBJ0BxmIocQ$_$19,bBJ0BxmIocQ,19,182,33,37,False,0.6666666865348816,2,positive,positive,True,36,36,35,0,36,36,35,0,50,0,True,True
aligned,train,bBJ0BxmIocQ$_$18,bBJ0BxmIocQ,18,176,31,37,False,-0.3333333432674408,0,negative,negative,True,36,36,35,0,36,36,35,0,50,0,True,True
aligned,train,bCDfIJ12oqM$_$0,bCDfIJ12oqM,0,103,17,23,False,1.0,2,positive,positive,True,22,22,21,0,22,22,21,0,50,0,True,True
aligned,train,bQcJVJcpgAs$_$1,bQcJVJcpgAs,1,194,35,41,False,1.0,2,positive,positive,True,40,40,39,0,40,40,39,0,50,0,True,True
aligned,train,bU6CgE_kMRY$_$5,bU6CgE_kMRY,5,122,26,29,False,2.0,2,positive,positive,True,28,28,27,0,28,28,27,0,50,0,True,True
aligned,train,bUFAN2TgPaU$_$11,bUFAN2TgPaU,11,30,6,8,False,1.6666666269302368,2,positive,positive,True,7,7,6,0,4,4,1,2,50,0,True,True
aligned,train,bVhWpCvpSs4$_$1,bVhWpCvpSs4,1,69,13,16,False,1.3333333730697632,2,positive,positive,True,15,15,14,0,5,5,4,0,50,0,True,True
aligned,train,bVhWpCvpSs4$_$3,bVhWpCvpSs4,3,57,11,14,False,1.3333333730697632,2,positive,positive,True,13,13,12,0,13,13,6,6,50,0,True,True
aligned,train,bVhWpCvpSs4$_$2,bVhWpCvpSs4,2,69,12,18,False,1.6666666269302368,2,positive,positive,True,17,17,16,0,17,17,16,0,50,0,True,True
aligned,train,bVhWpCvpSs4$_$6,bVhWpCvpSs4,6,52,9,14,False,2.0,2,positive,positive,True,13,13,12,0,13,13,12,0,50,0,True,True
aligned,train,bYt4wybVLRQ$_$3,bYt4wybVLRQ,3,172,34,39,False,1.6666666269302368,2,positive,positive,True,38,38,37,0,38,38,37,0,50,0,True,True
aligned,train,bYt4wybVLRQ$_$16,bYt4wybVLRQ,16,73,14,21,False,-0.3333333432674408,0,negative,negative,True,20,20,19,0,20,20,19,0,50,0,True,True
aligned,train,bZ2ytqPtyK4$_$14,bZ2ytqPtyK4,14,96,21,27,False,2.0,2,positive,positive,True,26,26,25,0,22,22,18,3,50,0,True,True
aligned,train,b_SffSbPVJM$_$5,b_SffSbPVJM,5,388,57,50,False,-0.3333333432674408,0,negative,negative,True,49,49,48,0,49,49,48,0,50,0,True,True
aligned,train,babuyKl7EAw$_$5,babuyKl7EAw,5,160,28,36,False,0.0,1,neutral,neutral,True,35,35,34,0,35,35,34,0,50,0,True,True
aligned,train,badtXoOJaf8$_$7,badtXoOJaf8,7,70,15,17,False,0.0,1,neutral,neutral,True,16,16,15,0,16,16,15,0,50,0,True,True
aligned,train,bcns0Gu66D8$_$3,bcns0Gu66D8,3,103,21,24,False,-0.6666666865348816,0,negative,negative,True,23,23,22,0,23,23,12,10,50,0,True,True
aligned,train,bdtwQxwySN0$_$15,bdtwQxwySN0,15,98,21,26,False,1.3333333730697632,2,positive,positive,True,25,25,24,0,25,25,24,0,50,0,True,True
aligned,train,bdtwQxwySN0$_$2,bdtwQxwySN0,2,104,21,27,False,-1.3333333730697632,0,negative,negative,True,26,26,25,0,26,26,25,0,50,0,True,True
aligned,train,bfy28AlY-TQ$_$3,bfy28AlY-TQ,3,73,16,20,False,0.6666666865348816,2,positive,positive,True,19,19,18,0,19,19,18,0,50,0,True,True
aligned,train,bh4_Kd4hhd4$_$1,bh4_Kd4hhd4,1,358,59,50,False,0.6666666865348816,2,positive,positive,True,49,49,48,0,49,49,48,0,50,0,True,True
aligned,train,bhFK-xy76U4$_$1,bhFK-xy76U4,1,84,18,21,False,0.6666666865348816,2,positive,positive,True,20,20,19,0,7,7,5,1,50,0,True,True
aligned,train,bhPB19tr-JY$_$0,bhPB19tr-JY,0,77,13,17,False,2.0,2,positive,positive,True,16,16,15,0,16,16,15,0,50,0,True,True
aligned,train,bhPB19tr-JY$_$6,bhPB19tr-JY,6,164,25,32,False,0.6666666865348816,2,positive,positive,True,31,31,30,0,31,31,30,0,50,0,True,True
aligned,train,bkP-BNW4oMg$_$0,bkP-BNW4oMg,0,112,16,24,False,1.3333333730697632,2,positive,positive,True,23,23,22,0,0,0,0,0,50,0,True,True
aligned,train,c5-L8vC6_sk$_$8,c5-L8vC6_sk,8,121,24,35,False,0.0,1,neutral,neutral,True,34,34,33,0,34,34,33,0,50,0,True,True
aligned,train,c6wuh0NRG1s$_$1,c6wuh0NRG1s,1,111,19,25,False,0.0,1,neutral,neutral,True,24,24,23,0,0,0,0,0,50,0,True,True
aligned,train,c6wuh0NRG1s$_$0,c6wuh0NRG1s,0,73,14,17,False,0.0,1,neutral,neutral,True,16,16,15,0,16,16,11,4,50,0,True,True
aligned,train,c6wuh0NRG1s$_$9,c6wuh0NRG1s,9,138,20,31,False,1.0,2,positive,positive,True,30,30,29,0,0,0,0,0,50,0,True,True
aligned,train,c7xUcM68IFE$_$2,c7xUcM68IFE,2,146,27,36,False,0.6666666865348816,2,positive,positive,True,35,35,34,0,35,35,34,0,50,0,True,True
aligned,train,c7xUcM68IFE$_$5,c7xUcM68IFE,5,129,22,30,False,0.6666666865348816,2,positive,positive,True,29,29,28,0,29,29,13,15,50,0,True,True
aligned,train,c7xUcM68IFE$_$9,c7xUcM68IFE,9,43,8,12,False,1.0,2,positive,positive,True,11,11,10,0,0,0,0,0,50,0,True,True
aligned,train,c805Td8A_Ek$_$22,c805Td8A_Ek,22,170,29,36,False,1.3333333730697632,2,positive,positive,True,35,35,34,0,35,35,34,0,50,0,True,True
aligned,train,c805Td8A_Ek$_$17,c805Td8A_Ek,17,63,11,14,False,0.3333333432674408,2,positive,positive,True,13,13,12,0,13,13,12,0,50,0,True,True
aligned,train,c805Td8A_Ek$_$16,c805Td8A_Ek,16,95,12,17,False,0.6666666865348816,2,positive,positive,True,16,16,15,0,16,16,15,0,50,0,True,True
aligned,train,c9jD33baJ60$_$1,c9jD33baJ60,1,78,13,18,False,-1.3333333730697632,0,negative,negative,True,17,17,16,0,17,17,16,0,50,0,True,True
aligned,train,c9jD33baJ60$_$0,c9jD33baJ60,0,165,27,49,False,0.0,1,neutral,neutral,True,48,48,47,0,48,48,47,0,50,0,True,True
aligned,train,cAA2mONG98w$_$2,cAA2mONG98w,2,115,21,33,False,0.3333333432674408,2,positive,positive,True,32,32,31,0,32,32,31,0,50,0,True,True
aligned,train,cEXJ2zFbC9I$_$4,cEXJ2zFbC9I,4,138,23,29,False,-1.0,0,negative,negative,True,28,28,27,0,28,28,27,0,50,0,True,True
aligned,train,cKUPgzZu-Fk$_$4,cKUPgzZu-Fk,4,262,52,50,False,1.3333333730697632,2,positive,positive,True,49,49,48,0,49,49,48,0,50,0,True,True
aligned,train,cKldvZeyRDA$_$2,cKldvZeyRDA,2,203,37,48,False,-1.3333333730697632,0,negative,negative,True,47,47,46,0,47,47,46,0,50,0,True,True
aligned,train,cKxNJY7sA8s$_$1,cKxNJY7sA8s,1,206,33,39,False,0.3333333432674408,2,positive,positive,True,38,38,37,0,38,38,37,0,50,0,True,True
aligned,train,cM1Zuji24dI$_$3,cM1Zuji24dI,3,156,26,37,False,0.0,1,neutral,neutral,True,36,36,35,0,36,36,35,0,50,0,True,True
aligned,train,cM1Zuji24dI$_$2,cM1Zuji24dI,2,221,35,43,False,0.0,1,neutral,neutral,True,42,42,41,0,42,42,41,0,50,0,True,True
aligned,train,cOcNe3L4VAg$_$10,cOcNe3L4VAg,10,84,13,15,False,2.0,2,positive,positive,True,14,14,13,0,14,14,13,0,50,0,True,True
aligned,train,cOcNe3L4VAg$_$13,cOcNe3L4VAg,13,137,22,32,False,0.0,1,neutral,neutral,True,31,31,30,0,31,31,30,0,50,0,True,True
aligned,train,cOcNe3L4VAg$_$2,cOcNe3L4VAg,2,61,11,14,False,1.3333333730697632,2,positive,positive,True,13,13,12,0,13,13,12,0,50,0,True,True
aligned,train,cRFiXLzcCOA$_$3,cRFiXLzcCOA,3,155,30,39,False,2.0,2,positive,positive,True,38,38,37,0,38,38,37,0,50,0,True,True
aligned,train,cS3BDGNDu_8$_$10,cS3BDGNDu_8,10,107,18,21,False,-1.3333333730697632,0,negative,negative,True,20,20,19,0,20,20,19,0,50,0,True,True
aligned,train,cS3BDGNDu_8$_$2,cS3BDGNDu_8,2,218,36,50,False,-0.6666666865348816,0,negative,negative,True,49,49,48,0,49,49,48,0,50,0,True,True
aligned,train,cUm0TN3vXRc$_$2,cUm0TN3vXRc,2,125,19,22,False,-1.0,0,negative,negative,True,21,21,20,0,21,21,20,0,50,0,True,True
aligned,train,cZVM4svwE90$_$25,cZVM4svwE90,25,140,28,40,False,1.0,2,positive,positive,True,39,39,38,0,39,39,38,0,50,0,True,True
aligned,train,cZVM4svwE90$_$26,cZVM4svwE90,26,101,20,25,False,1.3333333730697632,2,positive,positive,True,24,24,23,0,24,24,23,0,50,0,True,True
aligned,train,cZVM4svwE90$_$1,cZVM4svwE90,1,32,5,7,False,0.6666666865348816,2,positive,positive,True,6,6,5,0,6,6,5,0,50,0,True,True
aligned,train,cZVM4svwE90$_$3,cZVM4svwE90,3,33,5,8,False,0.0,1,neutral,neutral,True,7,7,6,0,7,7,6,0,50,0,True,True
aligned,train,cZVM4svwE90$_$4,cZVM4svwE90,4,68,12,14,False,1.0,2,positive,positive,True,13,13,12,0,13,13,12,0,50,0,True,True
aligned,train,cZVM4svwE90$_$6,cZVM4svwE90,6,90,15,24,False,1.0,2,positive,positive,True,23,23,22,0,23,23,22,0,50,0,True,True
aligned,train,cZVM4svwE90$_$13,cZVM4svwE90,13,123,22,28,False,1.3333333730697632,2,positive,positive,True,27,27,26,0,27,27,26,0,50,0,True,True
aligned,train,cZVM4svwE90$_$12,cZVM4svwE90,12,65,14,17,False,0.6666666865348816,2,positive,positive,True,16,16,15,0,16,16,15,0,50,0,True,True
aligned,train,cZVM4svwE90$_$15,cZVM4svwE90,15,187,37,44,False,1.0,2,positive,positive,True,43,43,42,0,43,43,33,9,50,0,True,True
aligned,train,c_FJuhSte8Q$_$5,c_FJuhSte8Q,5,92,22,27,False,-0.3333333432674408,0,negative,negative,True,26,26,25,0,26,26,25,0,50,0,True,True
aligned,train,c_FJuhSte8Q$_$7,c_FJuhSte8Q,7,155,23,30,False,1.3333333730697632,2,positive,positive,True,29,29,28,0,29,29,28,0,50,0,True,True
aligned,train,c_FJuhSte8Q$_$8,c_FJuhSte8Q,8,203,33,40,False,2.0,2,positive,positive,True,39,39,38,0,39,39,38,0,50,0,True,True
aligned,train,caLWajc18Y4$_$5,caLWajc18Y4,5,106,18,22,False,0.0,1,neutral,neutral,True,21,21,20,0,21,21,20,0,50,0,True,True
aligned,train,caLWajc18Y4$_$6,caLWajc18Y4,6,87,18,20,False,0.3333333432674408,2,positive,positive,True,19,19,18,0,19,19,18,0,50,0,True,True
aligned,train,caLWajc18Y4$_$9,caLWajc18Y4,9,142,23,27,False,0.0,1,neutral,neutral,True,26,26,25,0,26,26,25,0,50,0,True,True
aligned,train,cfX_iuhCbRY$_$1,cfX_iuhCbRY,1,103,17,23,False,0.6666666865348816,2,positive,positive,True,22,22,21,0,22,22,21,0,50,0,True,True
aligned,train,cfX_iuhCbRY$_$5,cfX_iuhCbRY,5,124,21,30,False,0.0,1,neutral,neutral,True,29,29,28,0,29,29,28,0,50,0,True,True
aligned,train,cjgq9d8Zn9g$_$2,cjgq9d8Zn9g,2,78,14,16,False,0.0,1,neutral,neutral,True,15,15,14,0,6,6,1,4,50,0,True,True
aligned,train,cmJW6mkspkI$_$0,cmJW6mkspkI,0,109,21,37,False,2.3333332538604736,2,positive,positive,True,36,36,35,0,36,36,35,0,50,0,True,True
aligned,train,cnllFPRyBFs$_$0,cnllFPRyBFs,0,117,19,23,False,0.0,1,neutral,neutral,True,22,22,21,0,22,22,11,10,50,0,True,True
aligned,train,ctMCSUT2LlQ$_$4,ctMCSUT2LlQ,4,80,13,15,False,0.0,1,neutral,neutral,True,14,14,13,0,14,14,13,0,50,0,True,True
aligned,train,d0QNH2vcDgU$_$3,d0QNH2vcDgU,3,28,4,8,False,0.3333333432674408,2,positive,positive,True,7,7,6,0,7,7,6,0,50,0,True,True
aligned,train,d0QNH2vcDgU$_$13,d0QNH2vcDgU,13,239,43,50,False,2.3333332538604736,2,positive,positive,True,49,49,48,0,49,49,46,2,50,0,True,True
aligned,train,d38u9n5GOLM$_$26,d38u9n5GOLM,26,62,13,20,False,1.6666666269302368,2,positive,positive,True,19,19,18,0,19,19,18,0,50,0,True,True
aligned,train,d38u9n5GOLM$_$18,d38u9n5GOLM,18,98,19,25,False,1.6666666269302368,2,positive,positive,True,24,24,23,0,24,24,23,0,50,0,True,True
aligned,train,d38u9n5GOLM$_$28,d38u9n5GOLM,28,113,22,25,False,1.3333333730697632,2,positive,positive,True,24,24,23,0,24,24,22,1,50,0,True,True
aligned,train,d38u9n5GOLM$_$6,d38u9n5GOLM,6,84,16,22,False,2.3333332538604736,2,positive,positive,True,21,21,20,0,21,21,20,0,50,0,True,True
aligned,train,d3I7Ug-_3L0$_$0,d3I7Ug-_3L0,0,156,30,37,False,0.6666666865348816,2,positive,positive,True,36,36,35,0,36,36,35,0,50,0,True,True
aligned,train,d3I7Ug-_3L0$_$5,d3I7Ug-_3L0,5,79,12,15,False,-0.6666666865348816,0,negative,negative,True,14,14,13,0,14,14,13,0,50,0,True,True
aligned,train,d3I7Ug-_3L0$_$6,d3I7Ug-_3L0,6,84,17,21,False,-0.3333333432674408,0,negative,negative,True,20,20,19,0,20,20,19,0,50,0,True,True
aligned,train,d89Z_olwc2Y$_$24,d89Z_olwc2Y,24,63,11,17,False,0.3333333432674408,2,positive,positive,True,16,16,15,0,16,16,15,0,50,0,True,True
aligned,train,d99mfGIenCo$_$15,d99mfGIenCo,15,153,24,27,False,0.6666666865348816,2,positive,positive,True,26,26,25,0,26,26,25,0,50,0,True,True
aligned,train,d99mfGIenCo$_$16,d99mfGIenCo,16,159,30,35,False,1.0,2,positive,positive,True,34,34,33,0,34,34,33,0,50,0,True,True
aligned,train,d99mfGIenCo$_$1,d99mfGIenCo,1,87,13,19,False,0.6666666865348816,2,positive,positive,True,18,18,17,0,18,18,17,0,50,0,True,True
aligned,train,d99mfGIenCo$_$2,d99mfGIenCo,2,54,9,17,False,2.0,2,positive,positive,True,16,16,15,0,16,16,15,0,50,0,True,True
aligned,train,dCDAcBR505Q$_$14,dCDAcBR505Q,14,71,12,18,False,0.0,1,neutral,neutral,True,17,17,16,0,17,17,16,0,50,0,True,True
aligned,train,dJ5MXl66-UQ$_$1,dJ5MXl66-UQ,1,112,19,25,False,0.6666666865348816,2,positive,positive,True,24,24,23,0,24,24,23,0,50,0,True,True
aligned,train,dQ56b0bqmc8$_$5,dQ56b0bqmc8,5,144,31,35,False,0.6666666865348816,2,positive,positive,True,34,34,33,0,34,34,33,0,50,0,True,True
aligned,train,dSax_7klbfE$_$17,dSax_7klbfE,17,72,15,20,False,0.3333333432674408,2,positive,positive,True,19,19,18,0,19,19,18,0,50,0,True,True
aligned,train,dSax_7klbfE$_$1,dSax_7klbfE,1,265,39,50,False,-0.3333333432674408,0,negative,negative,True,49,49,48,0,49,49,48,0,50,0,True,True
aligned,train,dWfgSGnd9zM$_$6,dWfgSGnd9zM,6,169,27,35,False,1.0,2,positive,positive,True,34,34,33,0,34,34,33,0,50,0,True,True
aligned,train,dXMAS2tIknw$_$6,dXMAS2tIknw,6,58,12,17,False,-0.6666666865348816,0,negative,negative,True,16,16,15,0,0,0,0,0,50,0,True,True
aligned,train,dYyg91d7zjY$_$2,dYyg91d7zjY,2,57,9,11,False,-0.3333333432674408,0,negative,negative,True,10,10,9,0,10,10,9,0,50,0,True,True
aligned,train,damyXH7mBic$_$11,damyXH7mBic,11,162,28,32,False,0.6666666865348816,2,positive,positive,True,31,31,30,0,31,31,30,0,50,0,True,True
aligned,train,dbpGH5iP0GE$_$2,dbpGH5iP0GE,2,105,19,24,False,0.3333333432674408,2,positive,positive,True,23,23,22,0,23,23,22,0,50,0,True,True
aligned,train,dbpGH5iP0GE$_$3,dbpGH5iP0GE,3,79,10,15,False,0.0,1,neutral,neutral,True,14,14,13,0,14,14,13,0,50,0,True,True
aligned,train,dcUlt6zk_S0$_$5,dcUlt6zk_S0,5,190,35,42,False,0.3333333432674408,2,positive,positive,True,41,41,40,0,41,41,40,0,50,0,True,True
aligned,train,ddix4XuaUlY$_$4,ddix4XuaUlY,4,257,35,50,False,0.6666666865348816,2,positive,positive,True,49,49,48,0,49,49,48,0,50,0,True,True
aligned,train,dqragS38hCk$_$10,dqragS38hCk,10,36,7,9,False,0.0,1,neutral,neutral,True,8,8,7,0,8,8,7,0,50,0,True,True
aligned,train,dqragS38hCk$_$2,dqragS38hCk,2,120,20,26,False,-0.6666666865348816,0,negative,negative,True,25,25,24,0,25,25,24,0,50,0,True,True
aligned,train,dqragS38hCk$_$8,dqragS38hCk,8,55,11,16,False,-0.3333333432674408,0,negative,negative,True,15,15,14,0,15,15,14,0,50,0,True,True
aligned,train,dsob2MgUPpA$_$13,dsob2MgUPpA,13,50,13,16,False,2.6666667461395264,2,positive,positive,True,15,15,14,0,15,15,14,0,50,0,True,True
aligned,train,dsob2MgUPpA$_$3,dsob2MgUPpA,3,20,4,6,False,2.3333332538604736,2,positive,positive,True,5,5,4,0,5,5,4,0,50,0,True,True
aligned,train,dsob2MgUPpA$_$2,dsob2MgUPpA,2,83,16,20,False,2.3333332538604736,2,positive,positive,True,19,19,18,0,19,19,18,0,50,0,True,True
aligned,train,dsob2MgUPpA$_$5,dsob2MgUPpA,5,104,21,28,False,2.0,2,positive,positive,True,27,27,26,0,27,27,26,0,50,0,True,True
aligned,train,dyZdiWNflko$_$6,dyZdiWNflko,6,44,9,12,False,1.0,2,positive,positive,True,11,11,10,0,11,11,10,0,50,0,True,True
aligned,train,e-2QlzFeyNU$_$4,e-2QlzFeyNU,4,90,19,22,False,1.3333333730697632,2,positive,positive,True,21,21,20,0,21,21,20,0,50,0,True,True
aligned,train,e0hYEr848TE$_$0,e0hYEr848TE,0,60,12,16,False,0.6666666865348816,2,positive,positive,True,15,15,14,0,15,15,13,1,50,0,True,True
aligned,train,e0ltF8zpEcw$_$9,e0ltF8zpEcw,9,53,10,13,False,0.6666666865348816,2,positive,positive,True,12,12,11,0,12,12,11,0,50,0,True,True
aligned,train,e0ltF8zpEcw$_$8,e0ltF8zpEcw,8,51,11,14,False,0.0,1,neutral,neutral,True,13,13,12,0,13,13,12,0,50,0,True,True
aligned,train,e1E5W_ZefmY$_$10,e1E5W_ZefmY,10,111,18,26,False,-0.3333333432674408,0,negative,negative,True,25,25,24,0,25,25,24,0,50,0,True,True
aligned,train,e1E5W_ZefmY$_$3,e1E5W_ZefmY,3,81,17,23,False,0.0,1,neutral,neutral,True,22,22,21,0,22,22,21,0,50,0,True,True
aligned,train,e7_2U4lm6TE$_$38,e7_2U4lm6TE,38,95,19,29,False,0.0,1,neutral,neutral,True,28,28,27,0,28,28,27,0,50,0,True,True
aligned,train,e7_2U4lm6TE$_$28,e7_2U4lm6TE,28,66,15,22,False,-1.3333333730697632,0,negative,negative,True,21,21,20,0,21,21,20,0,50,0,True,True
aligned,train,e7_2U4lm6TE$_$7,e7_2U4lm6TE,7,71,15,20,False,1.3333333730697632,2,positive,positive,True,19,19,18,0,19,19,18,0,50,0,True,True
aligned,train,eJwZfdtlks8$_$15,eJwZfdtlks8,15,88,14,20,False,0.6666666865348816,2,positive,positive,True,19,19,18,0,19,19,18,0,50,0,True,True
aligned,train,ePtlUYCdrNM$_$1,ePtlUYCdrNM,1,99,17,26,False,0.0,1,neutral,neutral,True,25,25,24,0,25,25,24,0,50,0,True,True
aligned,train,eSHOcLD5T58$_$7,eSHOcLD5T58,7,71,13,18,False,-0.3333333432674408,0,negative,negative,True,17,17,16,0,17,17,16,0,50,0,True,True
aligned,train,eSHOcLD5T58$_$9,eSHOcLD5T58,9,86,17,21,False,1.6666666269302368,2,positive,positive,True,20,20,19,0,20,20,19,0,50,0,True,True
aligned,train,eTCnM472-cQ$_$0,eTCnM472-cQ,0,170,26,40,False,0.0,1,neutral,neutral,True,39,39,38,0,39,39,38,0,50,0,True,True
aligned,train,eTn2P4wmFr4$_$12,eTn2P4wmFr4,12,176,33,44,False,-0.3333333432674408,0,negative,negative,True,43,43,42,0,43,43,42,0,50,0,True,True
aligned,train,eTn2P4wmFr4$_$15,eTn2P4wmFr4,15,68,12,18,False,-0.6666666865348816,0,negative,negative,True,17,17,16,0,17,17,16,0,50,0,True,True
aligned,train,eTn2P4wmFr4$_$3,eTn2P4wmFr4,3,110,18,27,False,-1.0,0,negative,negative,True,26,26,25,0,26,26,25,0,50,0,True,True
aligned,train,eTn2P4wmFr4$_$7,eTn2P4wmFr4,7,140,25,32,False,-2.0,0,negative,negative,True,31,31,30,0,31,31,30,0,50,0,True,True
aligned,train,eTn2P4wmFr4$_$9,eTn2P4wmFr4,9,75,13,18,False,0.3333333432674408,2,positive,positive,True,17,17,16,0,17,17,16,0,50,0,True,True
aligned,train,eW1vgHE6FRM$_$14,eW1vgHE6FRM,14,209,39,46,False,1.6666666269302368,2,positive,positive,True,45,45,44,0,45,45,44,0,50,0,True,True
aligned,train,eW1vgHE6FRM$_$3,eW1vgHE6FRM,3,96,15,19,False,0.3333333432674408,2,positive,positive,True,18,18,17,0,18,18,17,0,50,0,True,True
aligned,train,eY64P27khzk$_$0,eY64P27khzk,0,185,29,36,False,-0.3333333432674408,0,negative,negative,True,35,35,34,0,35,35,11,23,50,0,True,True
aligned,train,eY64P27khzk$_$3,eY64P27khzk,3,36,7,10,False,0.0,1,neutral,neutral,True,9,9,8,0,9,9,8,0,50,0,True,True
aligned,train,eeN7l4R3nPc$_$10,eeN7l4R3nPc,10,173,32,39,False,0.3333333432674408,2,positive,positive,True,38,38,37,0,38,38,37,0,50,0,True,True
aligned,train,efLrpnuLwyU$_$1,efLrpnuLwyU,1,91,15,23,False,0.0,1,neutral,neutral,True,22,22,21,0,22,22,21,0,50,0,True,True
aligned,train,emtvrtk-jsU$_$7,emtvrtk-jsU,7,138,26,31,False,-1.0,0,negative,negative,True,30,30,29,0,30,30,29,0,50,0,True,True
aligned,train,ep3IasggD3k$_$10,ep3IasggD3k,10,50,9,14,False,0.3333333432674408,2,positive,positive,True,13,13,12,0,13,13,12,0,50,0,True,True
aligned,train,esR-tOjT6KM$_$0,esR-tOjT6KM,0,45,9,11,False,0.6666666865348816,2,positive,positive,True,10,10,9,0,10,10,9,0,50,0,True,True
aligned,train,esR-tOjT6KM$_$3,esR-tOjT6KM,3,59,13,15,False,2.0,2,positive,positive,True,14,14,13,0,14,14,12,1,50,0,True,True
aligned,train,esR-tOjT6KM$_$6,esR-tOjT6KM,6,268,42,49,False,2.0,2,positive,positive,True,48,48,47,0,48,48,41,6,50,0,True,True
aligned,train,esnOE1LefKA$_$1,esnOE1LefKA,1,66,13,16,False,0.3333333432674408,2,positive,positive,True,15,15,14,0,15,15,14,0,50,0,True,True
aligned,train,f49boM5fb8U$_$6,f49boM5fb8U,6,62,11,15,False,0.0,1,neutral,neutral,True,14,14,13,0,14,14,13,0,50,0,True,True
aligned,train,f5k5cF80aUE$_$4,f5k5cF80aUE,4,91,13,18,False,0.3333333432674408,2,positive,positive,True,17,17,16,0,17,17,16,0,50,0,True,True
aligned,train,f5k5cF80aUE$_$6,f5k5cF80aUE,6,117,19,26,False,1.0,2,positive,positive,True,25,25,24,0,25,25,24,0,50,0,True,True
aligned,train,f6S2XNPIiFk$_$19,f6S2XNPIiFk,19,170,29,33,False,1.0,2,positive,positive,True,32,32,31,0,32,32,31,0,50,0,True,True
aligned,train,f6S2XNPIiFk$_$2,f6S2XNPIiFk,2,107,22,28,False,1.0,2,positive,positive,True,27,27,26,0,27,27,26,0,50,0,True,True
aligned,train,f6S2XNPIiFk$_$5,f6S2XNPIiFk,5,129,21,27,False,0.0,1,neutral,neutral,True,26,26,25,0,26,26,25,0,50,0,True,True
aligned,train,fB816aeHRFk$_$0,fB816aeHRFk,0,154,26,29,False,0.0,1,neutral,neutral,True,28,28,27,0,28,28,27,0,50,0,True,True
aligned,train,fGYbbP8RDLQ$_$5,fGYbbP8RDLQ,5,103,20,23,False,0.0,1,neutral,neutral,True,22,22,21,0,22,22,21,0,50,0,True,True
aligned,train,fOxg1NstCHA$_$4,fOxg1NstCHA,4,94,14,17,False,0.0,1,neutral,neutral,True,16,16,15,0,16,16,15,0,50,0,True,True
aligned,train,fTNOAssiTYk$_$3,fTNOAssiTYk,3,175,34,38,False,1.0,2,positive,positive,True,37,37,36,0,37,37,36,0,50,0,True,True
aligned,train,fTNOAssiTYk$_$6,fTNOAssiTYk,6,105,21,24,False,0.3333333432674408,2,positive,positive,True,23,23,22,0,23,23,22,0,50,0,True,True
aligned,train,fW1pK2L6RgM$_$3,fW1pK2L6RgM,3,162,30,41,False,0.3333333432674408,2,positive,positive,True,40,40,39,0,40,40,39,0,50,0,True,True
aligned,train,faXGVcVcVsE$_$14,faXGVcVcVsE,14,45,7,10,False,0.0,1,neutral,neutral,True,9,9,8,0,9,9,8,0,50,0,True,True
aligned,train,faXGVcVcVsE$_$9,faXGVcVcVsE,9,129,22,28,False,0.0,1,neutral,neutral,True,27,27,26,0,27,27,26,0,50,0,True,True
aligned,train,faXGVcVcVsE$_$8,faXGVcVcVsE,8,267,45,50,False,2.0,2,positive,positive,True,49,49,48,0,49,49,48,0,50,0,True,True
aligned,train,fbHlBmq7Ipo$_$10,fbHlBmq7Ipo,10,29,6,8,False,0.3333333432674408,2,positive,positive,True,7,7,6,0,7,7,6,0,50,0,True,True
aligned,train,fbHlBmq7Ipo$_$8,fbHlBmq7Ipo,8,92,16,20,False,-0.3333333432674408,0,negative,negative,True,19,19,18,0,19,19,18,0,50,0,True,True
aligned,train,fbSxct2JcKU$_$5,fbSxct2JcKU,5,153,28,35,False,0.6666666865348816,2,positive,positive,True,34,34,33,0,34,34,33,0,50,0,True,True
aligned,train,fdK_tsvBXJ8$_$5,fdK_tsvBXJ8,5,122,23,35,False,0.3333333432674408,2,positive,positive,True,34,34,33,0,34,34,33,0,50,0,True,True
aligned,train,fi7g4GoK-z4$_$4,fi7g4GoK-z4,4,135,25,33,False,0.6666666865348816,2,positive,positive,True,32,32,31,0,32,32,31,0,50,0,True,True
aligned,train,fjE2EZKgQm8$_$5,fjE2EZKgQm8,5,57,13,17,False,2.3333332538604736,2,positive,positive,True,16,16,15,0,16,16,12,3,50,0,True,True
aligned,train,fjE2EZKgQm8$_$4,fjE2EZKgQm8,4,68,13,17,False,2.0,2,positive,positive,True,16,16,15,0,16,16,15,0,50,0,True,True
aligned,train,flBtk736di4$_$8,flBtk736di4,8,96,16,21,False,1.0,2,positive,positive,True,20,20,19,0,20,20,19,0,50,0,True,True
aligned,train,frNJdG0GkYw$_$1,frNJdG0GkYw,1,150,28,34,False,1.6666666269302368,2,positive,positive,True,33,33,32,0,33,33,32,0,50,0,True,True
aligned,train,fzuTEKwNS94$_$8,fzuTEKwNS94,8,40,8,10,False,1.6666666269302368,2,positive,positive,True,9,9,8,0,9,9,8,0,50,0,True,True
aligned,train,fzuTEKwNS94$_$16,fzuTEKwNS94,16,121,22,26,False,2.6666667461395264,2,positive,positive,True,25,25,24,0,25,25,24,0,50,0,True,True
aligned,train,g99kISQbyuI$_$11,g99kISQbyuI,11,93,17,22,False,0.3333333432674408,2,positive,positive,True,21,21,20,0,21,21,7,13,50,0,True,True
aligned,train,g99kISQbyuI$_$0,g99kISQbyuI,0,56,8,10,False,-0.3333333432674408,0,negative,negative,True,9,9,8,0,7,7,3,3,50,0,True,True
aligned,train,g99kISQbyuI$_$3,g99kISQbyuI,3,40,7,11,False,0.6666666865348816,2,positive,positive,True,10,10,9,0,10,10,9,0,50,0,True,True
aligned,train,g99kISQbyuI$_$5,g99kISQbyuI,5,147,26,33,False,-0.6666666865348816,0,negative,negative,True,32,32,31,0,32,32,31,0,50,0,True,True
aligned,train,g9rNhtFG9aU$_$12,g9rNhtFG9aU,12,93,17,23,False,0.0,1,neutral,neutral,True,22,22,21,0,22,22,7,14,50,0,True,True
aligned,train,gAMbkJk6gnE$_$2,gAMbkJk6gnE,2,176,25,36,False,0.3333333432674408,2,positive,positive,True,35,35,34,0,0,0,0,0,50,0,True,True
aligned,train,gAMbkJk6gnE$_$4,gAMbkJk6gnE,4,100,17,23,False,1.3333333730697632,2,positive,positive,True,22,22,21,0,22,22,21,0,50,0,True,True
aligned,train,gC_wF3uKFW0$_$2,gC_wF3uKFW0,2,41,10,12,False,-0.3333333432674408,0,negative,negative,True,11,11,10,0,11,11,10,0,50,0,True,True
aligned,train,gC_wF3uKFW0$_$5,gC_wF3uKFW0,5,48,9,11,False,2.0,2,positive,positive,True,10,10,9,0,10,10,9,0,50,0,True,True
aligned,train,gC_wF3uKFW0$_$4,gC_wF3uKFW0,4,65,13,23,False,2.0,2,positive,positive,True,22,22,21,0,22,22,21,0,50,0,True,True
aligned,train,gEgcpVY8WK4$_$27,gEgcpVY8WK4,27,99,16,20,False,0.0,1,neutral,neutral,True,19,19,18,0,19,19,18,0,50,0,True,True
aligned,train,gEgcpVY8WK4$_$21,gEgcpVY8WK4,21,86,17,20,False,1.0,2,positive,positive,True,19,19,18,0,19,19,18,0,50,0,True,True
aligned,train,gEgcpVY8WK4$_$22,gEgcpVY8WK4,22,147,25,28,False,0.0,1,neutral,neutral,True,27,27,26,0,27,27,26,0,50,0,True,True
aligned,train,gEgcpVY8WK4$_$28,gEgcpVY8WK4,28,123,23,31,False,0.0,1,neutral,neutral,True,30,30,29,0,30,30,29,0,50,0,True,True
aligned,train,gEgcpVY8WK4$_$8,gEgcpVY8WK4,8,59,10,12,False,0.0,1,neutral,neutral,True,11,11,10,0,11,11,10,0,50,0,True,True
aligned,train,gEgcpVY8WK4$_$14,gEgcpVY8WK4,14,163,30,35,False,0.3333333432674408,2,positive,positive,True,34,34,33,0,34,34,33,0,50,0,True,True
aligned,train,gEgcpVY8WK4$_$17,gEgcpVY8WK4,17,58,12,14,False,0.0,1,neutral,neutral,True,13,13,12,0,13,13,12,0,50,0,True,True
aligned,train,gEgcpVY8WK4$_$30,gEgcpVY8WK4,30,65,13,16,False,0.6666666865348816,2,positive,positive,True,15,15,14,0,15,15,14,0,50,0,True,True
aligned,train,gFAOKuqpUq4$_$0,gFAOKuqpUq4,0,179,35,50,False,0.0,1,neutral,neutral,True,49,49,48,0,49,49,48,0,50,0,True,True
aligned,train,gPWyANEm0eE$_$10,gPWyANEm0eE,10,276,44,50,False,-2.0,0,negative,negative,True,49,49,48,0,49,49,48,0,50,0,True,True
aligned,train,gPWyANEm0eE$_$2,gPWyANEm0eE,2,61,12,15,False,0.0,1,neutral,neutral,True,14,14,13,0,14,14,13,0,50,0,True,True
aligned,train,gPWyANEm0eE$_$4,gPWyANEm0eE,4,135,20,28,False,0.6666666865348816,2,positive,positive,True,27,27,26,0,27,27,26,0,50,0,True,True
aligned,train,gRAmIaSlm80$_$0,gRAmIaSlm80,0,176,27,42,False,0.6666666865348816,2,positive,positive,True,41,41,40,0,32,32,31,0,50,0,True,True
aligned,train,gU7McujYYPY$_$1,gU7McujYYPY,1,140,26,32,False,2.0,2,positive,positive,True,31,31,30,0,26,26,25,0,50,0,True,True
aligned,train,gU7McujYYPY$_$3,gU7McujYYPY,3,112,22,24,False,0.3333333432674408,2,positive,positive,True,23,23,22,0,23,23,22,0,50,0,True,True
aligned,train,gU7McujYYPY$_$8,gU7McujYYPY,8,33,7,9,False,0.3333333432674408,2,positive,positive,True,8,8,7,0,8,8,7,0,50,0,True,True
aligned,train,gXDRWhJbfFU$_$1,gXDRWhJbfFU,1,256,41,49,False,1.5,2,positive,positive,True,48,48,47,0,48,48,47,0,50,0,True,True
aligned,train,gXDRWhJbfFU$_$4,gXDRWhJbfFU,4,174,30,34,False,0.6666666865348816,2,positive,positive,True,33,33,32,0,33,33,32,0,50,0,True,True
aligned,train,gXDRWhJbfFU$_$9,gXDRWhJbfFU,9,70,11,17,False,0.1666666716337204,2,positive,positive,True,16,16,15,0,16,16,15,0,50,0,True,True
aligned,train,gXDRWhJbfFU$_$8,gXDRWhJbfFU,8,245,47,50,False,1.1666666269302368,2,positive,positive,True,49,49,48,0,49,49,48,0,50,0,True,True
aligned,train,gXuiIWRxrw4$_$19,gXuiIWRxrw4,19,79,16,20,False,1.0,2,positive,positive,True,19,19,18,0,19,19,18,0,50,0,True,True
aligned,train,gXuiIWRxrw4$_$18,gXuiIWRxrw4,18,82,16,19,False,1.3333333730697632,2,positive,positive,True,18,18,17,0,18,18,17,0,50,0,True,True
aligned,train,gXuiIWRxrw4$_$0,gXuiIWRxrw4,0,56,10,13,False,0.6666666865348816,2,positive,positive,True,12,12,11,0,0,0,0,0,50,0,True,True
aligned,train,gXuiIWRxrw4$_$6,gXuiIWRxrw4,6,139,24,31,False,0.3333333432674408,2,positive,positive,True,30,30,29,0,30,30,29,0,50,0,True,True
aligned,train,gZDyk95Xob4$_$11,gZDyk95Xob4,11,251,51,50,False,1.0,2,positive,positive,True,49,49,48,0,49,49,39,9,50,0,True,True
aligned,train,gZDyk95Xob4$_$12,gZDyk95Xob4,12,74,12,19,False,1.0,2,positive,positive,True,18,18,17,0,18,18,17,0,50,0,True,True
aligned,train,gZDyk95Xob4$_$9,gZDyk95Xob4,9,303,57,50,False,1.0,2,positive,positive,True,49,49,48,0,49,49,48,0,50,0,True,True
aligned,train,gZF-YNQHqwI$_$13,gZF-YNQHqwI,13,30,7,9,False,0.0,1,neutral,neutral,True,8,8,7,0,0,0,0,0,50,0,True,True
aligned,train,gZF-YNQHqwI$_$1,gZF-YNQHqwI,1,49,9,13,False,0.6666666865348816,2,positive,positive,True,12,12,11,0,6,6,1,4,50,0,True,True
aligned,train,gZF-YNQHqwI$_$9,gZF-YNQHqwI,9,31,6,8,False,2.6666667461395264,2,positive,positive,True,7,7,6,0,5,5,3,1,50,0,True,True
aligned,train,gcpsSao7kHM$_$10,gcpsSao7kHM,10,64,13,20,False,1.0,2,positive,positive,True,19,19,18,0,19,19,18,0,50,0,True,True
aligned,train,gcpsSao7kHM$_$1,gcpsSao7kHM,1,98,16,24,False,0.0,1,neutral,neutral,True,23,23,22,0,23,23,22,0,50,0,True,True
aligned,train,ge071m9bGeY$_$1,ge071m9bGeY,1,108,20,26,False,0.3333333432674408,2,positive,positive,True,25,25,24,0,25,25,24,0,50,0,True,True
aligned,train,ge071m9bGeY$_$0,ge071m9bGeY,0,78,15,19,False,0.3333333432674408,2,positive,positive,True,18,18,17,0,0,0,0,0,50,0,True,True
aligned,train,ge071m9bGeY$_$5,ge071m9bGeY,5,114,18,23,False,0.6666666865348816,2,positive,positive,True,22,22,21,0,22,22,21,0,50,0,True,True
aligned,train,ge071m9bGeY$_$4,ge071m9bGeY,4,94,15,19,False,0.0,1,neutral,neutral,True,18,18,17,0,0,0,0,0,50,0,True,True
aligned,train,gjEYmdWrBLM$_$24,gjEYmdWrBLM,24,433,88,50,False,1.3333333730697632,2,positive,positive,True,49,49,48,0,49,49,48,0,50,0,True,True
aligned,train,gjEYmdWrBLM$_$26,gjEYmdWrBLM,26,119,23,27,False,2.0,2,positive,positive,True,26,26,25,0,26,26,25,0,50,0,True,True
aligned,train,gjEYmdWrBLM$_$0,gjEYmdWrBLM,0,25,5,7,False,0.6666666865348816,2,positive,positive,True,6,6,5,0,6,6,5,0,50,0,True,True
aligned,train,gjEYmdWrBLM$_$3,gjEYmdWrBLM,3,262,52,50,False,0.0,1,neutral,neutral,True,49,49,48,0,49,49,48,0,50,0,True,True
aligned,train,gjEYmdWrBLM$_$9,gjEYmdWrBLM,9,239,46,50,False,1.6666666269302368,2,positive,positive,True,49,49,48,0,49,49,48,0,50,0,True,True
aligned,train,gjEYmdWrBLM$_$18,gjEYmdWrBLM,18,97,18,27,False,1.6666666269302368,2,positive,positive,True,26,26,25,0,26,26,25,0,50,0,True,True
aligned,train,gjGL6YY6oMs$_$2,gjGL6YY6oMs,2,82,16,24,False,0.0,1,neutral,neutral,True,23,23,22,0,23,23,22,0,50,0,True,True
aligned,train,gjSyl6evrWk$_$12,gjSyl6evrWk,12,104,19,31,False,1.3333333730697632,2,positive,positive,True,30,30,29,0,30,30,29,0,50,0,True,True
aligned,train,gr9YU-UTJzQ$_$15,gr9YU-UTJzQ,15,72,13,18,False,0.0,1,neutral,neutral,True,17,17,16,0,17,17,16,0,50,0,True,True
aligned,train,grePRQ8zonA$_$2,grePRQ8zonA,2,145,26,33,False,0.3333333432674408,2,positive,positive,True,32,32,31,0,32,32,31,0,50,0,True,True
aligned,train,guRD0zQC6Q0$_$7,guRD0zQC6Q0,7,180,34,46,False,1.3333333730697632,2,positive,positive,True,45,45,44,0,45,45,44,0,50,0,True,True
aligned,train,gv43BPYYxKQ$_$2,gv43BPYYxKQ,2,107,18,26,False,-0.3333333432674408,0,negative,negative,True,25,25,24,0,25,25,24,0,50,0,True,True
aligned,train,gvrfI9e5xHQ$_$9,gvrfI9e5xHQ,9,239,44,50,False,-0.3333333432674408,0,negative,negative,True,49,49,48,0,49,49,48,0,50,0,True,True
aligned,train,gzZ8NTeTzRs$_$1,gzZ8NTeTzRs,1,103,17,23,False,0.0,1,neutral,neutral,True,22,22,21,0,22,22,21,0,50,0,True,True
aligned,train,h4LrwMn94ss$_$9,h4LrwMn94ss,9,70,14,17,False,0.0,1,neutral,neutral,True,16,16,15,0,16,16,15,0,50,0,True,True
aligned,train,h7p5URoookk$_$27,h7p5URoookk,27,37,7,11,False,0.3333333432674408,2,positive,positive,True,10,10,9,0,10,10,9,0,50,0,True,True
aligned,train,h7p5URoookk$_$2,h7p5URoookk,2,89,16,21,False,1.3333333730697632,2,positive,positive,True,20,20,19,0,20,20,19,0,50,0,True,True
aligned,train,hASTLbFHrEs$_$0,hASTLbFHrEs,0,44,8,12,False,-1.6666666269302368,0,negative,negative,True,11,11,10,0,11,11,10,0,50,0,True,True
aligned,train,hASTLbFHrEs$_$7,hASTLbFHrEs,7,144,23,32,False,2.3333332538604736,2,positive,positive,True,31,31,30,0,31,31,30,0,50,0,True,True
aligned,train,hCFV5VLgS0A$_$8,hCFV5VLgS0A,8,94,18,25,False,-0.6666666865348816,0,negative,negative,True,24,24,23,0,24,24,23,0,50,0,True,True
aligned,train,hF6kFQPdBjY$_$13,hF6kFQPdBjY,13,67,14,19,False,0.3333333432674408,2,positive,positive,True,18,18,17,0,18,18,17,0,50,0,True,True
aligned,train,hF6kFQPdBjY$_$2,hF6kFQPdBjY,2,104,18,21,False,-0.6666666865348816,0,negative,negative,True,20,20,19,0,20,20,19,0,50,0,True,True
aligned,train,hF6kFQPdBjY$_$9,hF6kFQPdBjY,9,87,13,22,False,0.0,1,neutral,neutral,True,21,21,20,0,21,21,20,0,50,0,True,True
aligned,train,hGRRlXfH0BY$_$11,hGRRlXfH0BY,11,96,19,24,False,-0.6666666865348816,0,negative,negative,True,23,23,22,0,23,23,22,0,50,0,True,True
aligned,train,hGRRlXfH0BY$_$1,hGRRlXfH0BY,1,225,43,50,False,-0.6666666865348816,0,negative,negative,True,49,49,48,0,49,49,48,0,50,0,True,True
aligned,train,hGRRlXfH0BY$_$8,hGRRlXfH0BY,8,154,28,41,False,-2.0,0,negative,negative,True,40,40,39,0,40,40,39,0,50,0,True,True
aligned,train,hIQhkTjNaQc$_$11,hIQhkTjNaQc,11,208,38,48,False,0.3333333432674408,2,positive,positive,True,47,47,46,0,47,47,46,0,50,0,True,True
aligned,train,hOp6I4jGvu4$_$1,hOp6I4jGvu4,1,136,24,30,False,0.0,1,neutral,neutral,True,29,29,28,0,29,29,28,0,50,0,True,True
aligned,train,hOp6I4jGvu4$_$4,hOp6I4jGvu4,4,158,25,30,False,1.6666666269302368,2,positive,positive,True,29,29,28,0,29,29,28,0,50,0,True,True
aligned,train,hSgKOKK3L8M$_$0,hSgKOKK3L8M,0,112,21,27,False,0.3333333432674408,2,positive,positive,True,26,26,25,0,0,0,0,0,50,0,True,True
aligned,train,hSgKOKK3L8M$_$5,hSgKOKK3L8M,5,68,14,16,False,0.0,1,neutral,neutral,True,15,15,14,0,0,0,0,0,50,0,True,True
aligned,train,hawztAtYHCE$_$9,hawztAtYHCE,9,219,42,50,False,1.3333333730697632,2,positive,positive,True,49,49,48,0,49,49,48,0,50,0,True,True
aligned,train,he475nnmMi0$_$14,he475nnmMi0,14,241,47,50,False,-0.3333333432674408,0,negative,negative,True,49,49,48,0,49,49,48,0,50,0,True,True
aligned,train,he475nnmMi0$_$9,he475nnmMi0,9,108,22,26,False,0.3333333432674408,2,positive,positive,True,25,25,24,0,25,25,24,0,50,0,True,True
aligned,train,hfVXx8hfKak$_$16,hfVXx8hfKak,16,64,12,15,False,-1.3333333730697632,0,negative,negative,True,14,14,13,0,14,14,13,0,50,0,True,True
aligned,train,hfVXx8hfKak$_$0,hfVXx8hfKak,0,168,35,38,False,2.0,2,positive,positive,True,37,37,36,0,37,37,36,0,50,0,True,True
aligned,train,hfvmQuhqMmY$_$8,hfvmQuhqMmY,8,96,12,22,False,2.0,2,positive,positive,True,21,21,20,0,21,21,20,0,50,0,True,True
aligned,train,hh04W3xXa5s$_$0,hh04W3xXa5s,0,37,7,9,False,1.0,2,positive,positive,True,8,8,7,0,8,8,7,0,50,0,True,True
aligned,train,hh04W3xXa5s$_$2,hh04W3xXa5s,2,119,24,28,False,-0.3333333432674408,0,negative,negative,True,27,27,26,0,24,24,1,22,50,0,True,True
aligned,train,hj1ph17-0jE$_$2,hj1ph17-0jE,2,140,22,27,False,-1.3333333730697632,0,negative,negative,True,26,26,25,0,26,26,25,0,50,0,True,True
aligned,train,hjBQmIWiWgw$_$2,hjBQmIWiWgw,2,115,21,28,False,0.3333333432674408,2,positive,positive,True,27,27,26,0,27,27,26,0,50,0,True,True
aligned,train,hlBOP5NskhM$_$10,hlBOP5NskhM,10,51,9,11,False,2.0,2,positive,positive,True,10,10,9,0,10,10,9,0,50,0,True,True
aligned,train,hlBOP5NskhM$_$12,hlBOP5NskhM,12,62,13,17,False,1.0,2,positive,positive,True,16,16,15,0,16,16,15,0,50,0,True,True
aligned,train,hlBOP5NskhM$_$2,hlBOP5NskhM,2,25,5,9,False,0.0,1,neutral,neutral,True,8,8,7,0,0,0,0,0,50,0,True,True
aligned,train,hlBOP5NskhM$_$8,hlBOP5NskhM,8,136,24,30,False,1.3333333730697632,2,positive,positive,True,29,29,28,0,0,0,0,0,50,0,True,True
aligned,train,hlYDicOj2m0$_$2,hlYDicOj2m0,2,49,9,13,False,0.3333333432674408,2,positive,positive,True,12,12,11,0,12,12,11,0,50,0,True,True
aligned,train,hlYDicOj2m0$_$6,hlYDicOj2m0,6,78,16,18,False,-0.3333333432674408,0,negative,negative,True,17,17,16,0,17,17,16,0,50,0,True,True
aligned,train,hmjfBZGGZR8$_$1,hmjfBZGGZR8,1,169,31,40,False,2.6666667461395264,2,positive,positive,True,39,39,38,0,23,23,22,0,50,0,True,True
aligned,train,hntnelpiyl8$_$13,hntnelpiyl8,13,97,17,22,False,0.0,1,neutral,neutral,True,21,21,20,0,21,21,20,0,50,0,True,True
aligned,train,hp3nsb_eIc0$_$18,hp3nsb_eIc0,18,212,47,50,False,0.0,1,neutral,neutral,True,49,49,48,0,49,49,48,0,50,0,True,True
aligned,train,hp3nsb_eIc0$_$1,hp3nsb_eIc0,1,95,21,24,False,0.0,1,neutral,neutral,True,23,23,22,0,23,23,22,0,50,0,True,True
aligned,train,hyazktfsZew$_$26,hyazktfsZew,26,40,10,14,False,1.0,2,positive,positive,True,13,13,12,0,13,13,9,3,50,0,True,True
aligned,train,hyazktfsZew$_$22,hyazktfsZew,22,94,14,22,False,1.0,2,positive,positive,True,21,21,20,0,0,0,0,0,50,0,True,True
aligned,train,hyazktfsZew$_$28,hyazktfsZew,28,46,8,13,False,0.3333333432674408,2,positive,positive,True,12,12,11,0,12,12,11,0,50,0,True,True
aligned,train,hyazktfsZew$_$9,hyazktfsZew,9,48,10,17,False,-0.6666666865348816,0,negative,negative,True,16,16,15,0,16,16,15,0,50,0,True,True
aligned,train,hyazktfsZew$_$11,hyazktfsZew,11,43,8,10,False,0.0,1,neutral,neutral,True,9,9,8,0,7,7,1,5,50,0,True,True
aligned,train,hyazktfsZew$_$30,hyazktfsZew,30,46,10,12,False,0.3333333432674408,2,positive,positive,True,11,11,10,0,11,11,5,5,50,0,True,True
aligned,train,i5bmKlHv-SA$_$3,i5bmKlHv-SA,3,96,22,25,False,0.6666666865348816,2,positive,positive,True,24,24,23,0,24,24,23,0,50,0,True,True
aligned,train,iEOBNT0HFtU$_$12,iEOBNT0HFtU,12,166,27,35,False,2.3333332538604736,2,positive,positive,True,34,34,33,0,34,34,33,0,50,0,True,True
aligned,train,iEOBNT0HFtU$_$17,iEOBNT0HFtU,17,113,19,31,False,-0.3333333432674408,0,negative,negative,True,30,30,29,0,30,30,29,0,50,0,True,True
aligned,train,iEOBNT0HFtU$_$0,iEOBNT0HFtU,0,77,13,18,False,1.3333333730697632,2,positive,positive,True,17,17,16,0,17,17,16,0,50,0,True,True
aligned,train,iEOBNT0HFtU$_$2,iEOBNT0HFtU,2,73,8,17,False,0.6666666865348816,2,positive,positive,True,16,16,15,0,16,16,15,0,50,0,True,True
aligned,train,iH04VOkbof0$_$1,iH04VOkbof0,1,155,22,34,False,0.0,1,neutral,neutral,True,33,33,32,0,33,33,32,0,50,0,True,True
aligned,train,iH04VOkbof0$_$4,iH04VOkbof0,4,105,18,23,False,-0.6666666865348816,0,negative,negative,True,22,22,21,0,22,22,21,0,50,0,True,True
aligned,train,iM3wSwoAtwk$_$3,iM3wSwoAtwk,3,178,31,37,False,0.3333333432674408,2,positive,positive,True,36,36,35,0,36,36,35,0,50,0,True,True
aligned,train,iMss8xBhFiI$_$12,iMss8xBhFiI,12,68,14,17,False,0.6666666865348816,2,positive,positive,True,16,16,15,0,16,16,15,0,50,0,True,True
aligned,train,iO34hER47xA$_$3,iO34hER47xA,3,154,26,30,False,1.6666666269302368,2,positive,positive,True,29,29,28,0,29,29,28,0,50,0,True,True
aligned,train,iR1Os7FVGHs$_$6,iR1Os7FVGHs,6,176,35,50,False,0.0,1,neutral,neutral,True,49,49,48,0,49,49,48,0,50,0,True,True
aligned,train,iREkcXde5ds$_$0,iREkcXde5ds,0,41,7,9,False,0.0,1,neutral,neutral,True,8,8,7,0,0,0,0,0,50,0,True,True
aligned,train,iS91daVpH2E$_$10,iS91daVpH2E,10,93,17,20,False,0.3333333432674408,2,positive,positive,True,19,19,18,0,19,19,18,0,50,0,True,True
aligned,train,iS91daVpH2E$_$7,iS91daVpH2E,7,99,18,24,False,0.0,1,neutral,neutral,True,23,23,22,0,23,23,22,0,50,0,True,True
aligned,train,iYtD_ArCdKw$_$3,iYtD_ArCdKw,3,70,14,18,False,0.0,1,neutral,neutral,True,17,17,16,0,17,17,16,0,50,0,True,True
aligned,train,iYtD_ArCdKw$_$9,iYtD_ArCdKw,9,244,45,50,False,0.3333333432674408,2,positive,positive,True,49,49,48,0,49,49,48,0,50,0,True,True
aligned,train,icIS9VfbzMw$_$25,icIS9VfbzMw,25,94,19,26,False,-0.3333333432674408,0,negative,negative,True,25,25,24,0,25,25,24,0,50,0,True,True
aligned,train,icIS9VfbzMw$_$17,icIS9VfbzMw,17,110,22,26,False,1.3333333730697632,2,positive,positive,True,25,25,24,0,14,14,13,0,50,0,True,True
aligned,train,icIS9VfbzMw$_$1,icIS9VfbzMw,1,145,31,42,False,-1.3333333730697632,0,negative,negative,True,41,41,40,0,41,41,40,0,50,0,True,True
aligned,train,icIS9VfbzMw$_$3,icIS9VfbzMw,3,112,23,32,False,0.3333333432674408,2,positive,positive,True,31,31,30,0,31,31,30,0,50,0,True,True
aligned,train,icehEYAiimM$_$0,icehEYAiimM,0,342,58,50,False,0.6666666865348816,2,positive,positive,True,49,49,48,0,49,49,48,0,50,0,True,True
aligned,train,iex7I7iVnLk$_$3,iex7I7iVnLk,3,63,11,14,False,0.6666666865348816,2,positive,positive,True,13,13,12,0,13,13,12,0,50,0,True,True
aligned,train,ihuGFUrzD30$_$8,ihuGFUrzD30,8,90,16,22,False,0.6666666865348816,2,positive,positive,True,21,21,20,0,21,21,20,0,50,0,True,True
aligned,train,ipLoS44xfO4$_$1,ipLoS44xfO4,1,32,7,9,False,0.3333333432674408,2,positive,positive,True,8,8,7,0,0,0,0,0,50,0,True,True
aligned,train,ipLoS44xfO4$_$0,ipLoS44xfO4,0,22,5,7,False,-1.3333333730697632,0,negative,negative,True,6,6,5,0,6,6,5,0,50,0,True,True
aligned,train,ipLoS44xfO4$_$3,ipLoS44xfO4,3,57,10,16,False,-1.3333333730697632,0,negative,negative,True,15,15,14,0,15,15,14,0,50,0,True,True
aligned,train,ixQbCXLUUj8$_$1,ixQbCXLUUj8,1,76,15,18,False,0.3333333432674408,2,positive,positive,True,17,17,16,0,17,17,13,3,50,0,True,True
aligned,train,ixZAEncExWI$_$1,ixZAEncExWI,1,165,29,33,False,-0.3333333432674408,0,negative,negative,True,32,32,31,0,32,32,31,0,50,0,True,True
aligned,train,izFBeXMTgds$_$1,izFBeXMTgds,1,152,28,33,False,1.6666666269302368,2,positive,positive,True,32,32,31,0,32,32,31,0,50,0,True,True
aligned,train,j6R1NTrosuM$_$0,j6R1NTrosuM,0,67,13,15,False,1.3333333730697632,2,positive,positive,True,14,14,13,0,14,14,13,0,50,0,True,True
aligned,train,j7fRIGphgtk$_$1,j7fRIGphgtk,1,44,7,10,False,1.6666666269302368,2,positive,positive,True,9,9,8,0,9,9,8,0,50,0,True,True
aligned,train,j7fRIGphgtk$_$0,j7fRIGphgtk,0,141,27,31,False,0.0,1,neutral,neutral,True,30,30,29,0,30,30,29,0,50,0,True,True
aligned,train,jEQoBvc7V1o$_$12,jEQoBvc7V1o,12,84,16,21,False,1.0,2,positive,positive,True,20,20,19,0,10,10,9,0,50,0,True,True
aligned,train,jFNgOznarMo$_$9,jFNgOznarMo,9,96,17,21,False,-1.0,0,negative,negative,True,20,20,19,0,20,20,19,0,50,0,True,True
aligned,train,jFNgOznarMo$_$10,jFNgOznarMo,10,237,47,50,False,0.0,1,neutral,neutral,True,49,49,48,0,49,49,48,0,50,0,True,True
aligned,train,jFpRdhl3fgw$_$2,jFpRdhl3fgw,2,88,16,20,False,0.3333333432674408,2,positive,positive,True,19,19,18,0,19,19,18,0,50,0,True,True
aligned,train,jNdvceZ4etc$_$2,jNdvceZ4etc,2,54,11,17,False,1.3333333730697632,2,positive,positive,True,16,16,15,0,16,16,15,0,50,0,True,True
aligned,train,jNdvceZ4etc$_$7,jNdvceZ4etc,7,61,12,18,False,0.6666666865348816,2,positive,positive,True,17,17,16,0,17,17,16,0,50,0,True,True
aligned,train,jPf0LjZAS14$_$0,jPf0LjZAS14,0,140,24,30,False,0.6666666865348816,2,positive,positive,True,29,29,28,0,29,29,28,0,50,0,True,True
aligned,train,jQ3EmbRIe58$_$14,jQ3EmbRIe58,14,63,12,15,False,2.0,2,positive,positive,True,14,14,13,0,14,14,13,0,50,0,True,True
aligned,train,jT3FSTBA8Us$_$2,jT3FSTBA8Us,2,142,28,36,False,0.0,1,neutral,neutral,True,35,35,34,0,29,29,1,27,50,0,True,True
aligned,train,jV6qzF2YROc$_$0,jV6qzF2YROc,0,78,15,21,False,0.6666666865348816,2,positive,positive,True,20,20,19,0,20,20,19,0,50,0,True,True
aligned,train,jVayR0VClxQ$_$12,jVayR0VClxQ,12,66,15,18,False,1.6666666269302368,2,positive,positive,True,17,17,16,0,17,17,16,0,50,0,True,True
aligned,train,jVayR0VClxQ$_$0,jVayR0VClxQ,0,81,16,21,False,-0.6666666865348816,0,negative,negative,True,20,20,19,0,20,20,19,0,50,0,True,True
aligned,train,jVayR0VClxQ$_$9,jVayR0VClxQ,9,128,28,33,False,1.0,2,positive,positive,True,32,32,31,0,32,32,31,0,50,0,True,True
aligned,train,jYT3-RQFy1U$_$10,jYT3-RQFy1U,10,122,21,27,False,0.0,1,neutral,neutral,True,26,26,25,0,26,26,25,0,50,0,True,True
aligned,train,jYT3-RQFy1U$_$1,jYT3-RQFy1U,1,177,29,37,False,-1.6666666269302368,0,negative,negative,True,36,36,35,0,36,36,35,0,50,0,True,True
aligned,train,jakiZQd4boM$_$3,jakiZQd4boM,3,251,47,50,False,0.6666666865348816,2,positive,positive,True,49,49,48,0,49,49,48,0,50,0,True,True
aligned,train,jbKDW9URnvM$_$0,jbKDW9URnvM,0,74,13,18,False,0.6666666865348816,2,positive,positive,True,17,17,16,0,17,17,16,0,50,0,True,True
aligned,train,jcQi90n008o$_$20,jcQi90n008o,20,70,14,17,False,1.3333333730697632,2,positive,positive,True,16,16,15,0,16,16,15,0,50,0,True,True
aligned,train,jcQi90n008o$_$23,jcQi90n008o,23,40,9,11,False,1.6666666269302368,2,positive,positive,True,10,10,9,0,10,10,9,0,50,0,True,True
aligned,train,jcQi90n008o$_$2,jcQi90n008o,2,78,14,16,False,0.0,1,neutral,neutral,True,15,15,14,0,15,15,14,0,50,0,True,True
aligned,train,jcQi90n008o$_$5,jcQi90n008o,5,189,28,32,False,0.6666666865348816,2,positive,positive,True,31,31,30,0,31,31,30,0,50,0,True,True
aligned,train,jcQi90n008o$_$18,jcQi90n008o,18,48,11,13,False,0.3333333432674408,2,positive,positive,True,12,12,11,0,12,12,11,0,50,0,True,True
aligned,train,jgNu58Da9cs$_$2,jgNu58Da9cs,2,149,26,29,False,0.3333333432674408,2,positive,positive,True,28,28,27,0,28,28,27,0,50,0,True,True
aligned,train,jgNu58Da9cs$_$6,jgNu58Da9cs,6,148,22,29,False,0.0,1,neutral,neutral,True,28,28,27,0,28,28,27,0,50,0,True,True
aligned,train,jjb1cWmkhI8$_$2,jjb1cWmkhI8,2,148,23,30,False,1.6666666269302368,2,positive,positive,True,29,29,28,0,29,29,28,0,50,0,True,True
aligned,train,jjbOD6u7V34$_$3,jjbOD6u7V34,3,179,34,48,False,0.0,1,neutral,neutral,True,47,47,46,0,47,47,31,15,50,0,True,True
aligned,train,jlCFLG6rKKY$_$2,jlCFLG6rKKY,2,49,11,13,False,-0.6666666865348816,0,negative,negative,True,12,12,11,0,12,12,11,0,50,0,True,True
aligned,train,jnG9zog4NCs$_$2,jnG9zog4NCs,2,80,15,20,False,0.6666666865348816,2,positive,positive,True,19,19,18,0,19,19,18,0,50,0,True,True
aligned,train,jnG9zog4NCs$_$4,jnG9zog4NCs,4,144,27,32,False,-0.3333333432674408,0,negative,negative,True,31,31,30,0,28,28,12,15,50,0,True,True
aligned,train,jqKzaEniiKo$_$13,jqKzaEniiKo,13,234,46,50,False,0.3333333432674408,2,positive,positive,True,49,49,48,0,0,0,0,0,50,0,True,True
aligned,train,jqKzaEniiKo$_$8,jqKzaEniiKo,8,168,34,45,False,0.3333333432674408,2,positive,positive,True,44,44,43,0,44,44,43,0,50,0,True,True
aligned,train,juI9KoLA87A$_$5,juI9KoLA87A,5,97,18,26,False,0.3333333432674408,2,positive,positive,True,25,25,24,0,25,25,24,0,50,0,True,True
aligned,train,jzNIU-w0MVo$_$15,jzNIU-w0MVo,15,183,34,38,False,1.0,2,positive,positive,True,37,37,36,0,37,37,36,0,50,0,True,True
aligned,train,jzNIU-w0MVo$_$16,jzNIU-w0MVo,16,142,29,34,False,0.0,1,neutral,neutral,True,33,33,32,0,33,33,32,0,50,0,True,True
aligned,train,jzNIU-w0MVo$_$7,jzNIU-w0MVo,7,214,36,43,False,-0.6666666865348816,0,negative,negative,True,42,42,41,0,42,42,41,0,50,0,True,True
aligned,train,k1ca_xbhohk$_$13,k1ca_xbhohk,13,105,21,26,False,0.6666666865348816,2,positive,positive,True,25,25,24,0,25,25,24,0,50,0,True,True
aligned,train,k4T6GaDrcjs$_$2,k4T6GaDrcjs,2,73,10,14,False,1.3333333730697632,2,positive,positive,True,13,13,12,0,13,13,6,6,50,0,True,True
aligned,train,k4T6GaDrcjs$_$4,k4T6GaDrcjs,4,46,8,12,False,1.3333333730697632,2,positive,positive,True,11,11,10,0,11,11,10,0,50,0,True,True
aligned,train,k4T6GaDrcjs$_$7,k4T6GaDrcjs,7,75,12,23,False,-0.6666666865348816,0,negative,negative,True,22,22,21,0,22,22,3,18,50,0,True,True
aligned,train,k4T6GaDrcjs$_$9,k4T6GaDrcjs,9,78,15,19,False,0.0,1,neutral,neutral,True,18,18,17,0,7,7,2,4,50,0,True,True
aligned,train,k5-3KuvCFms$_$0,k5-3KuvCFms,0,74,14,22,False,0.6666666865348816,2,positive,positive,True,21,21,20,0,21,21,20,0,50,0,True,True
aligned,train,k8NgVOCDYKM$_$10,k8NgVOCDYKM,10,254,43,50,False,-0.3333333432674408,0,negative,negative,True,49,49,48,0,49,49,48,0,50,0,True,True
aligned,train,k8NgVOCDYKM$_$19,k8NgVOCDYKM,19,107,18,23,False,-1.6666666269302368,0,negative,negative,True,22,22,21,0,22,22,21,0,50,0,True,True
aligned,train,k8NgVOCDYKM$_$2,k8NgVOCDYKM,2,61,10,13,False,0.3333333432674408,2,positive,positive,True,12,12,11,0,12,12,11,0,50,0,True,True
aligned,train,kCQqLNiO0mk$_$11,kCQqLNiO0mk,11,190,36,46,False,-1.0,0,negative,negative,True,45,45,44,0,45,45,44,0,50,0,True,True
aligned,train,kCQqLNiO0mk$_$12,kCQqLNiO0mk,12,73,14,17,False,0.6666666865348816,2,positive,positive,True,16,16,15,0,16,16,15,0,50,0,True,True
aligned,train,kCQqLNiO0mk$_$15,kCQqLNiO0mk,15,209,41,49,False,1.3333333730697632,2,positive,positive,True,48,48,47,0,48,48,47,0,50,0,True,True
aligned,train,kCQqLNiO0mk$_$17,kCQqLNiO0mk,17,189,34,43,False,-1.3333333730697632,0,negative,negative,True,42,42,41,0,42,42,41,0,50,0,True,True
aligned,train,kCQqLNiO0mk$_$6,kCQqLNiO0mk,6,99,18,25,False,0.0,1,neutral,neutral,True,24,24,23,0,24,24,23,0,50,0,True,True
aligned,train,kCQqLNiO0mk$_$8,kCQqLNiO0mk,8,154,27,33,False,0.3333333432674408,2,positive,positive,True,32,32,31,0,32,32,31,0,50,0,True,True
aligned,train,kKMfsWrigTE$_$1,kKMfsWrigTE,1,75,12,22,False,0.3333333432674408,2,positive,positive,True,21,21,20,0,21,21,20,0,50,0,True,True
aligned,train,kKkZihSbxF4$_$2,kKkZihSbxF4,2,127,23,27,False,2.3333332538604736,2,positive,positive,True,26,26,25,0,26,26,18,7,50,0,True,True
aligned,train,kPn-t6NSxfQ$_$11,kPn-t6NSxfQ,11,67,11,16,False,0.3333333432674408,2,positive,positive,True,15,15,14,0,15,15,14,0,50,0,True,True
aligned,train,kPn-t6NSxfQ$_$14,kPn-t6NSxfQ,14,312,55,50,False,0.3333333432674408,2,positive,positive,True,49,49,48,0,49,49,48,0,50,0,True,True
aligned,train,kPn-t6NSxfQ$_$0,kPn-t6NSxfQ,0,68,12,15,False,0.3333333432674408,2,positive,positive,True,14,14,13,0,14,14,13,0,50,0,True,True
aligned,train,kPn-t6NSxfQ$_$4,kPn-t6NSxfQ,4,219,39,50,False,-0.6666666865348816,0,negative,negative,True,49,49,48,0,49,49,48,0,50,0,True,True
aligned,train,kRs39SO-neY$_$17,kRs39SO-neY,17,222,42,50,False,0.6666666865348816,2,positive,positive,True,49,49,48,0,49,49,48,0,50,0,True,True
aligned,train,kU6YY2z7z0I$_$10,kU6YY2z7z0I,10,59,12,16,False,1.0,2,positive,positive,True,15,15,14,0,15,15,14,0,50,0,True,True
aligned,train,kU6YY2z7z0I$_$5,kU6YY2z7z0I,5,101,16,23,False,-0.3333333432674408,0,negative,negative,True,22,22,21,0,22,22,21,0,50,0,True,True
aligned,train,kU6YY2z7z0I$_$4,kU6YY2z7z0I,4,48,12,14,False,-1.3333333730697632,0,negative,negative,True,13,13,12,0,13,13,12,0,50,0,True,True
aligned,train,kU6YY2z7z0I$_$9,kU6YY2z7z0I,9,34,5,7,False,0.0,1,neutral,neutral,True,6,6,5,0,6,6,5,0,50,0,True,True
aligned,train,kU6YY2z7z0I$_$8,kU6YY2z7z0I,8,52,7,9,False,-1.0,0,negative,negative,True,8,8,7,0,8,8,7,0,50,0,True,True
aligned,train,kY64gXOapYk$_$0,kY64gXOapYk,0,152,27,36,False,0.6666666865348816,2,positive,positive,True,35,35,34,0,35,35,34,0,50,0,True,True
aligned,train,kZfcQ4a0kx4$_$21,kZfcQ4a0kx4,21,109,21,28,False,1.3333333730697632,2,positive,positive,True,27,27,26,0,27,27,26,0,50,0,True,True
aligned,train,kZfcQ4a0kx4$_$0,kZfcQ4a0kx4,0,134,21,30,False,2.0,2,positive,positive,True,29,29,28,0,29,29,28,0,50,0,True,True
aligned,train,kZfcQ4a0kx4$_$3,kZfcQ4a0kx4,3,174,34,46,False,2.0,2,positive,positive,True,45,45,44,0,45,45,44,0,50,0,True,True
aligned,train,kZfcQ4a0kx4$_$8,kZfcQ4a0kx4,8,151,27,33,False,2.3333332538604736,2,positive,positive,True,32,32,31,0,32,32,31,0,50,0,True,True
aligned,train,kZfcQ4a0kx4$_$15,kZfcQ4a0kx4,15,211,39,46,False,1.6666666269302368,2,positive,positive,True,45,45,44,0,45,45,40,4,50,0,True,True
aligned,train,kcIGTPHEsNo$_$20,kcIGTPHEsNo,20,103,18,21,False,3.0,2,positive,positive,True,20,20,19,0,18,18,16,1,50,0,True,True
aligned,train,kcIGTPHEsNo$_$17,kcIGTPHEsNo,17,177,34,40,False,1.6666666269302368,2,positive,positive,True,39,39,38,0,39,39,38,0,50,0,True,True
aligned,train,kcIGTPHEsNo$_$10,kcIGTPHEsNo,10,93,18,28,False,2.0,2,positive,positive,True,27,27,26,0,27,27,23,3,50,0,True,True
aligned,train,kddCewAsxfA$_$5,kddCewAsxfA,5,69,14,17,False,0.3333333432674408,2,positive,positive,True,16,16,15,0,16,16,15,0,50,0,True,True
aligned,train,kf3fZcx8nIo$_$2,kf3fZcx8nIo,2,232,38,50,False,-0.3333333432674408,0,negative,negative,True,49,49,48,0,49,49,48,0,50,0,True,True
aligned,train,kh6eynD9OIk$_$10,kh6eynD9OIk,10,28,7,10,False,0.3333333432674408,2,positive,positive,True,9,9,8,0,9,9,8,0,50,0,True,True
aligned,train,kh6eynD9OIk$_$5,kh6eynD9OIk,5,59,12,14,False,-2.0,0,negative,negative,True,13,13,12,0,10,10,9,0,50,0,True,True
aligned,train,kh6eynD9OIk$_$6,kh6eynD9OIk,6,46,9,11,False,-1.3333333730697632,0,negative,negative,True,10,10,9,0,9,9,8,0,50,0,True,True
aligned,train,kiR5zVo2zvU$_$24,kiR5zVo2zvU,24,149,31,36,False,1.6666666269302368,2,positive,positive,True,35,35,34,0,35,35,34,0,50,0,True,True
aligned,train,kiR5zVo2zvU$_$14,kiR5zVo2zvU,14,64,13,15,False,1.0,2,positive,positive,True,14,14,13,0,14,14,13,0,50,0,True,True
aligned,train,kiR5zVo2zvU$_$17,kiR5zVo2zvU,17,294,58,50,False,0.6666666865348816,2,positive,positive,True,49,49,48,0,49,49,48,0,50,0,True,True
aligned,train,kj63uF0RhW8$_$7,kj63uF0RhW8,7,131,26,36,False,0.0,1,neutral,neutral,True,35,35,34,0,35,35,34,0,50,0,True,True
aligned,train,kjQAkrdbREk$_$1,kjQAkrdbREk,1,140,25,31,False,-2.3333332538604736,0,negative,negative,True,30,30,29,0,30,30,29,0,50,0,True,True
aligned,train,kjQAkrdbREk$_$2,kjQAkrdbREk,2,180,29,39,False,2.0,2,positive,positive,True,38,38,37,0,38,38,37,0,50,0,True,True
aligned,train,kqXpf26EL-s$_$11,kqXpf26EL-s,11,53,9,13,False,0.6666666865348816,2,positive,positive,True,12,12,11,0,11,11,3,7,50,0,True,True
aligned,train,kqXpf26EL-s$_$3,kqXpf26EL-s,3,32,9,11,False,0.0,1,neutral,neutral,True,10,10,9,0,10,10,9,0,50,0,True,True
aligned,train,kqXpf26EL-s$_$5,kqXpf26EL-s,5,24,7,9,False,0.0,1,neutral,neutral,True,8,8,7,0,0,0,0,0,50,0,True,True
aligned,train,krHZuqfXrPU$_$22,krHZuqfXrPU,22,250,49,50,False,1.6666666269302368,2,positive,positive,True,49,49,48,0,49,49,48,0,50,0,True,True
aligned,train,krHZuqfXrPU$_$28,krHZuqfXrPU,28,120,21,23,False,2.0,2,positive,positive,True,22,22,21,0,22,22,21,0,50,0,True,True
aligned,train,krHZuqfXrPU$_$11,krHZuqfXrPU,11,62,15,19,False,-0.3333333432674408,0,negative,negative,True,18,18,17,0,18,18,17,0,50,0,True,True
aligned,train,krHZuqfXrPU$_$13,krHZuqfXrPU,13,107,22,30,False,0.0,1,neutral,neutral,True,29,29,28,0,29,29,28,0,50,0,True,True
aligned,train,ku-dtUqCm2o$_$1,ku-dtUqCm2o,1,79,15,23,False,-0.6666666865348816,0,negative,negative,True,22,22,21,0,22,22,21,0,50,0,True,True
aligned,train,kuQWPuhnlHs$_$5,kuQWPuhnlHs,5,328,58,50,False,1.3333333730697632,2,positive,positive,True,49,49,48,0,49,49,48,0,50,0,True,True
aligned,train,kuQWPuhnlHs$_$6,kuQWPuhnlHs,6,226,38,47,False,1.0,2,positive,positive,True,46,46,45,0,46,46,45,0,50,0,True,True
aligned,train,kwkhYpCHWPw$_$6,kwkhYpCHWPw,6,65,12,15,False,0.6666666865348816,2,positive,positive,True,14,14,13,0,14,14,13,0,50,0,True,True
aligned,train,kx544gnOZB0$_$0,kx544gnOZB0,0,59,11,15,False,-0.6666666865348816,0,negative,negative,True,14,14,13,0,14,14,13,0,50,0,True,True
aligned,train,kxcCxbsKx3w$_$2,kxcCxbsKx3w,2,155,28,38,False,1.0,2,positive,positive,True,37,37,36,0,37,37,36,0,50,0,True,True
aligned,train,kxcCxbsKx3w$_$8,kxcCxbsKx3w,8,34,5,12,False,1.0,2,positive,positive,True,11,11,10,0,11,11,10,0,50,0,True,True
aligned,train,ky7Q5onqxGw$_$7,ky7Q5onqxGw,7,118,20,23,False,-1.3333333730697632,0,negative,negative,True,22,22,21,0,22,22,21,0,50,0,True,True
aligned,train,kyPepNmxaj8$_$2,kyPepNmxaj8,2,67,13,16,False,0.0,1,neutral,neutral,True,15,15,14,0,15,15,14,0,50,0,True,True
aligned,train,kz7ahNfXFsk$_$9,kz7ahNfXFsk,9,78,17,23,False,1.3333333730697632,2,positive,positive,True,22,22,21,0,22,22,21,0,50,0,True,True
aligned,train,kzmaKnujN64$_$1,kzmaKnujN64,1,90,17,20,False,0.3333333432674408,2,positive,positive,True,19,19,18,0,19,19,18,0,50,0,True,True
aligned,train,kzmaKnujN64$_$6,kzmaKnujN64,6,118,20,29,False,-0.3333333432674408,0,negative,negative,True,28,28,27,0,28,28,27,0,50,0,True,True
aligned,train,l-nM_U1qpko$_$2,l-nM_U1qpko,2,55,9,13,False,2.3333332538604736,2,positive,positive,True,12,12,11,0,12,12,11,0,50,0,True,True
aligned,train,l-nM_U1qpko$_$5,l-nM_U1qpko,5,125,19,25,False,2.6666667461395264,2,positive,positive,True,24,24,23,0,24,24,23,0,50,0,True,True
aligned,train,l5_DDqck4Rs$_$0,l5_DDqck4Rs,0,125,21,33,False,0.3333333432674408,2,positive,positive,True,32,32,31,0,32,32,31,0,50,0,True,True
aligned,train,l8LTcZJ-_8k$_$17,l8LTcZJ-_8k,17,35,7,9,False,0.6666666865348816,2,positive,positive,True,8,8,7,0,0,0,0,0,50,0,True,True
aligned,train,l8LTcZJ-_8k$_$19,l8LTcZJ-_8k,19,199,42,50,False,0.3333333432674408,2,positive,positive,True,49,49,48,0,49,49,48,0,50,0,True,True
aligned,train,lEsFI5YJGDo$_$5,lEsFI5YJGDo,5,113,23,25,False,2.0,2,positive,positive,True,24,24,23,0,24,24,23,0,50,0,True,True
aligned,train,lEsFI5YJGDo$_$7,lEsFI5YJGDo,7,109,23,25,False,1.3333333730697632,2,positive,positive,True,24,24,23,0,24,24,22,1,50,0,True,True
aligned,train,lEsFI5YJGDo$_$6,lEsFI5YJGDo,6,66,12,15,False,2.3333332538604736,2,positive,positive,True,14,14,13,0,14,14,13,0,50,0,True,True
aligned,train,lTfsqoo-jKg$_$4,lTfsqoo-jKg,4,30,6,11,False,-2.3333332538604736,0,negative,negative,True,10,10,9,0,10,10,9,0,50,0,True,True
aligned,train,lTfsqoo-jKg$_$7,lTfsqoo-jKg,7,106,20,23,False,0.0,1,neutral,neutral,True,22,22,21,0,22,22,21,0,50,0,True,True
aligned,train,lUNNDDsm7R8$_$3,lUNNDDsm7R8,3,299,60,50,False,1.3333333730697632,2,positive,positive,True,49,49,48,0,49,49,48,0,50,0,True,True
aligned,train,lWvaIexY2WU$_$0,lWvaIexY2WU,0,135,20,35,False,-1.6666666269302368,0,negative,negative,True,34,34,33,0,34,34,33,0,50,0,True,True
aligned,train,laxadgca3Fo$_$0,laxadgca3Fo,0,90,14,21,False,0.6666666865348816,2,positive,positive,True,20,20,19,0,20,20,19,0,50,0,True,True
aligned,train,lbx3eu8LUl8$_$4,lbx3eu8LUl8,4,62,13,16,False,0.0,1,neutral,neutral,True,15,15,14,0,15,15,14,0,50,0,True,True
aligned,train,ll10nEjTvGE$_$9,ll10nEjTvGE,9,95,20,25,False,1.0,2,positive,positive,True,24,24,23,0,24,24,23,0,50,0,True,True
aligned,train,ll10nEjTvGE$_$8,ll10nEjTvGE,8,76,12,19,False,-1.6666666269302368,0,negative,negative,True,18,18,17,0,18,18,17,0,50,0,True,True
aligned,train,lp9vkkimXqg$_$12,lp9vkkimXqg,12,53,10,13,False,0.6666666865348816,2,positive,positive,True,12,12,11,0,12,12,11,0,50,0,True,True
aligned,train,lp9vkkimXqg$_$15,lp9vkkimXqg,15,58,13,18,False,0.6666666865348816,2,positive,positive,True,17,17,16,0,17,17,16,0,50,0,True,True
aligned,train,lp9vkkimXqg$_$6,lp9vkkimXqg,6,36,6,10,False,0.0,1,neutral,neutral,True,9,9,8,0,9,9,8,0,50,0,True,True
aligned,train,lpF-yBYou0s$_$5,lpF-yBYou0s,5,79,13,17,False,0.0,1,neutral,neutral,True,16,16,15,0,16,16,15,0,50,0,True,True
aligned,train,lpF-yBYou0s$_$6,lpF-yBYou0s,6,67,12,16,False,-1.6666666269302368,0,negative,negative,True,15,15,14,0,15,15,14,0,50,0,True,True
aligned,train,luQfWSfb1s0$_$13,luQfWSfb1s0,13,136,26,28,False,1.3333333730697632,2,positive,positive,True,27,27,26,0,27,27,26,0,50,0,True,True
aligned,train,luQfWSfb1s0$_$16,luQfWSfb1s0,16,62,13,15,False,0.0,1,neutral,neutral,True,14,14,13,0,14,14,13,0,50,0,True,True
aligned,train,luQfWSfb1s0$_$4,luQfWSfb1s0,4,118,21,26,False,1.6666666269302368,2,positive,positive,True,25,25,24,0,0,0,0,0,50,0,True,True
aligned,train,luQfWSfb1s0$_$6,luQfWSfb1s0,6,93,15,20,False,1.6666666269302368,2,positive,positive,True,19,19,18,0,19,19,18,0,50,0,True,True
aligned,train,lzVA--tIse0$_$0,lzVA--tIse0,0,93,17,19,False,1.6666666269302368,2,positive,positive,True,18,18,17,0,18,18,12,5,50,0,True,True
aligned,train,lzyVWNrkgbQ$_$9,lzyVWNrkgbQ,9,144,29,39,False,-0.3333333432674408,0,negative,negative,True,38,38,37,0,38,38,37,0,50,0,True,True
aligned,train,m7SJs73SF8w$_$4,m7SJs73SF8w,4,75,14,17,False,1.3333333730697632,2,positive,positive,True,16,16,15,0,16,16,6,9,50,0,True,True
aligned,train,m8tzdtrgFUA$_$12,m8tzdtrgFUA,12,44,9,13,False,0.3333333432674408,2,positive,positive,True,12,12,11,0,12,12,11,0,50,0,True,True
aligned,train,m8tzdtrgFUA$_$0,m8tzdtrgFUA,0,34,6,10,False,1.0,2,positive,positive,True,9,9,8,0,9,9,8,0,50,0,True,True
aligned,train,m8tzdtrgFUA$_$2,m8tzdtrgFUA,2,43,10,15,False,0.3333333432674408,2,positive,positive,True,14,14,13,0,14,14,13,0,50,0,True,True
aligned,train,m8tzdtrgFUA$_$5,m8tzdtrgFUA,5,123,22,25,False,1.3333333730697632,2,positive,positive,True,24,24,23,0,24,24,23,0,50,0,True,True
aligned,train,m8tzdtrgFUA$_$7,m8tzdtrgFUA,7,22,5,7,False,0.0,1,neutral,neutral,True,6,6,5,0,6,6,5,0,50,0,True,True
aligned,train,mHIvH6Nnrls$_$1,mHIvH6Nnrls,1,26,5,8,False,0.0,1,neutral,neutral,True,7,7,6,0,0,0,0,0,50,0,True,True
aligned,train,mI50zj8cTNw$_$1,mI50zj8cTNw,1,90,16,21,False,0.0,1,neutral,neutral,True,20,20,19,0,20,20,19,0,50,0,True,True
aligned,train,mKP6TVuixWg$_$11,mKP6TVuixWg,11,267,48,50,False,-0.3333333432674408,0,negative,negative,True,49,49,48,0,49,49,48,0,50,0,True,True
aligned,train,mKP6TVuixWg$_$18,mKP6TVuixWg,18,59,9,17,False,0.0,1,neutral,neutral,True,16,16,15,0,16,16,15,0,50,0,True,True
aligned,train,mL2v-sODUZ8$_$11,mL2v-sODUZ8,11,283,49,50,False,0.0,1,neutral,neutral,True,49,49,48,0,49,49,48,0,50,0,True,True
aligned,train,mMeGgB9-hSE$_$10,mMeGgB9-hSE,10,78,12,19,False,0.6666666865348816,2,positive,positive,True,18,18,17,0,18,18,17,0,50,0,True,True
aligned,train,mMeGgB9-hSE$_$13,mMeGgB9-hSE,13,196,31,34,False,1.3333333730697632,2,positive,positive,True,33,33,32,0,33,33,32,0,50,0,True,True
aligned,train,mN1Z5xEOy10$_$4,mN1Z5xEOy10,4,66,8,10,False,-0.6666666865348816,0,negative,negative,True,9,9,8,0,4,4,3,0,50,0,True,True
aligned,train,mQTaEIrNxnQ$_$11,mQTaEIrNxnQ,11,143,24,28,False,0.6666666865348816,2,positive,positive,True,27,27,26,0,27,27,26,0,50,0,True,True
aligned,train,mRPIse3OO74$_$1,mRPIse3OO74,1,102,18,23,False,-0.6666666865348816,0,negative,negative,True,22,22,21,0,22,22,21,0,50,0,True,True
aligned,train,mRnEJOLkhp8$_$2,mRnEJOLkhp8,2,135,22,27,False,0.6666666865348816,2,positive,positive,True,26,26,25,0,26,26,25,0,50,0,True,True
aligned,train,mSWwz7dXUP8$_$6,mSWwz7dXUP8,6,108,19,28,False,2.3333332538604736,2,positive,positive,True,27,27,26,0,27,27,26,0,50,0,True,True
aligned,train,mW8eL4e7Wrg$_$14,mW8eL4e7Wrg,14,80,12,21,False,0.0,1,neutral,neutral,True,20,20,19,0,20,20,19,0,50,0,True,True
aligned,train,mW8eL4e7Wrg$_$3,mW8eL4e7Wrg,3,122,22,27,False,1.0,2,positive,positive,True,26,26,25,0,26,26,25,0,50,0,True,True
aligned,train,mW8eL4e7Wrg$_$2,mW8eL4e7Wrg,2,98,17,22,False,0.0,1,neutral,neutral,True,21,21,20,0,21,21,20,0,50,0,True,True
aligned,train,mW8eL4e7Wrg$_$6,mW8eL4e7Wrg,6,87,16,25,False,0.0,1,neutral,neutral,True,24,24,23,0,24,24,23,0,50,0,True,True
aligned,train,mW8eL4e7Wrg$_$15,mW8eL4e7Wrg,15,94,17,23,False,-0.3333333432674408,0,negative,negative,True,22,22,21,0,22,22,21,0,50,0,True,True
aligned,train,maO6KmmgcB8$_$4,maO6KmmgcB8,4,116,16,25,False,-0.6666666865348816,0,negative,negative,True,24,24,23,0,24,24,23,0,50,0,True,True
aligned,train,mgovo8VYtvk$_$24,mgovo8VYtvk,24,218,37,50,False,2.0,2,positive,positive,True,49,49,48,0,49,49,47,1,50,0,True,True
aligned,train,mgovo8VYtvk$_$20,mgovo8VYtvk,20,80,13,17,False,1.6666666269302368,2,positive,positive,True,16,16,15,0,16,16,15,0,50,0,True,True
aligned,train,mgovo8VYtvk$_$22,mgovo8VYtvk,22,53,10,21,False,0.6666666865348816,2,positive,positive,True,20,20,19,0,20,20,10,9,50,0,True,True
aligned,train,mgovo8VYtvk$_$23,mgovo8VYtvk,23,87,19,25,False,1.3333333730697632,2,positive,positive,True,24,24,23,0,24,24,12,11,50,0,True,True
aligned,train,mgovo8VYtvk$_$29,mgovo8VYtvk,29,71,14,18,False,1.6666666269302368,2,positive,positive,True,17,17,16,0,17,17,16,0,50,0,True,True
aligned,train,mgovo8VYtvk$_$3,mgovo8VYtvk,3,106,16,25,False,1.3333333730697632,2,positive,positive,True,24,24,23,0,24,24,23,0,50,0,True,True
aligned,train,mgovo8VYtvk$_$8,mgovo8VYtvk,8,186,27,44,False,2.0,2,positive,positive,True,43,43,42,0,43,43,42,0,50,0,True,True
aligned,train,mgovo8VYtvk$_$13,mgovo8VYtvk,13,179,29,38,False,0.6666666865348816,2,positive,positive,True,37,37,36,0,37,37,36,0,50,0,True,True
aligned,train,mgovo8VYtvk$_$12,mgovo8VYtvk,12,180,26,44,False,2.3333332538604736,2,positive,positive,True,43,43,42,0,43,43,42,0,50,0,True,True
aligned,train,mgovo8VYtvk$_$30,mgovo8VYtvk,30,143,25,31,False,2.6666667461395264,2,positive,positive,True,30,30,29,0,30,30,29,0,50,0,True,True
aligned,train,mgovo8VYtvk$_$37,mgovo8VYtvk,37,52,9,12,False,1.6666666269302368,2,positive,positive,True,11,11,10,0,11,11,10,0,50,0,True,True
aligned,train,mgovo8VYtvk$_$34,mgovo8VYtvk,34,100,17,23,False,0.6666666865348816,2,positive,positive,True,22,22,21,0,22,22,21,0,50,0,True,True
aligned,train,mgpoY1-110U$_$1,mgpoY1-110U,1,92,18,24,False,-0.6666666865348816,0,negative,negative,True,23,23,22,0,23,23,22,0,50,0,True,True
aligned,train,mgpoY1-110U$_$14,mgpoY1-110U,14,63,10,13,False,0.3333333432674408,2,positive,positive,True,12,12,11,0,12,12,11,0,50,0,True,True
aligned,train,mkkoJ2iVbGs$_$0,mkkoJ2iVbGs,0,88,11,16,False,0.6666666865348816,2,positive,positive,True,15,15,14,0,15,15,14,0,50,0,True,True
aligned,train,mkkoJ2iVbGs$_$5,mkkoJ2iVbGs,5,140,25,35,False,0.0,1,neutral,neutral,True,34,34,33,0,34,34,33,0,50,0,True,True
aligned,train,mkkoJ2iVbGs$_$4,mkkoJ2iVbGs,4,87,13,16,False,1.3333333730697632,2,positive,positive,True,15,15,14,0,15,15,14,0,50,0,True,True
aligned,train,mn8_HvzbN5c$_$5,mn8_HvzbN5c,5,282,56,50,False,0.0,1,neutral,neutral,True,49,49,48,0,49,49,48,0,50,0,True,True
aligned,train,mpfSRGHFY0g$_$3,mpfSRGHFY0g,3,81,13,19,False,-0.3333333432674408,0,negative,negative,True,18,18,17,0,18,18,17,0,50,0,True,True
aligned,train,mrQIrm6hYMQ$_$1,mrQIrm6hYMQ,1,86,14,17,False,1.3333333730697632,2,positive,positive,True,16,16,15,0,16,16,15,0,50,0,True,True
aligned,train,mrQIrm6hYMQ$_$2,mrQIrm6hYMQ,2,175,33,39,False,1.6666666269302368,2,positive,positive,True,38,38,37,0,38,38,37,0,50,0,True,True
aligned,train,muOYAxkG-Zo$_$15,muOYAxkG-Zo,15,139,23,27,False,0.3333333432674408,2,positive,positive,True,26,26,25,0,26,26,25,0,50,0,True,True
aligned,train,muOYAxkG-Zo$_$6,muOYAxkG-Zo,6,106,16,22,False,0.0,1,neutral,neutral,True,21,21,20,0,21,21,20,0,50,0,True,True
aligned,train,mud6tEqFiEM$_$2,mud6tEqFiEM,2,46,10,12,False,0.6666666865348816,2,positive,positive,True,11,11,10,0,11,11,10,0,50,0,True,True
aligned,train,mud6tEqFiEM$_$5,mud6tEqFiEM,5,79,14,18,False,1.6666666269302368,2,positive,positive,True,17,17,16,0,17,17,16,0,50,0,True,True
aligned,train,mw_ZwML0SbY$_$0,mw_ZwML0SbY,0,279,46,50,False,0.0,1,neutral,neutral,True,49,49,48,0,49,49,48,0,50,0,True,True
aligned,train,mw_ZwML0SbY$_$2,mw_ZwML0SbY,2,169,26,37,False,0.3333333432674408,2,positive,positive,True,36,36,35,0,36,36,35,0,50,0,True,True
aligned,train,mxFU6TrHChY$_$11,mxFU6TrHChY,11,195,36,48,False,-1.6666666269302368,0,negative,negative,True,47,47,46,0,47,47,46,0,50,0,True,True
aligned,train,mxFU6TrHChY$_$0,mxFU6TrHChY,0,76,16,19,False,-0.6666666865348816,0,negative,negative,True,18,18,17,0,18,18,17,0,50,0,True,True
aligned,train,mxFU6TrHChY$_$8,mxFU6TrHChY,8,60,11,14,False,0.0,1,neutral,neutral,True,13,13,12,0,13,13,12,0,50,0,True,True
aligned,train,mxa4KXSz9rw$_$0,mxa4KXSz9rw,0,35,5,11,False,0.6666666865348816,2,positive,positive,True,10,10,9,0,0,0,0,0,50,0,True,True
aligned,train,mxa4KXSz9rw$_$6,mxa4KXSz9rw,6,74,11,15,False,0.3333333432674408,2,positive,positive,True,14,14,13,0,14,14,13,0,50,0,True,True
aligned,train,mzTHW2dtbs4$_$8,mzTHW2dtbs4,8,185,39,45,False,0.0,1,neutral,neutral,True,44,44,43,0,44,44,43,0,50,0,True,True
aligned,train,mziQcFSsdRI$_$4,mziQcFSsdRI,4,97,16,21,False,1.6666666269302368,2,positive,positive,True,20,20,19,0,20,20,19,0,50,0,True,True
aligned,train,n-sgVVTE9Io$_$0,n-sgVVTE9Io,0,66,13,16,False,0.3333333432674408,2,positive,positive,True,15,15,14,0,15,15,14,0,50,0,True,True
aligned,train,n4xRx0J3rYQ$_$10,n4xRx0J3rYQ,10,76,14,17,False,1.0,2,positive,positive,True,16,16,15,0,16,16,15,0,50,0,True,True
aligned,train,n4xRx0J3rYQ$_$0,n4xRx0J3rYQ,0,63,9,18,False,1.0,2,positive,positive,True,17,17,16,0,0,0,0,0,50,0,True,True
aligned,train,n4xRx0J3rYQ$_$4,n4xRx0J3rYQ,4,123,24,28,False,-0.3333333432674408,0,negative,negative,True,27,27,26,0,27,27,26,0,50,0,True,True
aligned,train,n5MU2-GFjo8$_$1,n5MU2-GFjo8,1,174,25,31,False,0.0,1,neutral,neutral,True,30,30,29,0,30,30,29,0,50,0,True,True
aligned,train,n7K5SpMrQt0$_$17,n7K5SpMrQt0,17,102,19,26,False,-0.3333333432674408,0,negative,negative,True,25,25,24,0,25,25,24,0,50,0,True,True
aligned,train,nD1R4UedEDo$_$10,nD1R4UedEDo,10,102,21,24,False,0.6666666865348816,2,positive,positive,True,23,23,22,0,23,23,22,0,50,0,True,True
aligned,train,nD1R4UedEDo$_$1,nD1R4UedEDo,1,171,25,34,False,-1.0,0,negative,negative,True,33,33,32,0,33,33,32,0,50,0,True,True
aligned,train,nD1R4UedEDo$_$2,nD1R4UedEDo,2,97,19,24,False,1.3333333730697632,2,positive,positive,True,23,23,22,0,23,23,22,0,50,0,True,True
aligned,train,nD1R4UedEDo$_$4,nD1R4UedEDo,4,88,15,19,False,0.3333333432674408,2,positive,positive,True,18,18,17,0,18,18,17,0,50,0,True,True
aligned,train,nDXKvarLEOM$_$3,nDXKvarLEOM,3,55,8,10,False,1.0,2,positive,positive,True,9,9,8,0,9,9,8,0,50,0,True,True
aligned,train,nErOMpqvcRg$_$7,nErOMpqvcRg,7,290,57,50,False,1.3333333730697632,2,positive,positive,True,49,49,48,0,49,49,48,0,50,0,True,True
aligned,train,nHP7l5zAwGA$_$0,nHP7l5zAwGA,0,162,27,49,False,1.6666666269302368,2,positive,positive,True,48,48,47,0,48,48,47,0,50,0,True,True
aligned,train,nHP7l5zAwGA$_$8,nHP7l5zAwGA,8,175,30,36,False,-1.3333333730697632,0,negative,negative,True,35,35,34,0,35,35,34,0,50,0,True,True
aligned,train,nISNBD3I95A$_$0,nISNBD3I95A,0,122,19,23,False,0.6666666865348816,2,positive,positive,True,22,22,21,0,22,22,21,0,50,0,True,True
aligned,train,nKiC9sEP2vM$_$5,nKiC9sEP2vM,5,204,30,41,False,0.3333333432674408,2,positive,positive,True,40,40,39,0,40,40,39,0,50,0,True,True
aligned,train,nM5S3xxNOlQ$_$10,nM5S3xxNOlQ,10,130,22,26,False,1.6666666269302368,2,positive,positive,True,25,25,24,0,25,25,24,0,50,0,True,True
aligned,train,nM5S3xxNOlQ$_$0,nM5S3xxNOlQ,0,101,22,25,False,0.0,1,neutral,neutral,True,24,24,23,0,24,24,23,0,50,0,True,True
aligned,train,nM5S3xxNOlQ$_$3,nM5S3xxNOlQ,3,121,22,27,False,0.3333333432674408,2,positive,positive,True,26,26,25,0,26,26,25,0,50,0,True,True
aligned,train,nM5S3xxNOlQ$_$7,nM5S3xxNOlQ,7,41,7,9,False,0.3333333432674408,2,positive,positive,True,8,8,7,0,8,8,7,0,50,0,True,True
aligned,train,nM5S3xxNOlQ$_$9,nM5S3xxNOlQ,9,35,5,7,False,0.0,1,neutral,neutral,True,6,6,5,0,6,6,5,0,50,0,True,True
aligned,train,nTBKtwqPIYw$_$7,nTBKtwqPIYw,7,64,9,14,False,0.0,1,neutral,neutral,True,13,13,12,0,13,13,12,0,50,0,True,True
aligned,train,ngp7s5Wvde0$_$11,ngp7s5Wvde0,11,106,16,21,False,2.0,2,positive,positive,True,20,20,19,0,20,20,19,0,50,0,True,True
aligned,train,ngp7s5Wvde0$_$3,ngp7s5Wvde0,3,145,26,32,False,1.3333333730697632,2,positive,positive,True,31,31,30,0,31,31,30,0,50,0,True,True
aligned,train,ngp7s5Wvde0$_$8,ngp7s5Wvde0,8,138,24,33,False,2.0,2,positive,positive,True,32,32,31,0,32,32,31,0,50,0,True,True
aligned,train,npIVLL_fTf0$_$13,npIVLL_fTf0,13,151,33,43,False,-2.6666667461395264,0,negative,negative,True,42,42,41,0,42,42,41,0,50,0,True,True
aligned,train,npIVLL_fTf0$_$12,npIVLL_fTf0,12,146,28,40,False,-1.0,0,negative,negative,True,39,39,38,0,39,39,38,0,50,0,True,True
aligned,train,npIVLL_fTf0$_$17,npIVLL_fTf0,17,90,18,21,False,-1.6666666269302368,0,negative,negative,True,20,20,19,0,20,20,19,0,50,0,True,True
aligned,train,nsLACXjD4KU$_$3,nsLACXjD4KU,3,127,20,29,False,-0.6666666865348816,0,negative,negative,True,28,28,27,0,28,28,8,19,50,0,True,True
aligned,train,nsLACXjD4KU$_$2,nsLACXjD4KU,2,76,14,16,False,0.0,1,neutral,neutral,True,15,15,14,0,15,15,14,0,50,0,True,True
aligned,train,nw6Kf3AtCz4$_$21,nw6Kf3AtCz4,21,70,13,18,False,1.6666666269302368,2,positive,positive,True,17,17,16,0,17,17,16,0,50,0,True,True
aligned,train,nw6Kf3AtCz4$_$23,nw6Kf3AtCz4,23,71,12,21,False,1.6666666269302368,2,positive,positive,True,20,20,19,0,20,20,19,0,50,0,True,True
aligned,train,nw6Kf3AtCz4$_$28,nw6Kf3AtCz4,28,61,13,20,False,1.0,2,positive,positive,True,19,19,18,0,19,19,18,0,50,0,True,True
aligned,train,nw6Kf3AtCz4$_$4,nw6Kf3AtCz4,4,50,11,14,False,0.3333333432674408,2,positive,positive,True,13,13,12,0,13,13,12,0,50,0,True,True
aligned,train,nw6Kf3AtCz4$_$8,nw6Kf3AtCz4,8,44,9,15,False,1.3333333730697632,2,positive,positive,True,14,14,13,0,13,13,12,0,50,0,True,True
aligned,train,nw6Kf3AtCz4$_$15,nw6Kf3AtCz4,15,94,17,27,False,1.0,2,positive,positive,True,26,26,25,0,26,26,25,0,50,0,True,True
aligned,train,nw6Kf3AtCz4$_$18,nw6Kf3AtCz4,18,35,6,10,False,0.6666666865348816,2,positive,positive,True,9,9,8,0,9,9,8,0,50,0,True,True
aligned,train,nw6Kf3AtCz4$_$33,nw6Kf3AtCz4,33,86,15,23,False,2.0,2,positive,positive,True,22,22,21,0,22,22,21,0,50,0,True,True
aligned,train,nz2vkMyqfeE$_$15,nz2vkMyqfeE,15,264,51,50,False,0.3333333432674408,2,positive,positive,True,49,49,48,0,49,49,48,0,50,0,True,True
aligned,train,nz2vkMyqfeE$_$4,nz2vkMyqfeE,4,141,26,33,False,1.3333333730697632,2,positive,positive,True,32,32,31,0,32,32,31,0,50,0,True,True
aligned,train,o2miCpS7Hwo$_$6,o2miCpS7Hwo,6,226,49,50,False,1.3333333730697632,2,positive,positive,True,49,49,48,0,49,49,48,0,50,0,True,True
aligned,train,o4b7hjQwpv0$_$5,o4b7hjQwpv0,5,140,23,27,False,0.3333333432674408,2,positive,positive,True,26,26,25,0,19,19,3,15,50,0,True,True
aligned,train,o4b7hjQwpv0$_$6,o4b7hjQwpv0,6,92,17,21,False,0.0,1,neutral,neutral,True,20,20,19,0,3,3,2,0,50,0,True,True
aligned,train,o4b7hjQwpv0$_$8,o4b7hjQwpv0,8,55,8,10,False,0.6666666865348816,2,positive,positive,True,9,9,8,0,9,9,8,0,50,0,True,True
aligned,train,o63doZKEIds$_$1,o63doZKEIds,1,37,8,12,False,-1.3333333730697632,0,negative,negative,True,11,11,10,0,11,11,10,0,50,0,True,True
aligned,train,o63doZKEIds$_$3,o63doZKEIds,3,43,7,12,False,-0.3333333432674408,0,negative,negative,True,11,11,10,0,11,11,10,0,50,0,True,True
aligned,train,o63doZKEIds$_$9,o63doZKEIds,9,38,9,11,False,0.3333333432674408,2,positive,positive,True,10,10,9,0,10,10,9,0,50,0,True,True
aligned,train,oANUXY3xXKM$_$2,oANUXY3xXKM,2,113,16,25,False,-1.0,0,negative,negative,True,24,24,23,0,24,24,23,0,50,0,True,True
aligned,train,oCsrnIomHos$_$11,oCsrnIomHos,11,155,30,41,False,-0.3333333432674408,0,negative,negative,True,40,40,39,0,40,40,39,0,50,0,True,True
aligned,train,oDznO5w3v0U$_$3,oDznO5w3v0U,3,78,14,21,False,0.0,1,neutral,neutral,True,20,20,19,0,20,20,19,0,50,0,True,True
aligned,train,oDznO5w3v0U$_$6,oDznO5w3v0U,6,84,16,21,False,1.0,2,positive,positive,True,20,20,19,0,20,20,19,0,50,0,True,True
aligned,train,oGnKsroR0R0$_$13,oGnKsroR0R0,13,39,8,10,False,-2.0,0,negative,negative,True,9,9,8,0,9,9,8,0,50,0,True,True
aligned,train,oGnKsroR0R0$_$14,oGnKsroR0R0,14,112,24,27,False,0.0,1,neutral,neutral,True,26,26,25,0,26,26,25,0,50,0,True,True
aligned,train,oHV99Y_EWfI$_$12,oHV99Y_EWfI,12,94,18,23,False,1.0,2,positive,positive,True,22,22,21,0,22,22,21,0,50,0,True,True
aligned,train,oHV99Y_EWfI$_$19,oHV99Y_EWfI,19,75,13,16,False,0.6666666865348816,2,positive,positive,True,15,15,14,0,15,15,14,0,50,0,True,True
aligned,train,oK951Y2N_k0$_$1,oK951Y2N_k0,1,68,12,15,False,-0.3333333432674408,0,negative,negative,True,14,14,13,0,14,14,13,0,50,0,True,True
aligned,train,oNCvb0F-c88$_$6,oNCvb0F-c88,6,113,21,26,False,0.0,1,neutral,neutral,True,25,25,24,0,25,25,24,0,50,0,True,True
aligned,train,oOhxCwkZsUI$_$0,oOhxCwkZsUI,0,91,15,21,False,0.0,1,neutral,neutral,True,20,20,19,0,20,20,19,0,50,0,True,True
aligned,train,oPvUDLhTrjI$_$11,oPvUDLhTrjI,11,140,23,36,False,1.0,2,positive,positive,True,35,35,34,0,35,35,34,0,50,0,True,True
aligned,train,oPvUDLhTrjI$_$13,oPvUDLhTrjI,13,107,19,23,False,2.3333332538604736,2,positive,positive,True,22,22,21,0,22,22,21,0,50,0,True,True
aligned,train,oVqBUyKvgdU$_$7,oVqBUyKvgdU,7,333,60,50,False,-0.3333333432674408,0,negative,negative,True,49,49,48,0,49,49,47,1,50,0,True,True
aligned,train,oW1OEsP7Dds$_$8,oW1OEsP7Dds,8,94,18,25,False,-0.3333333432674408,0,negative,negative,True,24,24,23,0,24,24,23,0,50,0,True,True
aligned,train,oW1OEsP7Dds$_$12,oW1OEsP7Dds,12,188,37,42,False,0.0,1,neutral,neutral,True,41,41,40,0,41,41,40,0,50,0,True,True
aligned,train,oWAyEzyp2xQ$_$15,oWAyEzyp2xQ,15,152,31,39,False,-1.6666666269302368,0,negative,negative,True,38,38,37,0,38,38,37,0,50,0,True,True
aligned,train,obnOnuzb-Xw$_$1,obnOnuzb-Xw,1,56,11,13,False,-0.3333333432674408,0,negative,negative,True,12,12,11,0,12,12,11,0,50,0,True,True
aligned,train,ogGweZUAVtU$_$51,ogGweZUAVtU,51,70,14,18,False,0.0,1,neutral,neutral,True,17,17,16,0,17,17,16,0,50,0,True,True
aligned,train,ogGweZUAVtU$_$20,ogGweZUAVtU,20,73,14,19,False,0.3333333432674408,2,positive,positive,True,18,18,17,0,18,18,17,0,50,0,True,True
aligned,train,ogGweZUAVtU$_$49,ogGweZUAVtU,49,34,6,9,False,0.3333333432674408,2,positive,positive,True,8,8,7,0,8,8,7,0,50,0,True,True
aligned,train,ogGweZUAVtU$_$46,ogGweZUAVtU,46,67,11,13,False,-0.3333333432674408,0,negative,negative,True,12,12,11,0,12,12,11,0,50,0,True,True
aligned,train,ogGweZUAVtU$_$40,ogGweZUAVtU,40,58,9,18,False,0.0,1,neutral,neutral,True,17,17,16,0,17,17,16,0,50,0,True,True
aligned,train,ogGweZUAVtU$_$7,ogGweZUAVtU,7,41,8,13,False,0.6666666865348816,2,positive,positive,True,12,12,11,0,12,12,11,0,50,0,True,True
aligned,train,ogGweZUAVtU$_$9,ogGweZUAVtU,9,93,18,23,False,0.0,1,neutral,neutral,True,22,22,21,0,22,22,21,0,50,0,True,True
aligned,train,ogGweZUAVtU$_$38,ogGweZUAVtU,38,93,16,23,False,1.0,2,positive,positive,True,22,22,21,0,22,22,21,0,50,0,True,True
aligned,train,ogGweZUAVtU$_$10,ogGweZUAVtU,10,51,8,13,False,0.0,1,neutral,neutral,True,12,12,11,0,12,12,11,0,50,0,True,True
aligned,train,ogGweZUAVtU$_$17,ogGweZUAVtU,17,64,10,16,False,0.0,1,neutral,neutral,True,15,15,14,0,15,15,14,0,50,0,True,True
aligned,train,ogGweZUAVtU$_$37,ogGweZUAVtU,37,81,13,19,False,-0.3333333432674408,0,negative,negative,True,18,18,17,0,18,18,17,0,50,0,True,True
aligned,train,ogGweZUAVtU$_$36,ogGweZUAVtU,36,43,8,11,False,-0.3333333432674408,0,negative,negative,True,10,10,9,0,10,10,9,0,50,0,True,True
aligned,train,ogGweZUAVtU$_$32,ogGweZUAVtU,32,48,9,11,False,0.6666666865348816,2,positive,positive,True,10,10,9,0,10,10,9,0,50,0,True,True
aligned,train,oj7A8mpuBeQ$_$11,oj7A8mpuBeQ,11,85,15,19,False,0.3333333432674408,2,positive,positive,True,18,18,17,0,18,18,17,0,50,0,True,True
aligned,train,oj7A8mpuBeQ$_$5,oj7A8mpuBeQ,5,37,6,9,False,0.6666666865348816,2,positive,positive,True,8,8,7,0,8,8,7,0,50,0,True,True
aligned,train,olcPEN9x5VY$_$2,olcPEN9x5VY,2,59,13,16,False,0.3333333432674408,2,positive,positive,True,15,15,14,0,15,15,14,0,50,0,True,True
aligned,train,olcPEN9x5VY$_$7,olcPEN9x5VY,7,62,11,16,False,1.0,2,positive,positive,True,15,15,14,0,15,15,14,0,50,0,True,True
aligned,train,olcPEN9x5VY$_$9,olcPEN9x5VY,9,38,9,11,False,2.3333332538604736,2,positive,positive,True,10,10,9,0,10,10,9,0,50,0,True,True
aligned,train,olcPEN9x5VY$_$8,olcPEN9x5VY,8,74,14,18,False,1.0,2,positive,positive,True,17,17,16,0,17,17,16,0,50,0,True,True
aligned,train,omBcvw7izuM$_$10,omBcvw7izuM,10,87,14,18,False,1.3333333730697632,2,positive,positive,True,17,17,16,0,17,17,16,0,50,0,True,True
aligned,train,omBcvw7izuM$_$17,omBcvw7izuM,17,121,24,30,False,0.0,1,neutral,neutral,True,29,29,28,0,29,29,28,0,50,0,True,True
aligned,train,omBcvw7izuM$_$2,omBcvw7izuM,2,352,51,50,False,0.0,1,neutral,neutral,True,49,49,48,0,49,49,48,0,50,0,True,True
aligned,train,omBcvw7izuM$_$6,omBcvw7izuM,6,263,39,50,False,0.6666666865348816,2,positive,positive,True,49,49,48,0,49,49,48,0,50,0,True,True
aligned,train,omHQ68k50XY$_$8,omHQ68k50XY,8,124,21,25,False,-1.3333333730697632,0,negative,negative,True,24,24,23,0,24,24,23,0,50,0,True,True
aligned,train,ouhCx4TgHlE$_$1,ouhCx4TgHlE,1,168,29,34,False,-0.3333333432674408,0,negative,negative,True,33,33,32,0,33,33,32,0,50,0,True,True
aligned,train,ouhCx4TgHlE$_$0,ouhCx4TgHlE,0,88,18,23,False,-1.0,0,negative,negative,True,22,22,21,0,22,22,21,0,50,0,True,True
aligned,train,ouhCx4TgHlE$_$2,ouhCx4TgHlE,2,112,19,24,False,-1.0,0,negative,negative,True,23,23,22,0,23,23,22,0,50,0,True,True
aligned,train,owT0_Xfu8a0$_$0,owT0_Xfu8a0,0,140,24,31,False,0.3333333432674408,2,positive,positive,True,30,30,29,0,30,30,29,0,50,0,True,True
aligned,train,oyHKiX5YGDE$_$10,oyHKiX5YGDE,10,76,15,20,False,-0.3333333432674408,0,negative,negative,True,19,19,18,0,19,19,18,0,50,0,True,True
aligned,train,oyHKiX5YGDE$_$15,oyHKiX5YGDE,15,108,18,25,False,-0.3333333432674408,0,negative,negative,True,24,24,23,0,24,24,23,0,50,0,True,True
aligned,train,p18PVgfxook$_$3,p18PVgfxook,3,132,26,32,False,0.0,1,neutral,neutral,True,31,31,30,0,31,31,30,0,50,0,True,True
aligned,train,p19Hsjx2xgI$_$8,p19Hsjx2xgI,8,63,10,15,False,0.0,1,neutral,neutral,True,14,14,13,0,14,14,13,0,50,0,True,True
aligned,train,p5LEk2u8tXk$_$13,p5LEk2u8tXk,13,68,9,16,False,1.6666666269302368,2,positive,positive,True,15,15,14,0,15,15,14,0,50,0,True,True
aligned,train,p5LEk2u8tXk$_$4,p5LEk2u8tXk,4,59,11,14,False,0.6666666865348816,2,positive,positive,True,13,13,12,0,13,13,12,0,50,0,True,True
aligned,train,pAclBdj20ZU$_$10,pAclBdj20ZU,10,69,15,17,False,1.0,2,positive,positive,True,16,16,15,0,16,16,15,0,50,0,True,True
aligned,train,pAclBdj20ZU$_$0,pAclBdj20ZU,0,76,17,21,False,-0.3333333432674408,0,negative,negative,True,20,20,19,0,20,20,19,0,50,0,True,True
aligned,train,pAclBdj20ZU$_$6,pAclBdj20ZU,6,33,6,10,False,0.0,1,neutral,neutral,True,9,9,8,0,9,9,8,0,50,0,True,True
aligned,train,pAclBdj20ZU$_$8,pAclBdj20ZU,8,47,8,11,False,1.0,2,positive,positive,True,10,10,9,0,10,10,9,0,50,0,True,True
aligned,train,pFh-SLxltms$_$14,pFh-SLxltms,14,99,18,21,False,0.6666666865348816,2,positive,positive,True,20,20,19,0,20,20,19,0,50,0,True,True
aligned,train,pFh-SLxltms$_$23,pFh-SLxltms,23,58,10,16,False,2.0,2,positive,positive,True,15,15,14,0,15,15,14,0,50,0,True,True
aligned,train,pFh-SLxltms$_$16,pFh-SLxltms,16,107,20,23,False,1.6666666269302368,2,positive,positive,True,22,22,21,0,22,22,21,0,50,0,True,True
aligned,train,pFh-SLxltms$_$1,pFh-SLxltms,1,104,16,25,False,0.3333333432674408,2,positive,positive,True,24,24,23,0,24,24,23,0,50,0,True,True
aligned,train,pFh-SLxltms$_$9,pFh-SLxltms,9,104,17,22,False,0.3333333432674408,2,positive,positive,True,21,21,20,0,21,21,20,0,50,0,True,True
aligned,train,pIMByitigYI$_$10,pIMByitigYI,10,158,28,39,False,0.6666666865348816,2,positive,positive,True,38,38,37,0,38,38,37,0,50,0,True,True
aligned,train,pU-MjERGTUk$_$6,pU-MjERGTUk,6,240,47,50,False,1.0,2,positive,positive,True,49,49,48,0,49,49,25,23,50,0,True,True
aligned,train,pVzHaakhKAw$_$0,pVzHaakhKAw,0,133,19,23,False,0.3333333432674408,2,positive,positive,True,22,22,21,0,22,22,15,6,50,0,True,True
aligned,train,pVzHaakhKAw$_$5,pVzHaakhKAw,5,233,41,48,False,-0.3333333432674408,0,negative,negative,True,47,47,46,0,44,44,43,0,50,0,True,True
aligned,train,pbFwuNCQlH8$_$3,pbFwuNCQlH8,3,101,19,26,False,0.0,1,neutral,neutral,True,25,25,24,0,25,25,24,0,50,0,True,True
aligned,train,pbFwuNCQlH8$_$7,pbFwuNCQlH8,7,54,10,14,False,0.0,1,neutral,neutral,True,13,13,12,0,13,13,12,0,50,0,True,True
aligned,train,pf-78LF4ORE$_$22,pf-78LF4ORE,22,120,27,30,False,0.0,1,neutral,neutral,True,29,29,28,0,29,29,28,0,50,0,True,True
aligned,train,pfCPogxnUfw$_$26,pfCPogxnUfw,26,109,21,28,False,1.0,2,positive,positive,True,27,27,26,0,27,27,26,0,50,0,True,True
aligned,train,pfCPogxnUfw$_$8,pfCPogxnUfw,8,60,13,20,False,0.0,1,neutral,neutral,True,19,19,18,0,19,19,18,0,50,0,True,True
aligned,train,pjWLxORDDP4$_$2,pjWLxORDDP4,2,50,12,14,False,2.3333332538604736,2,positive,positive,True,13,13,12,0,13,13,12,0,50,0,True,True
aligned,train,pqAGD3ijMPw$_$9,pqAGD3ijMPw,9,176,30,41,False,-1.0,0,negative,negative,True,40,40,39,0,40,40,39,0,50,0,True,True
aligned,train,pu1C7tmYHxI$_$2,pu1C7tmYHxI,2,182,28,36,False,1.0,2,positive,positive,True,35,35,34,0,35,35,34,0,50,0,True,True
aligned,train,puum3vabpb4$_$15,puum3vabpb4,15,124,22,26,False,-0.6666666865348816,0,negative,negative,True,25,25,24,0,25,25,24,0,50,0,True,True
aligned,train,pvlmYjQdRmA$_$0,pvlmYjQdRmA,0,73,14,19,False,0.0,1,neutral,neutral,True,18,18,17,0,18,18,17,0,50,0,True,True
aligned,train,pwj9YeMJC08$_$15,pwj9YeMJC08,15,73,13,20,False,-1.0,0,negative,negative,True,19,19,18,0,19,19,18,0,50,0,True,True
aligned,train,q-0gu48ClF4$_$2,q-0gu48ClF4,2,154,29,35,False,0.3333333432674408,2,positive,positive,True,34,34,33,0,34,34,33,0,50,0,True,True
aligned,train,q1_knonj0Lw$_$17,q1_knonj0Lw,17,109,20,26,False,-0.6666666865348816,0,negative,negative,True,25,25,24,0,25,25,24,0,50,0,True,True
aligned,train,q1_knonj0Lw$_$16,q1_knonj0Lw,16,293,57,50,False,1.3333333730697632,2,positive,positive,True,49,49,48,0,49,49,48,0,50,0,True,True
aligned,train,q1_knonj0Lw$_$4,q1_knonj0Lw,4,67,10,13,False,0.3333333432674408,2,positive,positive,True,12,12,11,0,12,12,11,0,50,0,True,True
aligned,train,q1_knonj0Lw$_$7,q1_knonj0Lw,7,104,18,23,False,1.0,2,positive,positive,True,22,22,21,0,22,22,21,0,50,0,True,True
aligned,train,q3QUybiOYeU$_$0,q3QUybiOYeU,0,128,24,30,False,0.3333333432674408,2,positive,positive,True,29,29,28,0,29,29,24,4,50,0,True,True
aligned,train,q4hP2j7oewo$_$1,q4hP2j7oewo,1,134,21,24,False,-0.3333333432674408,0,negative,negative,True,23,23,22,0,23,23,22,0,50,0,True,True
aligned,train,q7BxnIM2_z0$_$5,q7BxnIM2_z0,5,152,24,35,False,2.0,2,positive,positive,True,34,34,33,0,34,34,33,0,50,0,True,True
aligned,train,qEkFReBuwxc$_$20,qEkFReBuwxc,20,152,23,29,False,1.6666666269302368,2,positive,positive,True,28,28,27,0,28,28,27,0,50,0,True,True
aligned,train,qFppeQvdfxI$_$5,qFppeQvdfxI,5,116,22,28,False,1.0,2,positive,positive,True,27,27,26,0,27,27,26,0,50,0,True,True
aligned,train,qFppeQvdfxI$_$7,qFppeQvdfxI,7,74,13,15,False,1.6666666269302368,2,positive,positive,True,14,14,13,0,14,14,13,0,50,0,True,True
aligned,train,qFppeQvdfxI$_$8,qFppeQvdfxI,8,48,11,13,False,1.0,2,positive,positive,True,12,12,11,0,12,12,11,0,50,0,True,True
aligned,train,qJBQH14qtHc$_$26,qJBQH14qtHc,26,87,14,20,False,1.6666666269302368,2,positive,positive,True,19,19,18,0,19,19,18,0,50,0,True,True
aligned,train,qJZlp9uxoTU$_$10,qJZlp9uxoTU,10,23,6,8,False,0.0,1,neutral,neutral,True,7,7,6,0,7,7,6,0,50,0,True,True
aligned,train,qJZlp9uxoTU$_$17,qJZlp9uxoTU,17,171,30,32,False,-0.3333333432674408,0,negative,negative,True,31,31,30,0,31,31,30,0,50,0,True,True
aligned,train,qJZlp9uxoTU$_$18,qJZlp9uxoTU,18,95,15,21,False,-0.3333333432674408,0,negative,negative,True,20,20,19,0,20,20,19,0,50,0,True,True
aligned,train,qJh6x4wmmh8$_$0,qJh6x4wmmh8,0,89,16,26,False,-0.3333333432674408,0,negative,negative,True,25,25,24,0,25,25,24,0,50,0,True,True
aligned,train,qP4uuMI-JSk$_$3,qP4uuMI-JSk,3,242,51,50,False,0.6666666865348816,2,positive,positive,True,49,49,48,0,49,49,48,0,50,0,True,True
aligned,train,qP4uuMI-JSk$_$4,qP4uuMI-JSk,4,79,13,17,False,2.0,2,positive,positive,True,16,16,15,0,16,16,15,0,50,0,True,True
aligned,train,qYJtbgLqizk$_$1,qYJtbgLqizk,1,130,20,34,False,2.6666667461395264,2,positive,positive,True,33,33,32,0,33,33,32,0,50,0,True,True
aligned,train,qd6YuFGcBGk$_$12,qd6YuFGcBGk,12,80,14,17,False,1.0,2,positive,positive,True,16,16,15,0,16,16,15,0,50,0,True,True
aligned,train,qd6YuFGcBGk$_$0,qd6YuFGcBGk,0,199,36,44,False,1.3333333730697632,2,positive,positive,True,43,43,42,0,43,43,42,0,50,0,True,True
aligned,train,qjMyjLSORY4$_$20,qjMyjLSORY4,20,167,28,37,False,2.3333332538604736,2,positive,positive,True,36,36,35,0,36,36,35,0,50,0,True,True
aligned,train,qjMyjLSORY4$_$29,qjMyjLSORY4,29,64,11,15,False,0.3333333432674408,2,positive,positive,True,14,14,13,0,14,14,13,0,50,0,True,True
aligned,train,qjMyjLSORY4$_$1,qjMyjLSORY4,1,156,27,35,False,2.0,2,positive,positive,True,34,34,33,0,34,34,33,0,50,0,True,True
aligned,train,qjMyjLSORY4$_$33,qjMyjLSORY4,33,78,13,21,False,1.0,2,positive,positive,True,20,20,19,0,16,16,15,0,50,0,True,True
aligned,train,qjMyjLSORY4$_$2,qjMyjLSORY4,2,94,16,23,False,2.3333332538604736,2,positive,positive,True,22,22,21,0,22,22,21,0,50,0,True,True
aligned,train,qjMyjLSORY4$_$5,qjMyjLSORY4,5,201,37,47,False,0.0,1,neutral,neutral,True,46,46,45,0,46,46,45,0,50,0,True,True
aligned,train,qkWdc-E6jGI$_$21,qkWdc-E6jGI,21,361,72,50,False,1.0,2,positive,positive,True,49,49,48,0,49,49,48,0,50,0,True,True
aligned,train,qkWdc-E6jGI$_$6,qkWdc-E6jGI,6,72,14,20,False,0.0,1,neutral,neutral,True,19,19,18,0,19,19,18,0,50,0,True,True
aligned,train,qlDT-bmIzQI$_$4,qlDT-bmIzQI,4,68,13,16,False,3.0,2,positive,positive,True,15,15,14,0,15,15,14,0,50,0,True,True
aligned,train,qlDiE1d45Bc$_$5,qlDiE1d45Bc,5,74,15,20,False,0.3333333432674408,2,positive,positive,True,19,19,18,0,19,19,18,0,50,0,True,True
aligned,train,qpht9L3s9G4$_$3,qpht9L3s9G4,3,115,18,22,False,0.6666666865348816,2,positive,positive,True,21,21,20,0,21,21,20,0,50,0,True,True
aligned,train,qrI7XCKRFNk$_$3,qrI7XCKRFNk,3,152,26,37,False,0.0,1,neutral,neutral,True,36,36,35,0,36,36,35,0,50,0,True,True
aligned,train,qrI7XCKRFNk$_$5,qrI7XCKRFNk,5,102,18,21,False,-0.3333333432674408,0,negative,negative,True,20,20,19,0,18,18,17,0,50,0,True,True
aligned,train,qrI7XCKRFNk$_$4,qrI7XCKRFNk,4,169,27,38,False,0.0,1,neutral,neutral,True,37,37,36,0,37,37,32,4,50,0,True,True
aligned,train,qszy_WSRFUM$_$10,qszy_WSRFUM,10,77,15,18,False,1.3333333730697632,2,positive,positive,True,17,17,16,0,17,17,16,0,50,0,True,True
aligned,train,qvIhzmujTi8$_$14,qvIhzmujTi8,14,214,38,50,False,0.0,1,neutral,neutral,True,49,49,48,0,49,49,48,0,50,0,True,True
aligned,train,qyJiDgtj6YE$_$4,qyJiDgtj6YE,4,133,24,34,False,1.0,2,positive,positive,True,33,33,32,0,33,33,32,0,50,0,True,True
aligned,train,r1erb5PSm1A$_$2,r1erb5PSm1A,2,67,11,14,False,1.6666666269302368,2,positive,positive,True,13,13,12,0,13,13,12,0,50,0,True,True
aligned,train,r4ul1wl_1T8$_$9,r4ul1wl_1T8,9,109,19,26,False,0.0,1,neutral,neutral,True,25,25,24,0,25,25,24,0,50,0,True,True
aligned,train,r8OPmbZZlpE$_$3,r8OPmbZZlpE,3,137,22,28,False,1.0,2,positive,positive,True,27,27,26,0,27,27,26,0,50,0,True,True
aligned,train,r917wP1qsL4$_$6,r917wP1qsL4,6,67,12,21,False,0.3333333432674408,2,positive,positive,True,20,20,19,0,20,20,19,0,50,0,True,True
aligned,train,rApOTQgFW6Y$_$6,rApOTQgFW6Y,6,116,17,21,False,0.6666666865348816,2,positive,positive,True,20,20,19,0,20,20,19,0,50,0,True,True
aligned,train,rB6WmWvvyxg$_$1,rB6WmWvvyxg,1,78,13,16,False,-0.6666666865348816,0,negative,negative,True,15,15,14,0,15,15,14,0,50,0,True,True
aligned,train,rB6WmWvvyxg$_$3,rB6WmWvvyxg,3,99,20,25,False,0.0,1,neutral,neutral,True,24,24,23,0,24,24,17,6,50,0,True,True
aligned,train,rB6WmWvvyxg$_$2,rB6WmWvvyxg,2,87,17,24,False,0.0,1,neutral,neutral,True,23,23,22,0,23,23,20,2,50,0,True,True
aligned,train,rB6WmWvvyxg$_$8,rB6WmWvvyxg,8,83,16,19,False,-0.3333333432674408,0,negative,negative,True,18,18,17,0,18,18,11,6,50,0,True,True
aligned,train,rBWeo_rEdcU$_$6,rBWeo_rEdcU,6,109,20,27,False,0.3333333432674408,2,positive,positive,True,26,26,25,0,26,26,25,0,50,0,True,True
aligned,train,rBWeo_rEdcU$_$8,rBWeo_rEdcU,8,71,12,15,False,0.0,1,neutral,neutral,True,14,14,13,0,14,14,13,0,50,0,True,True
aligned,train,rC7qKZMKa0U$_$0,rC7qKZMKa0U,0,133,16,29,False,0.3333333432674408,2,positive,positive,True,28,28,27,0,28,28,27,0,50,0,True,True
aligned,train,rCQYq4T8SEI$_$7,rCQYq4T8SEI,7,171,38,48,False,-0.6666666865348816,0,negative,negative,True,47,47,46,0,47,47,46,0,50,0,True,True
aligned,train,rCQYq4T8SEI$_$0,rCQYq4T8SEI,0,82,15,28,False,1.0,2,positive,positive,True,27,27,26,0,27,27,26,0,50,0,True,True
aligned,train,rEWQW_ibDwg$_$7,rEWQW_ibDwg,7,94,20,28,False,0.3333333432674408,2,positive,positive,True,27,27,26,0,27,27,26,0,50,0,True,True
aligned,train,rFHIApgUtoI$_$1,rFHIApgUtoI,1,78,16,23,False,0.3333333432674408,2,positive,positive,True,22,22,21,0,22,22,21,0,50,0,True,True
aligned,train,rFHIApgUtoI$_$5,rFHIApgUtoI,5,252,48,50,False,0.6666666865348816,2,positive,positive,True,49,49,48,0,49,49,48,0,50,0,True,True
aligned,train,rLHJ_ebXCHQ$_$3,rLHJ_ebXCHQ,3,61,9,13,False,0.6666666865348816,2,positive,positive,True,12,12,11,0,12,12,11,0,50,0,True,True
aligned,train,raQ9Pcgo-II$_$3,raQ9Pcgo-II,3,86,16,20,False,-1.3333333730697632,0,negative,negative,True,19,19,18,0,19,19,18,0,50,0,True,True
aligned,train,rexJoy4RMdY$_$4,rexJoy4RMdY,4,80,12,15,False,0.0,1,neutral,neutral,True,14,14,13,0,14,14,13,0,50,0,True,True
aligned,train,rsQRiALH5FU$_$11,rsQRiALH5FU,11,191,39,48,False,0.6666666865348816,2,positive,positive,True,47,47,46,0,47,47,46,0,50,0,True,True
aligned,train,rsQRiALH5FU$_$10,rsQRiALH5FU,10,198,35,49,False,0.6666666865348816,2,positive,positive,True,48,48,47,0,48,48,47,0,50,0,True,True
aligned,train,rsQRiALH5FU$_$4,rsQRiALH5FU,4,175,32,35,False,2.0,2,positive,positive,True,34,34,33,0,34,34,33,0,50,0,True,True
aligned,train,rvQ2cRnroOU$_$20,rvQ2cRnroOU,20,108,18,21,False,0.3333333432674408,2,positive,positive,True,20,20,19,0,20,20,19,0,50,0,True,True
aligned,train,rvQ2cRnroOU$_$2,rvQ2cRnroOU,2,127,20,24,False,0.6666666865348816,2,positive,positive,True,23,23,22,0,23,23,22,0,50,0,True,True
aligned,train,rvQ2cRnroOU$_$9,rvQ2cRnroOU,9,108,21,26,False,-1.0,0,negative,negative,True,25,25,24,0,25,25,24,0,50,0,True,True
aligned,train,rwe-hBNpzH8$_$1,rwe-hBNpzH8,1,80,14,16,False,-0.3333333432674408,0,negative,negative,True,15,15,14,0,15,15,14,0,50,0,True,True
aligned,train,rz4Ax6xfZHQ$_$8,rz4Ax6xfZHQ,8,70,11,17,False,2.0,2,positive,positive,True,16,16,15,0,16,16,15,0,50,0,True,True
aligned,train,s1Yo_MCiMPc$_$12,s1Yo_MCiMPc,12,115,23,27,False,0.0,1,neutral,neutral,True,26,26,25,0,26,26,25,0,50,0,True,True
aligned,train,s1Yo_MCiMPc$_$5,s1Yo_MCiMPc,5,119,22,27,False,0.0,1,neutral,neutral,True,26,26,25,0,26,26,25,0,50,0,True,True
aligned,train,s53UAEi7JEY$_$9,s53UAEi7JEY,9,94,17,24,False,0.0,1,neutral,neutral,True,23,23,22,0,23,23,22,0,50,0,True,True
aligned,train,sC1NvtirijU$_$22,sC1NvtirijU,22,64,13,16,False,2.3333332538604736,2,positive,positive,True,15,15,14,0,15,15,14,0,50,0,True,True
aligned,train,sC1NvtirijU$_$3,sC1NvtirijU,3,220,36,48,False,0.3333333432674408,2,positive,positive,True,47,47,46,0,47,47,46,0,50,0,True,True
aligned,train,sC1NvtirijU$_$16,sC1NvtirijU,16,57,10,15,False,0.6666666865348816,2,positive,positive,True,14,14,13,0,14,14,13,0,50,0,True,True
aligned,train,sC1NvtirijU$_$19,sC1NvtirijU,19,362,64,50,False,0.6666666865348816,2,positive,positive,True,49,49,48,0,49,49,48,0,50,0,True,True
aligned,train,sFLTjqVS7AE$_$0,sFLTjqVS7AE,0,131,20,23,False,1.6666666269302368,2,positive,positive,True,22,22,21,0,0,0,0,0,50,0,True,True
aligned,train,sFLTjqVS7AE$_$5,sFLTjqVS7AE,5,104,21,26,False,1.0,2,positive,positive,True,25,25,24,0,25,25,24,0,50,0,True,True
aligned,train,sFxUNO2HOKY$_$5,sFxUNO2HOKY,5,110,22,30,False,2.0,2,positive,positive,True,29,29,28,0,29,29,28,0,50,0,True,True
aligned,train,sIGAq2J4KKI$_$1,sIGAq2J4KKI,1,64,12,15,False,0.3333333432674408,2,positive,positive,True,14,14,13,0,14,14,13,0,50,0,True,True
aligned,train,sKwPCpFtUUI$_$6,sKwPCpFtUUI,6,91,18,28,False,0.0,1,neutral,neutral,True,27,27,26,0,27,27,26,0,50,0,True,True
aligned,train,sLaTZtL0ZIk$_$5,sLaTZtL0ZIk,5,124,22,26,False,0.3333333432674408,2,positive,positive,True,25,25,24,0,25,25,24,0,50,0,True,True
aligned,train,sMnbpyFqrlE$_$15,sMnbpyFqrlE,15,66,11,21,False,2.3333332538604736,2,positive,positive,True,20,20,19,0,20,20,19,0,50,0,True,True
aligned,train,sMnbpyFqrlE$_$0,sMnbpyFqrlE,0,186,28,38,False,0.6666666865348816,2,positive,positive,True,37,37,36,0,37,37,36,0,50,0,True,True
aligned,train,sPxoGNvnVzg$_$5,sPxoGNvnVzg,5,44,7,12,False,1.3333333730697632,2,positive,positive,True,11,11,10,0,11,11,10,0,50,0,True,True
aligned,train,sPxoGNvnVzg$_$7,sPxoGNvnVzg,7,27,5,8,False,1.0,2,positive,positive,True,7,7,6,0,0,0,0,0,50,0,True,True
aligned,train,sWsDAG6x9n0$_$3,sWsDAG6x9n0,3,126,24,36,False,2.6666667461395264,2,positive,positive,True,35,35,34,0,35,35,34,0,50,0,True,True
aligned,train,skp_SpnIOCM$_$2,skp_SpnIOCM,2,140,22,32,False,0.6666666865348816,2,positive,positive,True,31,31,30,0,31,31,30,0,50,0,True,True
aligned,train,soqnBdPOwoo$_$4,soqnBdPOwoo,4,104,22,26,False,0.0,1,neutral,neutral,True,25,25,24,0,25,25,24,0,50,0,True,True
aligned,train,srbrWyZRMCI$_$11,srbrWyZRMCI,11,47,9,15,False,1.0,2,positive,positive,True,14,14,13,0,14,14,13,0,50,0,True,True
aligned,train,srbrWyZRMCI$_$1,srbrWyZRMCI,1,60,10,14,False,0.3333333432674408,2,positive,positive,True,13,13,12,0,13,13,12,0,50,0,True,True
aligned,train,srbrWyZRMCI$_$0,srbrWyZRMCI,0,123,24,28,False,0.6666666865348816,2,positive,positive,True,27,27,26,0,27,27,26,0,50,0,True,True
aligned,train,srbrWyZRMCI$_$5,srbrWyZRMCI,5,270,51,50,False,1.0,2,positive,positive,True,49,49,48,0,49,49,48,0,50,0,True,True
aligned,train,srbrWyZRMCI$_$8,srbrWyZRMCI,8,45,10,12,False,1.3333333730697632,2,positive,positive,True,11,11,10,0,11,11,10,0,50,0,True,True
aligned,train,sw-smuVRByI$_$7,sw-smuVRByI,7,48,9,12,False,0.0,1,neutral,neutral,True,11,11,10,0,11,11,10,0,50,0,True,True
aligned,train,sw-smuVRByI$_$6,sw-smuVRByI,6,140,24,30,False,-0.3333333432674408,0,negative,negative,True,29,29,28,0,29,29,28,0,50,0,True,True
aligned,train,t0Wi5Nb6kbI$_$10,t0Wi5Nb6kbI,10,217,36,46,False,-1.3333333730697632,0,negative,negative,True,45,45,44,0,45,45,44,0,50,0,True,True
aligned,train,t4-ZulW5np4$_$1,t4-ZulW5np4,1,161,24,34,False,-0.6666666865348816,0,negative,negative,True,33,33,32,0,33,33,32,0,50,0,True,True
aligned,train,t4-ZulW5np4$_$5,t4-ZulW5np4,5,89,14,20,False,2.0,2,positive,positive,True,19,19,18,0,19,19,18,0,50,0,True,True
aligned,train,t7a3zECpT4k$_$17,t7a3zECpT4k,17,173,37,44,False,-0.3333333432674408,0,negative,negative,True,43,43,42,0,43,43,42,0,50,0,True,True
aligned,train,tL8RzwWSmAE$_$0,tL8RzwWSmAE,0,133,23,32,False,-0.3333333432674408,0,negative,negative,True,31,31,30,0,31,31,30,0,50,0,True,True
aligned,train,tL8RzwWSmAE$_$2,tL8RzwWSmAE,2,98,17,23,False,0.6666666865348816,2,positive,positive,True,22,22,21,0,22,22,21,0,50,0,True,True
aligned,train,tQk-eoA7JyE$_$5,tQk-eoA7JyE,5,125,20,25,False,0.3333333432674408,2,positive,positive,True,24,24,23,0,24,24,23,0,50,0,True,True
aligned,train,tXxf6-CilNI$_$20,tXxf6-CilNI,20,218,35,50,False,0.0,1,neutral,neutral,True,49,49,48,0,49,49,48,0,50,0,True,True
aligned,train,tXxf6-CilNI$_$21,tXxf6-CilNI,21,62,12,17,False,-0.3333333432674408,0,negative,negative,True,16,16,15,0,16,16,15,0,50,0,True,True
aligned,train,tXxf6-CilNI$_$9,tXxf6-CilNI,9,167,28,46,False,0.0,1,neutral,neutral,True,45,45,44,0,45,45,44,0,50,0,True,True
aligned,train,ta26Z2YEVMQ$_$0,ta26Z2YEVMQ,0,73,16,18,False,1.3333333730697632,2,positive,positive,True,17,17,16,0,17,17,16,0,50,0,True,True
aligned,train,ta26Z2YEVMQ$_$2,ta26Z2YEVMQ,2,109,22,25,False,-0.6666666865348816,0,negative,negative,True,24,24,23,0,24,24,23,0,50,0,True,True
aligned,train,taCchyi5h68$_$3,taCchyi5h68,3,88,14,20,False,0.3333333432674408,2,positive,positive,True,19,19,18,0,19,19,18,0,50,0,True,True
aligned,train,taGs3-SMoYM$_$3,taGs3-SMoYM,3,84,19,23,False,1.0,2,positive,positive,True,22,22,21,0,22,22,21,0,50,0,True,True
aligned,train,taGs3-SMoYM$_$4,taGs3-SMoYM,4,238,46,50,False,1.3333333730697632,2,positive,positive,True,49,49,48,0,49,49,48,0,50,0,True,True
aligned,train,tdIZZ9v0IGA$_$6,tdIZZ9v0IGA,6,139,25,34,False,0.0,1,neutral,neutral,True,33,33,32,0,33,33,32,0,50,0,True,True
aligned,train,tdIZZ9v0IGA$_$8,tdIZZ9v0IGA,8,90,16,22,False,0.3333333432674408,2,positive,positive,True,21,21,20,0,21,21,20,0,50,0,True,True
aligned,train,tgrxA3CiBv0$_$7,tgrxA3CiBv0,7,122,23,31,False,0.0,1,neutral,neutral,True,30,30,29,0,30,30,28,1,50,0,True,True
aligned,train,tgrxA3CiBv0$_$8,tgrxA3CiBv0,8,158,31,39,False,0.6666666865348816,2,positive,positive,True,38,38,37,0,38,38,37,0,50,0,True,True
aligned,train,tv8IhQZQuJI$_$12,tv8IhQZQuJI,12,90,19,24,False,-1.3333333730697632,0,negative,negative,True,23,23,22,0,23,23,22,0,50,0,True,True
aligned,train,tv8IhQZQuJI$_$5,tv8IhQZQuJI,5,76,15,20,False,0.0,1,neutral,neutral,True,19,19,18,0,19,19,18,0,50,0,True,True
aligned,train,tvE_DucE0_k$_$7,tvE_DucE0_k,7,103,19,23,False,0.3333333432674408,2,positive,positive,True,22,22,21,0,22,22,21,0,50,0,True,True
aligned,train,tw2xFbfgV4U$_$18,tw2xFbfgV4U,18,85,13,16,False,-1.3333333730697632,0,negative,negative,True,15,15,14,0,15,15,14,0,50,0,True,True
aligned,train,tw2xFbfgV4U$_$3,tw2xFbfgV4U,3,69,13,16,False,0.3333333432674408,2,positive,positive,True,15,15,14,0,15,15,14,0,50,0,True,True
aligned,train,tw2xFbfgV4U$_$2,tw2xFbfgV4U,2,126,24,30,False,0.6666666865348816,2,positive,positive,True,29,29,28,0,29,29,28,0,50,0,True,True
aligned,train,tw2xFbfgV4U$_$6,tw2xFbfgV4U,6,100,19,22,False,1.3333333730697632,2,positive,positive,True,21,21,20,0,21,21,20,0,50,0,True,True
aligned,train,txjqbr6FoZs$_$7,txjqbr6FoZs,7,250,48,50,False,1.0,2,positive,positive,True,49,49,48,0,49,49,48,0,50,0,True,True
aligned,train,u94VPxEIJPg$_$3,u94VPxEIJPg,3,30,6,12,False,-0.3333333432674408,0,negative,negative,True,11,11,10,0,0,0,0,0,50,0,True,True
aligned,train,uAExKaLeOl8$_$13,uAExKaLeOl8,13,158,25,32,False,0.6666666865348816,2,positive,positive,True,31,31,30,0,31,31,30,0,50,0,True,True
aligned,train,uAExKaLeOl8$_$9,uAExKaLeOl8,9,277,48,50,False,0.6666666865348816,2,positive,positive,True,49,49,48,0,49,49,48,0,50,0,True,True
aligned,train,uAExKaLeOl8$_$8,uAExKaLeOl8,8,62,10,16,False,0.0,1,neutral,neutral,True,15,15,14,0,15,15,14,0,50,0,True,True
aligned,train,uBgRo9tnv-I$_$0,uBgRo9tnv-I,0,48,8,11,False,0.3333333432674408,2,positive,positive,True,10,10,9,0,10,10,2,7,50,0,True,True
aligned,train,uBgRo9tnv-I$_$6,uBgRo9tnv-I,6,129,24,29,False,-0.3333333432674408,0,negative,negative,True,28,28,27,0,3,3,1,1,50,0,True,True
aligned,train,uTWeng4h5eM$_$8,uTWeng4h5eM,8,62,11,16,False,0.0,1,neutral,neutral,True,15,15,14,0,15,15,14,0,50,0,True,True
aligned,train,uU_3tbZ1zG8$_$14,uU_3tbZ1zG8,14,95,16,23,False,1.0,2,positive,positive,True,22,22,21,0,22,22,21,0,50,0,True,True
aligned,train,uU_3tbZ1zG8$_$23,uU_3tbZ1zG8,23,157,31,38,False,1.6666666269302368,2,positive,positive,True,37,37,36,0,37,37,36,0,50,0,True,True
aligned,train,uU_3tbZ1zG8$_$1,uU_3tbZ1zG8,1,86,16,21,False,-1.3333333730697632,0,negative,negative,True,20,20,19,0,20,20,19,0,50,0,True,True
aligned,train,uU_3tbZ1zG8$_$21,uU_3tbZ1zG8,21,61,13,17,False,0.6666666865348816,2,positive,positive,True,16,16,15,0,16,16,15,0,50,0,True,True
aligned,train,uXYAfpQUYVE$_$22,uXYAfpQUYVE,22,103,19,25,False,0.3333333432674408,2,positive,positive,True,24,24,23,0,24,24,23,0,50,0,True,True
aligned,train,uXYAfpQUYVE$_$5,uXYAfpQUYVE,5,86,15,18,False,-0.3333333432674408,0,negative,negative,True,17,17,16,0,17,17,16,0,50,0,True,True
aligned,train,uXYAfpQUYVE$_$4,uXYAfpQUYVE,4,70,11,18,False,0.0,1,neutral,neutral,True,17,17,16,0,17,17,16,0,50,0,True,True
aligned,train,uYzZB4ccG1Q$_$24,uYzZB4ccG1Q,24,29,7,12,False,1.0,2,positive,positive,True,11,11,10,0,11,11,10,0,50,0,True,True
aligned,train,uYzZB4ccG1Q$_$27,uYzZB4ccG1Q,27,88,17,19,False,1.6666666269302368,2,positive,positive,True,18,18,17,0,18,18,17,0,50,0,True,True
aligned,train,uYzZB4ccG1Q$_$5,uYzZB4ccG1Q,5,36,6,11,False,0.3333333432674408,2,positive,positive,True,10,10,9,0,10,10,9,0,50,0,True,True
aligned,train,uYzZB4ccG1Q$_$10,uYzZB4ccG1Q,10,88,18,22,False,0.6666666865348816,2,positive,positive,True,21,21,20,0,21,21,20,0,50,0,True,True
aligned,train,uYzZB4ccG1Q$_$15,uYzZB4ccG1Q,15,48,9,13,False,0.0,1,neutral,neutral,True,12,12,11,0,12,12,11,0,50,0,True,True
aligned,train,uYzZB4ccG1Q$_$19,uYzZB4ccG1Q,19,376,69,50,False,-0.3333333432674408,0,negative,negative,True,49,49,48,0,49,49,48,0,50,0,True,True
aligned,train,uYzZB4ccG1Q$_$30,uYzZB4ccG1Q,30,128,26,29,False,1.6666666269302368,2,positive,positive,True,28,28,27,0,28,28,27,0,50,0,True,True
aligned,train,ueCWy7aTmyo$_$14,ueCWy7aTmyo,14,129,25,34,False,-0.6666666865348816,0,negative,negative,True,33,33,32,0,33,33,32,0,50,0,True,True
aligned,train,ueCWy7aTmyo$_$3,ueCWy7aTmyo,3,116,22,24,False,0.6666666865348816,2,positive,positive,True,23,23,22,0,23,23,22,0,50,0,True,True
aligned,train,ueCWy7aTmyo$_$5,ueCWy7aTmyo,5,140,27,30,False,0.3333333432674408,2,positive,positive,True,29,29,28,0,29,29,28,0,50,0,True,True
aligned,train,uxHBEfIhY-E$_$2,uxHBEfIhY-E,2,25,5,11,False,0.0,1,neutral,neutral,True,10,10,9,0,10,10,9,0,50,0,True,True
aligned,train,uy9MGhVqCp8$_$5,uy9MGhVqCp8,5,90,18,23,False,-0.3333333432674408,0,negative,negative,True,22,22,21,0,22,22,21,0,50,0,True,True
aligned,train,uyOrVTq8Tjk$_$3,uyOrVTq8Tjk,3,118,17,20,False,0.3333333432674408,2,positive,positive,True,19,19,18,0,19,19,18,0,50,0,True,True
aligned,train,v1GKBjohgHc$_$2,v1GKBjohgHc,2,153,25,32,False,-1.3333333730697632,0,negative,negative,True,31,31,30,0,31,31,30,0,50,0,True,True
aligned,train,v2DFe9X-jCY$_$22,v2DFe9X-jCY,22,102,19,32,False,1.3333333730697632,2,positive,positive,True,31,31,30,0,31,31,30,0,50,0,True,True
aligned,train,v3l56fl6aJM$_$4,v3l56fl6aJM,4,190,41,50,False,0.0,1,neutral,neutral,True,49,49,48,0,49,49,48,0,50,0,True,True
aligned,train,v5AAvrZuR2U$_$6,v5AAvrZuR2U,6,93,21,26,False,0.0,1,neutral,neutral,True,25,25,24,0,25,25,24,0,50,0,True,True
aligned,train,vCWpKubBbcw$_$1,vCWpKubBbcw,1,179,30,33,False,0.6666666865348816,2,positive,positive,True,32,32,31,0,32,32,31,0,50,0,True,True
aligned,train,vM3YB7LmMq4$_$28,vM3YB7LmMq4,28,55,9,13,False,0.3333333432674408,2,positive,positive,True,12,12,11,0,12,12,11,0,50,0,True,True
aligned,train,vM3YB7LmMq4$_$41,vM3YB7LmMq4,41,40,9,12,False,0.3333333432674408,2,positive,positive,True,11,11,10,0,11,11,10,0,50,0,True,True
aligned,train,vM3YB7LmMq4$_$8,vM3YB7LmMq4,8,146,24,35,False,1.0,2,positive,positive,True,34,34,33,0,34,34,33,0,50,0,True,True
aligned,train,vM3YB7LmMq4$_$38,vM3YB7LmMq4,38,210,41,50,False,0.3333333432674408,2,positive,positive,True,49,49,48,0,49,49,48,0,50,0,True,True
aligned,train,vM3YB7LmMq4$_$13,vM3YB7LmMq4,13,40,9,12,False,0.0,1,neutral,neutral,True,11,11,10,0,11,11,10,0,50,0,True,True
aligned,train,vM3YB7LmMq4$_$33,vM3YB7LmMq4,33,125,24,27,False,2.0,2,positive,positive,True,26,26,25,0,26,26,25,0,50,0,True,True
aligned,train,vM3YB7LmMq4$_$37,vM3YB7LmMq4,37,268,45,50,False,1.0,2,positive,positive,True,49,49,48,0,49,49,48,0,50,0,True,True
aligned,train,vM3YB7LmMq4$_$50,vM3YB7LmMq4,50,15,4,7,False,0.6666666865348816,2,positive,positive,True,6,6,5,0,4,4,3,0,50,0,True,True
aligned,train,vM7m581tHn0$_$3,vM7m581tHn0,3,51,10,17,False,0.0,1,neutral,neutral,True,16,16,15,0,16,16,15,0,50,0,True,True
aligned,train,vM7m581tHn0$_$4,vM7m581tHn0,4,56,10,12,False,0.0,1,neutral,neutral,True,11,11,10,0,11,11,10,0,50,0,True,True
aligned,train,vM9AH4EqCaA$_$2,vM9AH4EqCaA,2,131,23,33,False,1.0,2,positive,positive,True,32,32,31,0,32,32,28,3,50,0,True,True
aligned,train,vM9AH4EqCaA$_$6,vM9AH4EqCaA,6,122,19,25,False,0.6666666865348816,2,positive,positive,True,24,24,23,0,24,24,23,0,50,0,True,True
aligned,train,vRhj2bLo1ho$_$5,vRhj2bLo1ho,5,98,17,24,False,0.0,1,neutral,neutral,True,23,23,22,0,23,23,22,0,50,0,True,True
aligned,train,vRhj2bLo1ho$_$8,vRhj2bLo1ho,8,88,12,14,False,0.0,1,neutral,neutral,True,13,13,12,0,13,13,12,0,50,0,True,True
aligned,train,vYOr36tdcpc$_$1,vYOr36tdcpc,1,235,42,50,False,0.6666666865348816,2,positive,positive,True,49,49,48,0,49,49,48,0,50,0,True,True
aligned,train,vYOr36tdcpc$_$0,vYOr36tdcpc,0,181,33,40,False,1.3333333730697632,2,positive,positive,True,39,39,38,0,39,39,38,0,50,0,True,True
aligned,train,vbVLgaP5IYU$_$0,vbVLgaP5IYU,0,117,19,23,False,0.3333333432674408,2,positive,positive,True,22,22,21,0,22,22,21,0,50,0,True,True
aligned,train,vlnKSMw5v1o$_$6,vlnKSMw5v1o,6,113,22,25,False,1.3333333730697632,2,positive,positive,True,24,24,23,0,24,24,15,8,50,0,True,True
aligned,train,vop7tN_K64I$_$14,vop7tN_K64I,14,88,17,21,False,0.0,1,neutral,neutral,True,20,20,19,0,20,20,19,0,50,0,True,True
aligned,train,vop7tN_K64I$_$17,vop7tN_K64I,17,153,29,35,False,-0.3333333432674408,0,negative,negative,True,34,34,33,0,34,34,33,0,50,0,True,True
aligned,train,vop7tN_K64I$_$1,vop7tN_K64I,1,135,25,31,False,0.6666666865348816,2,positive,positive,True,30,30,29,0,30,30,29,0,50,0,True,True
aligned,train,vttEPA6Xffk$_$2,vttEPA6Xffk,2,235,42,46,False,-0.3333333432674408,0,negative,negative,True,45,45,44,0,45,45,44,0,50,0,True,True
aligned,train,vwUBtNvjrU4$_$26,vwUBtNvjrU4,26,78,14,18,False,0.0,1,neutral,neutral,True,17,17,16,0,17,17,16,0,50,0,True,True
aligned,train,vwUBtNvjrU4$_$16,vwUBtNvjrU4,16,60,11,17,False,0.0,1,neutral,neutral,True,16,16,15,0,16,16,15,0,50,0,True,True
aligned,train,vwUBtNvjrU4$_$23,vwUBtNvjrU4,23,160,32,44,False,0.3333333432674408,2,positive,positive,True,43,43,42,0,43,43,42,0,50,0,True,True
aligned,train,vwUBtNvjrU4$_$25,vwUBtNvjrU4,25,68,13,20,False,0.0,1,neutral,neutral,True,19,19,18,0,19,19,18,0,50,0,True,True
aligned,train,w-PFjo89Dpw$_$14,w-PFjo89Dpw,14,94,15,19,False,0.3333333432674408,2,positive,positive,True,18,18,17,0,18,18,17,0,50,0,True,True
aligned,train,w-PFjo89Dpw$_$2,w-PFjo89Dpw,2,88,14,19,False,0.0,1,neutral,neutral,True,18,18,17,0,18,18,17,0,50,0,True,True
aligned,train,w-PFjo89Dpw$_$7,w-PFjo89Dpw,7,176,34,38,False,0.0,1,neutral,neutral,True,37,37,36,0,37,37,36,0,50,0,True,True
aligned,train,w1MxXu5D7ho$_$0,w1MxXu5D7ho,0,126,22,29,False,2.0,2,positive,positive,True,28,28,27,0,28,28,27,0,50,0,True,True
aligned,train,wCtZdAdoIm8$_$0,wCtZdAdoIm8,0,121,20,22,False,0.3333333432674408,2,positive,positive,True,21,21,20,0,21,21,20,0,50,0,True,True
aligned,train,wEs7pJH2mqQ$_$1,wEs7pJH2mqQ,1,71,12,15,False,1.3333333730697632,2,positive,positive,True,14,14,13,0,10,10,9,0,50,0,True,True
aligned,train,wEs7pJH2mqQ$_$3,wEs7pJH2mqQ,3,64,12,16,False,-0.3333333432674408,0,negative,negative,True,15,15,14,0,15,15,14,0,50,0,True,True
aligned,train,wEs7pJH2mqQ$_$7,wEs7pJH2mqQ,7,64,15,19,False,-1.3333333730697632,0,negative,negative,True,18,18,17,0,18,18,5,12,50,0,True,True
aligned,train,wHQYmMZzyJY$_$24,wHQYmMZzyJY,24,63,11,14,False,1.0,2,positive,positive,True,13,13,12,0,13,13,12,0,50,0,True,True
aligned,train,wHQYmMZzyJY$_$10,wHQYmMZzyJY,10,119,20,24,False,2.0,2,positive,positive,True,23,23,22,0,23,23,22,0,50,0,True,True
aligned,train,wHQYmMZzyJY$_$20,wHQYmMZzyJY,20,66,10,14,False,1.0,2,positive,positive,True,13,13,12,0,13,13,12,0,50,0,True,True
aligned,train,wHQYmMZzyJY$_$18,wHQYmMZzyJY,18,95,17,25,False,0.6666666865348816,2,positive,positive,True,24,24,23,0,24,24,23,0,50,0,True,True
aligned,train,wI7DDCRh4Nw$_$1,wI7DDCRh4Nw,1,635,125,50,False,-0.6666666865348816,0,negative,negative,True,49,49,48,0,49,49,48,0,50,0,True,True
aligned,train,wI7DDCRh4Nw$_$2,wI7DDCRh4Nw,2,149,26,28,False,-0.6666666865348816,0,negative,negative,True,27,27,26,0,27,27,26,0,50,0,True,True
aligned,train,wLj_gnNON7A$_$10,wLj_gnNON7A,10,86,13,16,False,-1.6666666269302368,0,negative,negative,True,15,15,14,0,15,15,14,0,50,0,True,True
aligned,train,wLj_gnNON7A$_$12,wLj_gnNON7A,12,177,30,38,False,-2.6666667461395264,0,negative,negative,True,37,37,36,0,37,37,36,0,50,0,True,True
aligned,train,wLj_gnNON7A$_$14,wLj_gnNON7A,14,40,7,10,False,-0.3333333432674408,0,negative,negative,True,9,9,8,0,9,9,8,0,50,0,True,True
aligned,train,wLj_gnNON7A$_$5,wLj_gnNON7A,5,165,29,36,False,-1.0,0,negative,negative,True,35,35,34,0,35,35,34,0,50,0,True,True
aligned,train,wLj_gnNON7A$_$4,wLj_gnNON7A,4,26,5,7,False,-0.3333333432674408,0,negative,negative,True,6,6,5,0,6,6,5,0,50,0,True,True
aligned,train,wMggOhhVouA$_$6,wMggOhhVouA,6,98,16,22,False,0.0,1,neutral,neutral,True,21,21,20,0,21,21,20,0,50,0,True,True
aligned,train,wNx1ZnQ0MDQ$_$9,wNx1ZnQ0MDQ,9,68,12,17,False,1.3333333730697632,2,positive,positive,True,16,16,15,0,16,16,15,0,50,0,True,True
aligned,train,wNx1ZnQ0MDQ$_$8,wNx1ZnQ0MDQ,8,81,20,23,False,0.0,1,neutral,neutral,True,22,22,21,0,22,22,21,0,50,0,True,True
aligned,train,wNx1ZnQ0MDQ$_$4,wNx1ZnQ0MDQ,4,88,18,31,False,0.3333333432674408,2,positive,positive,True,30,30,29,0,30,30,29,0,50,0,True,True
aligned,train,wOKWTFYYMuk$_$9,wOKWTFYYMuk,9,310,59,50,False,1.0,2,positive,positive,True,49,49,48,0,49,49,48,0,50,0,True,True
aligned,train,wOjnqud5GBA$_$4,wOjnqud5GBA,4,59,9,17,False,0.3333333432674408,2,positive,positive,True,16,16,15,0,16,16,15,0,50,0,True,True
aligned,train,wR3zalLV_6c$_$5,wR3zalLV_6c,5,162,26,30,False,-1.0,0,negative,negative,True,29,29,28,0,29,29,28,0,50,0,True,True
aligned,train,wR3zalLV_6c$_$14,wR3zalLV_6c,14,206,32,42,False,1.3333333730697632,2,positive,positive,True,41,41,40,0,41,41,40,0,50,0,True,True
aligned,train,wRKVNiABc0w$_$12,wRKVNiABc0w,12,65,11,18,False,1.0,2,positive,positive,True,17,17,16,0,17,17,16,0,50,0,True,True
aligned,train,wRKVNiABc0w$_$14,wRKVNiABc0w,14,86,17,20,False,-0.3333333432674408,0,negative,negative,True,19,19,18,0,19,19,18,0,50,0,True,True
aligned,train,wRKVNiABc0w$_$1,wRKVNiABc0w,1,76,15,21,False,-0.6666666865348816,0,negative,negative,True,20,20,19,0,20,20,19,0,50,0,True,True
aligned,train,w_qYZSVx2dM$_$13,w_qYZSVx2dM,13,104,18,28,False,0.6666666865348816,2,positive,positive,True,27,27,26,0,27,27,26,0,50,0,True,True
aligned,train,w_qYZSVx2dM$_$12,w_qYZSVx2dM,12,119,22,29,False,0.3333333432674408,2,positive,positive,True,28,28,27,0,28,28,27,0,50,0,True,True
aligned,train,w_qYZSVx2dM$_$9,w_qYZSVx2dM,9,74,13,16,False,2.0,2,positive,positive,True,15,15,14,0,15,15,14,0,50,0,True,True
aligned,train,wb7CfuiIZFQ$_$5,wb7CfuiIZFQ,5,91,19,24,False,1.3333333730697632,2,positive,positive,True,23,23,22,0,23,23,22,0,50,0,True,True
aligned,train,wd-LTpCtAzw$_$14,wd-LTpCtAzw,14,27,5,10,False,1.6666666269302368,2,positive,positive,True,9,9,8,0,9,9,6,2,50,0,True,True
aligned,train,wd-LTpCtAzw$_$1,wd-LTpCtAzw,1,66,12,18,False,2.3333332538604736,2,positive,positive,True,17,17,16,0,17,17,16,0,50,0,True,True
aligned,train,wd-LTpCtAzw$_$9,wd-LTpCtAzw,9,67,13,17,False,1.0,2,positive,positive,True,16,16,15,0,16,16,15,0,50,0,True,True
aligned,train,wdU-0bttAkc$_$3,wdU-0bttAkc,3,161,29,38,False,0.6666666865348816,2,positive,positive,True,37,37,36,0,30,30,17,12,50,0,True,True
aligned,train,werKCgZ5dFE$_$14,werKCgZ5dFE,14,113,24,28,False,-0.6666666865348816,0,negative,negative,True,27,27,26,0,27,27,26,0,50,0,True,True
aligned,train,wfLrS6CdFs4$_$0,wfLrS6CdFs4,0,84,15,22,False,1.0,2,positive,positive,True,21,21,20,0,0,0,0,0,50,0,True,True
aligned,train,wgCSuviySwg$_$0,wgCSuviySwg,0,142,26,36,False,1.6666666269302368,2,positive,positive,True,35,35,34,0,35,35,34,0,50,0,True,True
aligned,train,wj3ur4fsiN4$_$24,wj3ur4fsiN4,24,25,5,8,False,0.3333333432674408,2,positive,positive,True,7,7,6,0,7,7,6,0,50,0,True,True
aligned,train,wj3ur4fsiN4$_$3,wj3ur4fsiN4,3,108,19,24,False,0.3333333432674408,2,positive,positive,True,23,23,22,0,23,23,22,0,50,0,True,True
aligned,train,wj3ur4fsiN4$_$2,wj3ur4fsiN4,2,123,24,28,False,0.3333333432674408,2,positive,positive,True,27,27,26,0,27,27,26,0,50,0,True,True
aligned,train,wj3ur4fsiN4$_$13,wj3ur4fsiN4,13,163,31,39,False,0.0,1,neutral,neutral,True,38,38,37,0,38,38,37,0,50,0,True,True
aligned,train,wj3ur4fsiN4$_$17,wj3ur4fsiN4,17,110,23,29,False,0.6666666865348816,2,positive,positive,True,28,28,27,0,28,28,27,0,50,0,True,True
aligned,train,wrQVnClcNPM$_$11,wrQVnClcNPM,11,49,8,14,False,1.3333333730697632,2,positive,positive,True,13,13,12,0,13,13,12,0,50,0,True,True
aligned,train,wrQVnClcNPM$_$12,wrQVnClcNPM,12,48,10,14,False,2.3333332538604736,2,positive,positive,True,13,13,12,0,13,13,12,0,50,0,True,True
aligned,train,wrQVnClcNPM$_$16,wrQVnClcNPM,16,67,11,18,False,2.0,2,positive,positive,True,17,17,16,0,17,17,16,0,50,0,True,True
aligned,train,wrQVnClcNPM$_$2,wrQVnClcNPM,2,41,8,11,False,0.0,1,neutral,neutral,True,10,10,9,0,10,10,9,0,50,0,True,True
aligned,train,wrQVnClcNPM$_$5,wrQVnClcNPM,5,90,17,22,False,0.0,1,neutral,neutral,True,21,21,20,0,21,21,20,0,50,0,True,True
aligned,train,wxxqXK9x-64$_$2,wxxqXK9x-64,2,165,29,35,False,0.0,1,neutral,neutral,True,34,34,33,0,34,34,33,0,50,0,True,True
aligned,train,wz3nVBPVgIA$_$6,wz3nVBPVgIA,6,83,18,23,False,1.0,2,positive,positive,True,22,22,21,0,22,22,21,0,50,0,True,True
aligned,train,x92920ole0w$_$18,x92920ole0w,18,166,29,43,False,0.0,1,neutral,neutral,True,42,42,41,0,42,42,41,0,50,0,True,True
aligned,train,x9E8yaFCX0Y$_$5,x9E8yaFCX0Y,5,119,24,30,False,0.6666666865348816,2,positive,positive,True,29,29,28,0,29,29,28,0,50,0,True,True
aligned,train,x9E8yaFCX0Y$_$4,x9E8yaFCX0Y,4,39,6,9,False,1.0,2,positive,positive,True,8,8,7,0,8,8,7,0,50,0,True,True
aligned,train,x9E8yaFCX0Y$_$7,x9E8yaFCX0Y,7,57,13,16,False,0.6666666865348816,2,positive,positive,True,15,15,14,0,15,15,14,0,50,0,True,True
aligned,train,xNYsfeSgDCQ$_$1,xNYsfeSgDCQ,1,90,12,19,False,1.3333333730697632,2,positive,positive,True,18,18,17,0,18,18,17,0,50,0,True,True
aligned,train,xNYsfeSgDCQ$_$4,xNYsfeSgDCQ,4,147,28,35,False,1.0,2,positive,positive,True,34,34,33,0,34,34,33,0,50,0,True,True
aligned,train,xP81rX2ATLI$_$2,xP81rX2ATLI,2,43,9,13,False,-0.3333333432674408,0,negative,negative,True,12,12,11,0,12,12,11,0,50,0,True,True
aligned,train,xP81rX2ATLI$_$6,xP81rX2ATLI,6,114,22,30,False,-0.6666666865348816,0,negative,negative,True,29,29,28,0,29,29,28,0,50,0,True,True
aligned,train,xPhlDO-2Foc$_$2,xPhlDO-2Foc,2,120,28,31,False,-0.3333333432674408,0,negative,negative,True,30,30,29,0,30,30,29,0,50,0,True,True
aligned,train,xRJXYUZVdas$_$1,xRJXYUZVdas,1,65,13,20,False,1.0,2,positive,positive,True,19,19,18,0,19,19,18,0,50,0,True,True
aligned,train,xTBBDx3DkXQ$_$10,xTBBDx3DkXQ,10,113,19,24,False,1.6666666269302368,2,positive,positive,True,23,23,22,0,23,23,22,0,50,0,True,True
aligned,train,xUz5cCA-oTo$_$14,xUz5cCA-oTo,14,134,19,27,False,0.0,1,neutral,neutral,True,26,26,25,0,26,26,25,0,50,0,True,True
aligned,train,xXIq7YPkdUQ$_$1,xXIq7YPkdUQ,1,162,29,36,False,0.3333333432674408,2,positive,positive,True,35,35,34,0,35,35,9,25,50,0,True,True
aligned,train,xXIq7YPkdUQ$_$2,xXIq7YPkdUQ,2,75,14,16,False,0.3333333432674408,2,positive,positive,True,15,15,14,0,0,0,0,0,50,0,True,True
aligned,train,xXIq7YPkdUQ$_$4,xXIq7YPkdUQ,4,95,10,20,False,1.6666666269302368,2,positive,positive,True,19,19,18,0,0,0,0,0,50,0,True,True
aligned,train,xYtNgq9eTlg$_$6,xYtNgq9eTlg,6,135,25,27,False,0.3333333432674408,2,positive,positive,True,26,26,25,0,26,26,25,0,50,0,True,True
aligned,train,xZ1FrxU6hcg$_$23,xZ1FrxU6hcg,23,112,21,26,False,0.3333333432674408,2,positive,positive,True,25,25,24,0,25,25,24,0,50,0,True,True
aligned,train,xZ1FrxU6hcg$_$6,xZ1FrxU6hcg,6,76,16,21,False,0.3333333432674408,2,positive,positive,True,20,20,19,0,20,20,19,0,50,0,True,True
aligned,train,xaSf1d13WoY$_$13,xaSf1d13WoY,13,74,15,18,False,1.0,2,positive,positive,True,17,17,16,0,17,17,16,0,50,0,True,True
aligned,train,xaSf1d13WoY$_$1,xaSf1d13WoY,1,83,20,29,False,1.0,2,positive,positive,True,28,28,27,0,28,28,27,0,50,0,True,True
aligned,train,xaSf1d13WoY$_$4,xaSf1d13WoY,4,63,12,16,False,0.0,1,neutral,neutral,True,15,15,14,0,15,15,14,0,50,0,True,True
aligned,train,xbl7bU5PGBs$_$0,xbl7bU5PGBs,0,96,21,25,False,0.6666666865348816,2,positive,positive,True,24,24,23,0,23,23,21,1,50,0,True,True
aligned,train,xfP0bm6Z-7E$_$2,xfP0bm6Z-7E,2,65,7,11,False,0.3333333432674408,2,positive,positive,True,10,10,9,0,10,10,9,0,50,0,True,True
aligned,train,xge9aYTxxOA$_$0,xge9aYTxxOA,0,66,8,17,False,-1.3333333730697632,0,negative,negative,True,16,16,15,0,16,16,15,0,50,0,True,True
aligned,train,xiRUWSUrGSg$_$0,xiRUWSUrGSg,0,137,27,40,False,0.3333333432674408,2,positive,positive,True,39,39,38,0,39,39,38,0,50,0,True,True
aligned,train,xiRUWSUrGSg$_$4,xiRUWSUrGSg,4,76,12,22,False,-0.6666666865348816,0,negative,negative,True,21,21,20,0,21,21,20,0,50,0,True,True
aligned,train,xk4C4p5vHDk$_$12,xk4C4p5vHDk,12,145,28,42,False,1.3333333730697632,2,positive,positive,True,41,41,40,0,41,41,40,0,50,0,True,True
aligned,train,xk4C4p5vHDk$_$1,xk4C4p5vHDk,1,118,24,30,False,2.0,2,positive,positive,True,29,29,28,0,29,29,28,0,50,0,True,True
aligned,train,xn9_4n4NpEw$_$10,xn9_4n4NpEw,10,65,11,16,False,0.5,2,positive,positive,True,15,15,14,0,15,15,14,0,50,0,True,True
aligned,train,xn9_4n4NpEw$_$5,xn9_4n4NpEw,5,88,16,24,False,0.6666666865348816,2,positive,positive,True,23,23,22,0,23,23,22,0,50,0,True,True
aligned,train,xn9_4n4NpEw$_$7,xn9_4n4NpEw,7,74,11,15,False,0.1666666716337204,2,positive,positive,True,14,14,13,0,14,14,13,0,50,0,True,True
aligned,train,xnNZyfhusAk$_$2,xnNZyfhusAk,2,79,17,21,False,0.3333333432674408,2,positive,positive,True,20,20,19,0,20,20,19,0,50,0,True,True
aligned,train,xomMHflvVDw$_$1,xomMHflvVDw,1,185,30,35,False,0.0,1,neutral,neutral,True,34,34,33,0,34,34,33,0,50,0,True,True
aligned,train,xomMHflvVDw$_$0,xomMHflvVDw,0,64,10,15,False,0.0,1,neutral,neutral,True,14,14,13,0,14,14,13,0,50,0,True,True
aligned,train,xomMHflvVDw$_$3,xomMHflvVDw,3,75,14,18,False,0.0,1,neutral,neutral,True,17,17,16,0,17,17,16,0,50,0,True,True
aligned,train,xomMHflvVDw$_$6,xomMHflvVDw,6,162,27,31,False,0.0,1,neutral,neutral,True,30,30,29,0,30,30,29,0,50,0,True,True
aligned,train,xu53lk4dhSc$_$13,xu53lk4dhSc,13,115,20,24,False,0.3333333432674408,2,positive,positive,True,23,23,22,0,23,23,22,0,50,0,True,True
aligned,train,xu53lk4dhSc$_$20,xu53lk4dhSc,20,69,12,16,False,0.0,1,neutral,neutral,True,15,15,14,0,15,15,14,0,50,0,True,True
aligned,train,xu53lk4dhSc$_$14,xu53lk4dhSc,14,83,14,19,False,-1.0,0,negative,negative,True,18,18,17,0,18,18,17,0,50,0,True,True
aligned,train,xu53lk4dhSc$_$17,xu53lk4dhSc,17,158,27,38,False,0.3333333432674408,2,positive,positive,True,37,37,36,0,37,37,36,0,50,0,True,True
aligned,train,xu53lk4dhSc$_$9,xu53lk4dhSc,9,126,21,28,False,1.3333333730697632,2,positive,positive,True,27,27,26,0,27,27,26,0,50,0,True,True
aligned,train,xvnFF0FiyS4$_$6,xvnFF0FiyS4,6,22,5,7,False,0.0,1,neutral,neutral,True,6,6,5,0,6,6,5,0,50,0,True,True
aligned,train,xvnFF0FiyS4$_$8,xvnFF0FiyS4,8,19,5,9,False,1.0,2,positive,positive,True,8,8,7,0,8,8,7,0,50,0,True,True
aligned,train,xwNQ7QuXaps$_$5,xwNQ7QuXaps,5,318,57,50,False,1.3333333730697632,2,positive,positive,True,49,49,48,0,49,49,48,0,50,0,True,True
aligned,train,xyOa9ivNrg4$_$0,xyOa9ivNrg4,0,61,9,12,False,0.0,1,neutral,neutral,True,11,11,10,0,11,11,10,0,50,0,True,True
aligned,train,y-nEcwAyQos$_$11,y-nEcwAyQos,11,67,10,15,False,1.0,2,positive,positive,True,14,14,13,0,14,14,13,0,50,0,True,True
aligned,train,y-nEcwAyQos$_$4,y-nEcwAyQos,4,96,16,26,False,-0.3333333432674408,0,negative,negative,True,25,25,24,0,25,25,24,0,50,0,True,True
aligned,train,yBGuxyO-ElM$_$2,yBGuxyO-ElM,2,92,17,25,False,1.0,2,positive,positive,True,24,24,23,0,24,24,23,0,50,0,True,True
aligned,train,yDIFWzOBjXc$_$22,yDIFWzOBjXc,22,119,19,22,False,0.6666666865348816,2,positive,positive,True,21,21,20,0,21,21,20,0,50,0,True,True
aligned,train,yDIFWzOBjXc$_$23,yDIFWzOBjXc,23,80,14,20,False,0.0,1,neutral,neutral,True,19,19,18,0,19,19,18,0,50,0,True,True
aligned,train,yDIFWzOBjXc$_$40,yDIFWzOBjXc,40,99,18,25,False,1.0,2,positive,positive,True,24,24,23,0,24,24,23,0,50,0,True,True
aligned,train,yDIFWzOBjXc$_$13,yDIFWzOBjXc,13,107,17,23,False,0.3333333432674408,2,positive,positive,True,22,22,21,0,22,22,21,0,50,0,True,True
aligned,train,yDIFWzOBjXc$_$15,yDIFWzOBjXc,15,147,25,37,False,0.0,1,neutral,neutral,True,36,36,35,0,36,36,35,0,50,0,True,True
aligned,train,yDIFWzOBjXc$_$19,yDIFWzOBjXc,19,126,24,31,False,0.3333333432674408,2,positive,positive,True,30,30,29,0,30,30,29,0,50,0,True,True
aligned,train,yDIFWzOBjXc$_$30,yDIFWzOBjXc,30,85,16,19,False,0.0,1,neutral,neutral,True,18,18,17,0,18,18,17,0,50,0,True,True
aligned,train,yEtfjJOMMCs$_$21,yEtfjJOMMCs,21,74,15,17,False,0.6666666865348816,2,positive,positive,True,16,16,15,0,16,16,15,0,50,0,True,True
aligned,train,yEtfjJOMMCs$_$3,yEtfjJOMMCs,3,42,8,12,False,-0.3333333432674408,0,negative,negative,True,11,11,10,0,11,11,10,0,50,0,True,True
aligned,train,yEtfjJOMMCs$_$4,yEtfjJOMMCs,4,77,16,24,False,-0.3333333432674408,0,negative,negative,True,23,23,22,0,23,23,22,0,50,0,True,True
aligned,train,yEtfjJOMMCs$_$7,yEtfjJOMMCs,7,34,7,9,False,0.3333333432674408,2,positive,positive,True,8,8,7,0,8,8,6,1,50,0,True,True
aligned,train,yEtfjJOMMCs$_$11,yEtfjJOMMCs,11,189,35,41,False,0.6666666865348816,2,positive,positive,True,40,40,39,0,40,40,39,0,50,0,True,True
aligned,train,yEtfjJOMMCs$_$15,yEtfjJOMMCs,15,225,49,50,False,0.3333333432674408,2,positive,positive,True,49,49,48,0,49,49,48,0,50,0,True,True
aligned,train,yEtfjJOMMCs$_$14,yEtfjJOMMCs,14,109,21,23,False,0.0,1,neutral,neutral,True,22,22,21,0,22,22,21,0,50,0,True,True
aligned,train,yHtR71rx16I$_$3,yHtR71rx16I,3,68,14,22,False,0.0,1,neutral,neutral,True,21,21,20,0,21,21,20,0,50,0,True,True
aligned,train,yKdIZR5xfcc$_$11,yKdIZR5xfcc,11,133,22,31,False,1.0,2,positive,positive,True,30,30,29,0,30,30,29,0,50,0,True,True
aligned,train,yKdIZR5xfcc$_$12,yKdIZR5xfcc,12,175,25,36,False,2.0,2,positive,positive,True,35,35,34,0,35,35,34,0,50,0,True,True
aligned,train,yKdIZR5xfcc$_$4,yKdIZR5xfcc,4,73,13,21,False,-0.6666666865348816,0,negative,negative,True,20,20,19,0,20,20,19,0,50,0,True,True
aligned,train,yKdIZR5xfcc$_$7,yKdIZR5xfcc,7,37,7,9,False,0.0,1,neutral,neutral,True,8,8,7,0,8,8,7,0,50,0,True,True
aligned,train,yKdIZR5xfcc$_$9,yKdIZR5xfcc,9,104,18,22,False,0.6666666865348816,2,positive,positive,True,21,21,20,0,21,21,20,0,50,0,True,True
aligned,train,yKdIZR5xfcc$_$8,yKdIZR5xfcc,8,195,27,37,False,1.0,2,positive,positive,True,36,36,35,0,36,36,35,0,50,0,True,True
aligned,train,yOQHOiswVjc$_$13,yOQHOiswVjc,13,164,32,35,False,0.6666666865348816,2,positive,positive,True,34,34,33,0,34,34,33,0,50,0,True,True
aligned,train,yOQHOiswVjc$_$15,yOQHOiswVjc,15,327,62,50,False,2.0,2,positive,positive,True,49,49,48,0,49,49,48,0,50,0,True,True
aligned,train,yOQHOiswVjc$_$1,yOQHOiswVjc,1,157,29,40,False,0.3333333432674408,2,positive,positive,True,39,39,38,0,39,39,38,0,50,0,True,True
aligned,train,ySfHPyaDbqY$_$7,ySfHPyaDbqY,7,155,27,33,False,0.0,1,neutral,neutral,True,32,32,31,0,32,32,31,0,50,0,True,True
aligned,train,ygb8Cfxghbs$_$15,ygb8Cfxghbs,15,144,21,40,False,0.6666666865348816,2,positive,positive,True,39,39,38,0,39,39,38,0,50,0,True,True
aligned,train,ygb8Cfxghbs$_$14,ygb8Cfxghbs,14,70,9,20,False,0.3333333432674408,2,positive,positive,True,19,19,18,0,19,19,18,0,50,0,True,True
aligned,train,ygb8Cfxghbs$_$0,ygb8Cfxghbs,0,139,20,32,False,1.0,2,positive,positive,True,31,31,30,0,31,31,30,0,50,0,True,True
aligned,train,ygb8Cfxghbs$_$7,ygb8Cfxghbs,7,109,13,36,False,0.0,1,neutral,neutral,True,35,35,34,0,35,35,34,0,50,0,True,True
aligned,train,ymPQOY2O_nw$_$0,ymPQOY2O_nw,0,213,36,47,False,0.0,1,neutral,neutral,True,46,46,45,0,46,46,45,0,50,0,True,True
aligned,train,yp6Gd2NPwOU$_$6,yp6Gd2NPwOU,6,190,32,43,False,0.3333333432674408,2,positive,positive,True,42,42,41,0,42,42,41,0,50,0,True,True
aligned,train,yp6Gd2NPwOU$_$9,yp6Gd2NPwOU,9,98,17,28,False,1.3333333730697632,2,positive,positive,True,27,27,26,0,27,27,26,0,50,0,True,True
aligned,train,yrIXBklJ5YQ$_$1,yrIXBklJ5YQ,1,65,12,25,False,0.0,1,neutral,neutral,True,24,24,23,0,24,24,7,16,50,0,True,True
aligned,train,yrIXBklJ5YQ$_$0,yrIXBklJ5YQ,0,103,19,25,False,-1.0,0,negative,negative,True,24,24,23,0,24,24,9,14,50,0,True,True
aligned,train,yrIXBklJ5YQ$_$3,yrIXBklJ5YQ,3,51,11,14,False,1.6666666269302368,2,positive,positive,True,13,13,12,0,13,13,12,0,50,0,True,True
aligned,train,yyToAEoUuek$_$3,yyToAEoUuek,3,79,15,19,False,0.0,1,neutral,neutral,True,18,18,17,0,18,18,17,0,50,0,True,True
aligned,train,z6E-ocntPo4$_$2,z6E-ocntPo4,2,19,5,7,False,1.3333333730697632,2,positive,positive,True,6,6,5,0,6,6,5,0,50,0,True,True
aligned,train,z6E-ocntPo4$_$4,z6E-ocntPo4,4,91,17,22,False,2.0,2,positive,positive,True,21,21,20,0,21,21,20,0,50,0,True,True
aligned,train,z6E-ocntPo4$_$9,z6E-ocntPo4,9,28,6,12,False,1.3333333730697632,2,positive,positive,True,11,11,10,0,11,11,10,0,50,0,True,True
aligned,train,z6E-ocntPo4$_$8,z6E-ocntPo4,8,20,6,8,False,0.0,1,neutral,neutral,True,7,7,6,0,7,7,6,0,50,0,True,True
aligned,train,z7FicxE_pMU$_$18,z7FicxE_pMU,18,84,19,23,False,0.3333333432674408,2,positive,positive,True,22,22,21,0,22,22,21,0,50,0,True,True
aligned,train,z7FicxE_pMU$_$7,z7FicxE_pMU,7,285,56,50,False,1.3333333730697632,2,positive,positive,True,49,49,48,0,49,49,48,0,50,0,True,True
aligned,train,z8bWG2z-bMM$_$1,z8bWG2z-bMM,1,49,11,14,False,0.6666666865348816,2,positive,positive,True,13,13,12,0,13,13,12,0,50,0,True,True
aligned,train,z8bWG2z-bMM$_$5,z8bWG2z-bMM,5,60,12,16,False,0.0,1,neutral,neutral,True,15,15,14,0,15,15,14,0,50,0,True,True
aligned,train,zFTuwjr3xq0$_$4,zFTuwjr3xq0,4,205,28,36,False,-0.3333333432674408,0,negative,negative,True,35,35,34,0,35,35,11,23,50,0,True,True
aligned,train,zFuRNvfC4So$_$14,zFuRNvfC4So,14,120,21,25,False,0.3333333432674408,2,positive,positive,True,24,24,23,0,24,24,23,0,50,0,True,True
aligned,train,zFuRNvfC4So$_$7,zFuRNvfC4So,7,262,40,50,False,1.6666666269302368,2,positive,positive,True,49,49,48,0,49,49,48,0,50,0,True,True
aligned,train,zJWmmDk9fCE$_$0,zJWmmDk9fCE,0,115,22,31,False,0.0,1,neutral,neutral,True,30,30,29,0,30,30,29,0,50,0,True,True
aligned,train,zJWmmDk9fCE$_$10,zJWmmDk9fCE,10,72,11,15,False,0.3333333432674408,2,positive,positive,True,14,14,13,0,14,14,13,0,50,0,True,True
aligned,train,zOHZDq2BvGo$_$0,zOHZDq2BvGo,0,373,69,50,False,0.3333333432674408,2,positive,positive,True,49,49,48,0,49,49,48,0,50,0,True,True
aligned,train,zPskvGHHQtE$_$0,zPskvGHHQtE,0,89,17,21,False,0.3333333432674408,2,positive,positive,True,20,20,19,0,12,12,11,0,50,0,True,True
aligned,train,zR62DCEMWgs$_$0,zR62DCEMWgs,0,196,42,50,False,1.3333333730697632,2,positive,positive,True,49,49,48,0,49,49,47,1,50,0,True,True
aligned,train,zU2_X9lIcUM$_$2,zU2_X9lIcUM,2,67,13,19,False,0.3333333432674408,2,positive,positive,True,18,18,17,0,18,18,17,0,50,0,True,True
aligned,train,zU2_X9lIcUM$_$5,zU2_X9lIcUM,5,150,25,39,False,0.0,1,neutral,neutral,True,38,38,37,0,38,38,37,0,50,0,True,True
aligned,train,zU2_X9lIcUM$_$4,zU2_X9lIcUM,4,135,22,31,False,0.6666666865348816,2,positive,positive,True,30,30,29,0,30,30,29,0,50,0,True,True
aligned,train,zaTyjiyrHnk$_$6,zaTyjiyrHnk,6,70,12,16,False,1.6666666269302368,2,positive,positive,True,15,15,14,0,15,15,14,0,50,0,True,True
aligned,train,zeQKU2L173M$_$5,zeQKU2L173M,5,206,28,32,False,0.0,1,neutral,neutral,True,31,31,30,0,31,31,30,0,50,0,True,True
aligned,train,zeQKU2L173M$_$9,zeQKU2L173M,9,253,44,50,False,1.6666666269302368,2,positive,positive,True,49,49,48,0,49,49,48,0,50,0,True,True
aligned,train,zg-ZIxVsBbQ$_$0,zg-ZIxVsBbQ,0,122,21,27,False,0.3333333432674408,2,positive,positive,True,26,26,25,0,19,19,18,0,50,0,True,True
aligned,train,zj4PzGtFwJM$_$1,zj4PzGtFwJM,1,128,20,28,False,0.0,1,neutral,neutral,True,27,27,26,0,27,27,26,0,50,0,True,True
aligned,train,zqkawTdHN5s$_$1,zqkawTdHN5s,1,132,20,27,False,1.0,2,positive,positive,True,26,26,25,0,26,26,25,0,50,0,True,True
aligned,train,zrFZAofNGi4$_$10,zrFZAofNGi4,10,99,19,22,False,-2.3333332538604736,0,negative,negative,True,21,21,20,0,21,21,20,0,50,0,True,True
aligned,train,zwTrXwi54us$_$12,zwTrXwi54us,12,174,28,35,False,1.6666666269302368,2,positive,positive,True,34,34,33,0,34,34,33,0,50,0,True,True
aligned,train,zwTrXwi54us$_$0,zwTrXwi54us,0,59,12,18,False,0.0,1,neutral,neutral,True,17,17,16,0,17,17,16,0,50,0,True,True
aligned,train,zwTrXwi54us$_$9,zwTrXwi54us,9,234,44,50,False,0.6666666865348816,2,positive,positive,True,49,49,48,0,49,49,46,2,50,0,True,True
aligned,valid,-UacrmKiTn4$_$7,-UacrmKiTn4,7,130,22,28,False,0.3333333432674408,2,positive,positive,True,27,27,26,0,27,27,26,0,50,0,True,True
aligned,valid,-qDkUB0GgYY$_$5,-qDkUB0GgYY,5,277,53,50,False,2.0,2,positive,positive,True,49,49,48,0,49,49,48,0,50,0,True,True
aligned,valid,0utROiKxejc$_$1,0utROiKxejc,1,88,15,18,False,0.0,1,neutral,neutral,True,17,17,16,0,17,17,16,0,50,0,True,True
aligned,valid,0utROiKxejc$_$4,0utROiKxejc,4,162,27,35,False,0.0,1,neutral,neutral,True,34,34,33,0,34,34,33,0,50,0,True,True
aligned,valid,0y022OlZ3W0$_$3,0y022OlZ3W0,3,63,14,19,False,1.3333333730697632,2,positive,positive,True,18,18,17,0,18,18,17,0,50,0,True,True
aligned,valid,0y022OlZ3W0$_$5,0y022OlZ3W0,5,79,17,24,False,-1.3333333730697632,0,negative,negative,True,23,23,22,0,23,23,22,0,50,0,True,True
aligned,valid,0y022OlZ3W0$_$8,0y022OlZ3W0,8,45,8,15,False,-0.3333333432674408,0,negative,negative,True,14,14,13,0,14,14,13,0,50,0,True,True
aligned,valid,101787$_$11,101787,11,138,25,34,False,0.0,1,neutral,neutral,True,33,33,32,0,33,33,32,0,50,0,True,True
aligned,valid,101787$_$13,101787,13,64,11,21,False,-1.6666666269302368,0,negative,negative,True,20,20,19,0,20,20,19,0,50,0,True,True
aligned,valid,101787$_$1,101787,1,74,11,18,False,-0.6666666865348816,0,negative,negative,True,17,17,16,0,17,17,16,0,50,0,True,True
aligned,valid,101787$_$5,101787,5,71,14,19,False,-1.6666666269302368,0,negative,negative,True,18,18,17,0,11,11,10,0,50,0,True,True
aligned,valid,101787$_$7,101787,7,41,8,10,False,1.0,2,positive,positive,True,9,9,8,0,9,9,8,0,50,0,True,True
aligned,valid,101787$_$9,101787,9,81,13,21,False,-0.3333333432674408,0,negative,negative,True,20,20,19,0,20,20,19,0,50,0,True,True
aligned,valid,102408$_$2,102408,2,31,5,9,False,-0.3333333432674408,0,negative,negative,True,8,8,7,0,8,8,7,0,50,0,True,True
aligned,valid,102408$_$5,102408,5,121,24,31,False,-2.0,0,negative,negative,True,30,30,29,0,30,30,29,0,50,0,True,True
aligned,valid,102408$_$9,102408,9,109,20,31,False,-1.6666666269302368,0,negative,negative,True,30,30,29,0,30,30,29,0,50,0,True,True
aligned,valid,102858$_$20,102858,20,88,18,26,False,2.0,2,positive,positive,True,25,25,24,0,25,25,24,0,50,0,True,True
aligned,valid,102858$_$21,102858,21,75,15,29,False,1.0,2,positive,positive,True,28,28,27,0,28,28,27,0,50,0,True,True
aligned,valid,102858$_$1,102858,1,69,12,24,False,0.3333333432674408,2,positive,positive,True,23,23,22,0,23,23,22,0,50,0,True,True
aligned,valid,102858$_$0,102858,0,16,2,5,False,0.3333333432674408,2,positive,positive,True,4,4,3,0,4,4,3,0,50,0,True,True
aligned,valid,102858$_$4,102858,4,355,54,50,False,3.0,2,positive,positive,True,49,49,48,0,49,49,48,0,50,0,True,True
aligned,valid,102858$_$6,102858,6,91,16,28,False,2.6666667461395264,2,positive,positive,True,27,27,26,0,27,27,26,0,50,0,True,True
aligned,valid,102858$_$10,102858,10,52,8,12,False,2.0,2,positive,positive,True,11,11,10,0,11,11,10,0,50,0,True,True
aligned,valid,102858$_$17,102858,17,48,9,11,False,1.0,2,positive,positive,True,10,10,9,0,10,10,9,0,50,0,True,True
aligned,valid,102858$_$19,102858,19,55,7,14,False,0.0,1,neutral,neutral,True,13,13,12,0,13,13,12,0,50,0,True,True
aligned,valid,112433$_$10,112433,10,4,1,3,False,0.0,1,neutral,neutral,True,2,2,1,0,2,2,1,0,50,0,True,True
aligned,valid,112433$_$3,112433,3,143,27,34,False,-0.3333333432674408,0,negative,negative,True,33,33,32,0,33,33,32,0,50,0,True,True
aligned,valid,112433$_$7,112433,7,41,7,11,False,-0.6666666865348816,0,negative,negative,True,10,10,9,0,10,10,9,0,50,0,True,True
aligned,valid,112433$_$6,112433,6,80,15,26,False,-1.3333333730697632,0,negative,negative,True,25,25,24,0,25,25,24,0,50,0,True,True
aligned,valid,117tQqLjza4$_$6,117tQqLjza4,6,60,11,17,False,0.6666666865348816,2,positive,positive,True,16,16,15,0,16,16,15,0,50,0,True,True
aligned,valid,11j7EfglCAs$_$2,11j7EfglCAs,2,96,18,26,False,0.6666666865348816,2,positive,positive,True,25,25,24,0,19,19,16,2,50,0,True,True
aligned,valid,121128$_$10,121128,10,64,13,17,False,2.0,2,positive,positive,True,16,16,15,0,16,16,15,0,50,0,True,True
aligned,valid,121128$_$1,121128,1,112,22,31,False,0.0,1,neutral,neutral,True,30,30,29,0,30,30,29,0,50,0,True,True
aligned,valid,121128$_$0,121128,0,41,8,13,False,0.0,1,neutral,neutral,True,12,12,11,0,12,12,11,0,50,0,True,True
aligned,valid,121128$_$5,121128,5,30,5,9,False,3.0,2,positive,positive,True,8,8,7,0,8,8,7,0,50,0,True,True
aligned,valid,125344$_$0,125344,0,1570,309,50,False,0.6666666865348816,2,positive,positive,True,49,49,48,0,44,44,14,29,50,0,True,True
aligned,valid,125676$_$0,125676,0,52,11,15,False,-0.3333333432674408,0,negative,negative,True,14,14,13,0,14,14,13,0,50,0,True,True
aligned,valid,125676$_$4,125676,4,126,21,29,False,2.0,2,positive,positive,True,28,28,27,0,28,28,27,0,50,0,True,True
aligned,valid,128059$_$11,128059,11,157,31,40,False,-1.0,0,negative,negative,True,39,39,38,0,39,39,38,0,50,0,True,True
aligned,valid,128059$_$12,128059,12,51,10,18,False,0.6666666865348816,2,positive,positive,True,17,17,16,0,17,17,15,1,50,0,True,True
aligned,valid,128059$_$2,128059,2,45,10,16,False,-1.6666666269302368,0,negative,negative,True,15,15,14,0,15,15,14,0,50,0,True,True
aligned,valid,128059$_$7,128059,7,294,57,50,False,0.0,1,neutral,neutral,True,49,49,48,0,49,49,48,0,50,0,True,True
aligned,valid,128059$_$6,128059,6,204,36,50,False,1.0,2,positive,positive,True,49,49,48,0,49,49,48,0,50,0,True,True
aligned,valid,128059$_$9,128059,9,64,12,24,False,0.3333333432674408,2,positive,positive,True,23,23,22,0,23,23,22,0,50,0,True,True
aligned,valid,128763$_$12,128763,12,71,16,20,False,-0.6666666865348816,0,negative,negative,True,19,19,18,0,19,19,18,0,50,0,True,True
aligned,valid,128763$_$3,128763,3,79,15,26,False,-1.6666666269302368,0,negative,negative,True,25,25,24,0,25,25,24,0,50,0,True,True
aligned,valid,128763$_$2,128763,2,36,7,14,False,0.0,1,neutral,neutral,True,13,13,12,0,13,13,12,0,50,0,True,True
aligned,valid,128763$_$5,128763,5,40,8,12,False,0.0,1,neutral,neutral,True,11,11,10,0,11,11,10,0,50,0,True,True
aligned,valid,128763$_$7,128763,7,64,12,18,False,-0.3333333432674408,0,negative,negative,True,17,17,16,0,17,17,16,0,50,0,True,True
aligned,valid,128763$_$8,128763,8,41,6,10,False,0.0,1,neutral,neutral,True,9,9,8,0,9,9,8,0,50,0,True,True
aligned,valid,130456$_$11,130456,11,144,26,36,False,1.6666666269302368,2,positive,positive,True,35,35,34,0,35,35,34,0,50,0,True,True
aligned,valid,130456$_$3,130456,3,53,12,21,False,2.3333332538604736,2,positive,positive,True,20,20,19,0,15,15,14,0,50,0,True,True
aligned,valid,130456$_$5,130456,5,30,7,13,False,-0.3333333432674408,0,negative,negative,True,12,12,11,0,12,12,11,0,50,0,True,True
aligned,valid,130456$_$4,130456,4,71,12,25,False,0.0,1,neutral,neutral,True,24,24,23,0,24,24,23,0,50,0,True,True
aligned,valid,130456$_$7,130456,7,26,4,10,False,-0.3333333432674408,0,negative,negative,True,9,9,8,0,9,9,8,0,50,0,True,True
aligned,valid,130456$_$6,130456,6,143,27,35,False,0.3333333432674408,2,positive,positive,True,34,34,33,0,34,34,33,0,50,0,True,True
aligned,valid,188343$_$13,188343,13,138,28,44,False,1.0,2,positive,positive,True,43,43,42,0,43,43,42,0,50,0,True,True
aligned,valid,188343$_$12,188343,12,94,20,32,False,-2.0,0,negative,negative,True,31,31,30,0,31,31,30,0,50,0,True,True
aligned,valid,188343$_$5,188343,5,67,13,22,False,0.0,1,neutral,neutral,True,21,21,20,0,21,21,20,0,50,0,True,True
aligned,valid,188343$_$9,188343,9,97,19,32,False,1.0,2,positive,positive,True,31,31,30,0,31,31,30,0,50,0,True,True
aligned,valid,188343$_$8,188343,8,88,18,23,False,-1.3333333730697632,0,negative,negative,True,22,22,21,0,22,22,21,0,50,0,True,True
aligned,valid,1HK7Nea0PFo$_$1,1HK7Nea0PFo,1,63,16,19,False,0.0,1,neutral,neutral,True,18,18,17,0,18,18,17,0,50,0,True,True
aligned,valid,216097$_$1,216097,1,56,11,15,False,-1.0,0,negative,negative,True,14,14,13,0,5,5,4,0,50,0,True,True
aligned,valid,216097$_$2,216097,2,100,17,26,False,0.0,1,neutral,neutral,True,25,25,24,0,25,25,22,2,50,0,True,True
aligned,valid,216097$_$5,216097,5,131,22,34,False,-0.3333333432674408,0,negative,negative,True,33,33,32,0,33,33,27,5,50,0,True,True
aligned,valid,216097$_$4,216097,4,190,38,48,False,0.0,1,neutral,neutral,True,47,47,46,0,47,47,42,4,50,0,True,True
aligned,valid,216097$_$7,216097,7,434,81,50,False,-0.3333333432674408,0,negative,negative,True,49,49,48,0,45,45,44,0,50,0,True,True
aligned,valid,216097$_$8,216097,8,46,8,14,False,-1.6666666269302368,0,negative,negative,True,13,13,12,0,11,11,1,9,50,0,True,True
aligned,valid,223431$_$11,223431,11,116,19,29,False,-1.3333333730697632,0,negative,negative,True,28,28,27,0,28,28,27,0,50,0,True,True
aligned,valid,223431$_$10,223431,10,52,8,15,False,-1.0,0,negative,negative,True,14,14,13,0,14,14,13,0,50,0,True,True
aligned,valid,223431$_$13,223431,13,82,17,26,False,-2.3333332538604736,0,negative,negative,True,25,25,24,0,25,25,24,0,50,0,True,True
aligned,valid,223431$_$0,223431,0,10,2,4,False,0.3333333432674408,2,positive,positive,True,3,3,2,0,3,3,2,0,50,0,True,True
aligned,valid,223431$_$5,223431,5,91,17,19,False,0.0,1,neutral,neutral,True,18,18,17,0,18,18,17,0,50,0,True,True
aligned,valid,225770$_$3,225770,3,272,50,50,False,-1.3333333730697632,0,negative,negative,True,49,49,48,0,49,49,48,0,50,0,True,True
aligned,valid,225770$_$5,225770,5,26,6,8,False,-0.3333333432674408,0,negative,negative,True,7,7,6,0,7,7,6,0,50,0,True,True
aligned,valid,225770$_$4,225770,4,115,22,34,False,0.0,1,neutral,neutral,True,33,33,32,0,33,33,32,0,50,0,True,True
aligned,valid,225770$_$6,225770,6,151,26,35,False,0.0,1,neutral,neutral,True,34,34,33,0,34,34,33,0,50,0,True,True
aligned,valid,236021$_$12,236021,12,34,8,14,False,1.3333333730697632,2,positive,positive,True,13,13,12,0,13,13,12,0,50,0,True,True
aligned,valid,236021$_$1,236021,1,103,19,29,False,0.3333333432674408,2,positive,positive,True,28,28,27,0,28,28,27,0,50,0,True,True
aligned,valid,236021$_$3,236021,3,38,7,9,False,0.0,1,neutral,neutral,True,8,8,7,0,8,8,7,0,50,0,True,True
aligned,valid,236021$_$2,236021,2,233,39,50,False,0.0,1,neutral,neutral,True,49,49,48,0,49,49,48,0,50,0,True,True
aligned,valid,236021$_$5,236021,5,35,8,17,False,-0.6666666865348816,0,negative,negative,True,16,16,15,0,16,16,15,0,50,0,True,True
aligned,valid,236021$_$4,236021,4,240,48,50,False,0.6666666865348816,2,positive,positive,True,49,49,48,0,49,49,48,0,50,0,True,True
aligned,valid,237009$_$11,237009,11,30,6,11,False,-3.0,0,negative,negative,True,10,10,9,0,10,10,9,0,50,0,True,True
aligned,valid,237009$_$12,237009,12,124,21,47,False,-2.6666667461395264,0,negative,negative,True,46,46,45,0,46,46,45,0,50,0,True,True
aligned,valid,237009$_$4,237009,4,66,14,21,False,0.3333333432674408,2,positive,positive,True,20,20,19,0,9,9,8,0,50,0,True,True
aligned,valid,237009$_$7,237009,7,37,6,10,False,-3.0,0,negative,negative,True,9,9,8,0,9,9,8,0,50,0,True,True
aligned,valid,237009$_$9,237009,9,26,5,14,False,0.0,1,neutral,neutral,True,13,13,12,0,13,13,12,0,50,0,True,True
aligned,valid,241629$_$10,241629,10,88,18,20,False,-1.6666666269302368,0,negative,negative,True,19,19,18,0,19,19,9,9,50,0,True,True
aligned,valid,241629$_$0,241629,0,64,11,15,False,1.0,2,positive,positive,True,14,14,13,0,14,14,13,0,50,0,True,True
aligned,valid,241629$_$3,241629,3,126,22,30,False,2.3333332538604736,2,positive,positive,True,29,29,28,0,29,29,28,0,50,0,True,True
aligned,valid,241629$_$5,241629,5,111,16,29,False,-0.3333333432674408,0,negative,negative,True,28,28,27,0,28,28,27,0,50,0,True,True
aligned,valid,241629$_$8,241629,8,205,41,50,False,-0.3333333432674408,0,negative,negative,True,49,49,48,0,49,49,48,0,50,0,True,True
aligned,valid,243646$_$11,243646,11,56,11,21,False,-0.6666666865348816,0,negative,negative,True,20,20,19,0,20,20,19,0,50,0,True,True
aligned,valid,243646$_$12,243646,12,286,57,50,False,-1.3333333730697632,0,negative,negative,True,49,49,48,0,49,49,48,0,50,0,True,True
aligned,valid,243646$_$9,243646,9,4,1,3,False,0.0,1,neutral,neutral,True,2,2,1,0,2,2,1,0,50,0,True,True
aligned,valid,243646$_$8,243646,8,38,8,14,False,0.0,1,neutral,neutral,True,13,13,12,0,13,13,12,0,50,0,True,True
aligned,valid,247318$_$12,247318,12,40,9,15,False,-2.0,0,negative,negative,True,14,14,13,0,14,14,13,0,50,0,True,True
aligned,valid,247318$_$1,247318,1,76,16,18,False,0.0,1,neutral,neutral,True,17,17,16,0,17,17,16,0,50,0,True,True
aligned,valid,247318$_$3,247318,3,23,5,7,False,-2.3333332538604736,0,negative,negative,True,6,6,5,0,6,6,5,0,50,0,True,True
aligned,valid,247318$_$2,247318,2,60,13,19,False,-1.6666666269302368,0,negative,negative,True,18,18,17,0,18,18,17,0,50,0,True,True
aligned,valid,247318$_$5,247318,5,85,18,21,False,-0.3333333432674408,0,negative,negative,True,20,20,19,0,20,20,19,0,50,0,True,True
aligned,valid,247318$_$7,247318,7,20,4,8,False,-2.0,0,negative,negative,True,7,7,6,0,7,7,6,0,50,0,True,True
aligned,valid,247318$_$6,247318,6,19,5,7,False,-0.3333333432674408,0,negative,negative,True,6,6,5,0,6,6,5,0,50,0,True,True
aligned,valid,252998$_$1,252998,1,79,11,20,False,0.0,1,neutral,neutral,True,19,19,18,0,19,19,18,0,50,0,True,True
aligned,valid,252998$_$0,252998,0,49,11,16,False,0.0,1,neutral,neutral,True,15,15,14,0,15,15,14,0,50,0,True,True
aligned,valid,252998$_$5,252998,5,146,29,43,False,-1.3333333730697632,0,negative,negative,True,42,42,41,0,42,42,41,0,50,0,True,True
aligned,valid,252998$_$4,252998,4,240,42,50,False,-0.3333333432674408,0,negative,negative,True,49,49,48,0,49,49,48,0,50,0,True,True
aligned,valid,252998$_$7,252998,7,157,29,39,False,1.3333333730697632,2,positive,positive,True,38,38,37,0,38,38,35,2,50,0,True,True
aligned,valid,252998$_$8,252998,8,36,8,13,False,-1.6666666269302368,0,negative,negative,True,12,12,11,0,12,12,11,0,50,0,True,True
aligned,valid,257247$_$10,257247,10,24,6,10,False,-0.3333333432674408,0,negative,negative,True,9,9,8,0,9,9,8,0,50,0,True,True
aligned,valid,257247$_$12,257247,12,82,11,21,False,-1.6666666269302368,0,negative,negative,True,20,20,19,0,20,20,19,0,50,0,True,True
aligned,valid,257247$_$2,257247,2,75,13,20,False,0.0,1,neutral,neutral,True,19,19,18,0,19,19,18,0,50,0,True,True
aligned,valid,258654$_$1,258654,1,298,57,50,False,-1.3333333730697632,0,negative,negative,True,49,49,48,0,49,49,48,0,50,0,True,True
aligned,valid,258654$_$3,258654,3,256,48,50,False,-2.3333332538604736,0,negative,negative,True,49,49,48,0,49,49,48,0,50,0,True,True
aligned,valid,258654$_$4,258654,4,81,12,17,False,0.0,1,neutral,neutral,True,16,16,15,0,16,16,15,0,50,0,True,True
aligned,valid,266791$_$24,266791,24,67,12,18,False,-1.6666666269302368,0,negative,negative,True,17,17,16,0,17,17,16,0,50,0,True,True
aligned,valid,266791$_$20,266791,20,126,21,38,False,0.6666666865348816,2,positive,positive,True,37,37,36,0,37,37,36,0,50,0,True,True
aligned,valid,266791$_$21,266791,21,277,51,50,False,-1.6666666269302368,0,negative,negative,True,49,49,48,0,49,49,48,0,50,0,True,True
aligned,valid,266791$_$23,266791,23,151,27,36,False,-2.6666667461395264,0,negative,negative,True,35,35,34,0,35,35,34,0,50,0,True,True
aligned,valid,266791$_$29,266791,29,12,2,5,False,-1.6666666269302368,0,negative,negative,True,4,4,3,0,4,4,3,0,50,0,True,True
aligned,valid,266791$_$3,266791,3,91,13,21,False,1.0,2,positive,positive,True,20,20,19,0,20,20,19,0,50,0,True,True
aligned,valid,266791$_$5,266791,5,120,23,34,False,-2.3333332538604736,0,negative,negative,True,33,33,32,0,33,33,32,0,50,0,True,True
aligned,valid,266791$_$4,266791,4,60,13,15,False,-1.6666666269302368,0,negative,negative,True,14,14,13,0,14,14,13,0,50,0,True,True
aligned,valid,266791$_$6,266791,6,138,25,38,False,0.0,1,neutral,neutral,True,37,37,36,0,37,37,36,0,50,0,True,True
aligned,valid,266791$_$8,266791,8,48,9,13,False,-1.3333333730697632,0,negative,negative,True,12,12,11,0,12,12,11,0,50,0,True,True
aligned,valid,266791$_$11,266791,11,40,9,13,False,1.0,2,positive,positive,True,12,12,11,0,12,12,11,0,50,0,True,True
aligned,valid,266791$_$14,266791,14,108,20,28,False,-1.3333333730697632,0,negative,negative,True,27,27,26,0,27,27,26,0,50,0,True,True
aligned,valid,270254$_$23,270254,23,65,14,19,False,-1.6666666269302368,0,negative,negative,True,18,18,17,0,18,18,17,0,50,0,True,True
aligned,valid,270254$_$0,270254,0,80,15,20,False,0.0,1,neutral,neutral,True,19,19,18,0,19,19,18,0,50,0,True,True
aligned,valid,270254$_$6,270254,6,125,26,34,False,0.6666666865348816,2,positive,positive,True,33,33,32,0,33,33,29,3,50,0,True,True
aligned,valid,270254$_$8,270254,8,100,21,26,False,-1.3333333730697632,0,negative,negative,True,25,25,24,0,25,25,24,0,50,0,True,True
aligned,valid,270254$_$11,270254,11,25,6,8,False,0.0,1,neutral,neutral,True,7,7,6,0,7,7,6,0,50,0,True,True
aligned,valid,270254$_$14,270254,14,48,8,12,False,-1.6666666269302368,0,negative,negative,True,11,11,10,0,11,11,10,0,50,0,True,True
aligned,valid,270254$_$16,270254,16,53,11,17,False,-0.6666666865348816,0,negative,negative,True,16,16,15,0,16,16,15,0,50,0,True,True
aligned,valid,272624$_$10,272624,10,171,31,50,False,-1.6666666269302368,0,negative,negative,True,49,49,48,0,49,49,48,0,50,0,True,True
aligned,valid,272624$_$13,272624,13,136,27,39,False,0.6666666865348816,2,positive,positive,True,38,38,37,0,38,38,37,0,50,0,True,True
aligned,valid,272624$_$12,272624,12,77,13,24,False,-1.0,0,negative,negative,True,23,23,22,0,23,23,22,0,50,0,True,True
aligned,valid,272624$_$16,272624,16,244,43,50,False,0.0,1,neutral,neutral,True,49,49,48,0,49,49,48,0,50,0,True,True
aligned,valid,272624$_$18,272624,18,138,28,38,False,0.3333333432674408,2,positive,positive,True,37,37,36,0,37,37,36,0,50,0,True,True
aligned,valid,272624$_$2,272624,2,150,28,48,False,0.0,1,neutral,neutral,True,47,47,46,0,47,47,46,0,50,0,True,True
aligned,valid,272624$_$6,272624,6,138,24,37,False,-0.6666666865348816,0,negative,negative,True,36,36,35,0,36,36,35,0,50,0,True,True
aligned,valid,272624$_$9,272624,9,163,36,49,False,-1.0,0,negative,negative,True,48,48,47,0,48,48,47,0,50,0,True,True
aligned,valid,272624$_$8,272624,8,154,27,45,False,-1.6666666269302368,0,negative,negative,True,44,44,43,0,44,44,43,0,50,0,True,True
aligned,valid,273539$_$3,273539,3,121,25,32,False,-2.6666667461395264,0,negative,negative,True,31,31,30,0,31,31,30,0,50,0,True,True
aligned,valid,273539$_$2,273539,2,24,3,5,False,0.0,1,neutral,neutral,True,4,4,3,0,4,4,3,0,50,0,True,True
aligned,valid,273539$_$9,273539,9,189,34,48,False,-2.3333332538604736,0,negative,negative,True,47,47,46,0,47,47,46,0,50,0,True,True
aligned,valid,290546$_$3,290546,3,97,21,25,False,0.0,1,neutral,neutral,True,24,24,23,0,24,24,23,0,50,0,True,True
aligned,valid,290546$_$5,290546,5,129,22,35,False,-1.0,0,negative,negative,True,34,34,33,0,34,34,33,0,50,0,True,True
aligned,valid,290546$_$7,290546,7,184,36,50,False,-0.3333333432674408,0,negative,negative,True,49,49,48,0,49,49,48,0,50,0,True,True
aligned,valid,290546$_$6,290546,6,35,8,10,False,0.0,1,neutral,neutral,True,9,9,8,0,9,9,8,0,50,0,True,True
aligned,valid,2S00zYaVrtc$_$10,2S00zYaVrtc,10,84,17,20,False,-2.6666667461395264,0,negative,negative,True,19,19,18,0,19,19,18,0,50,0,True,True
aligned,valid,2S00zYaVrtc$_$12,2S00zYaVrtc,12,76,16,19,False,2.0,2,positive,positive,True,18,18,17,0,18,18,17,0,50,0,True,True
aligned,valid,2S00zYaVrtc$_$20,2S00zYaVrtc,20,76,15,18,False,1.3333333730697632,2,positive,positive,True,17,17,16,0,17,17,16,0,50,0,True,True
aligned,valid,2S00zYaVrtc$_$17,2S00zYaVrtc,17,118,16,20,False,-0.3333333432674408,0,negative,negative,True,19,19,18,0,19,19,18,0,50,0,True,True
aligned,valid,2S00zYaVrtc$_$5,2S00zYaVrtc,5,126,23,27,False,1.6666666269302368,2,positive,positive,True,26,26,25,0,26,26,25,0,50,0,True,True
aligned,valid,2S00zYaVrtc$_$4,2S00zYaVrtc,4,108,17,22,False,1.3333333730697632,2,positive,positive,True,21,21,20,0,21,21,20,0,50,0,True,True
aligned,valid,2Xt31_d0XEE$_$2,2Xt31_d0XEE,2,122,21,26,False,2.0,2,positive,positive,True,25,25,24,0,25,25,24,0,50,0,True,True
aligned,valid,31474$_$11,31474,11,39,7,9,False,-1.3333333730697632,0,negative,negative,True,8,8,7,0,8,8,7,0,50,0,True,True
aligned,valid,31474$_$14,31474,14,74,16,18,False,0.0,1,neutral,neutral,True,17,17,16,0,17,17,16,0,50,0,True,True
aligned,valid,31474$_$0,31474,0,90,18,25,False,0.3333333432674408,2,positive,positive,True,24,24,23,0,24,24,23,0,50,0,True,True
aligned,valid,31474$_$3,31474,3,120,23,27,False,0.0,1,neutral,neutral,True,26,26,25,0,26,26,25,0,50,0,True,True
aligned,valid,31474$_$6,31474,6,71,14,18,False,-2.6666667461395264,0,negative,negative,True,17,17,16,0,17,17,16,0,50,0,True,True
aligned,valid,31474$_$9,31474,9,33,7,10,False,-1.0,0,negative,negative,True,9,9,8,0,9,9,8,0,50,0,True,True
aligned,valid,31474$_$8,31474,8,32,8,10,False,0.0,1,neutral,neutral,True,9,9,8,0,9,9,8,0,50,0,True,True
aligned,valid,32681$_$1,32681,1,75,15,23,False,0.0,1,neutral,neutral,True,22,22,21,0,22,22,21,0,50,0,True,True
aligned,valid,32681$_$3,32681,3,153,30,41,False,-2.6666667461395264,0,negative,negative,True,40,40,39,0,40,40,39,0,50,0,True,True
aligned,valid,32681$_$5,32681,5,154,31,41,False,0.3333333432674408,2,positive,positive,True,40,40,39,0,40,40,39,0,50,0,True,True
aligned,valid,32681$_$6,32681,6,112,22,30,False,-1.0,0,negative,negative,True,29,29,28,0,29,29,28,0,50,0,True,True
aligned,valid,33170$_$1,33170,1,235,41,50,False,0.3333333432674408,2,positive,positive,True,49,49,48,0,49,49,48,0,50,0,True,True
aligned,valid,33170$_$3,33170,3,155,30,36,False,-2.0,0,negative,negative,True,35,35,34,0,35,35,34,0,50,0,True,True
aligned,valid,33170$_$4,33170,4,114,25,35,False,-2.0,0,negative,negative,True,34,34,33,0,34,34,33,0,50,0,True,True
aligned,valid,3MFNIag0wNE$_$12,3MFNIag0wNE,12,219,39,50,False,-1.0,0,negative,negative,True,49,49,48,0,49,49,48,0,50,0,True,True
aligned,valid,3MFNIag0wNE$_$14,3MFNIag0wNE,14,115,21,35,False,-2.0,0,negative,negative,True,34,34,33,0,34,34,33,0,50,0,True,True
aligned,valid,3MFNIag0wNE$_$16,3MFNIag0wNE,16,88,17,24,False,-0.3333333432674408,0,negative,negative,True,23,23,22,0,23,23,22,0,50,0,True,True
aligned,valid,3MFNIag0wNE$_$7,3MFNIag0wNE,7,72,14,21,False,-1.0,0,negative,negative,True,20,20,19,0,20,20,19,0,50,0,True,True
aligned,valid,3V2qm0rw920$_$11,3V2qm0rw920,11,102,16,22,False,1.0,2,positive,positive,True,21,21,20,0,21,21,20,0,50,0,True,True
aligned,valid,3V2qm0rw920$_$13,3V2qm0rw920,13,154,25,31,False,3.0,2,positive,positive,True,30,30,29,0,30,30,29,0,50,0,True,True
aligned,valid,3V2qm0rw920$_$3,3V2qm0rw920,3,95,14,17,False,0.3333333432674408,2,positive,positive,True,16,16,15,0,16,16,15,0,50,0,True,True
aligned,valid,3j94B0pzSVs$_$12,3j94B0pzSVs,12,60,11,14,False,1.6666666269302368,2,positive,positive,True,13,13,12,0,13,13,12,0,50,0,True,True
aligned,valid,3j94B0pzSVs$_$17,3j94B0pzSVs,17,122,19,24,False,-1.3333333730697632,0,negative,negative,True,23,23,22,0,23,23,22,0,50,0,True,True
aligned,valid,3j94B0pzSVs$_$1,3j94B0pzSVs,1,143,27,36,False,0.0,1,neutral,neutral,True,35,35,34,0,35,35,34,0,50,0,True,True
aligned,valid,3j94B0pzSVs$_$0,3j94B0pzSVs,0,142,20,32,False,0.0,1,neutral,neutral,True,31,31,30,0,31,31,30,0,50,0,True,True
aligned,valid,4cFeG2ydm9A$_$8,4cFeG2ydm9A,8,83,15,18,False,1.0,2,positive,positive,True,17,17,16,0,17,17,16,0,50,0,True,True
aligned,valid,4dV3slGSc60$_$10,4dV3slGSc60,10,124,19,24,False,1.0,2,positive,positive,True,23,23,22,0,23,23,22,0,50,0,True,True
aligned,valid,4dV3slGSc60$_$12,4dV3slGSc60,12,109,13,22,False,0.6666666865348816,2,positive,positive,True,21,21,20,0,21,21,20,0,50,0,True,True
aligned,valid,4dV3slGSc60$_$22,4dV3slGSc60,22,340,59,50,False,1.6666666269302368,2,positive,positive,True,49,49,48,0,2,2,1,0,50,0,True,True
aligned,valid,4dV3slGSc60$_$9,4dV3slGSc60,9,118,19,22,False,1.6666666269302368,2,positive,positive,True,21,21,20,0,21,21,20,0,50,0,True,True
aligned,valid,4dV3slGSc60$_$8,4dV3slGSc60,8,100,18,26,False,1.0,2,positive,positive,True,25,25,24,0,25,25,24,0,50,0,True,True
aligned,valid,50103$_$3,50103,3,167,33,47,False,-2.0,0,negative,negative,True,46,46,45,0,46,46,45,0,50,0,True,True
aligned,valid,5B0PQx3Ep3k$_$5,5B0PQx3Ep3k,5,131,25,30,False,1.3333333730697632,2,positive,positive,True,29,29,28,0,29,29,28,0,50,0,True,True
aligned,valid,5O1W39o56gg$_$1,5O1W39o56gg,1,74,11,16,False,0.0,1,neutral,neutral,True,15,15,14,0,15,15,14,0,50,0,True,True
aligned,valid,5O1W39o56gg$_$2,5O1W39o56gg,2,68,14,18,False,0.6666666865348816,2,positive,positive,True,17,17,16,0,17,17,16,0,50,0,True,True
aligned,valid,5O1W39o56gg$_$9,5O1W39o56gg,9,76,14,17,False,0.3333333432674408,2,positive,positive,True,16,16,15,0,16,16,15,0,50,0,True,True
aligned,valid,5i6AgQSjXO4$_$3,5i6AgQSjXO4,3,90,19,21,False,0.6666666865348816,2,positive,positive,True,20,20,19,0,20,20,14,5,50,0,True,True
aligned,valid,5i6AgQSjXO4$_$2,5i6AgQSjXO4,2,169,27,30,False,0.0,1,neutral,neutral,True,29,29,28,0,29,29,28,0,50,0,True,True
aligned,valid,5i6AgQSjXO4$_$6,5i6AgQSjXO4,6,52,9,11,False,0.0,1,neutral,neutral,True,10,10,9,0,10,10,9,0,50,0,True,True
aligned,valid,5kaCGzjYukM$_$0,5kaCGzjYukM,0,149,28,36,False,-0.3333333432674408,0,negative,negative,True,35,35,34,0,35,35,34,0,50,0,True,True
aligned,valid,5kaCGzjYukM$_$3,5kaCGzjYukM,3,123,22,29,False,-1.6666666269302368,0,negative,negative,True,28,28,27,0,28,28,27,0,50,0,True,True
aligned,valid,5kaCGzjYukM$_$2,5kaCGzjYukM,2,152,25,38,False,-0.3333333432674408,0,negative,negative,True,37,37,36,0,37,37,36,0,50,0,True,True
aligned,valid,5kaCGzjYukM$_$5,5kaCGzjYukM,5,147,24,34,False,-2.3333332538604736,0,negative,negative,True,33,33,32,0,33,33,32,0,50,0,True,True
aligned,valid,5kaCGzjYukM$_$7,5kaCGzjYukM,7,204,41,50,False,-0.6666666865348816,0,negative,negative,True,49,49,48,0,49,49,48,0,50,0,True,True
aligned,valid,6KvG5VbLalY$_$9,6KvG5VbLalY,9,187,35,39,False,0.0,1,neutral,neutral,True,38,38,37,0,38,38,37,0,50,0,True,True
aligned,valid,6ZA8I83x-oY$_$0,6ZA8I83x-oY,0,106,16,25,False,0.0,1,neutral,neutral,True,24,24,23,0,24,24,23,0,50,0,True,True
aligned,valid,6ZA8I83x-oY$_$2,6ZA8I83x-oY,2,223,38,50,False,2.0,2,positive,positive,True,49,49,48,0,49,49,48,0,50,0,True,True
aligned,valid,6hFiTU77Sm0$_$1,6hFiTU77Sm0,1,76,12,16,False,0.0,1,neutral,neutral,True,15,15,14,0,15,15,14,0,50,0,True,True
aligned,valid,6hFiTU77Sm0$_$2,6hFiTU77Sm0,2,79,15,18,False,0.0,1,neutral,neutral,True,17,17,16,0,17,17,16,0,50,0,True,True
aligned,valid,6uPGcKTpC4I$_$1,6uPGcKTpC4I,1,121,21,29,False,0.0,1,neutral,neutral,True,28,28,27,0,28,28,27,0,50,0,True,True
aligned,valid,6uPGcKTpC4I$_$2,6uPGcKTpC4I,2,130,23,33,False,0.0,1,neutral,neutral,True,32,32,31,0,32,32,31,0,50,0,True,True
aligned,valid,6uPGcKTpC4I$_$6,6uPGcKTpC4I,6,68,12,18,False,1.3333333730697632,2,positive,positive,True,17,17,16,0,17,17,16,0,50,0,True,True
aligned,valid,70280$_$11,70280,11,87,18,25,False,-1.6666666269302368,0,negative,negative,True,24,24,23,0,24,24,23,0,50,0,True,True
aligned,valid,70280$_$3,70280,3,130,25,27,False,-0.6666666865348816,0,negative,negative,True,26,26,25,0,26,26,25,0,50,0,True,True
aligned,valid,70280$_$4,70280,4,85,17,25,False,0.0,1,neutral,neutral,True,24,24,23,0,24,24,23,0,50,0,True,True
aligned,valid,70280$_$6,70280,6,86,17,28,False,-1.3333333730697632,0,negative,negative,True,27,27,26,0,27,27,26,0,50,0,True,True
aligned,valid,75RGHaxmUK8$_$3,75RGHaxmUK8,3,109,18,21,False,0.3333333432674408,2,positive,positive,True,20,20,19,0,20,20,19,0,50,0,True,True
aligned,valid,75RGHaxmUK8$_$5,75RGHaxmUK8,5,70,12,15,False,0.3333333432674408,2,positive,positive,True,14,14,13,0,14,14,13,0,50,0,True,True
aligned,valid,7_K3F-lAv1k$_$2,7_K3F-lAv1k,2,192,38,45,False,0.0,1,neutral,neutral,True,44,44,43,0,44,44,43,0,50,0,True,True
aligned,valid,7r4vRxKLFCA$_$6,7r4vRxKLFCA,6,150,27,39,False,-0.6666666865348816,0,negative,negative,True,38,38,37,0,38,38,37,0,50,0,True,True
aligned,valid,80566$_$1,80566,1,55,11,15,False,0.0,1,neutral,neutral,True,14,14,13,0,14,14,11,2,50,0,True,True
aligned,valid,80566$_$0,80566,0,56,12,14,False,0.0,1,neutral,neutral,True,13,13,12,0,13,13,12,0,50,0,True,True
aligned,valid,80566$_$3,80566,3,79,15,19,False,0.3333333432674408,2,positive,positive,True,18,18,17,0,18,18,17,0,50,0,True,True
aligned,valid,80566$_$2,80566,2,74,11,16,False,0.6666666865348816,2,positive,positive,True,15,15,14,0,15,15,14,0,50,0,True,True
aligned,valid,80566$_$4,80566,4,36,7,9,False,1.3333333730697632,2,positive,positive,True,8,8,7,0,8,8,7,0,50,0,True,True
aligned,valid,80566$_$6,80566,6,70,13,19,False,0.0,1,neutral,neutral,True,18,18,17,0,18,18,17,0,50,0,True,True
aligned,valid,80855$_$11,80855,11,55,10,17,False,0.0,1,neutral,neutral,True,16,16,15,0,16,16,15,0,50,0,True,True
aligned,valid,80855$_$10,80855,10,44,9,19,False,0.3333333432674408,2,positive,positive,True,18,18,17,0,18,18,17,0,50,0,True,True
aligned,valid,80855$_$12,80855,12,73,13,23,False,0.0,1,neutral,neutral,True,22,22,21,0,22,22,21,0,50,0,True,True
aligned,valid,80855$_$15,80855,15,74,15,21,False,2.0,2,positive,positive,True,20,20,19,0,0,0,0,0,50,0,True,True
aligned,valid,80855$_$17,80855,17,107,23,32,False,0.0,1,neutral,neutral,True,31,31,30,0,17,17,16,0,50,0,True,True
aligned,valid,80855$_$0,80855,0,7,1,3,False,0.0,1,neutral,neutral,True,2,2,1,0,2,2,1,0,50,0,True,True
aligned,valid,80855$_$3,80855,3,20,3,5,False,0.0,1,neutral,neutral,True,4,4,3,0,4,4,3,0,50,0,True,True
aligned,valid,80855$_$2,80855,2,32,5,7,False,1.0,2,positive,positive,True,6,6,5,0,6,6,5,0,50,0,True,True
aligned,valid,80855$_$7,80855,7,31,5,9,False,0.0,1,neutral,neutral,True,8,8,7,0,8,8,7,0,50,0,True,True
aligned,valid,80855$_$20,80855,20,45,8,18,False,1.0,2,positive,positive,True,17,17,16,0,17,17,16,0,50,0,True,True
aligned,valid,830KzUc6CbU$_$0,830KzUc6CbU,0,80,14,20,False,0.0,1,neutral,neutral,True,19,19,18,0,19,19,18,0,50,0,True,True
aligned,valid,830KzUc6CbU$_$13,830KzUc6CbU,13,200,40,49,False,0.3333333432674408,2,positive,positive,True,48,48,47,0,46,46,41,4,50,0,True,True
aligned,valid,84140$_$0,84140,0,86,17,24,False,1.3333333730697632,2,positive,positive,True,23,23,22,0,23,23,22,0,50,0,True,True
aligned,valid,84140$_$5,84140,5,306,57,50,False,-1.3333333730697632,0,negative,negative,True,49,49,48,0,49,49,48,0,50,0,True,True
aligned,valid,89835$_$1,89835,1,89,16,20,False,1.0,2,positive,positive,True,19,19,18,0,19,19,18,0,50,0,True,True
aligned,valid,89835$_$0,89835,0,73,12,15,False,0.0,1,neutral,neutral,True,14,14,13,0,14,14,13,0,50,0,True,True
aligned,valid,89835$_$4,89835,4,229,41,50,False,-2.6666667461395264,0,negative,negative,True,49,49,48,0,49,49,48,0,50,0,True,True
aligned,valid,89835$_$7,89835,7,130,24,43,False,-2.3333332538604736,0,negative,negative,True,42,42,41,0,42,42,41,0,50,0,True,True
aligned,valid,8eaYvALnJ0o$_$1,8eaYvALnJ0o,1,96,18,26,False,2.0,2,positive,positive,True,25,25,24,0,25,25,24,0,50,0,True,True
aligned,valid,8eaYvALnJ0o$_$0,8eaYvALnJ0o,0,68,12,16,False,1.6666666269302368,2,positive,positive,True,15,15,14,0,15,15,14,0,50,0,True,True
aligned,valid,8x_nCOh6Wmc$_$6,8x_nCOh6Wmc,6,177,37,49,False,1.0,2,positive,positive,True,48,48,47,0,48,48,47,0,50,0,True,True
aligned,valid,96642$_$1,96642,1,118,20,27,False,0.0,1,neutral,neutral,True,26,26,25,0,26,26,25,0,50,0,True,True
aligned,valid,96642$_$3,96642,3,74,13,19,False,0.6666666865348816,2,positive,positive,True,18,18,17,0,11,11,3,7,50,0,True,True
aligned,valid,96642$_$2,96642,2,57,12,20,False,0.0,1,neutral,neutral,True,19,19,18,0,19,19,18,0,50,0,True,True
aligned,valid,96642$_$4,96642,4,130,27,37,False,-2.0,0,negative,negative,True,36,36,35,0,36,36,34,1,50,0,True,True
aligned,valid,99501$_$10,99501,10,92,17,23,False,-1.6666666269302368,0,negative,negative,True,22,22,21,0,22,22,21,0,50,0,True,True
aligned,valid,99501$_$13,99501,13,126,26,40,False,-1.6666666269302368,0,negative,negative,True,39,39,38,0,39,39,38,0,50,0,True,True
aligned,valid,99501$_$1,99501,1,83,15,20,False,0.0,1,neutral,neutral,True,19,19,18,0,19,19,18,0,50,0,True,True
aligned,valid,99501$_$0,99501,0,3,1,3,False,0.3333333432674408,2,positive,positive,True,2,2,1,0,2,2,1,0,50,0,True,True
aligned,valid,99501$_$5,99501,5,150,32,41,False,-0.3333333432674408,0,negative,negative,True,40,40,39,0,40,40,39,0,50,0,True,True
aligned,valid,99501$_$7,99501,7,86,17,20,False,-1.0,0,negative,negative,True,19,19,18,0,19,19,18,0,50,0,True,True
aligned,valid,9QI-9w_VdB4$_$0,9QI-9w_VdB4,0,109,19,26,False,0.3333333432674408,2,positive,positive,True,25,25,24,0,25,25,24,0,50,0,True,True
aligned,valid,AG5EY8ZaFj4$_$3,AG5EY8ZaFj4,3,71,12,19,False,0.3333333432674408,2,positive,positive,True,18,18,17,0,18,18,17,0,50,0,True,True
aligned,valid,AG5EY8ZaFj4$_$15,AG5EY8ZaFj4,15,108,22,28,False,0.3333333432674408,2,positive,positive,True,27,27,26,0,27,27,26,0,50,0,True,True
aligned,valid,Arh2TKRi_mg$_$15,Arh2TKRi_mg,15,121,22,25,False,1.0,2,positive,positive,True,24,24,23,0,24,24,23,0,50,0,True,True
aligned,valid,Arh2TKRi_mg$_$14,Arh2TKRi_mg,14,127,20,24,False,1.3333333730697632,2,positive,positive,True,23,23,22,0,23,23,22,0,50,0,True,True
aligned,valid,Arh2TKRi_mg$_$16,Arh2TKRi_mg,16,149,28,34,False,0.6666666865348816,2,positive,positive,True,33,33,32,0,33,33,32,0,50,0,True,True
aligned,valid,Arh2TKRi_mg$_$19,Arh2TKRi_mg,19,100,20,23,False,0.3333333432674408,2,positive,positive,True,22,22,21,0,22,22,21,0,50,0,True,True
aligned,valid,Arh2TKRi_mg$_$32,Arh2TKRi_mg,32,108,20,30,False,2.0,2,positive,positive,True,29,29,28,0,29,29,28,0,50,0,True,True
aligned,valid,Arh2TKRi_mg$_$28,Arh2TKRi_mg,28,63,12,18,False,-0.6666666865348816,0,negative,negative,True,17,17,16,0,17,17,16,0,50,0,True,True
aligned,valid,Arh2TKRi_mg$_$3,Arh2TKRi_mg,3,146,28,34,False,0.6666666865348816,2,positive,positive,True,33,33,32,0,33,33,32,0,50,0,True,True
aligned,valid,AxNy9TeTLq8$_$0,AxNy9TeTLq8,0,179,29,40,False,1.3333333730697632,2,positive,positive,True,39,39,38,0,39,39,38,0,50,0,True,True
aligned,valid,BSKAHXFYF_I$_$1,BSKAHXFYF_I,1,76,12,15,False,0.3333333432674408,2,positive,positive,True,14,14,13,0,14,14,13,0,50,0,True,True
aligned,valid,BSKAHXFYF_I$_$3,BSKAHXFYF_I,3,134,21,34,False,0.6666666865348816,2,positive,positive,True,33,33,32,0,21,21,2,18,50,0,True,True
aligned,valid,BSKAHXFYF_I$_$7,BSKAHXFYF_I,7,66,12,16,False,0.3333333432674408,2,positive,positive,True,15,15,14,0,8,8,3,4,50,0,True,True
aligned,valid,BSKAHXFYF_I$_$8,BSKAHXFYF_I,8,73,13,18,False,0.3333333432674408,2,positive,positive,True,17,17,16,0,17,17,16,0,50,0,True,True
aligned,valid,Baz0VVQ-E9E$_$10,Baz0VVQ-E9E,10,36,7,11,False,-0.3333333432674408,0,negative,negative,True,10,10,9,0,10,10,9,0,50,0,True,True
aligned,valid,Baz0VVQ-E9E$_$1,Baz0VVQ-E9E,1,64,11,14,False,0.0,1,neutral,neutral,True,13,13,12,0,13,13,12,0,50,0,True,True
aligned,valid,Baz0VVQ-E9E$_$5,Baz0VVQ-E9E,5,29,6,9,False,-0.6666666865348816,0,negative,negative,True,8,8,7,0,8,8,7,0,50,0,True,True
aligned,valid,Baz0VVQ-E9E$_$7,Baz0VVQ-E9E,7,100,16,20,False,0.6666666865348816,2,positive,positive,True,19,19,18,0,19,19,18,0,50,0,True,True
aligned,valid,CJGuudyvA0Y$_$4,CJGuudyvA0Y,4,191,35,41,False,-0.6666666865348816,0,negative,negative,True,40,40,39,0,27,27,22,4,50,0,True,True
aligned,valid,CPjbogfLHR4$_$2,CPjbogfLHR4,2,96,13,18,False,0.0,1,neutral,neutral,True,17,17,16,0,17,17,16,0,50,0,True,True
aligned,valid,CPjbogfLHR4$_$5,CPjbogfLHR4,5,163,27,31,False,2.0,2,positive,positive,True,30,30,29,0,30,30,29,0,50,0,True,True
aligned,valid,DdUJojoFU_c$_$11,DdUJojoFU_c,11,127,22,26,False,0.6666666865348816,2,positive,positive,True,25,25,24,0,25,25,24,0,50,0,True,True
aligned,valid,DdUJojoFU_c$_$15,DdUJojoFU_c,15,70,9,18,False,0.3333333432674408,2,positive,positive,True,17,17,16,0,17,17,16,0,50,0,True,True
aligned,valid,DdUJojoFU_c$_$14,DdUJojoFU_c,14,135,21,25,False,0.0,1,neutral,neutral,True,24,24,23,0,24,24,23,0,50,0,True,True
aligned,valid,DdUJojoFU_c$_$17,DdUJojoFU_c,17,105,19,22,False,0.3333333432674408,2,positive,positive,True,21,21,20,0,15,15,14,0,50,0,True,True
aligned,valid,DdUJojoFU_c$_$16,DdUJojoFU_c,16,149,21,41,False,1.0,2,positive,positive,True,40,40,39,0,40,40,39,0,50,0,True,True
aligned,valid,DdUJojoFU_c$_$2,DdUJojoFU_c,2,184,27,46,False,0.3333333432674408,2,positive,positive,True,45,45,44,0,45,45,44,0,50,0,True,True
aligned,valid,DdUJojoFU_c$_$6,DdUJojoFU_c,6,124,21,34,False,0.6666666865348816,2,positive,positive,True,33,33,32,0,33,33,32,0,50,0,True,True
aligned,valid,DdUJojoFU_c$_$8,DdUJojoFU_c,8,134,25,30,False,1.0,2,positive,positive,True,29,29,28,0,29,29,28,0,50,0,True,True
aligned,valid,DlbYiwOnTyk$_$1,DlbYiwOnTyk,1,96,17,22,False,-0.3333333432674408,0,negative,negative,True,21,21,20,0,21,21,20,0,50,0,True,True
aligned,valid,E8MuzHUhUHk$_$15,E8MuzHUhUHk,15,84,15,18,False,1.6666666269302368,2,positive,positive,True,17,17,16,0,17,17,16,0,50,0,True,True
aligned,valid,E8MuzHUhUHk$_$14,E8MuzHUhUHk,14,79,17,20,False,0.6666666865348816,2,positive,positive,True,19,19,18,0,19,19,18,0,50,0,True,True
aligned,valid,E8MuzHUhUHk$_$16,E8MuzHUhUHk,16,151,25,32,False,2.0,2,positive,positive,True,31,31,30,0,31,31,30,0,50,0,True,True
aligned,valid,E8MuzHUhUHk$_$2,E8MuzHUhUHk,2,120,22,28,False,0.0,1,neutral,neutral,True,27,27,26,0,27,27,26,0,50,0,True,True
aligned,valid,E8MuzHUhUHk$_$9,E8MuzHUhUHk,9,122,21,27,False,0.3333333432674408,2,positive,positive,True,26,26,25,0,26,26,25,0,50,0,True,True
aligned,valid,EEjCkc82oyk$_$7,EEjCkc82oyk,7,90,17,24,False,-1.0,0,negative,negative,True,23,23,22,0,23,23,22,0,50,0,True,True
aligned,valid,EEjCkc82oyk$_$9,EEjCkc82oyk,9,86,18,23,False,0.0,1,neutral,neutral,True,22,22,21,0,22,22,15,6,50,0,True,True
aligned,valid,EQxkXiWAm08$_$8,EQxkXiWAm08,8,68,12,15,False,0.3333333432674408,2,positive,positive,True,14,14,13,0,14,14,13,0,50,0,True,True
aligned,valid,ET1cU5_A2YM$_$1,ET1cU5_A2YM,1,123,23,26,False,-2.3333332538604736,0,negative,negative,True,25,25,24,0,25,25,24,0,50,0,True,True
aligned,valid,ET1cU5_A2YM$_$3,ET1cU5_A2YM,3,72,12,15,False,0.0,1,neutral,neutral,True,14,14,13,0,14,14,13,0,50,0,True,True
aligned,valid,ET1cU5_A2YM$_$6,ET1cU5_A2YM,6,117,17,22,False,-2.0,0,negative,negative,True,21,21,20,0,21,21,20,0,50,0,True,True
aligned,valid,EmmuWoCUgXs$_$22,EmmuWoCUgXs,22,76,14,17,False,-0.6666666865348816,0,negative,negative,True,16,16,15,0,16,16,15,0,50,0,True,True
aligned,valid,EmmuWoCUgXs$_$7,EmmuWoCUgXs,7,165,31,36,False,-0.6666666865348816,0,negative,negative,True,35,35,34,0,35,35,34,0,50,0,True,True
aligned,valid,Es9MkKsMsjU$_$10,Es9MkKsMsjU,10,92,18,21,False,-1.3333333730697632,0,negative,negative,True,20,20,19,0,20,20,19,0,50,0,True,True
aligned,valid,Es9MkKsMsjU$_$12,Es9MkKsMsjU,12,199,33,38,False,-1.6666666269302368,0,negative,negative,True,37,37,36,0,37,37,36,0,50,0,True,True
aligned,valid,Es9MkKsMsjU$_$2,Es9MkKsMsjU,2,231,42,45,False,-1.6666666269302368,0,negative,negative,True,44,44,43,0,44,44,43,0,50,0,True,True
aligned,valid,Es9MkKsMsjU$_$7,Es9MkKsMsjU,7,169,31,38,False,-1.6666666269302368,0,negative,negative,True,37,37,36,0,37,37,36,0,50,0,True,True
aligned,valid,Ezn3p5FWF_U$_$4,Ezn3p5FWF_U,4,243,43,47,False,1.0,2,positive,positive,True,46,46,45,0,36,36,35,0,50,0,True,True
aligned,valid,F1U26PLiXjM$_$1,F1U26PLiXjM,1,105,20,23,False,0.6666666865348816,2,positive,positive,True,22,22,21,0,22,22,21,0,50,0,True,True
aligned,valid,F6JV-K840EY$_$2,F6JV-K840EY,2,87,17,22,False,0.0,1,neutral,neutral,True,21,21,20,0,21,21,20,0,50,0,True,True
aligned,valid,FB_b1dm0SRY$_$10,FB_b1dm0SRY,10,122,23,28,False,0.0,1,neutral,neutral,True,27,27,26,0,27,27,26,0,50,0,True,True
aligned,valid,FB_b1dm0SRY$_$0,FB_b1dm0SRY,0,125,24,28,False,0.3333333432674408,2,positive,positive,True,27,27,26,0,27,27,26,0,50,0,True,True
aligned,valid,FB_b1dm0SRY$_$6,FB_b1dm0SRY,6,55,11,15,False,0.6666666865348816,2,positive,positive,True,14,14,13,0,14,14,13,0,50,0,True,True
aligned,valid,FB_b1dm0SRY$_$9,FB_b1dm0SRY,9,120,23,30,False,0.0,1,neutral,neutral,True,29,29,28,0,29,29,28,0,50,0,True,True
aligned,valid,FB_b1dm0SRY$_$8,FB_b1dm0SRY,8,116,19,22,False,1.6666666269302368,2,positive,positive,True,21,21,20,0,21,21,20,0,50,0,True,True
aligned,valid,FxxJB8hBpyQ$_$1,FxxJB8hBpyQ,1,92,16,23,False,-0.3333333432674408,0,negative,negative,True,22,22,21,0,22,22,21,0,50,0,True,True
aligned,valid,Fy0Uid9afM8$_$0,Fy0Uid9afM8,0,79,14,20,False,-1.0,0,negative,negative,True,19,19,18,0,19,19,18,0,50,0,True,True
aligned,valid,Fy0Uid9afM8$_$3,Fy0Uid9afM8,3,88,15,21,False,-0.6666666865348816,0,negative,negative,True,20,20,19,0,20,20,19,0,50,0,True,True
aligned,valid,Fy0Uid9afM8$_$5,Fy0Uid9afM8,5,102,19,23,False,-1.3333333730697632,0,negative,negative,True,22,22,21,0,0,0,0,0,50,0,True,True
aligned,valid,Fy0Uid9afM8$_$4,Fy0Uid9afM8,4,48,9,11,False,-1.0,0,negative,negative,True,10,10,9,0,10,10,9,0,50,0,True,True
aligned,valid,H1DpVwktfDQ$_$0,H1DpVwktfDQ,0,68,13,15,False,1.6666666269302368,2,positive,positive,True,14,14,13,0,0,0,0,0,50,0,True,True
aligned,valid,HGicRLwgtkM$_$1,HGicRLwgtkM,1,201,28,37,False,1.0,2,positive,positive,True,36,36,35,0,36,36,3,32,50,0,True,True
aligned,valid,HGicRLwgtkM$_$3,HGicRLwgtkM,3,151,25,28,False,1.0,2,positive,positive,True,27,27,26,0,27,27,26,0,50,0,True,True
aligned,valid,HGicRLwgtkM$_$2,HGicRLwgtkM,2,134,22,25,False,2.0,2,positive,positive,True,24,24,23,0,24,24,23,0,50,0,True,True
aligned,valid,HGicRLwgtkM$_$6,HGicRLwgtkM,6,106,17,23,False,2.3333332538604736,2,positive,positive,True,22,22,21,0,22,22,5,16,50,0,True,True
aligned,valid,HmXXW45eZL4$_$1,HmXXW45eZL4,1,196,38,48,False,-0.3333333432674408,0,negative,negative,True,47,47,46,0,47,47,46,0,50,0,True,True
aligned,valid,HmXXW45eZL4$_$4,HmXXW45eZL4,4,72,13,20,False,0.0,1,neutral,neutral,True,19,19,18,0,19,19,18,0,50,0,True,True
aligned,valid,IM6HW1HwHhM$_$11,IM6HW1HwHhM,11,96,16,27,False,1.0,2,positive,positive,True,26,26,25,0,26,26,25,0,50,0,True,True
aligned,valid,IM6HW1HwHhM$_$15,IM6HW1HwHhM,15,83,18,21,False,1.0,2,positive,positive,True,20,20,19,0,20,20,19,0,50,0,True,True
aligned,valid,IM6HW1HwHhM$_$17,IM6HW1HwHhM,17,101,21,27,False,0.0,1,neutral,neutral,True,26,26,25,0,26,26,25,0,50,0,True,True
aligned,valid,IUmxJNs2zaY$_$3,IUmxJNs2zaY,3,172,27,34,False,0.3333333432674408,2,positive,positive,True,33,33,32,0,33,33,32,0,50,0,True,True
aligned,valid,IUmxJNs2zaY$_$2,IUmxJNs2zaY,2,97,14,21,False,0.6666666865348816,2,positive,positive,True,20,20,19,0,20,20,19,0,50,0,True,True
aligned,valid,JAnRCQ9A0vI$_$1,JAnRCQ9A0vI,1,395,75,50,False,0.0,1,neutral,neutral,True,49,49,48,0,49,49,4,44,50,0,True,True
aligned,valid,JAnRCQ9A0vI$_$0,JAnRCQ9A0vI,0,41,8,12,False,0.0,1,neutral,neutral,True,11,11,10,0,11,11,10,0,50,0,True,True
aligned,valid,JAnRCQ9A0vI$_$3,JAnRCQ9A0vI,3,208,39,47,False,1.0,2,positive,positive,True,46,46,45,0,46,46,45,0,50,0,True,True
aligned,valid,JAnRCQ9A0vI$_$2,JAnRCQ9A0vI,2,307,61,50,False,1.0,2,positive,positive,True,49,49,48,0,49,49,48,0,50,0,True,True
aligned,valid,JAnRCQ9A0vI$_$5,JAnRCQ9A0vI,5,130,25,27,False,0.0,1,neutral,neutral,True,26,26,25,0,0,0,0,0,50,0,True,True
aligned,valid,JAnRCQ9A0vI$_$4,JAnRCQ9A0vI,4,69,14,16,False,0.0,1,neutral,neutral,True,15,15,14,0,15,15,14,0,50,0,True,True
aligned,valid,JAnRCQ9A0vI$_$8,JAnRCQ9A0vI,8,350,69,50,False,1.3333333730697632,2,positive,positive,True,49,49,48,0,49,49,48,0,50,0,True,True
aligned,valid,JOK1SSmPtFw$_$10,JOK1SSmPtFw,10,77,14,19,False,0.0,1,neutral,neutral,True,18,18,17,0,18,18,17,0,50,0,True,True
aligned,valid,JOK1SSmPtFw$_$13,JOK1SSmPtFw,13,71,15,20,False,-0.6666666865348816,0,negative,negative,True,19,19,18,0,19,19,18,0,50,0,True,True
aligned,valid,JOK1SSmPtFw$_$14,JOK1SSmPtFw,14,82,13,17,False,0.0,1,neutral,neutral,True,16,16,15,0,16,16,15,0,50,0,True,True
aligned,valid,JOK1SSmPtFw$_$16,JOK1SSmPtFw,16,76,13,17,False,0.0,1,neutral,neutral,True,16,16,15,0,16,16,15,0,50,0,True,True
aligned,valid,JOK1SSmPtFw$_$0,JOK1SSmPtFw,0,214,46,50,False,1.3333333730697632,2,positive,positive,True,49,49,48,0,49,49,48,0,50,0,True,True
aligned,valid,JOK1SSmPtFw$_$5,JOK1SSmPtFw,5,114,20,28,False,0.0,1,neutral,neutral,True,27,27,26,0,27,27,26,0,50,0,True,True
aligned,valid,JOK1SSmPtFw$_$4,JOK1SSmPtFw,4,68,12,14,False,0.0,1,neutral,neutral,True,13,13,12,0,13,13,12,0,50,0,True,True
aligned,valid,JOK1SSmPtFw$_$8,JOK1SSmPtFw,8,74,13,16,False,0.0,1,neutral,neutral,True,15,15,14,0,15,15,14,0,50,0,True,True
aligned,valid,JPT38CA3sGI$_$1,JPT38CA3sGI,1,83,12,20,False,1.0,2,positive,positive,True,19,19,18,0,19,19,18,0,50,0,True,True
aligned,valid,JPT38CA3sGI$_$0,JPT38CA3sGI,0,62,13,18,False,0.6666666865348816,2,positive,positive,True,17,17,16,0,17,17,16,0,50,0,True,True
aligned,valid,JPT38CA3sGI$_$5,JPT38CA3sGI,5,56,12,18,False,1.3333333730697632,2,positive,positive,True,17,17,16,0,17,17,8,8,50,0,True,True
aligned,valid,JVpF99zuQhA$_$0,JVpF99zuQhA,0,92,15,24,False,0.3333333432674408,2,positive,positive,True,23,23,22,0,23,23,22,0,50,0,True,True
aligned,valid,JVpF99zuQhA$_$2,JVpF99zuQhA,2,134,24,29,False,0.0,1,neutral,neutral,True,28,28,27,0,28,28,27,0,50,0,True,True
aligned,valid,JVpF99zuQhA$_$4,JVpF99zuQhA,4,71,14,17,False,0.0,1,neutral,neutral,True,16,16,15,0,16,16,15,0,50,0,True,True
aligned,valid,K0m1tO3Ybyc$_$15,K0m1tO3Ybyc,15,69,13,16,False,0.0,1,neutral,neutral,True,15,15,14,0,15,15,14,0,50,0,True,True
aligned,valid,K0m1tO3Ybyc$_$8,K0m1tO3Ybyc,8,139,26,34,False,-1.3333333730697632,0,negative,negative,True,33,33,32,0,33,33,32,0,50,0,True,True
aligned,valid,K8gp7ncdUl8$_$5,K8gp7ncdUl8,5,160,30,37,False,1.0,2,positive,positive,True,36,36,35,0,36,36,35,0,50,0,True,True
aligned,valid,KDjl2exStlI$_$10,KDjl2exStlI,10,68,12,17,False,0.0,1,neutral,neutral,True,16,16,15,0,16,16,15,0,50,0,True,True
aligned,valid,KDjl2exStlI$_$13,KDjl2exStlI,13,59,9,16,False,0.0,1,neutral,neutral,True,15,15,14,0,15,15,14,0,50,0,True,True
aligned,valid,KDjl2exStlI$_$5,KDjl2exStlI,5,80,12,18,False,0.3333333432674408,2,positive,positive,True,17,17,16,0,17,17,16,0,50,0,True,True
aligned,valid,KDjl2exStlI$_$4,KDjl2exStlI,4,121,16,25,False,0.0,1,neutral,neutral,True,24,24,23,0,24,24,23,0,50,0,True,True
aligned,valid,KkKWFZZmmCM$_$1,KkKWFZZmmCM,1,128,19,30,False,0.0,1,neutral,neutral,True,29,29,28,0,29,29,28,0,50,0,True,True
aligned,valid,KpMCvUyQCXg$_$1,KpMCvUyQCXg,1,118,19,26,False,0.0,1,neutral,neutral,True,25,25,24,0,25,25,24,0,50,0,True,True
aligned,valid,KpMCvUyQCXg$_$3,KpMCvUyQCXg,3,65,11,15,False,-0.3333333432674408,0,negative,negative,True,14,14,13,0,14,14,13,0,50,0,True,True
aligned,valid,KpMCvUyQCXg$_$5,KpMCvUyQCXg,5,95,17,22,False,0.3333333432674408,2,positive,positive,True,21,21,20,0,21,21,20,0,50,0,True,True
aligned,valid,L1eFHRQGFeg$_$2,L1eFHRQGFeg,2,173,29,44,False,0.3333333432674408,2,positive,positive,True,43,43,42,0,43,43,42,0,50,0,True,True
aligned,valid,MCsvw5-7lVE$_$1,MCsvw5-7lVE,1,152,30,40,False,1.3333333730697632,2,positive,positive,True,39,39,38,0,39,39,38,0,50,0,True,True
aligned,valid,MCsvw5-7lVE$_$2,MCsvw5-7lVE,2,108,22,25,False,0.6666666865348816,2,positive,positive,True,24,24,23,0,24,24,23,0,50,0,True,True
aligned,valid,MCsvw5-7lVE$_$4,MCsvw5-7lVE,4,78,13,16,False,0.0,1,neutral,neutral,True,15,15,14,0,15,15,14,0,50,0,True,True
aligned,valid,MMpo2bDk-DU$_$10,MMpo2bDk-DU,10,69,12,20,False,-0.3333333432674408,0,negative,negative,True,19,19,18,0,19,19,18,0,50,0,True,True
aligned,valid,MMpo2bDk-DU$_$17,MMpo2bDk-DU,17,149,29,34,False,-0.6666666865348816,0,negative,negative,True,33,33,32,0,33,33,32,0,50,0,True,True
aligned,valid,MMpo2bDk-DU$_$16,MMpo2bDk-DU,16,83,15,22,False,-1.0,0,negative,negative,True,21,21,20,0,21,21,20,0,50,0,True,True
aligned,valid,MMpo2bDk-DU$_$19,MMpo2bDk-DU,19,119,18,27,False,1.6666666269302368,2,positive,positive,True,26,26,25,0,15,15,14,0,50,0,True,True
aligned,valid,MjaaudUc5-4$_$1,MjaaudUc5-4,1,81,17,19,False,0.0,1,neutral,neutral,True,18,18,17,0,18,18,17,0,50,0,True,True
aligned,valid,MjaaudUc5-4$_$0,MjaaudUc5-4,0,24,6,8,False,-0.3333333432674408,0,negative,negative,True,7,7,6,0,7,7,6,0,50,0,True,True
aligned,valid,MjaaudUc5-4$_$3,MjaaudUc5-4,3,77,15,18,False,0.6666666865348816,2,positive,positive,True,17,17,16,0,17,17,16,0,50,0,True,True
aligned,valid,MjaaudUc5-4$_$6,MjaaudUc5-4,6,45,9,12,False,0.6666666865348816,2,positive,positive,True,11,11,10,0,11,11,10,0,50,0,True,True
aligned,valid,MoQmPA7Q07Q$_$1,MoQmPA7Q07Q,1,100,22,28,False,1.3333333730697632,2,positive,positive,True,27,27,26,0,27,27,26,0,50,0,True,True
aligned,valid,MoQmPA7Q07Q$_$2,MoQmPA7Q07Q,2,137,26,32,False,1.6666666269302368,2,positive,positive,True,31,31,30,0,31,31,30,0,50,0,True,True
aligned,valid,N1X63d_jgmw$_$5,N1X63d_jgmw,5,179,35,46,False,0.3333333432674408,2,positive,positive,True,45,45,44,0,45,45,44,0,50,0,True,True
aligned,valid,N5xfBtD6rLY$_$7,N5xfBtD6rLY,7,56,7,11,False,0.6666666865348816,2,positive,positive,True,10,10,9,0,0,0,0,0,50,0,True,True
aligned,valid,NoZsdSGnNpI$_$7,NoZsdSGnNpI,7,142,27,40,False,0.0,1,neutral,neutral,True,39,39,38,0,39,39,38,0,50,0,True,True
aligned,valid,Nrurc5sMUOE$_$5,Nrurc5sMUOE,5,198,38,49,False,-0.3333333432674408,0,negative,negative,True,48,48,47,0,48,48,47,0,50,0,True,True
aligned,valid,Nrurc5sMUOE$_$7,Nrurc5sMUOE,7,84,14,17,False,0.0,1,neutral,neutral,True,16,16,15,0,16,16,15,0,50,0,True,True
aligned,valid,Nrurc5sMUOE$_$8,Nrurc5sMUOE,8,170,31,39,False,0.0,1,neutral,neutral,True,38,38,37,0,38,38,37,0,50,0,True,True
aligned,valid,NzvNW7vP-Co$_$5,NzvNW7vP-Co,5,233,42,49,False,1.3333333730697632,2,positive,positive,True,48,48,47,0,48,48,47,0,50,0,True,True
aligned,valid,NzvNW7vP-Co$_$4,NzvNW7vP-Co,4,65,14,18,False,0.0,1,neutral,neutral,True,17,17,16,0,17,17,16,0,50,0,True,True
aligned,valid,NzvNW7vP-Co$_$7,NzvNW7vP-Co,7,171,33,40,False,0.0,1,neutral,neutral,True,39,39,38,0,39,39,38,0,50,0,True,True
aligned,valid,OLP0nCKwU6k$_$6,OLP0nCKwU6k,6,236,41,49,False,-0.6666666865348816,0,negative,negative,True,48,48,47,0,48,48,47,0,50,0,True,True
aligned,valid,OrYBtyO0aPI$_$1,OrYBtyO0aPI,1,76,12,19,False,0.6666666865348816,2,positive,positive,True,18,18,17,0,18,18,5,12,50,0,True,True
aligned,valid,OrYBtyO0aPI$_$4,OrYBtyO0aPI,4,25,6,8,False,1.0,2,positive,positive,True,7,7,6,0,7,7,6,0,50,0,True,True
aligned,valid,PboaYD5hlG8$_$10,PboaYD5hlG8,10,112,18,20,False,1.0,2,positive,positive,True,19,19,18,0,19,19,18,0,50,0,True,True
aligned,valid,PboaYD5hlG8$_$3,PboaYD5hlG8,3,89,16,19,False,1.3333333730697632,2,positive,positive,True,18,18,17,0,18,18,17,0,50,0,True,True
aligned,valid,PboaYD5hlG8$_$2,PboaYD5hlG8,2,74,15,18,False,-0.6666666865348816,0,negative,negative,True,17,17,16,0,17,17,16,0,50,0,True,True
aligned,valid,PboaYD5hlG8$_$7,PboaYD5hlG8,7,194,34,37,False,0.0,1,neutral,neutral,True,36,36,35,0,36,36,35,0,50,0,True,True
aligned,valid,PboaYD5hlG8$_$9,PboaYD5hlG8,9,165,29,34,False,0.0,1,neutral,neutral,True,33,33,32,0,33,33,32,0,50,0,True,True
aligned,valid,PboaYD5hlG8$_$8,PboaYD5hlG8,8,142,26,35,False,-1.3333333730697632,0,negative,negative,True,34,34,33,0,34,34,33,0,50,0,True,True
aligned,valid,Pt-D0LUHDSc$_$2,Pt-D0LUHDSc,2,139,24,27,False,0.3333333432674408,2,positive,positive,True,26,26,25,0,26,26,12,13,50,0,True,True
aligned,valid,PwapK9d8IGk$_$4,PwapK9d8IGk,4,204,37,47,False,0.0,1,neutral,neutral,True,46,46,45,0,46,46,45,0,50,0,True,True
aligned,valid,PyQrAYl1bFs$_$0,PyQrAYl1bFs,0,47,8,11,False,1.0,2,positive,positive,True,10,10,9,0,10,10,9,0,50,0,True,True
aligned,valid,PyQrAYl1bFs$_$3,PyQrAYl1bFs,3,50,10,16,False,2.0,2,positive,positive,True,15,15,14,0,15,15,14,0,50,0,True,True
aligned,valid,PyQrAYl1bFs$_$4,PyQrAYl1bFs,4,75,13,21,False,0.1666666716337204,2,positive,positive,True,20,20,19,0,20,20,19,0,50,0,True,True
aligned,valid,Q4WzApjaCNI$_$0,Q4WzApjaCNI,0,79,13,15,False,0.6666666865348816,2,positive,positive,True,14,14,13,0,0,0,0,0,50,0,True,True
aligned,valid,Q7S0tX4FUNA$_$4,Q7S0tX4FUNA,4,123,18,20,False,0.6666666865348816,2,positive,positive,True,19,19,18,0,19,19,18,0,50,0,True,True
aligned,valid,Q7S0tX4FUNA$_$7,Q7S0tX4FUNA,7,54,10,12,False,0.6666666865348816,2,positive,positive,True,11,11,10,0,0,0,0,0,50,0,True,True
aligned,valid,Q7S0tX4FUNA$_$8,Q7S0tX4FUNA,8,64,9,17,False,-0.6666666865348816,0,negative,negative,True,16,16,15,0,16,16,15,0,50,0,True,True
aligned,valid,Qa6Yz62V-Yc$_$0,Qa6Yz62V-Yc,0,190,28,34,False,0.6666666865348816,2,positive,positive,True,33,33,32,0,33,33,32,0,50,0,True,True
aligned,valid,QjcQx8_PQfw$_$10,QjcQx8_PQfw,10,80,15,26,False,1.0,2,positive,positive,True,25,25,24,0,25,25,24,0,50,0,True,True
aligned,valid,QjcQx8_PQfw$_$7,QjcQx8_PQfw,7,108,18,24,False,-0.3333333432674408,0,negative,negative,True,23,23,22,0,23,23,22,0,50,0,True,True
aligned,valid,QpchvHpGFc8$_$3,QpchvHpGFc8,3,120,21,25,False,0.6666666865348816,2,positive,positive,True,24,24,23,0,24,24,23,0,50,0,True,True
aligned,valid,RArhIHk4Qs4$_$13,RArhIHk4Qs4,13,62,9,14,False,0.3333333432674408,2,positive,positive,True,13,13,12,0,13,13,12,0,50,0,True,True
aligned,valid,RArhIHk4Qs4$_$17,RArhIHk4Qs4,17,32,6,8,False,0.0,1,neutral,neutral,True,7,7,6,0,7,7,6,0,50,0,True,True
aligned,valid,RArhIHk4Qs4$_$16,RArhIHk4Qs4,16,107,18,22,False,0.3333333432674408,2,positive,positive,True,21,21,20,0,21,21,20,0,50,0,True,True
aligned,valid,RArhIHk4Qs4$_$19,RArhIHk4Qs4,19,52,10,12,False,0.3333333432674408,2,positive,positive,True,11,11,10,0,11,11,10,0,50,0,True,True
aligned,valid,RArhIHk4Qs4$_$1,RArhIHk4Qs4,1,154,30,38,False,0.0,1,neutral,neutral,True,37,37,36,0,37,37,36,0,50,0,True,True
aligned,valid,RArhIHk4Qs4$_$2,RArhIHk4Qs4,2,137,24,32,False,0.3333333432674408,2,positive,positive,True,31,31,30,0,31,31,30,0,50,0,True,True
aligned,valid,RArhIHk4Qs4$_$7,RArhIHk4Qs4,7,67,13,16,False,0.3333333432674408,2,positive,positive,True,15,15,14,0,15,15,14,0,50,0,True,True
aligned,valid,RArhIHk4Qs4$_$6,RArhIHk4Qs4,6,130,22,28,False,0.3333333432674408,2,positive,positive,True,27,27,26,0,27,27,26,0,50,0,True,True
aligned,valid,RArhIHk4Qs4$_$8,RArhIHk4Qs4,8,32,8,10,False,0.0,1,neutral,neutral,True,9,9,8,0,9,9,8,0,50,0,True,True
aligned,valid,RArhIHk4Qs4$_$21,RArhIHk4Qs4,21,32,6,9,False,0.0,1,neutral,neutral,True,8,8,7,0,6,6,4,1,50,0,True,True
aligned,valid,ROcTx5VEn7o$_$11,ROcTx5VEn7o,11,171,29,37,False,0.0,1,neutral,neutral,True,36,36,35,0,36,36,35,0,50,0,True,True
aligned,valid,ROcTx5VEn7o$_$1,ROcTx5VEn7o,1,66,11,14,False,0.3333333432674408,2,positive,positive,True,13,13,12,0,13,13,12,0,50,0,True,True
aligned,valid,ROcTx5VEn7o$_$5,ROcTx5VEn7o,5,140,20,26,False,-0.3333333432674408,0,negative,negative,True,25,25,24,0,25,25,24,0,50,0,True,True
aligned,valid,ROcTx5VEn7o$_$9,ROcTx5VEn7o,9,76,12,17,False,0.0,1,neutral,neutral,True,16,16,15,0,16,16,15,0,50,0,True,True
aligned,valid,RrGpzInAwCg$_$0,RrGpzInAwCg,0,84,12,19,False,0.6666666865348816,2,positive,positive,True,18,18,17,0,18,18,17,0,50,0,True,True
aligned,valid,RzOFxDk26p0$_$1,RzOFxDk26p0,1,227,38,48,False,1.3333333730697632,2,positive,positive,True,47,47,46,0,47,47,46,0,50,0,True,True
aligned,valid,RzOFxDk26p0$_$0,RzOFxDk26p0,0,116,21,26,False,1.3333333730697632,2,positive,positive,True,25,25,24,0,25,25,24,0,50,0,True,True
aligned,valid,SHa756SwGJQ$_$0,SHa756SwGJQ,0,77,13,18,False,0.3333333432674408,2,positive,positive,True,17,17,16,0,13,13,1,11,50,0,True,True
aligned,valid,SHa756SwGJQ$_$2,SHa756SwGJQ,2,157,26,32,False,0.0,1,neutral,neutral,True,31,31,30,0,31,31,30,0,50,0,True,True
aligned,valid,SHa756SwGJQ$_$4,SHa756SwGJQ,4,67,13,17,False,-1.0,0,negative,negative,True,16,16,15,0,16,16,15,0,50,0,True,True
aligned,valid,SHa756SwGJQ$_$7,SHa756SwGJQ,7,90,14,18,False,0.3333333432674408,2,positive,positive,True,17,17,16,0,17,17,16,0,50,0,True,True
aligned,valid,SHa756SwGJQ$_$6,SHa756SwGJQ,6,65,9,15,False,0.0,1,neutral,neutral,True,14,14,13,0,14,14,13,0,50,0,True,True
aligned,valid,TH32jop4FiI$_$15,TH32jop4FiI,15,124,20,24,False,0.3333333432674408,2,positive,positive,True,23,23,22,0,23,23,22,0,50,0,True,True
aligned,valid,TH32jop4FiI$_$17,TH32jop4FiI,17,143,25,31,False,1.0,2,positive,positive,True,30,30,29,0,30,30,29,0,50,0,True,True
aligned,valid,TWszOxkOV0w$_$1,TWszOxkOV0w,1,200,36,40,False,-2.3333332538604736,0,negative,negative,True,39,39,38,0,39,39,38,0,50,0,True,True
aligned,valid,TXCXFYIc3Yo$_$16,TXCXFYIc3Yo,16,93,17,28,False,2.0,2,positive,positive,True,27,27,26,0,27,27,26,0,50,0,True,True
aligned,valid,TXCXFYIc3Yo$_$2,TXCXFYIc3Yo,2,90,17,22,False,0.6666666865348816,2,positive,positive,True,21,21,20,0,21,21,20,0,50,0,True,True
aligned,valid,TXCXFYIc3Yo$_$7,TXCXFYIc3Yo,7,193,36,43,False,1.3333333730697632,2,positive,positive,True,42,42,41,0,42,42,41,0,50,0,True,True
aligned,valid,TXCXFYIc3Yo$_$6,TXCXFYIc3Yo,6,68,14,23,False,1.3333333730697632,2,positive,positive,True,22,22,21,0,22,22,21,0,50,0,True,True
aligned,valid,TYJzg5IJN8o$_$11,TYJzg5IJN8o,11,234,44,50,False,-0.3333333432674408,0,negative,negative,True,49,49,48,0,49,49,48,0,50,0,True,True
aligned,valid,TYJzg5IJN8o$_$10,TYJzg5IJN8o,10,141,27,30,False,-0.3333333432674408,0,negative,negative,True,29,29,28,0,29,29,28,0,50,0,True,True
aligned,valid,TYJzg5IJN8o$_$14,TYJzg5IJN8o,14,141,26,31,False,1.0,2,positive,positive,True,30,30,29,0,30,30,29,0,50,0,True,True
aligned,valid,TYJzg5IJN8o$_$0,TYJzg5IJN8o,0,129,19,32,False,1.3333333730697632,2,positive,positive,True,31,31,30,0,31,31,30,0,50,0,True,True
aligned,valid,TYJzg5IJN8o$_$4,TYJzg5IJN8o,4,173,29,35,False,0.3333333432674408,2,positive,positive,True,34,34,33,0,34,34,33,0,50,0,True,True
aligned,valid,TYJzg5IJN8o$_$7,TYJzg5IJN8o,7,131,16,26,False,0.0,1,neutral,neutral,True,25,25,24,0,25,25,24,0,50,0,True,True
aligned,valid,Uc_6d-fkZEc$_$3,Uc_6d-fkZEc,3,94,14,17,False,0.0,1,neutral,neutral,True,16,16,15,0,16,16,15,0,50,0,True,True
aligned,valid,UlTJmndbGHM$_$1,UlTJmndbGHM,1,79,16,18,False,1.6666666269302368,2,positive,positive,True,17,17,16,0,17,17,13,3,50,0,True,True
aligned,valid,UlTJmndbGHM$_$4,UlTJmndbGHM,4,95,19,21,False,-1.0,0,negative,negative,True,20,20,19,0,0,0,0,0,50,0,True,True
aligned,valid,VbV9S4svrTg$_$13,VbV9S4svrTg,13,34,8,10,False,0.0,1,neutral,neutral,True,9,9,8,0,9,9,8,0,50,0,True,True
aligned,valid,VbV9S4svrTg$_$3,VbV9S4svrTg,3,65,13,17,False,1.3333333730697632,2,positive,positive,True,16,16,15,0,16,16,15,0,50,0,True,True
aligned,valid,VbV9S4svrTg$_$7,VbV9S4svrTg,7,37,8,10,False,1.0,2,positive,positive,True,9,9,8,0,9,9,8,0,50,0,True,True
aligned,valid,VbV9S4svrTg$_$8,VbV9S4svrTg,8,64,11,15,False,0.6666666865348816,2,positive,positive,True,14,14,13,0,14,14,13,0,50,0,True,True
aligned,valid,VinxKpWioTo$_$1,VinxKpWioTo,1,318,54,50,False,1.0,2,positive,positive,True,49,49,48,0,49,49,48,0,50,0,True,True
aligned,valid,VinxKpWioTo$_$0,VinxKpWioTo,0,43,7,12,False,0.0,1,neutral,neutral,True,11,11,10,0,11,11,10,0,50,0,True,True
aligned,valid,VinxKpWioTo$_$3,VinxKpWioTo,3,142,25,30,False,0.3333333432674408,2,positive,positive,True,29,29,28,0,29,29,28,0,50,0,True,True
aligned,valid,VinxKpWioTo$_$5,VinxKpWioTo,5,96,16,22,False,0.6666666865348816,2,positive,positive,True,21,21,20,0,21,21,20,0,50,0,True,True
aligned,valid,ViyQVpGW05w$_$1,ViyQVpGW05w,1,75,13,19,False,1.6666666269302368,2,positive,positive,True,18,18,17,0,18,18,17,0,50,0,True,True
aligned,valid,ViyQVpGW05w$_$4,ViyQVpGW05w,4,82,12,15,False,0.0,1,neutral,neutral,True,14,14,13,0,14,14,13,0,50,0,True,True
aligned,valid,ViyQVpGW05w$_$6,ViyQVpGW05w,6,121,21,27,False,-0.3333333432674408,0,negative,negative,True,26,26,25,0,26,26,25,0,50,0,True,True
aligned,valid,Vuay0mVKkik$_$3,Vuay0mVKkik,3,129,25,28,False,-2.0,0,negative,negative,True,27,27,26,0,27,27,26,0,50,0,True,True
aligned,valid,WmQF5RmbsVQ$_$6,WmQF5RmbsVQ,6,318,56,50,False,0.0,1,neutral,neutral,True,49,49,48,0,49,49,48,0,50,0,True,True
aligned,valid,Wrcf2xtqbkQ$_$9,Wrcf2xtqbkQ,9,123,20,30,False,0.0,1,neutral,neutral,True,29,29,28,0,29,29,28,0,50,0,True,True
aligned,valid,Wrcf2xtqbkQ$_$8,Wrcf2xtqbkQ,8,61,13,20,False,-0.3333333432674408,0,negative,negative,True,19,19,18,0,19,19,18,0,50,0,True,True
aligned,valid,WxajvjGKz7Y$_$0,WxajvjGKz7Y,0,55,9,13,False,0.6666666865348816,2,positive,positive,True,12,12,11,0,12,12,11,0,50,0,True,True
aligned,valid,WxajvjGKz7Y$_$3,WxajvjGKz7Y,3,84,20,24,False,0.0,1,neutral,neutral,True,23,23,22,0,23,23,22,0,50,0,True,True
aligned,valid,WxajvjGKz7Y$_$6,WxajvjGKz7Y,6,152,28,34,False,0.0,1,neutral,neutral,True,33,33,32,0,33,33,32,0,50,0,True,True
aligned,valid,XIGpuL-Kkyk$_$12,XIGpuL-Kkyk,12,154,26,30,False,2.0,2,positive,positive,True,29,29,28,0,24,24,11,12,50,0,True,True
aligned,valid,XIGpuL-Kkyk$_$0,XIGpuL-Kkyk,0,76,13,15,False,0.0,1,neutral,neutral,True,14,14,13,0,0,0,0,0,50,0,True,True
aligned,valid,XIGpuL-Kkyk$_$4,XIGpuL-Kkyk,4,109,20,23,False,1.0,2,positive,positive,True,22,22,21,0,22,22,21,0,50,0,True,True
aligned,valid,XIGpuL-Kkyk$_$7,XIGpuL-Kkyk,7,28,7,9,False,0.0,1,neutral,neutral,True,8,8,7,0,0,0,0,0,50,0,True,True
aligned,valid,XaVYxIW0FDg$_$2,XaVYxIW0FDg,2,147,28,36,False,0.3333333432674408,2,positive,positive,True,35,35,34,0,35,35,34,0,50,0,True,True
aligned,valid,XyP8bVmGX6M$_$4,XyP8bVmGX6M,4,95,14,20,False,0.6666666865348816,2,positive,positive,True,19,19,18,0,19,19,18,0,50,0,True,True
aligned,valid,XzVapdEr_GY$_$3,XzVapdEr_GY,3,156,30,35,False,1.3333333730697632,2,positive,positive,True,34,34,33,0,34,34,33,0,50,0,True,True
aligned,valid,XzVapdEr_GY$_$4,XzVapdEr_GY,4,190,36,39,False,2.3333332538604736,2,positive,positive,True,38,38,37,0,38,38,37,0,50,0,True,True
aligned,valid,Y7h-S3cJ52o$_$0,Y7h-S3cJ52o,0,71,10,13,False,0.0,1,neutral,neutral,True,12,12,11,0,12,12,11,0,50,0,True,True
aligned,valid,Y7qkyMyanjU$_$2,Y7qkyMyanjU,2,48,9,13,False,0.0,1,neutral,neutral,True,12,12,11,0,0,0,0,0,50,0,True,True
aligned,valid,Y7qkyMyanjU$_$4,Y7qkyMyanjU,4,47,11,15,False,0.6666666865348816,2,positive,positive,True,14,14,13,0,0,0,0,0,50,0,True,True
aligned,valid,YbuG8xyUO-o$_$3,YbuG8xyUO-o,3,65,10,15,False,0.0,1,neutral,neutral,True,14,14,13,0,14,14,13,0,50,0,True,True
aligned,valid,YbuG8xyUO-o$_$2,YbuG8xyUO-o,2,64,12,17,False,0.6666666865348816,2,positive,positive,True,16,16,15,0,16,16,15,0,50,0,True,True
aligned,valid,Z7L3V5bwzI0$_$2,Z7L3V5bwzI0,2,115,20,29,False,2.3333332538604736,2,positive,positive,True,28,28,27,0,28,28,27,0,50,0,True,True
aligned,valid,ZaoFHcbRM9g$_$3,ZaoFHcbRM9g,3,112,26,31,False,1.6666666269302368,2,positive,positive,True,30,30,29,0,30,30,29,0,50,0,True,True
aligned,valid,ZaoFHcbRM9g$_$2,ZaoFHcbRM9g,2,33,6,11,False,0.0,1,neutral,neutral,True,10,10,9,0,10,10,9,0,50,0,True,True
aligned,valid,ZaoFHcbRM9g$_$5,ZaoFHcbRM9g,5,71,14,16,False,0.3333333432674408,2,positive,positive,True,15,15,14,0,15,15,14,0,50,0,True,True
aligned,valid,ZaoFHcbRM9g$_$9,ZaoFHcbRM9g,9,24,6,8,False,-1.3333333730697632,0,negative,negative,True,7,7,6,0,7,7,6,0,50,0,True,True
aligned,valid,ZaoFHcbRM9g$_$8,ZaoFHcbRM9g,8,40,8,10,False,-1.0,0,negative,negative,True,9,9,8,0,9,9,8,0,50,0,True,True
aligned,valid,Zvisaa77Cng$_$1,Zvisaa77Cng,1,82,16,20,False,-0.6666666865348816,0,negative,negative,True,19,19,18,0,19,19,18,0,50,0,True,True
aligned,valid,Zvisaa77Cng$_$5,Zvisaa77Cng,5,59,11,18,False,0.6666666865348816,2,positive,positive,True,17,17,16,0,17,17,16,0,50,0,True,True
aligned,valid,_7HVhnSYX1Y$_$26,_7HVhnSYX1Y,26,87,14,18,False,0.0,1,neutral,neutral,True,17,17,16,0,17,17,16,0,50,0,True,True
aligned,valid,_7HVhnSYX1Y$_$12,_7HVhnSYX1Y,12,88,15,21,False,0.0,1,neutral,neutral,True,20,20,19,0,20,20,19,0,50,0,True,True
aligned,valid,_7HVhnSYX1Y$_$14,_7HVhnSYX1Y,14,78,9,12,False,0.3333333432674408,2,positive,positive,True,11,11,10,0,11,11,10,0,50,0,True,True
aligned,valid,_7HVhnSYX1Y$_$19,_7HVhnSYX1Y,19,69,12,15,False,0.6666666865348816,2,positive,positive,True,14,14,13,0,14,14,13,0,50,0,True,True
aligned,valid,_7HVhnSYX1Y$_$31,_7HVhnSYX1Y,31,67,11,15,False,0.6666666865348816,2,positive,positive,True,14,14,13,0,14,14,13,0,50,0,True,True
aligned,valid,_7HVhnSYX1Y$_$3,_7HVhnSYX1Y,3,121,18,25,False,0.6666666865348816,2,positive,positive,True,24,24,23,0,24,24,23,0,50,0,True,True
aligned,valid,_BvNNdEkhZA$_$14,_BvNNdEkhZA,14,69,14,17,False,-0.6666666865348816,0,negative,negative,True,16,16,15,0,16,16,15,0,50,0,True,True
aligned,valid,_BvNNdEkhZA$_$19,_BvNNdEkhZA,19,169,29,34,False,0.6666666865348816,2,positive,positive,True,33,33,32,0,33,33,32,0,50,0,True,True
aligned,valid,_BvNNdEkhZA$_$7,_BvNNdEkhZA,7,114,19,25,False,1.0,2,positive,positive,True,24,24,23,0,24,24,23,0,50,0,True,True
aligned,valid,_BvNNdEkhZA$_$6,_BvNNdEkhZA,6,121,23,30,False,0.0,1,neutral,neutral,True,29,29,28,0,29,29,28,0,50,0,True,True
aligned,valid,_BvNNdEkhZA$_$9,_BvNNdEkhZA,9,67,15,18,False,0.3333333432674408,2,positive,positive,True,17,17,16,0,17,17,16,0,50,0,True,True
aligned,valid,_aZDaIfGfPo$_$1,_aZDaIfGfPo,1,266,37,47,False,0.6666666865348816,2,positive,positive,True,46,46,45,0,46,46,45,0,50,0,True,True
aligned,valid,_aZDaIfGfPo$_$0,_aZDaIfGfPo,0,100,16,23,False,1.3333333730697632,2,positive,positive,True,22,22,21,0,22,22,21,0,50,0,True,True
aligned,valid,_gr7o5ynhnw$_$13,_gr7o5ynhnw,13,165,27,36,False,0.3333333432674408,2,positive,positive,True,35,35,34,0,35,35,34,0,50,0,True,True
aligned,valid,_gr7o5ynhnw$_$12,_gr7o5ynhnw,12,73,13,16,False,0.6666666865348816,2,positive,positive,True,15,15,14,0,15,15,14,0,50,0,True,True
aligned,valid,_gr7o5ynhnw$_$15,_gr7o5ynhnw,15,207,42,50,False,1.6666666269302368,2,positive,positive,True,49,49,48,0,49,49,48,0,50,0,True,True
aligned,valid,_gzYkdjNvPc$_$12,_gzYkdjNvPc,12,57,9,11,False,1.3333333730697632,2,positive,positive,True,10,10,9,0,10,10,9,0,50,0,True,True
aligned,valid,_gzYkdjNvPc$_$17,_gzYkdjNvPc,17,87,15,19,False,-1.3333333730697632,0,negative,negative,True,18,18,17,0,18,18,17,0,50,0,True,True
aligned,valid,_gzYkdjNvPc$_$1,_gzYkdjNvPc,1,135,23,28,False,-0.3333333432674408,0,negative,negative,True,27,27,26,0,27,27,26,0,50,0,True,True
aligned,valid,_gzYkdjNvPc$_$3,_gzYkdjNvPc,3,70,10,18,False,0.0,1,neutral,neutral,True,17,17,16,0,17,17,16,0,50,0,True,True
aligned,valid,_gzYkdjNvPc$_$2,_gzYkdjNvPc,2,20,4,8,False,-0.6666666865348816,0,negative,negative,True,7,7,6,0,7,7,6,0,50,0,True,True
aligned,valid,_gzYkdjNvPc$_$5,_gzYkdjNvPc,5,76,16,18,False,0.6666666865348816,2,positive,positive,True,17,17,16,0,17,17,16,0,50,0,True,True
aligned,valid,_gzYkdjNvPc$_$4,_gzYkdjNvPc,4,98,20,24,False,0.0,1,neutral,neutral,True,23,23,22,0,23,23,22,0,50,0,True,True
aligned,valid,_gzYkdjNvPc$_$6,_gzYkdjNvPc,6,89,16,20,False,-0.3333333432674408,0,negative,negative,True,19,19,18,0,19,19,18,0,50,0,True,True
aligned,valid,_gzYkdjNvPc$_$9,_gzYkdjNvPc,9,76,15,17,False,0.3333333432674408,2,positive,positive,True,16,16,15,0,16,16,15,0,50,0,True,True
aligned,valid,a-WihYDk6vc$_$8,a-WihYDk6vc,8,160,31,34,False,0.6666666865348816,2,positive,positive,True,33,33,32,0,33,33,32,0,50,0,True,True
aligned,valid,a-WihYDk6vc$_$0,a-WihYDk6vc,0,76,14,17,False,0.3333333432674408,2,positive,positive,True,16,16,15,0,16,16,15,0,50,0,True,True
aligned,valid,aFhc2ddipoM$_$14,aFhc2ddipoM,14,136,28,34,False,1.0,2,positive,positive,True,33,33,32,0,33,33,32,0,50,0,True,True
aligned,valid,aK5tRCXjUvU$_$0,aK5tRCXjUvU,0,61,12,18,False,2.0,2,positive,positive,True,17,17,16,0,17,17,16,0,50,0,True,True
aligned,valid,b-FX9NOVQOM$_$1,b-FX9NOVQOM,1,105,23,29,False,-1.0,0,negative,negative,True,28,28,27,0,24,24,20,3,50,0,True,True
aligned,valid,b-FX9NOVQOM$_$4,b-FX9NOVQOM,4,82,18,32,False,-1.3333333730697632,0,negative,negative,True,31,31,30,0,28,28,18,9,50,0,True,True
aligned,valid,b1LEcg6z66g$_$0,b1LEcg6z66g,0,105,20,26,False,-0.6666666865348816,0,negative,negative,True,25,25,24,0,25,25,24,0,50,0,True,True
aligned,valid,b1LEcg6z66g$_$4,b1LEcg6z66g,4,156,26,32,False,0.6666666865348816,2,positive,positive,True,31,31,30,0,31,31,30,0,50,0,True,True
aligned,valid,b1LEcg6z66g$_$8,b1LEcg6z66g,8,110,20,26,False,-1.0,0,negative,negative,True,25,25,24,0,25,25,24,0,50,0,True,True
aligned,valid,bAkUEnPoucg$_$3,bAkUEnPoucg,3,138,29,35,False,1.6666666269302368,2,positive,positive,True,34,34,33,0,34,34,33,0,50,0,True,True
aligned,valid,bNQkb4K5DX0$_$3,bNQkb4K5DX0,3,151,23,28,False,0.3333333432674408,2,positive,positive,True,27,27,26,0,27,27,26,0,50,0,True,True
aligned,valid,bNQkb4K5DX0$_$7,bNQkb4K5DX0,7,104,18,23,False,2.3333332538604736,2,positive,positive,True,22,22,21,0,22,22,21,0,50,0,True,True
aligned,valid,bWunvAd96zI$_$1,bWunvAd96zI,1,101,17,20,False,-0.3333333432674408,0,negative,negative,True,19,19,18,0,19,19,18,0,50,0,True,True
aligned,valid,bWunvAd96zI$_$2,bWunvAd96zI,2,166,28,35,False,0.3333333432674408,2,positive,positive,True,34,34,33,0,34,34,33,0,50,0,True,True
aligned,valid,bWunvAd96zI$_$5,bWunvAd96zI,5,47,7,9,False,0.0,1,neutral,neutral,True,8,8,7,0,8,8,7,0,50,0,True,True
aligned,valid,bWunvAd96zI$_$4,bWunvAd96zI,4,89,16,19,False,0.0,1,neutral,neutral,True,18,18,17,0,18,18,17,0,50,0,True,True
aligned,valid,bj9e8w4vNxo$_$12,bj9e8w4vNxo,12,167,31,44,False,0.0,1,neutral,neutral,True,43,43,42,0,43,43,42,0,50,0,True,True
aligned,valid,bpvYdXVlgvc$_$1,bpvYdXVlgvc,1,51,10,12,False,0.0,1,neutral,neutral,True,11,11,10,0,11,11,10,0,50,0,True,True
aligned,valid,bpvYdXVlgvc$_$3,bpvYdXVlgvc,3,84,16,23,False,-1.3333333730697632,0,negative,negative,True,22,22,21,0,22,22,21,0,50,0,True,True
aligned,valid,bpvYdXVlgvc$_$4,bpvYdXVlgvc,4,66,14,16,False,-1.6666666269302368,0,negative,negative,True,15,15,14,0,15,15,14,0,50,0,True,True
aligned,valid,bpvYdXVlgvc$_$6,bpvYdXVlgvc,6,139,26,31,False,-2.0,0,negative,negative,True,30,30,29,0,30,30,29,0,50,0,True,True
aligned,valid,c1a1y9ytHH0$_$0,c1a1y9ytHH0,0,137,23,29,False,0.3333333432674408,2,positive,positive,True,28,28,27,0,28,28,23,4,50,0,True,True
aligned,valid,c1a1y9ytHH0$_$3,c1a1y9ytHH0,3,153,28,31,False,0.0,1,neutral,neutral,True,30,30,29,0,26,26,15,10,50,0,True,True
aligned,valid,c1a1y9ytHH0$_$7,c1a1y9ytHH0,7,99,17,24,False,0.0,1,neutral,neutral,True,23,23,22,0,23,23,18,4,50,0,True,True
aligned,valid,c5cB7AfVgcE$_$12,c5cB7AfVgcE,12,127,21,33,False,1.3333333730697632,2,positive,positive,True,32,32,31,0,32,32,30,1,50,0,True,True
aligned,valid,c5cB7AfVgcE$_$5,c5cB7AfVgcE,5,156,30,39,False,-0.6666666865348816,0,negative,negative,True,38,38,37,0,38,38,37,0,50,0,True,True
aligned,valid,d8BR6hsvzoY$_$1,d8BR6hsvzoY,1,95,21,26,False,0.6666666865348816,2,positive,positive,True,25,25,24,0,25,25,24,0,50,0,True,True
aligned,valid,d8BR6hsvzoY$_$0,d8BR6hsvzoY,0,27,6,9,False,0.0,1,neutral,neutral,True,8,8,7,0,8,8,7,0,50,0,True,True
aligned,valid,d8BR6hsvzoY$_$2,d8BR6hsvzoY,2,79,16,19,False,0.0,1,neutral,neutral,True,18,18,17,0,18,18,17,0,50,0,True,True
aligned,valid,d8BR6hsvzoY$_$5,d8BR6hsvzoY,5,35,9,12,False,0.0,1,neutral,neutral,True,11,11,10,0,11,11,10,0,50,0,True,True
aligned,valid,d8BR6hsvzoY$_$6,d8BR6hsvzoY,6,37,8,11,False,0.3333333432674408,2,positive,positive,True,10,10,9,0,10,10,9,0,50,0,True,True
aligned,valid,d8BR6hsvzoY$_$9,d8BR6hsvzoY,9,57,12,19,False,0.0,1,neutral,neutral,True,18,18,17,0,18,18,17,0,50,0,True,True
aligned,valid,d8BR6hsvzoY$_$8,d8BR6hsvzoY,8,112,23,31,False,0.3333333432674408,2,positive,positive,True,30,30,29,0,30,30,29,0,50,0,True,True
aligned,valid,dBWvtPeHpWM$_$4,dBWvtPeHpWM,4,19,5,7,False,0.6666666865348816,2,positive,positive,True,6,6,5,0,6,6,5,0,50,0,True,True
aligned,valid,dEDbm2ubVRQ$_$0,dEDbm2ubVRQ,0,60,11,14,False,-0.3333333432674408,0,negative,negative,True,13,13,12,0,13,13,12,0,50,0,True,True
aligned,valid,dEDbm2ubVRQ$_$3,dEDbm2ubVRQ,3,148,26,35,False,0.3333333432674408,2,positive,positive,True,34,34,33,0,34,34,33,0,50,0,True,True
aligned,valid,dEDbm2ubVRQ$_$8,dEDbm2ubVRQ,8,99,15,18,False,0.3333333432674408,2,positive,positive,True,17,17,16,0,17,17,16,0,50,0,True,True
aligned,valid,dt641WxonBI$_$1,dt641WxonBI,1,61,9,12,False,0.3333333432674408,2,positive,positive,True,11,11,10,0,11,11,10,0,50,0,True,True
aligned,valid,dt641WxonBI$_$3,dt641WxonBI,3,105,21,26,False,0.6666666865348816,2,positive,positive,True,25,25,24,0,25,25,24,0,50,0,True,True
aligned,valid,eOiC1kb17P4$_$0,eOiC1kb17P4,0,225,48,50,False,1.3333333730697632,2,positive,positive,True,49,49,48,0,49,49,48,0,50,0,True,True
aligned,valid,erNDEjQeox8$_$12,erNDEjQeox8,12,233,40,48,False,2.0,2,positive,positive,True,47,47,46,0,47,47,46,0,50,0,True,True
aligned,valid,ewBrNsyY82Q$_$4,ewBrNsyY82Q,4,151,26,34,False,0.0,1,neutral,neutral,True,33,33,32,0,33,33,32,0,50,0,True,True
aligned,valid,fWOIAxzBQFY$_$12,fWOIAxzBQFY,12,135,22,26,False,0.0,1,neutral,neutral,True,25,25,24,0,25,25,24,0,50,0,True,True
aligned,valid,fWOIAxzBQFY$_$5,fWOIAxzBQFY,5,60,13,18,False,1.3333333730697632,2,positive,positive,True,17,17,16,0,17,17,16,0,50,0,True,True
aligned,valid,fWOIAxzBQFY$_$7,fWOIAxzBQFY,7,78,15,21,False,0.0,1,neutral,neutral,True,20,20,19,0,20,20,19,0,50,0,True,True
aligned,valid,f_ZJ7L14oYQ$_$11,f_ZJ7L14oYQ,11,146,28,42,False,1.3333333730697632,2,positive,positive,True,41,41,40,0,41,41,40,0,50,0,True,True
aligned,valid,f_ZJ7L14oYQ$_$27,f_ZJ7L14oYQ,27,105,23,28,False,1.6666666269302368,2,positive,positive,True,27,27,26,0,27,27,26,0,50,0,True,True
aligned,valid,f_ZJ7L14oYQ$_$21,f_ZJ7L14oYQ,21,108,19,24,False,2.0,2,positive,positive,True,23,23,22,0,23,23,22,0,50,0,True,True
aligned,valid,f_ZJ7L14oYQ$_$17,f_ZJ7L14oYQ,17,81,18,23,False,-0.6666666865348816,0,negative,negative,True,22,22,21,0,22,22,21,0,50,0,True,True
aligned,valid,f_ZJ7L14oYQ$_$9,f_ZJ7L14oYQ,9,116,23,31,False,0.0,1,neutral,neutral,True,30,30,29,0,30,30,29,0,50,0,True,True
aligned,valid,f_ZJ7L14oYQ$_$8,f_ZJ7L14oYQ,8,88,17,23,False,0.6666666865348816,2,positive,positive,True,22,22,21,0,22,22,21,0,50,0,True,True
aligned,valid,ffrJ91swyq0$_$1,ffrJ91swyq0,1,202,36,45,False,0.6666666865348816,2,positive,positive,True,44,44,43,0,44,44,43,0,50,0,True,True
aligned,valid,g8Cl74tS3oY$_$2,g8Cl74tS3oY,2,163,29,35,False,-0.6666666865348816,0,negative,negative,True,34,34,33,0,34,34,33,0,50,0,True,True
aligned,valid,g8Cl74tS3oY$_$6,g8Cl74tS3oY,6,198,27,43,False,0.6666666865348816,2,positive,positive,True,42,42,41,0,42,42,41,0,50,0,True,True
aligned,valid,gR4gM_WXesQ$_$10,gR4gM_WXesQ,10,124,18,26,False,0.3333333432674408,2,positive,positive,True,25,25,24,0,25,25,24,0,50,0,True,True
aligned,valid,gR4gM_WXesQ$_$26,gR4gM_WXesQ,26,74,13,21,False,0.0,1,neutral,neutral,True,20,20,19,0,20,20,19,0,50,0,True,True
aligned,valid,gR4gM_WXesQ$_$20,gR4gM_WXesQ,20,188,32,40,False,-1.3333333730697632,0,negative,negative,True,39,39,38,0,39,39,38,0,50,0,True,True
aligned,valid,gR4gM_WXesQ$_$24,gR4gM_WXesQ,24,66,11,14,False,-0.3333333432674408,0,negative,negative,True,13,13,12,0,13,13,12,0,50,0,True,True
aligned,valid,gR4gM_WXesQ$_$18,gR4gM_WXesQ,18,129,25,33,False,0.6666666865348816,2,positive,positive,True,32,32,31,0,32,32,31,0,50,0,True,True
aligned,valid,gR4gM_WXesQ$_$3,gR4gM_WXesQ,3,112,24,29,False,0.3333333432674408,2,positive,positive,True,28,28,27,0,28,28,22,5,50,0,True,True
aligned,valid,gR4gM_WXesQ$_$4,gR4gM_WXesQ,4,94,18,22,False,1.6666666269302368,2,positive,positive,True,21,21,20,0,21,21,20,0,50,0,True,True
aligned,valid,gR4gM_WXesQ$_$8,gR4gM_WXesQ,8,113,20,25,False,0.6666666865348816,2,positive,positive,True,24,24,23,0,24,24,23,0,50,0,True,True
aligned,valid,gVqs4TzqySw$_$1,gVqs4TzqySw,1,156,28,46,False,0.3333333432674408,2,positive,positive,True,45,45,44,0,43,43,39,3,50,0,True,True
aligned,valid,gVqs4TzqySw$_$3,gVqs4TzqySw,3,87,17,27,False,0.0,1,neutral,neutral,True,26,26,25,0,26,26,13,12,50,0,True,True
aligned,valid,gVqs4TzqySw$_$2,gVqs4TzqySw,2,117,24,29,False,0.0,1,neutral,neutral,True,28,28,27,0,28,28,14,13,50,0,True,True
aligned,valid,gVqs4TzqySw$_$4,gVqs4TzqySw,4,32,8,10,False,0.0,1,neutral,neutral,True,9,9,8,0,9,9,8,0,50,0,True,True
aligned,valid,goMtnNHQ_z4$_$1,goMtnNHQ_z4,1,70,13,18,False,0.0,1,neutral,neutral,True,17,17,16,0,17,17,16,0,50,0,True,True
aligned,valid,goMtnNHQ_z4$_$2,goMtnNHQ_z4,2,89,18,21,False,1.6666666269302368,2,positive,positive,True,20,20,19,0,20,20,19,0,50,0,True,True
aligned,valid,goMtnNHQ_z4$_$13,goMtnNHQ_z4,13,97,18,23,False,1.0,2,positive,positive,True,22,22,21,0,22,22,21,0,50,0,True,True
aligned,valid,goMtnNHQ_z4$_$12,goMtnNHQ_z4,12,100,16,21,False,-0.3333333432674408,0,negative,negative,True,20,20,19,0,20,20,19,0,50,0,True,True
aligned,valid,hqzF4IDaIYE$_$0,hqzF4IDaIYE,0,105,19,27,False,-1.3333333730697632,0,negative,negative,True,26,26,25,0,26,26,25,0,50,0,True,True
aligned,valid,hqzF4IDaIYE$_$3,hqzF4IDaIYE,3,161,31,42,False,1.0,2,positive,positive,True,41,41,40,0,41,41,40,0,50,0,True,True
aligned,valid,hqzF4IDaIYE$_$2,hqzF4IDaIYE,2,163,26,31,False,0.6666666865348816,2,positive,positive,True,30,30,29,0,30,30,29,0,50,0,True,True
aligned,valid,hqzF4IDaIYE$_$4,hqzF4IDaIYE,4,87,12,15,False,0.3333333432674408,2,positive,positive,True,14,14,13,0,14,14,13,0,50,0,True,True
aligned,valid,hqzF4IDaIYE$_$6,hqzF4IDaIYE,6,33,7,11,False,-0.6666666865348816,0,negative,negative,True,10,10,9,0,10,10,9,0,50,0,True,True
aligned,valid,hvfaYsv7p8E$_$0,hvfaYsv7p8E,0,84,17,22,False,-0.6666666865348816,0,negative,negative,True,21,21,20,0,21,21,20,0,50,0,True,True
aligned,valid,iUXqlrui25c$_$10,iUXqlrui25c,10,165,30,34,False,-0.6666666865348816,0,negative,negative,True,33,33,32,0,33,33,32,0,50,0,True,True
aligned,valid,iUXqlrui25c$_$21,iUXqlrui25c,21,86,18,22,False,-0.6666666865348816,0,negative,negative,True,21,21,20,0,21,21,20,0,50,0,True,True
aligned,valid,iUXqlrui25c$_$23,iUXqlrui25c,23,100,17,27,False,0.0,1,neutral,neutral,True,26,26,25,0,26,26,25,0,50,0,True,True
aligned,valid,icbUzboLcDQ$_$0,icbUzboLcDQ,0,55,11,23,False,-0.6666666865348816,0,negative,negative,True,22,22,21,0,22,22,21,0,50,0,True,True
aligned,valid,ioupaiAuRr0$_$5,ioupaiAuRr0,5,144,25,31,False,0.0,1,neutral,neutral,True,30,30,29,0,30,30,29,0,50,0,True,True
aligned,valid,ioupaiAuRr0$_$4,ioupaiAuRr0,4,115,18,42,False,0.0,1,neutral,neutral,True,41,41,40,0,41,41,40,0,50,0,True,True
aligned,valid,jICmfLeFymA$_$16,jICmfLeFymA,16,110,16,21,False,1.6666666269302368,2,positive,positive,True,20,20,19,0,20,20,19,0,50,0,True,True
aligned,valid,jPrEKz1rAno$_$11,jPrEKz1rAno,11,70,13,16,False,0.6666666865348816,2,positive,positive,True,15,15,14,0,15,15,14,0,50,0,True,True
aligned,valid,jPrEKz1rAno$_$7,jPrEKz1rAno,7,159,29,37,False,0.0,1,neutral,neutral,True,36,36,35,0,36,36,35,0,50,0,True,True
aligned,valid,jPrEKz1rAno$_$6,jPrEKz1rAno,6,140,25,29,False,0.3333333432674408,2,positive,positive,True,28,28,27,0,28,28,27,0,50,0,True,True
aligned,valid,k5ZOshC2LP4$_$1,k5ZOshC2LP4,1,107,16,33,False,-1.3333333730697632,0,negative,negative,True,32,32,31,0,32,32,31,0,50,0,True,True
aligned,valid,kbGhEJ4W44o$_$0,kbGhEJ4W44o,0,187,27,41,False,1.3333333730697632,2,positive,positive,True,40,40,39,0,40,40,39,0,50,0,True,True
aligned,valid,kfsO4c0Ekes$_$7,kfsO4c0Ekes,7,107,24,29,False,0.6666666865348816,2,positive,positive,True,28,28,27,0,28,28,26,1,50,0,True,True
aligned,valid,kvUb78Rdzdc$_$3,kvUb78Rdzdc,3,247,45,50,False,1.0,2,positive,positive,True,49,49,48,0,49,49,48,0,50,0,True,True
aligned,valid,lO87-4Kf0cQ$_$2,lO87-4Kf0cQ,2,77,13,16,False,0.0,1,neutral,neutral,True,15,15,14,0,15,15,14,0,50,0,True,True
aligned,valid,lO87-4Kf0cQ$_$5,lO87-4Kf0cQ,5,91,17,20,False,0.3333333432674408,2,positive,positive,True,19,19,18,0,19,19,18,0,50,0,True,True
aligned,valid,lWf5hHRHIDs$_$11,lWf5hHRHIDs,11,63,12,15,False,1.0,2,positive,positive,True,14,14,13,0,14,14,13,0,50,0,True,True
aligned,valid,lawHYX5eB20$_$1,lawHYX5eB20,1,45,10,14,False,-1.0,0,negative,negative,True,13,13,12,0,13,13,12,0,50,0,True,True
aligned,valid,lawHYX5eB20$_$2,lawHYX5eB20,2,98,19,25,False,0.6666666865348816,2,positive,positive,True,24,24,23,0,24,24,23,0,50,0,True,True
aligned,valid,mHGaQ_nv9UY$_$13,mHGaQ_nv9UY,13,387,70,50,False,1.3333333730697632,2,positive,positive,True,49,49,48,0,49,49,48,0,50,0,True,True
aligned,valid,mHGaQ_nv9UY$_$14,mHGaQ_nv9UY,14,96,17,28,False,-0.3333333432674408,0,negative,negative,True,27,27,26,0,27,27,26,0,50,0,True,True
aligned,valid,mHGaQ_nv9UY$_$17,mHGaQ_nv9UY,17,134,28,31,False,0.0,1,neutral,neutral,True,30,30,29,0,30,30,29,0,50,0,True,True
aligned,valid,mHGaQ_nv9UY$_$22,mHGaQ_nv9UY,22,245,43,50,False,-0.3333333432674408,0,negative,negative,True,49,49,48,0,49,49,48,0,50,0,True,True
aligned,valid,mHGaQ_nv9UY$_$5,mHGaQ_nv9UY,5,119,22,35,False,0.0,1,neutral,neutral,True,34,34,33,0,34,34,33,0,50,0,True,True
aligned,valid,mHGaQ_nv9UY$_$4,mHGaQ_nv9UY,4,143,24,29,False,-1.6666666269302368,0,negative,negative,True,28,28,27,0,28,28,27,0,50,0,True,True
aligned,valid,mLW-jn67gRE$_$20,mLW-jn67gRE,20,167,33,42,False,1.3333333730697632,2,positive,positive,True,41,41,40,0,38,38,37,0,50,0,True,True
aligned,valid,mLW-jn67gRE$_$17,mLW-jn67gRE,17,216,39,43,False,0.6666666865348816,2,positive,positive,True,42,42,41,0,42,42,41,0,50,0,True,True
aligned,valid,mLW-jn67gRE$_$1,mLW-jn67gRE,1,68,13,16,False,-0.6666666865348816,0,negative,negative,True,15,15,14,0,15,15,14,0,50,0,True,True
aligned,valid,mLW-jn67gRE$_$3,mLW-jn67gRE,3,106,18,23,False,0.0,1,neutral,neutral,True,22,22,21,0,22,22,21,0,50,0,True,True
aligned,valid,mLW-jn67gRE$_$5,mLW-jn67gRE,5,109,20,25,False,0.0,1,neutral,neutral,True,24,24,23,0,24,24,23,0,50,0,True,True
aligned,valid,mLW-jn67gRE$_$6,mLW-jn67gRE,6,156,30,37,False,-0.3333333432674408,0,negative,negative,True,36,36,35,0,36,36,35,0,50,0,True,True
aligned,valid,mLW-jn67gRE$_$9,mLW-jn67gRE,9,59,12,15,False,0.0,1,neutral,neutral,True,14,14,13,0,14,14,13,0,50,0,True,True
aligned,valid,mjpCK2Edsv8$_$0,mjpCK2Edsv8,0,213,41,50,False,2.0,2,positive,positive,True,49,49,48,0,49,49,48,0,50,0,True,True
aligned,valid,nUZYqTRSGDw$_$4,nUZYqTRSGDw,4,117,24,27,False,-0.6666666865348816,0,negative,negative,True,26,26,25,0,26,26,25,0,50,0,True,True
aligned,valid,nyzIL6YAonY$_$5,nyzIL6YAonY,5,71,13,16,False,1.0,2,positive,positive,True,15,15,14,0,15,15,14,0,50,0,True,True
aligned,valid,nyzIL6YAonY$_$6,nyzIL6YAonY,6,191,33,39,False,1.0,2,positive,positive,True,38,38,37,0,38,38,37,0,50,0,True,True
aligned,valid,ooAF6I-fmTg$_$3,ooAF6I-fmTg,3,82,17,21,False,0.0,1,neutral,neutral,True,20,20,19,0,20,20,19,0,50,0,True,True
aligned,valid,ooAF6I-fmTg$_$5,ooAF6I-fmTg,5,75,15,18,False,-0.3333333432674408,0,negative,negative,True,17,17,16,0,17,17,16,0,50,0,True,True
aligned,valid,ooAF6I-fmTg$_$7,ooAF6I-fmTg,7,93,18,24,False,-2.0,0,negative,negative,True,23,23,22,0,23,23,22,0,50,0,True,True
aligned,valid,pOrk7fl1AYo$_$1,pOrk7fl1AYo,1,97,18,24,False,0.0,1,neutral,neutral,True,23,23,22,0,23,23,22,0,50,0,True,True
aligned,valid,pOrk7fl1AYo$_$3,pOrk7fl1AYo,3,118,22,28,False,0.3333333432674408,2,positive,positive,True,27,27,26,0,27,27,26,0,50,0,True,True
aligned,valid,pOrk7fl1AYo$_$2,pOrk7fl1AYo,2,38,8,12,False,0.0,1,neutral,neutral,True,11,11,10,0,11,11,10,0,50,0,True,True
aligned,valid,pOrk7fl1AYo$_$4,pOrk7fl1AYo,4,64,14,21,False,-0.6666666865348816,0,negative,negative,True,20,20,19,0,6,6,2,3,50,0,True,True
aligned,valid,q9yDL81QppI$_$1,q9yDL81QppI,1,110,19,25,False,1.0,2,positive,positive,True,24,24,23,0,24,24,23,0,50,0,True,True
aligned,valid,q9yDL81QppI$_$0,q9yDL81QppI,0,121,23,26,False,-0.3333333432674408,0,negative,negative,True,25,25,24,0,25,25,24,0,50,0,True,True
aligned,valid,q9yDL81QppI$_$2,q9yDL81QppI,2,130,23,27,False,0.0,1,neutral,neutral,True,26,26,25,0,26,26,25,0,50,0,True,True
aligned,valid,qK77ZmbqmOM$_$9,qK77ZmbqmOM,9,97,17,23,False,-0.3333333432674408,0,negative,negative,True,22,22,21,0,19,19,16,2,50,0,True,True
aligned,valid,qK77ZmbqmOM$_$0,qK77ZmbqmOM,0,128,23,34,False,-0.3333333432674408,0,negative,negative,True,33,33,32,0,33,33,32,0,50,0,True,True
aligned,valid,qY1sXq-YCHs$_$8,qY1sXq-YCHs,8,61,13,17,False,-0.3333333432674408,0,negative,negative,True,16,16,15,0,16,16,15,0,50,0,True,True
aligned,valid,qmMSumMloAs$_$1,qmMSumMloAs,1,100,20,32,False,2.3333332538604736,2,positive,positive,True,31,31,30,0,31,31,30,0,50,0,True,True
aligned,valid,qmMSumMloAs$_$3,qmMSumMloAs,3,64,12,17,False,1.0,2,positive,positive,True,16,16,15,0,16,16,15,0,50,0,True,True
aligned,valid,qmMSumMloAs$_$2,qmMSumMloAs,2,143,28,43,False,2.6666667461395264,2,positive,positive,True,42,42,41,0,42,42,41,0,50,0,True,True
aligned,valid,r13W4H8ZhqI$_$12,r13W4H8ZhqI,12,78,17,22,False,1.0,2,positive,positive,True,21,21,20,0,21,21,20,0,50,0,True,True
aligned,valid,r13W4H8ZhqI$_$1,r13W4H8ZhqI,1,182,30,44,False,0.0,1,neutral,neutral,True,43,43,42,0,43,43,42,0,50,0,True,True
aligned,valid,r13W4H8ZhqI$_$5,r13W4H8ZhqI,5,61,11,17,False,1.0,2,positive,positive,True,16,16,15,0,16,16,15,0,50,0,True,True
aligned,valid,r13W4H8ZhqI$_$8,r13W4H8ZhqI,8,123,24,29,False,0.6666666865348816,2,positive,positive,True,28,28,27,0,28,28,27,0,50,0,True,True
aligned,valid,r5ijC2W9ddk$_$8,r5ijC2W9ddk,8,130,19,35,False,0.3333333432674408,2,positive,positive,True,34,34,33,0,34,34,33,0,50,0,True,True
aligned,valid,r5ijC2W9ddk$_$0,r5ijC2W9ddk,0,96,14,17,False,0.0,1,neutral,neutral,True,16,16,15,0,16,16,15,0,50,0,True,True
aligned,valid,r9tgDqXEcuc$_$4,r9tgDqXEcuc,4,104,21,24,False,0.3333333432674408,2,positive,positive,True,23,23,22,0,23,23,22,0,50,0,True,True
aligned,valid,rf0yDSeVEUA$_$1,rf0yDSeVEUA,1,214,42,50,False,1.6666666269302368,2,positive,positive,True,49,49,48,0,49,49,48,0,50,0,True,True
aligned,valid,rf0yDSeVEUA$_$0,rf0yDSeVEUA,0,132,24,28,False,2.3333332538604736,2,positive,positive,True,27,27,26,0,27,27,26,0,50,0,True,True
aligned,valid,rf0yDSeVEUA$_$3,rf0yDSeVEUA,3,296,52,50,False,0.3333333432674408,2,positive,positive,True,49,49,48,0,49,49,48,0,50,0,True,True
aligned,valid,rojyUp4FPSg$_$26,rojyUp4FPSg,26,185,37,50,False,1.0,2,positive,positive,True,49,49,48,0,49,49,48,0,50,0,True,True
aligned,valid,rojyUp4FPSg$_$20,rojyUp4FPSg,20,126,26,34,False,1.3333333730697632,2,positive,positive,True,33,33,32,0,33,33,32,0,50,0,True,True
aligned,valid,rojyUp4FPSg$_$21,rojyUp4FPSg,21,53,11,15,False,1.3333333730697632,2,positive,positive,True,14,14,13,0,14,14,13,0,50,0,True,True
aligned,valid,rojyUp4FPSg$_$23,rojyUp4FPSg,23,37,6,9,False,2.3333332538604736,2,positive,positive,True,8,8,7,0,8,8,7,0,50,0,True,True
aligned,valid,rojyUp4FPSg$_$5,rojyUp4FPSg,5,123,23,29,False,0.6666666865348816,2,positive,positive,True,28,28,27,0,28,28,27,0,50,0,True,True
aligned,valid,rojyUp4FPSg$_$7,rojyUp4FPSg,7,182,35,47,False,0.3333333432674408,2,positive,positive,True,46,46,45,0,46,46,45,0,50,0,True,True
aligned,valid,rojyUp4FPSg$_$9,rojyUp4FPSg,9,117,21,28,False,2.0,2,positive,positive,True,27,27,26,0,27,27,26,0,50,0,True,True
aligned,valid,rojyUp4FPSg$_$10,rojyUp4FPSg,10,62,12,16,False,1.3333333730697632,2,positive,positive,True,15,15,14,0,15,15,14,0,50,0,True,True
aligned,valid,rojyUp4FPSg$_$12,rojyUp4FPSg,12,24,5,9,False,0.6666666865348816,2,positive,positive,True,8,8,7,0,8,8,7,0,50,0,True,True
aligned,valid,rojyUp4FPSg$_$16,rojyUp4FPSg,16,46,8,14,False,0.6666666865348816,2,positive,positive,True,13,13,12,0,13,13,12,0,50,0,True,True
aligned,valid,rojyUp4FPSg$_$18,rojyUp4FPSg,18,78,16,19,False,2.5,2,positive,positive,True,18,18,17,0,18,18,17,0,50,0,True,True
aligned,valid,rojyUp4FPSg$_$37,rojyUp4FPSg,37,91,14,23,False,1.5,2,positive,positive,True,22,22,21,0,22,22,21,0,50,0,True,True
aligned,valid,rojyUp4FPSg$_$36,rojyUp4FPSg,36,29,5,8,False,0.6666666865348816,2,positive,positive,True,7,7,6,0,7,7,6,0,50,0,True,True
aligned,valid,rojyUp4FPSg$_$34,rojyUp4FPSg,34,139,26,36,False,2.0,2,positive,positive,True,35,35,34,0,35,35,34,0,50,0,True,True
aligned,valid,rojyUp4FPSg$_$32,rojyUp4FPSg,32,31,6,9,False,0.3333333432674408,2,positive,positive,True,8,8,7,0,8,8,7,0,50,0,True,True
aligned,valid,rwNlqh0k1j4$_$15,rwNlqh0k1j4,15,213,36,45,False,-0.6666666865348816,0,negative,negative,True,44,44,43,0,44,44,43,0,50,0,True,True
aligned,valid,rwNlqh0k1j4$_$3,rwNlqh0k1j4,3,73,12,19,False,-0.6666666865348816,0,negative,negative,True,18,18,17,0,18,18,17,0,50,0,True,True
aligned,valid,rwNlqh0k1j4$_$2,rwNlqh0k1j4,2,98,19,24,False,0.0,1,neutral,neutral,True,23,23,22,0,23,23,22,0,50,0,True,True
aligned,valid,rwNlqh0k1j4$_$7,rwNlqh0k1j4,7,164,26,34,False,-0.3333333432674408,0,negative,negative,True,33,33,32,0,33,33,32,0,50,0,True,True
aligned,valid,sC16n1k66io$_$2,sC16n1k66io,2,160,31,34,False,1.6666666269302368,2,positive,positive,True,33,33,32,0,33,33,32,0,50,0,True,True
aligned,valid,sC16n1k66io$_$16,sC16n1k66io,16,68,11,14,False,0.3333333432674408,2,positive,positive,True,13,13,12,0,13,13,12,0,50,0,True,True
aligned,valid,sPremsknoLM$_$1,sPremsknoLM,1,21,6,8,False,-0.3333333432674408,0,negative,negative,True,7,7,6,0,0,0,0,0,50,0,True,True
aligned,valid,ssqiwP19JhM$_$10,ssqiwP19JhM,10,180,36,41,False,0.0,1,neutral,neutral,True,40,40,39,0,40,40,39,0,50,0,True,True
aligned,valid,ssqiwP19JhM$_$2,ssqiwP19JhM,2,116,21,24,False,0.3333333432674408,2,positive,positive,True,23,23,22,0,23,23,22,0,50,0,True,True
aligned,valid,szic2IB9HB4$_$5,szic2IB9HB4,5,81,11,15,False,0.3333333432674408,2,positive,positive,True,14,14,13,0,14,14,13,0,50,0,True,True
aligned,valid,tQ-CIfgj-Js$_$3,tQ-CIfgj-Js,3,343,61,50,False,0.0,1,neutral,neutral,True,49,49,2,46,0,0,0,0,50,0,False,True
aligned,valid,tXQpm-nKxNA$_$5,tXQpm-nKxNA,5,90,16,21,False,1.6666666269302368,2,positive,positive,True,20,20,19,0,20,20,19,0,50,0,True,True
aligned,valid,tXQpm-nKxNA$_$7,tXQpm-nKxNA,7,146,27,31,False,1.6666666269302368,2,positive,positive,True,30,30,29,0,30,30,29,0,50,0,True,True
aligned,valid,uacdDoBtT1k$_$0,uacdDoBtT1k,0,293,53,50,False,-1.3333333730697632,0,negative,negative,True,49,49,48,0,49,49,45,3,50,0,True,True
aligned,valid,uacdDoBtT1k$_$6,uacdDoBtT1k,6,135,24,30,False,-0.6666666865348816,0,negative,negative,True,29,29,28,0,29,29,23,5,50,0,True,True
aligned,valid,unNY4zIk8MM$_$1,unNY4zIk8MM,1,136,26,32,False,1.6666666269302368,2,positive,positive,True,31,31,30,0,17,17,5,11,50,0,True,True
aligned,valid,unNY4zIk8MM$_$3,unNY4zIk8MM,3,83,14,19,False,0.6666666865348816,2,positive,positive,True,18,18,17,0,11,11,1,9,50,0,True,True
aligned,valid,unNY4zIk8MM$_$5,unNY4zIk8MM,5,111,19,23,False,1.0,2,positive,positive,True,22,22,21,0,2,2,1,0,50,0,True,True
aligned,valid,unNY4zIk8MM$_$8,unNY4zIk8MM,8,52,12,14,False,0.0,1,neutral,neutral,True,13,13,12,0,13,13,12,0,50,0,True,True
aligned,valid,uooIiW6dEyg$_$1,uooIiW6dEyg,1,37,8,10,False,-0.3333333432674408,0,negative,negative,True,9,9,8,0,9,9,8,0,50,0,True,True
aligned,valid,uooIiW6dEyg$_$5,uooIiW6dEyg,5,166,31,37,False,0.0,1,neutral,neutral,True,36,36,35,0,36,36,35,0,50,0,True,True
aligned,valid,v2Rr-EsJda8$_$0,v2Rr-EsJda8,0,61,9,12,False,-0.3333333432674408,0,negative,negative,True,11,11,10,0,9,9,3,5,50,0,True,True
aligned,valid,v2Rr-EsJda8$_$6,v2Rr-EsJda8,6,61,12,14,False,0.6666666865348816,2,positive,positive,True,13,13,12,0,13,13,9,3,50,0,True,True
aligned,valid,v9gjg7TDlTA$_$0,v9gjg7TDlTA,0,76,12,18,False,0.3333333432674408,2,positive,positive,True,17,17,16,0,17,17,16,0,50,0,True,True
aligned,valid,v9gjg7TDlTA$_$4,v9gjg7TDlTA,4,94,15,22,False,-0.6666666865348816,0,negative,negative,True,21,21,20,0,21,21,20,0,50,0,True,True
aligned,valid,vHzbn_YW76s$_$3,vHzbn_YW76s,3,66,16,21,False,-1.0,0,negative,negative,True,20,20,19,0,20,20,19,0,50,0,True,True
aligned,valid,vU0a4F36Ksw$_$13,vU0a4F36Ksw,13,167,28,33,False,0.6666666865348816,2,positive,positive,True,32,32,31,0,32,32,31,0,50,0,True,True
aligned,valid,vU0a4F36Ksw$_$12,vU0a4F36Ksw,12,133,21,24,False,0.3333333432674408,2,positive,positive,True,23,23,22,0,23,23,22,0,50,0,True,True
aligned,valid,vU0a4F36Ksw$_$17,vU0a4F36Ksw,17,107,16,18,False,1.0,2,positive,positive,True,17,17,16,0,17,17,16,0,50,0,True,True
aligned,valid,vU0a4F36Ksw$_$0,vU0a4F36Ksw,0,275,50,50,False,1.3333333730697632,2,positive,positive,True,49,49,48,0,49,49,48,0,50,0,True,True
aligned,valid,vU0a4F36Ksw$_$3,vU0a4F36Ksw,3,33,6,8,False,1.0,2,positive,positive,True,7,7,6,0,7,7,6,0,50,0,True,True
aligned,valid,vU0a4F36Ksw$_$5,vU0a4F36Ksw,5,148,24,30,False,1.0,2,positive,positive,True,29,29,28,0,29,29,28,0,50,0,True,True
aligned,valid,vU0a4F36Ksw$_$7,vU0a4F36Ksw,7,85,14,21,False,0.6666666865348816,2,positive,positive,True,20,20,19,0,20,20,19,0,50,0,True,True
aligned,valid,vU0a4F36Ksw$_$20,vU0a4F36Ksw,20,18,4,6,False,1.6666666269302368,2,positive,positive,True,5,5,4,0,5,5,4,0,50,0,True,True
aligned,valid,vbr3EA8cJTI$_$0,vbr3EA8cJTI,0,88,18,21,False,1.3333333730697632,2,positive,positive,True,20,20,19,0,20,20,19,0,50,0,True,True
aligned,valid,vbr3EA8cJTI$_$2,vbr3EA8cJTI,2,88,18,27,False,1.6666666269302368,2,positive,positive,True,26,26,25,0,26,26,24,1,50,0,True,True
aligned,valid,vbr3EA8cJTI$_$7,vbr3EA8cJTI,7,76,15,24,False,0.0,1,neutral,neutral,True,23,23,22,0,23,23,22,0,50,0,True,True
aligned,valid,vbr3EA8cJTI$_$6,vbr3EA8cJTI,6,125,24,30,False,1.0,2,positive,positive,True,29,29,28,0,29,29,28,0,50,0,True,True
aligned,valid,wF8980oGklk$_$24,wF8980oGklk,24,102,21,24,False,0.6666666865348816,2,positive,positive,True,23,23,22,0,23,23,22,0,50,0,True,True
aligned,valid,wF8980oGklk$_$25,wF8980oGklk,25,45,8,12,False,1.6666666269302368,2,positive,positive,True,11,11,10,0,11,11,10,0,50,0,True,True
aligned,valid,wF8980oGklk$_$1,wF8980oGklk,1,36,7,9,False,0.0,1,neutral,neutral,True,8,8,7,0,8,8,7,0,50,0,True,True
aligned,valid,wF8980oGklk$_$0,wF8980oGklk,0,94,16,20,False,0.0,1,neutral,neutral,True,19,19,18,0,19,19,5,13,50,0,True,True
aligned,valid,wF8980oGklk$_$3,wF8980oGklk,3,79,15,19,False,-0.3333333432674408,0,negative,negative,True,18,18,17,0,18,18,17,0,50,0,True,True
aligned,valid,wF8980oGklk$_$2,wF8980oGklk,2,24,5,7,False,-0.3333333432674408,0,negative,negative,True,6,6,5,0,6,6,5,0,50,0,True,True
aligned,valid,wF8980oGklk$_$6,wF8980oGklk,6,103,20,26,False,0.0,1,neutral,neutral,True,25,25,24,0,25,25,23,1,50,0,True,True
aligned,valid,wF8980oGklk$_$17,wF8980oGklk,17,103,21,25,False,0.6666666865348816,2,positive,positive,True,24,24,23,0,24,24,13,10,50,0,True,True
aligned,valid,wosolsrH3sM$_$6,wosolsrH3sM,6,231,40,50,False,0.3333333432674408,2,positive,positive,True,49,49,48,0,49,49,48,0,50,0,True,True
aligned,valid,x-zGBp7axao$_$3,x-zGBp7axao,3,289,65,50,False,1.6666666269302368,2,positive,positive,True,49,49,48,0,49,49,48,0,50,0,True,True
aligned,valid,x2lOwQaAn4g$_$4,x2lOwQaAn4g,4,102,18,20,False,0.0,1,neutral,neutral,True,19,19,18,0,19,19,14,4,50,0,True,True
aligned,valid,xUgAP84vsg4$_$15,xUgAP84vsg4,15,92,16,23,False,2.0,2,positive,positive,True,22,22,21,0,14,14,13,0,50,0,True,True
aligned,valid,xUgAP84vsg4$_$4,xUgAP84vsg4,4,104,17,24,False,2.3333332538604736,2,positive,positive,True,23,23,22,0,23,23,22,0,50,0,True,True
aligned,valid,xUgAP84vsg4$_$8,xUgAP84vsg4,8,59,9,12,False,1.3333333730697632,2,positive,positive,True,11,11,10,0,11,11,10,0,50,0,True,True
aligned,valid,xivYoEUQ5sk$_$5,xivYoEUQ5sk,5,188,33,47,False,2.6666667461395264,2,positive,positive,True,46,46,45,0,46,46,45,0,50,0,True,True
aligned,valid,xivYoEUQ5sk$_$4,xivYoEUQ5sk,4,108,20,28,False,2.3333332538604736,2,positive,positive,True,27,27,26,0,27,27,26,0,50,0,True,True
aligned,valid,xjsaS-LeZ14$_$20,xjsaS-LeZ14,20,73,15,21,False,0.3333333432674408,2,positive,positive,True,20,20,19,0,20,20,19,0,50,0,True,True
aligned,valid,xjsaS-LeZ14$_$14,xjsaS-LeZ14,14,85,15,21,False,1.0,2,positive,positive,True,20,20,19,0,20,20,12,7,50,0,True,True
aligned,valid,xjsaS-LeZ14$_$6,xjsaS-LeZ14,6,299,60,50,False,2.0,2,positive,positive,True,49,49,48,0,49,49,48,0,50,0,True,True
aligned,valid,y8HXGm1-Ecw$_$7,y8HXGm1-Ecw,7,97,19,25,False,-0.6666666865348816,0,negative,negative,True,24,24,23,0,24,24,23,0,50,0,True,True
aligned,valid,y9FyTEyGy5Y$_$1,y9FyTEyGy5Y,1,62,11,15,False,0.6666666865348816,2,positive,positive,True,14,14,13,0,14,14,13,0,50,0,True,True
aligned,valid,zhE_68GMJIk$_$8,zhE_68GMJIk,8,108,21,25,False,0.0,1,neutral,neutral,True,24,24,23,0,24,24,23,0,50,0,True,True
aligned,valid,zhE_68GMJIk$_$5,zhE_68GMJIk,5,133,24,31,False,1.3333333730697632,2,positive,positive,True,30,30,29,0,30,30,29,0,50,0,True,True
aligned,valid,zjYEBwXGD8I$_$13,zjYEBwXGD8I,13,201,35,40,False,-0.3333333432674408,0,negative,negative,True,39,39,38,0,39,39,38,0,50,0,True,True
aligned,valid,zjYEBwXGD8I$_$15,zjYEBwXGD8I,15,108,18,22,False,0.3333333432674408,2,positive,positive,True,21,21,20,0,2,2,1,0,50,0,True,True
aligned,valid,zjYEBwXGD8I$_$0,zjYEBwXGD8I,0,45,10,13,False,0.0,1,neutral,neutral,True,12,12,11,0,12,12,11,0,50,0,True,True
aligned,valid,zjYEBwXGD8I$_$2,zjYEBwXGD8I,2,59,11,15,False,1.0,2,positive,positive,True,14,14,13,0,14,14,13,0,50,0,True,True
aligned,valid,zjYEBwXGD8I$_$4,zjYEBwXGD8I,4,165,32,42,False,0.0,1,neutral,neutral,True,41,41,40,0,0,0,0,0,50,0,True,True
aligned,valid,zjYEBwXGD8I$_$9,zjYEBwXGD8I,9,118,22,28,False,0.3333333432674408,2,positive,positive,True,27,27,26,0,26,26,17,8,50,0,True,True
aligned,valid,zk2jTlAtvSU$_$3,zk2jTlAtvSU,3,175,29,34,False,0.0,1,neutral,neutral,True,33,33,32,0,33,33,31,1,50,0,True,True
aligned,test,-AUZQgSxyPQ$_$2,-AUZQgSxyPQ,2,262,41,50,False,0.6666666865348816,2,positive,positive,True,49,49,48,0,49,49,48,0,50,0,True,True
aligned,test,-HeZS2-Prhc$_$2,-HeZS2-Prhc,2,77,16,19,False,0.6666666865348816,2,positive,positive,True,18,18,17,0,18,18,17,0,50,0,True,True
aligned,test,-MeTTeMJBNc$_$0,-MeTTeMJBNc,0,117,21,28,False,0.3333333432674408,2,positive,positive,True,27,27,26,0,27,27,26,0,50,0,True,True
aligned,test,-RfYyzHpjk4$_$2,-RfYyzHpjk4,2,119,25,31,False,0.3333333432674408,2,positive,positive,True,30,30,29,0,30,30,29,0,50,0,True,True
aligned,test,-s9qJ7ATP7w$_$2,-s9qJ7ATP7w,2,82,15,25,False,1.3333333730697632,2,positive,positive,True,24,24,23,0,21,21,7,13,50,0,True,True
aligned,test,-s9qJ7ATP7w$_$5,-s9qJ7ATP7w,5,88,19,22,False,-2.0,0,negative,negative,True,21,21,20,0,21,21,11,9,50,0,True,True
aligned,test,-s9qJ7ATP7w$_$6,-s9qJ7ATP7w,6,21,5,7,False,0.0,1,neutral,neutral,True,6,6,5,0,0,0,0,0,50,0,True,True
aligned,test,-yRb-Jum7EQ$_$1,-yRb-Jum7EQ,1,326,49,50,False,0.0,1,neutral,neutral,True,49,49,48,0,49,49,48,0,50,0,True,True
aligned,test,0K7dCp80n9c$_$6,0K7dCp80n9c,6,136,27,34,False,0.0,1,neutral,neutral,True,33,33,32,0,33,33,32,0,50,0,True,True
aligned,test,0YiAKqU36KE$_$1,0YiAKqU36KE,1,123,21,30,False,1.3333333730697632,2,positive,positive,True,29,29,28,0,29,29,28,0,50,0,True,True
aligned,test,0YiAKqU36KE$_$0,0YiAKqU36KE,0,145,29,33,False,-1.0,0,negative,negative,True,32,32,31,0,32,32,31,0,50,0,True,True
aligned,test,0bxhZ-LIfZY$_$4,0bxhZ-LIfZY,4,140,27,34,False,-0.3333333432674408,0,negative,negative,True,33,33,32,0,33,33,32,0,50,0,True,True
aligned,test,100178$_$15,100178,15,18,4,10,False,0.0,1,neutral,neutral,True,9,9,8,0,9,9,8,0,50,0,True,True
aligned,test,10219$_$10,10219,10,85,18,20,False,2.0,2,positive,positive,True,19,19,18,0,19,19,18,0,50,0,True,True
aligned,test,10219$_$1,10219,1,118,20,27,False,0.0,1,neutral,neutral,True,26,26,25,0,19,19,18,0,50,0,True,True
aligned,test,10219$_$5,10219,5,112,21,30,False,1.6666666269302368,2,positive,positive,True,29,29,28,0,29,29,28,0,50,0,True,True
aligned,test,102213$_$2,102213,2,116,23,27,False,1.3333333730697632,2,positive,positive,True,26,26,25,0,26,26,25,0,50,0,True,True
aligned,test,102213$_$5,102213,5,24,5,11,False,-1.0,0,negative,negative,True,10,10,9,0,10,10,9,0,50,0,True,True
aligned,test,102213$_$7,102213,7,235,48,50,False,-1.0,0,negative,negative,True,49,49,48,0,49,49,48,0,50,0,True,True
aligned,test,102389$_$5,102389,5,49,11,13,False,-1.6666666269302368,0,negative,negative,True,12,12,11,0,12,12,11,0,50,0,True,True
aligned,test,104741$_$0,104741,0,61,13,20,False,0.0,1,neutral,neutral,True,19,19,18,0,19,19,18,0,50,0,True,True
aligned,test,104741$_$5,104741,5,96,18,27,False,0.0,1,neutral,neutral,True,26,26,25,0,26,26,25,0,50,0,True,True
aligned,test,107585$_$12,107585,12,202,42,50,False,-2.0,0,negative,negative,True,49,49,48,0,49,49,48,0,50,0,True,True
aligned,test,107585$_$18,107585,18,103,19,26,False,-2.0,0,negative,negative,True,25,25,24,0,25,25,24,0,50,0,True,True
aligned,test,107585$_$1,107585,1,232,42,50,False,-0.6666666865348816,0,negative,negative,True,49,49,48,0,49,49,48,0,50,0,True,True
aligned,test,108146$_$3,108146,3,32,6,10,False,-1.6666666269302368,0,negative,negative,True,9,9,8,0,9,9,8,0,50,0,True,True
aligned,test,110565$_$1,110565,1,87,17,23,False,-1.0,0,negative,negative,True,22,22,21,0,22,22,21,0,50,0,True,True
aligned,test,110565$_$5,110565,5,89,21,25,False,1.0,2,positive,positive,True,24,24,23,0,24,24,23,0,50,0,True,True
aligned,test,111881$_$11,111881,11,9,2,6,False,-1.0,0,negative,negative,True,5,5,4,0,5,5,4,0,50,0,True,True
aligned,test,111881$_$10,111881,10,180,40,43,False,-2.0,0,negative,negative,True,42,42,41,0,42,42,41,0,50,0,True,True
aligned,test,111881$_$15,111881,15,56,13,19,False,-2.0,0,negative,negative,True,18,18,17,0,18,18,17,0,50,0,True,True
aligned,test,111881$_$4,111881,4,108,23,26,False,-1.3333333730697632,0,negative,negative,True,25,25,24,0,25,25,22,2,50,0,True,True
aligned,test,111881$_$7,111881,7,89,18,26,False,-2.0,0,negative,negative,True,25,25,24,0,25,25,24,0,50,0,True,True
aligned,test,111881$_$6,111881,6,66,13,20,False,0.3333333432674408,2,positive,positive,True,19,19,18,0,19,19,18,0,50,0,True,True
aligned,test,112425$_$10,112425,10,488,92,50,False,2.3333332538604736,2,positive,positive,True,49,49,48,0,49,49,48,0,50,0,True,True
aligned,test,112425$_$1,112425,1,69,13,18,False,0.6666666865348816,2,positive,positive,True,17,17,16,0,17,17,16,0,50,0,True,True
aligned,test,112425$_$7,112425,7,85,15,28,False,1.3333333730697632,2,positive,positive,True,27,27,26,0,27,27,26,0,50,0,True,True
aligned,test,112509$_$4,112509,4,26,4,10,False,-2.0,0,negative,negative,True,9,9,8,0,9,9,8,0,50,0,True,True
aligned,test,116213$_$3,116213,3,20,4,7,False,-0.6666666865348816,0,negative,negative,True,6,6,5,0,6,6,5,0,50,0,True,True
aligned,test,121400$_$0,121400,0,79,13,20,False,0.0,1,neutral,neutral,True,19,19,18,0,19,19,18,0,50,0,True,True
aligned,test,126872$_$11,126872,11,15,4,6,False,-2.0,0,negative,negative,True,5,5,4,0,5,5,4,0,50,0,True,True
aligned,test,130366$_$11,130366,11,225,44,50,False,-1.3333333730697632,0,negative,negative,True,49,49,48,0,49,49,43,5,50,0,True,True
aligned,test,130366$_$2,130366,2,36,6,8,False,0.3333333432674408,2,positive,positive,True,7,7,6,0,7,7,6,0,50,0,True,True
aligned,test,130366$_$4,130366,4,84,17,24,False,-0.3333333432674408,0,negative,negative,True,23,23,22,0,23,23,22,0,50,0,True,True
aligned,test,132028$_$7,132028,7,216,39,50,False,0.3333333432674408,2,positive,positive,True,49,49,48,0,49,49,48,0,50,0,True,True
aligned,test,135623$_$5,135623,5,89,18,26,False,-2.3333332538604736,0,negative,negative,True,25,25,24,0,25,25,24,0,50,0,True,True
aligned,test,135623$_$8,135623,8,65,14,16,False,-1.3333333730697632,0,negative,negative,True,15,15,14,0,15,15,14,0,50,0,True,True
aligned,test,136196$_$0,136196,0,44,9,12,False,0.3333333432674408,2,positive,positive,True,11,11,10,0,0,0,0,0,50,0,True,True
aligned,test,136196$_$9,136196,9,99,19,28,False,-2.0,0,negative,negative,True,27,27,26,0,27,27,26,0,50,0,True,True
aligned,test,136196$_$8,136196,8,77,13,20,False,-1.6666666269302368,0,negative,negative,True,19,19,18,0,19,19,18,0,50,0,True,True
aligned,test,167521$_$17,167521,17,35,6,13,False,1.3333333730697632,2,positive,positive,True,12,12,11,0,12,12,11,0,50,0,True,True
aligned,test,167521$_$16,167521,16,51,8,10,False,2.0,2,positive,positive,True,9,9,8,0,9,9,8,0,50,0,True,True
aligned,test,167521$_$5,167521,5,71,13,16,False,0.3333333432674408,2,positive,positive,True,15,15,14,0,15,15,14,0,50,0,True,True
aligned,test,190743$_$13,190743,13,179,33,44,False,-2.0,0,negative,negative,True,43,43,42,0,43,43,42,0,50,0,True,True
aligned,test,190743$_$17,190743,17,134,26,31,False,-2.0,0,negative,negative,True,30,30,29,0,30,30,29,0,50,0,True,True
aligned,test,190743$_$5,190743,5,24,6,8,False,-2.0,0,negative,negative,True,7,7,6,0,7,7,6,0,50,0,True,True
aligned,test,194299$_$14,194299,14,37,7,11,False,0.0,1,neutral,neutral,True,10,10,9,0,10,10,9,0,50,0,True,True
aligned,test,194299$_$4,194299,4,71,15,19,False,-1.0,0,negative,negative,True,18,18,17,0,11,11,10,0,50,0,True,True
aligned,test,194299$_$9,194299,9,89,17,28,False,0.0,1,neutral,neutral,True,27,27,26,0,27,27,26,0,50,0,True,True
aligned,test,198112$_$12,198112,12,45,9,17,False,2.0,2,positive,positive,True,16,16,15,0,16,16,15,0,50,0,True,True
aligned,test,198112$_$0,198112,0,75,13,22,False,0.3333333432674408,2,positive,positive,True,21,21,20,0,12,12,11,0,50,0,True,True
aligned,test,198112$_$5,198112,5,87,16,21,False,1.0,2,positive,positive,True,20,20,19,0,20,20,18,1,50,0,True,True
aligned,test,198112$_$9,198112,9,165,31,37,False,2.3333332538604736,2,positive,positive,True,36,36,35,0,25,25,21,3,50,0,True,True
aligned,test,198112$_$8,198112,8,46,7,15,False,2.0,2,positive,positive,True,14,14,13,0,14,14,4,9,50,0,True,True
aligned,test,1HS2HcN2LDo$_$1,1HS2HcN2LDo,1,129,25,31,False,0.3333333432674408,2,positive,positive,True,30,30,29,0,30,30,15,14,50,0,True,True
aligned,test,1HS2HcN2LDo$_$9,1HS2HcN2LDo,9,36,6,11,False,1.3333333730697632,2,positive,positive,True,10,10,9,0,10,10,9,0,50,0,True,True
aligned,test,1S6ji_d4OLI$_$9,1S6ji_d4OLI,9,100,20,23,False,0.6666666865348816,2,positive,positive,True,22,22,21,0,22,22,21,0,50,0,True,True
aligned,test,1jogeKX0wGw$_$4,1jogeKX0wGw,4,74,9,18,False,1.0,2,positive,positive,True,17,17,16,0,17,17,16,0,50,0,True,True
aligned,test,1pl2FVdQWj0$_$2,1pl2FVdQWj0,2,269,51,50,False,0.6666666865348816,2,positive,positive,True,49,49,48,0,49,49,48,0,50,0,True,True
aligned,test,200941$_$10,200941,10,90,18,28,False,-1.0,0,negative,negative,True,27,27,26,0,27,27,26,0,50,0,True,True
aligned,test,202826$_$10,202826,10,47,11,16,False,-1.6666666269302368,0,negative,negative,True,15,15,14,0,15,15,14,0,50,0,True,True
aligned,test,202826$_$7,202826,7,291,51,50,False,1.0,2,positive,positive,True,49,49,48,0,49,49,48,0,50,0,True,True
aligned,test,206585$_$3,206585,3,217,40,50,False,0.0,1,neutral,neutral,True,49,49,48,0,49,49,48,0,50,0,True,True
aligned,test,208322$_$12,208322,12,117,21,35,False,-2.3333332538604736,0,negative,negative,True,34,34,33,0,34,34,33,0,50,0,True,True
aligned,test,208592$_$2,208592,2,25,4,11,False,0.0,1,neutral,neutral,True,10,10,9,0,10,10,9,0,50,0,True,True
aligned,test,208592$_$9,208592,9,85,16,27,False,-2.6666667461395264,0,negative,negative,True,26,26,25,0,26,26,25,0,50,0,True,True
aligned,test,209758$_$15,209758,15,45,10,12,False,1.3333333730697632,2,positive,positive,True,11,11,10,0,11,11,10,0,50,0,True,True
aligned,test,209758$_$3,209758,3,32,7,9,False,0.0,1,neutral,neutral,True,8,8,7,0,8,8,7,0,50,0,True,True
aligned,test,209758$_$5,209758,5,92,20,27,False,0.0,1,neutral,neutral,True,26,26,25,0,26,26,25,0,50,0,True,True
aligned,test,20LfN8ENbhM$_$1,20LfN8ENbhM,1,67,13,15,False,2.0,2,positive,positive,True,14,14,13,0,14,14,13,0,50,0,True,True
aligned,test,210259$_$11,210259,11,89,18,32,False,-3.0,0,negative,negative,True,31,31,30,0,31,31,30,0,50,0,True,True
aligned,test,210259$_$16,210259,16,69,14,22,False,-2.3333332538604736,0,negative,negative,True,21,21,20,0,21,21,20,0,50,0,True,True
aligned,test,210259$_$0,210259,0,119,21,28,False,0.0,1,neutral,neutral,True,27,27,26,0,27,27,26,0,50,0,True,True
aligned,test,210259$_$8,210259,8,55,12,14,False,-2.3333332538604736,0,negative,negative,True,13,13,12,0,13,13,12,0,50,0,True,True
aligned,test,210433$_$0,210433,0,183,38,46,False,0.0,1,neutral,neutral,True,45,45,44,0,34,34,33,0,50,0,True,True
aligned,test,210433$_$7,210433,7,47,8,15,False,-2.0,0,negative,negative,True,14,14,13,0,14,14,13,0,50,0,True,True
aligned,test,211875$_$4,211875,4,72,14,21,False,-1.6666666269302368,0,negative,negative,True,20,20,19,0,20,20,19,0,50,0,True,True
aligned,test,211875$_$8,211875,8,127,25,40,False,-1.3333333730697632,0,negative,negative,True,39,39,38,0,39,39,38,0,50,0,True,True
aligned,test,213327$_$6,213327,6,99,17,28,False,-2.3333332538604736,0,negative,negative,True,27,27,26,0,27,27,20,6,50,0,True,True
aligned,test,213327$_$8,213327,8,229,43,50,False,-2.0,0,negative,negative,True,49,49,48,0,49,49,48,0,50,0,True,True
aligned,test,215318$_$12,215318,12,79,16,33,False,0.0,1,neutral,neutral,True,32,32,31,0,15,15,14,0,50,0,True,True
aligned,test,221137$_$2,221137,2,178,34,50,False,0.0,1,neutral,neutral,True,49,49,48,0,30,30,6,23,50,0,True,True
aligned,test,221137$_$5,221137,5,149,30,47,False,-2.0,0,negative,negative,True,46,46,45,0,46,46,45,0,50,0,True,True
aligned,test,221153$_$14,221153,14,49,11,15,False,-1.6666666269302368,0,negative,negative,True,14,14,13,0,14,14,13,0,50,0,True,True
aligned,test,221153$_$16,221153,16,25,6,8,False,-0.6666666865348816,0,negative,negative,True,7,7,6,0,7,7,6,0,50,0,True,True
aligned,test,221153$_$6,221153,6,40,8,14,False,0.0,1,neutral,neutral,True,13,13,12,0,13,13,12,0,50,0,True,True
aligned,test,221153$_$20,221153,20,71,11,19,False,0.3333333432674408,2,positive,positive,True,18,18,17,0,18,18,17,0,50,0,True,True
aligned,test,22373$_$10,22373,10,123,23,44,False,-2.6666667461395264,0,negative,negative,True,43,43,42,0,43,43,42,0,50,0,True,True
aligned,test,22373$_$1,22373,1,43,9,12,False,0.0,1,neutral,neutral,True,11,11,10,0,11,11,4,6,50,0,True,True
aligned,test,22373$_$2,22373,2,334,63,50,False,-2.3333332538604736,0,negative,negative,True,49,49,48,0,49,49,45,3,50,0,True,True
aligned,test,22373$_$7,22373,7,119,24,45,False,0.0,1,neutral,neutral,True,44,44,43,0,44,44,22,21,50,0,True,True
aligned,test,224263$_$13,224263,13,26,5,7,False,0.6666666865348816,2,positive,positive,True,6,6,5,0,6,6,5,0,50,0,True,True
aligned,test,224263$_$14,224263,14,136,26,32,False,-2.3333332538604736,0,negative,negative,True,31,31,30,0,31,31,30,0,50,0,True,True
aligned,test,224263$_$3,224263,3,39,8,10,False,-2.3333332538604736,0,negative,negative,True,9,9,8,0,9,9,8,0,50,0,True,True
aligned,test,224370$_$3,224370,3,32,8,10,False,-2.0,0,negative,negative,True,9,9,8,0,9,9,8,0,50,0,True,True
aligned,test,224370$_$5,224370,5,79,15,19,False,-2.6666667461395264,0,negative,negative,True,18,18,17,0,18,18,17,0,50,0,True,True
aligned,test,224370$_$11,224370,11,73,13,15,False,0.3333333432674408,2,positive,positive,True,14,14,13,0,14,14,13,0,50,0,True,True
aligned,test,224370$_$15,224370,15,128,23,32,False,-1.6666666269302368,0,negative,negative,True,31,31,30,0,31,31,30,0,50,0,True,True
aligned,test,224631$_$5,224631,5,178,27,37,False,0.3333333432674408,2,positive,positive,True,36,36,35,0,36,36,35,0,50,0,True,True
aligned,test,226601$_$11,226601,11,19,4,11,False,-1.3333333730697632,0,negative,negative,True,10,10,9,0,10,10,9,0,50,0,True,True
aligned,test,226601$_$18,226601,18,72,14,20,False,-2.0,0,negative,negative,True,19,19,18,0,19,19,18,0,50,0,True,True
aligned,test,226601$_$0,226601,0,86,14,21,False,0.3333333432674408,2,positive,positive,True,20,20,19,0,20,20,14,5,50,0,True,True
aligned,test,226640$_$9,226640,9,49,10,15,False,0.0,1,neutral,neutral,True,14,14,13,0,14,14,13,0,50,0,True,True
aligned,test,22689$_$1,22689,1,90,16,23,False,-2.0,0,negative,negative,True,22,22,21,0,22,22,21,0,50,0,True,True
aligned,test,22689$_$0,22689,0,224,40,50,False,0.0,1,neutral,neutral,True,49,49,48,0,33,33,31,1,50,0,True,True
aligned,test,234046$_$1,234046,1,157,30,46,False,0.0,1,neutral,neutral,True,45,45,44,0,45,45,44,0,50,0,True,True
aligned,test,236442$_$3,236442,3,57,13,15,False,-1.3333333730697632,0,negative,negative,True,14,14,13,0,14,14,13,0,50,0,True,True
aligned,test,23656$_$1,23656,1,35,6,8,False,0.0,1,neutral,neutral,True,7,7,6,0,0,0,0,0,50,0,True,True
aligned,test,23656$_$0,23656,0,51,10,16,False,0.3333333432674408,2,positive,positive,True,15,15,14,0,15,15,14,0,50,0,True,True
aligned,test,23656$_$2,23656,2,68,14,21,False,1.0,2,positive,positive,True,20,20,19,0,20,20,19,0,50,0,True,True
aligned,test,23656$_$7,23656,7,102,21,27,False,-2.0,0,negative,negative,True,26,26,25,0,26,26,23,2,50,0,True,True
aligned,test,23656$_$9,23656,9,57,13,19,False,-1.3333333730697632,0,negative,negative,True,18,18,17,0,0,0,0,0,50,0,True,True
aligned,test,23656$_$15,23656,15,133,25,31,False,0.3333333432674408,2,positive,positive,True,30,30,29,0,0,0,0,0,50,0,True,True
aligned,test,237363$_$10,237363,10,67,12,14,False,0.0,1,neutral,neutral,True,13,13,12,0,13,13,12,0,50,0,True,True
aligned,test,237363$_$4,237363,4,29,6,11,False,0.0,1,neutral,neutral,True,10,10,9,0,10,10,9,0,50,0,True,True
aligned,test,238063$_$15,238063,15,54,11,15,False,-1.3333333730697632,0,negative,negative,True,14,14,13,0,14,14,13,0,50,0,True,True
aligned,test,238063$_$17,238063,17,45,8,13,False,1.0,2,positive,positive,True,12,12,11,0,12,12,11,0,50,0,True,True
aligned,test,238063$_$16,238063,16,193,37,50,False,-1.0,0,negative,negative,True,49,49,48,0,49,49,48,0,50,0,True,True
aligned,test,238063$_$7,238063,7,43,9,16,False,-0.3333333432674408,0,negative,negative,True,15,15,14,0,15,15,14,0,50,0,True,True
aligned,test,24196$_$0,24196,0,72,12,20,False,0.3333333432674408,2,positive,positive,True,19,19,18,0,19,19,18,0,50,0,True,True
aligned,test,24196$_$3,24196,3,38,8,12,False,-0.3333333432674408,0,negative,negative,True,11,11,10,0,11,11,10,0,50,0,True,True
aligned,test,243981$_$10,243981,10,150,29,39,False,-2.3333332538604736,0,negative,negative,True,38,38,37,0,38,38,37,0,50,0,True,True
aligned,test,243981$_$1,243981,1,134,24,33,False,0.0,1,neutral,neutral,True,32,32,31,0,32,32,31,0,50,0,True,True
aligned,test,243981$_$4,243981,4,63,13,17,False,-2.3333332538604736,0,negative,negative,True,16,16,15,0,16,16,15,0,50,0,True,True
aligned,test,243981$_$6,243981,6,77,16,24,False,-2.0,0,negative,negative,True,23,23,22,0,23,23,22,0,50,0,True,True
aligned,test,24504$_$10,24504,10,102,20,25,False,0.6666666865348816,2,positive,positive,True,24,24,23,0,24,24,22,1,50,0,True,True
aligned,test,245582$_$11,245582,11,163,30,38,False,-1.6666666269302368,0,negative,negative,True,37,37,36,0,37,37,36,0,50,0,True,True
aligned,test,245582$_$13,245582,13,11,2,4,False,0.3333333432674408,2,positive,positive,True,3,3,2,0,3,3,2,0,50,0,True,True
aligned,test,245582$_$16,245582,16,44,11,15,False,1.0,2,positive,positive,True,14,14,13,0,14,14,13,0,50,0,True,True
aligned,test,245582$_$4,245582,4,103,18,24,False,-1.3333333730697632,0,negative,negative,True,23,23,22,0,23,23,21,1,50,0,True,True
aligned,test,252097$_$12,252097,12,72,16,22,False,-2.3333332538604736,0,negative,negative,True,21,21,20,0,21,21,20,0,50,0,True,True
aligned,test,252097$_$4,252097,4,119,21,27,False,-1.3333333730697632,0,negative,negative,True,26,26,25,0,26,26,25,0,50,0,True,True
aligned,test,252912$_$13,252912,13,341,69,50,False,-1.6666666269302368,0,negative,negative,True,49,49,48,0,49,49,48,0,50,0,True,True
aligned,test,257277$_$1,257277,1,125,25,34,False,0.3333333432674408,2,positive,positive,True,33,33,32,0,33,33,32,0,50,0,True,True
aligned,test,257277$_$3,257277,3,198,34,50,False,1.0,2,positive,positive,True,49,49,48,0,49,49,48,0,50,0,True,True
aligned,test,257277$_$5,257277,5,34,5,12,False,-2.0,0,negative,negative,True,11,11,10,0,11,11,10,0,50,0,True,True
aligned,test,257534$_$4,257534,4,74,13,21,False,0.0,1,neutral,neutral,True,20,20,19,0,20,20,19,0,50,0,True,True
aligned,test,267466$_$24,267466,24,67,13,17,False,0.6666666865348816,2,positive,positive,True,16,16,15,0,16,16,15,0,50,0,True,True
aligned,test,267466$_$44,267466,44,44,9,13,False,-2.6666667461395264,0,negative,negative,True,12,12,11,0,12,12,11,0,50,0,True,True
aligned,test,267466$_$42,267466,42,87,18,21,False,-2.3333332538604736,0,negative,negative,True,20,20,19,0,20,20,19,0,50,0,True,True
aligned,test,267466$_$9,267466,9,30,7,12,False,-1.0,0,negative,negative,True,11,11,10,0,11,11,10,0,50,0,True,True
aligned,test,267466$_$13,267466,13,185,34,49,False,0.0,1,neutral,neutral,True,48,48,47,0,48,48,47,0,50,0,True,True
aligned,test,267466$_$38,267466,38,134,25,40,False,0.0,1,neutral,neutral,True,39,39,38,0,39,39,38,0,50,0,True,True
aligned,test,267466$_$35,267466,35,98,21,25,False,-1.0,0,negative,negative,True,24,24,23,0,24,24,23,0,50,0,True,True
aligned,test,267466$_$34,267466,34,86,16,21,False,-2.3333332538604736,0,negative,negative,True,20,20,19,0,20,20,19,0,50,0,True,True
aligned,test,267694$_$14,267694,14,43,8,15,False,-2.3333332538604736,0,negative,negative,True,14,14,13,0,14,14,13,0,50,0,True,True
aligned,test,267694$_$16,267694,16,20,6,8,False,-1.0,0,negative,negative,True,7,7,6,0,7,7,6,0,50,0,True,True
aligned,test,267694$_$3,267694,3,135,20,34,False,-0.3333333432674408,0,negative,negative,True,33,33,32,0,33,33,32,0,50,0,True,True
aligned,test,267694$_$5,267694,5,39,9,14,False,0.0,1,neutral,neutral,True,13,13,12,0,13,13,12,0,50,0,True,True
aligned,test,267694$_$4,267694,4,74,13,24,False,0.0,1,neutral,neutral,True,23,23,22,0,23,23,22,0,50,0,True,True
aligned,test,267694$_$7,267694,7,28,7,9,False,-2.0,0,negative,negative,True,8,8,7,0,8,8,7,0,50,0,True,True
aligned,test,267694$_$6,267694,6,110,22,33,False,-1.6666666269302368,0,negative,negative,True,32,32,31,0,32,32,31,0,50,0,True,True
aligned,test,273207$_$0,273207,0,24,5,7,False,0.0,1,neutral,neutral,True,6,6,5,0,0,0,0,0,50,0,True,True
aligned,test,273207$_$5,273207,5,190,34,48,False,0.3333333432674408,2,positive,positive,True,47,47,46,0,43,43,42,0,50,0,True,True
aligned,test,273207$_$7,273207,7,32,6,12,False,-0.3333333432674408,0,negative,negative,True,11,11,10,0,8,8,7,0,50,0,True,True
aligned,test,273207$_$9,273207,9,86,15,21,False,-0.3333333432674408,0,negative,negative,True,20,20,19,0,20,20,19,0,50,0,True,True
aligned,test,273250$_$20,273250,20,107,18,25,False,-0.3333333432674408,0,negative,negative,True,24,24,23,0,24,24,23,0,50,0,True,True
aligned,test,273250$_$3,273250,3,58,12,21,False,-0.6666666865348816,0,negative,negative,True,20,20,19,0,20,20,19,0,50,0,True,True
aligned,test,273250$_$7,273250,7,129,26,32,False,-0.3333333432674408,0,negative,negative,True,31,31,30,0,31,31,30,0,50,0,True,True
aligned,test,273250$_$11,273250,11,48,7,14,False,-1.3333333730697632,0,negative,negative,True,13,13,12,0,13,13,12,0,50,0,True,True
aligned,test,273250$_$12,273250,12,44,8,16,False,-2.6666667461395264,0,negative,negative,True,15,15,14,0,15,15,14,0,50,0,True,True
aligned,test,273250$_$16,273250,16,72,14,20,False,-2.3333332538604736,0,negative,negative,True,19,19,18,0,19,19,18,0,50,0,True,True
aligned,test,273250$_$19,273250,19,17,4,6,False,0.0,1,neutral,neutral,True,5,5,4,0,5,5,4,0,50,0,True,True
aligned,test,275267$_$5,275267,5,22,3,9,False,0.0,1,neutral,neutral,True,8,8,7,0,8,8,7,0,50,0,True,True
aligned,test,27v7Blr0vjw$_$0,27v7Blr0vjw,0,122,21,25,False,-0.3333333432674408,0,negative,negative,True,24,24,23,0,24,24,23,0,50,0,True,True
aligned,test,27v7Blr0vjw$_$3,27v7Blr0vjw,3,104,15,23,False,0.0,1,neutral,neutral,True,22,22,21,0,22,22,21,0,50,0,True,True
aligned,test,28006$_$22,28006,22,50,10,20,False,-2.3333332538604736,0,negative,negative,True,19,19,18,0,19,19,18,0,50,0,True,True
aligned,test,28006$_$0,28006,0,88,17,20,False,-2.6666667461395264,0,negative,negative,True,19,19,18,0,19,19,18,0,50,0,True,True
aligned,test,28006$_$5,28006,5,104,18,24,False,-1.6666666269302368,0,negative,negative,True,23,23,22,0,23,23,22,0,50,0,True,True
aligned,test,28006$_$7,28006,7,29,5,12,False,-2.3333332538604736,0,negative,negative,True,11,11,10,0,11,11,10,0,50,0,True,True
aligned,test,28006$_$13,28006,13,87,17,21,False,-2.3333332538604736,0,negative,negative,True,20,20,19,0,20,20,19,0,50,0,True,True
aligned,test,28006$_$15,28006,15,30,7,11,False,-1.6666666269302368,0,negative,negative,True,10,10,9,0,10,10,9,0,50,0,True,True
aligned,test,28006$_$17,28006,17,63,13,15,False,-2.0,0,negative,negative,True,14,14,13,0,14,14,13,0,50,0,True,True
aligned,test,28006$_$16,28006,16,211,40,50,False,-1.3333333730697632,0,negative,negative,True,49,49,48,0,49,49,48,0,50,0,True,True
aligned,test,286943$_$5,286943,5,109,21,29,False,-1.3333333730697632,0,negative,negative,True,28,28,27,0,28,28,27,0,50,0,True,True
aligned,test,29751$_$10,29751,10,110,22,31,False,0.0,1,neutral,neutral,True,30,30,29,0,30,30,29,0,50,0,True,True
aligned,test,29751$_$1,29751,1,92,20,24,False,0.0,1,neutral,neutral,True,23,23,22,0,23,23,22,0,50,0,True,True
aligned,test,29751$_$9,29751,9,99,21,29,False,0.0,1,neutral,neutral,True,28,28,27,0,28,28,27,0,50,0,True,True
aligned,test,2BuFtglEcaY$_$11,2BuFtglEcaY,11,119,18,23,False,2.3333332538604736,2,positive,positive,True,22,22,21,0,22,22,12,9,50,0,True,True
aligned,test,2BuFtglEcaY$_$6,2BuFtglEcaY,6,53,10,16,False,1.0,2,positive,positive,True,15,15,14,0,15,15,14,0,50,0,True,True
aligned,test,2ItiGjefTRA$_$3,2ItiGjefTRA,3,150,29,38,False,0.0,1,neutral,neutral,True,37,37,36,0,37,37,36,0,50,0,True,True
aligned,test,2ItiGjefTRA$_$4,2ItiGjefTRA,4,171,34,43,False,-0.6666666865348816,0,negative,negative,True,42,42,41,0,42,42,41,0,50,0,True,True
aligned,test,2W-U94hXuK0$_$3,2W-U94hXuK0,3,207,37,45,False,-3.0,0,negative,negative,True,44,44,43,0,44,44,43,0,50,0,True,True
aligned,test,2W-U94hXuK0$_$4,2W-U94hXuK0,4,84,17,21,False,-2.0,0,negative,negative,True,20,20,19,0,20,20,19,0,50,0,True,True
aligned,test,2fbBrB1nJEQ$_$0,2fbBrB1nJEQ,0,143,26,30,False,2.0,2,positive,positive,True,29,29,28,0,25,25,6,18,50,0,True,True
aligned,test,2m58ShI1QSI$_$2,2m58ShI1QSI,2,63,10,13,False,0.3333333432674408,2,positive,positive,True,12,12,11,0,12,12,11,0,50,0,True,True
aligned,test,2vsgDSlJ9pU$_$0,2vsgDSlJ9pU,0,64,12,19,False,0.0,1,neutral,neutral,True,18,18,17,0,18,18,17,0,50,0,True,True
aligned,test,2vsgDSlJ9pU$_$13,2vsgDSlJ9pU,13,180,32,43,False,0.6666666865348816,2,positive,positive,True,42,42,41,0,42,42,41,0,50,0,True,True
aligned,test,2ze94yo2aPo$_$0,2ze94yo2aPo,0,251,38,50,False,2.0,2,positive,positive,True,49,49,48,0,49,49,48,0,50,0,True,True
aligned,test,2ze94yo2aPo$_$5,2ze94yo2aPo,5,119,20,26,False,1.0,2,positive,positive,True,25,25,24,0,25,25,24,0,50,0,True,True
aligned,test,35694$_$10,35694,10,15,3,7,False,0.0,1,neutral,neutral,True,6,6,5,0,6,6,5,0,50,0,True,True
aligned,test,35694$_$17,35694,17,481,94,50,False,-1.6666666269302368,0,negative,negative,True,49,49,48,0,49,49,48,0,50,0,True,True
aligned,test,3At-BKm9eYk$_$5,3At-BKm9eYk,5,112,27,30,False,-0.3333333432674408,0,negative,negative,True,29,29,28,0,29,29,21,7,50,0,True,True
aligned,test,3HyAaqre_Fk$_$2,3HyAaqre_Fk,2,136,26,30,False,1.0,2,positive,positive,True,29,29,28,0,29,29,28,0,50,0,True,True
aligned,test,3HyAaqre_Fk$_$6,3HyAaqre_Fk,6,131,24,29,False,1.3333333730697632,2,positive,positive,True,28,28,27,0,28,28,27,0,50,0,True,True
aligned,test,3OYY5Tsz_2k$_$7,3OYY5Tsz_2k,7,88,19,24,False,0.0,1,neutral,neutral,True,23,23,22,0,23,23,22,0,50,0,True,True
aligned,test,3REPHw7oLWo$_$13,3REPHw7oLWo,13,232,45,50,False,0.3333333432674408,2,positive,positive,True,49,49,48,0,49,49,48,0,50,0,True,True
aligned,test,3wHE78v9zr4$_$24,3wHE78v9zr4,24,170,31,37,False,1.3333333730697632,2,positive,positive,True,36,36,35,0,36,36,35,0,50,0,True,True
aligned,test,3wHE78v9zr4$_$7,3wHE78v9zr4,7,128,22,27,False,1.6666666269302368,2,positive,positive,True,26,26,25,0,26,26,25,0,50,0,True,True
aligned,test,3wHE78v9zr4$_$9,3wHE78v9zr4,9,235,35,40,False,0.3333333432674408,2,positive,positive,True,39,39,38,0,39,39,38,0,50,0,True,True
aligned,test,3wHE78v9zr4$_$12,3wHE78v9zr4,12,60,10,14,False,1.0,2,positive,positive,True,13,13,12,0,13,13,12,0,50,0,True,True
aligned,test,41381$_$7,41381,7,280,57,50,False,0.0,1,neutral,neutral,True,49,49,48,0,49,49,48,0,50,0,True,True
aligned,test,41381$_$8,41381,8,44,9,14,False,1.0,2,positive,positive,True,13,13,12,0,13,13,12,0,50,0,True,True
aligned,test,424SXFTCFsA$_$3,424SXFTCFsA,3,138,18,28,False,1.3333333730697632,2,positive,positive,True,27,27,26,0,27,27,26,0,50,0,True,True
aligned,test,424SXFTCFsA$_$2,424SXFTCFsA,2,70,11,15,False,1.3333333730697632,2,positive,positive,True,14,14,13,0,14,14,13,0,50,0,True,True
aligned,test,424SXFTCFsA$_$4,424SXFTCFsA,4,77,14,20,False,2.0,2,positive,positive,True,19,19,18,0,19,19,18,0,50,0,True,True
aligned,test,46495$_$9,46495,9,107,26,29,False,-2.0,0,negative,negative,True,28,28,27,0,28,28,27,0,50,0,True,True
aligned,test,46615$_$1,46615,1,219,41,50,False,-1.3333333730697632,0,negative,negative,True,49,49,48,0,45,45,30,14,50,0,True,True
aligned,test,4EDblUpJieU$_$7,4EDblUpJieU,7,137,27,35,False,1.3333333730697632,2,positive,positive,True,34,34,33,0,34,34,33,0,50,0,True,True
aligned,test,53609$_$10,53609,10,29,8,10,False,-2.0,0,negative,negative,True,9,9,8,0,0,0,0,0,50,0,True,True
aligned,test,53609$_$13,53609,13,86,18,26,False,-2.0,0,negative,negative,True,25,25,24,0,14,14,10,3,50,0,True,True
aligned,test,53609$_$3,53609,3,162,31,42,False,0.0,1,neutral,neutral,True,41,41,40,0,39,39,4,34,50,0,True,True
aligned,test,53609$_$7,53609,7,120,25,32,False,-1.6666666269302368,0,negative,negative,True,31,31,30,0,30,30,15,14,50,0,True,True
aligned,test,53766$_$4,53766,4,227,40,50,False,2.3333332538604736,2,positive,positive,True,49,49,48,0,49,49,48,0,50,0,True,True
aligned,test,53766$_$9,53766,9,216,47,50,False,2.0,2,positive,positive,True,49,49,48,0,49,49,48,0,50,0,True,True
aligned,test,56989$_$12,56989,12,77,15,22,False,-0.6666666865348816,0,negative,negative,True,21,21,20,0,21,21,20,0,50,0,True,True
aligned,test,56989$_$5,56989,5,33,6,11,False,-2.3333332538604736,0,negative,negative,True,10,10,9,0,10,10,9,0,50,0,True,True
aligned,test,56989$_$9,56989,9,23,6,8,False,1.0,2,positive,positive,True,7,7,6,0,7,7,6,0,50,0,True,True
aligned,test,59673$_$4,59673,4,113,27,31,False,1.0,2,positive,positive,True,30,30,29,0,30,30,29,0,50,0,True,True
aligned,test,59673$_$6,59673,6,89,17,25,False,-0.3333333432674408,0,negative,negative,True,24,24,23,0,24,24,23,0,50,0,True,True
aligned,test,5eY4S1F62Z4$_$13,5eY4S1F62Z4,13,215,36,40,False,0.3333333432674408,2,positive,positive,True,39,39,38,0,39,39,38,0,50,0,True,True
aligned,test,5eY4S1F62Z4$_$17,5eY4S1F62Z4,17,68,15,18,False,0.3333333432674408,2,positive,positive,True,17,17,16,0,17,17,16,0,50,0,True,True
aligned,test,5fKPJPFqPho$_$2,5fKPJPFqPho,2,92,15,17,False,0.6666666865348816,2,positive,positive,True,16,16,15,0,16,16,15,0,50,0,True,True
aligned,test,5lrDS7LluCA$_$4,5lrDS7LluCA,4,24,7,9,False,1.0,2,positive,positive,True,8,8,7,0,5,5,4,0,50,0,True,True
aligned,test,5pxFqJ5hKMU$_$2,5pxFqJ5hKMU,2,73,13,23,False,0.0,1,neutral,neutral,True,22,22,21,0,22,22,21,0,50,0,True,True
aligned,test,5vwXp27bCLw$_$16,5vwXp27bCLw,16,152,31,35,False,0.0,1,neutral,neutral,True,34,34,33,0,34,34,33,0,50,0,True,True
aligned,test,5xa0Ac2krGs$_$2,5xa0Ac2krGs,2,101,20,29,False,-0.3333333432674408,0,negative,negative,True,28,28,27,0,28,28,27,0,50,0,True,True
aligned,test,5xa0Ac2krGs$_$7,5xa0Ac2krGs,7,148,30,34,False,0.3333333432674408,2,positive,positive,True,33,33,32,0,33,33,32,0,50,0,True,True
aligned,test,61531$_$3,61531,3,39,10,12,False,0.0,1,neutral,neutral,True,11,11,10,0,11,11,10,0,50,0,True,True
aligned,test,61531$_$9,61531,9,20,4,10,False,2.0,2,positive,positive,True,9,9,8,0,9,9,8,0,50,0,True,True
aligned,test,63951$_$1,63951,1,136,20,33,False,0.0,1,neutral,neutral,True,32,32,31,0,32,32,31,0,50,0,True,True
aligned,test,67uKYi7mslE$_$3,67uKYi7mslE,3,104,22,25,False,0.6666666865348816,2,positive,positive,True,24,24,23,0,24,24,23,0,50,0,True,True
aligned,test,67uKYi7mslE$_$4,67uKYi7mslE,4,113,17,21,False,0.0,1,neutral,neutral,True,20,20,19,0,20,20,19,0,50,0,True,True
aligned,test,69824$_$5,69824,5,48,9,11,False,-2.6666667461395264,0,negative,negative,True,10,10,9,0,10,10,9,0,50,0,True,True
aligned,test,6EDoVEm16fU$_$13,6EDoVEm16fU,13,124,25,32,False,1.3333333730697632,2,positive,positive,True,31,31,30,0,31,31,30,0,50,0,True,True
aligned,test,6EDoVEm16fU$_$4,6EDoVEm16fU,4,222,41,49,False,1.6666666269302368,2,positive,positive,True,48,48,47,0,48,48,47,0,50,0,True,True
aligned,test,6EDoVEm16fU$_$6,6EDoVEm16fU,6,83,16,24,False,1.0,2,positive,positive,True,23,23,22,0,23,23,22,0,50,0,True,True
aligned,test,6EJHA6IDLNk$_$3,6EJHA6IDLNk,3,108,20,31,False,0.6666666865348816,2,positive,positive,True,30,30,29,0,30,30,29,0,50,0,True,True
aligned,test,6EJHA6IDLNk$_$4,6EJHA6IDLNk,4,94,19,25,False,0.0,1,neutral,neutral,True,24,24,23,0,24,24,23,0,50,0,True,True
aligned,test,6RFVsOWK1m4$_$7,6RFVsOWK1m4,7,133,20,29,False,-0.6666666865348816,0,negative,negative,True,28,28,27,0,28,28,27,0,50,0,True,True
aligned,test,6RFVsOWK1m4$_$9,6RFVsOWK1m4,9,94,17,28,False,1.0,2,positive,positive,True,27,27,26,0,27,27,26,0,50,0,True,True
aligned,test,6brtMLkjjYk$_$0,6brtMLkjjYk,0,71,11,16,False,2.0,2,positive,positive,True,15,15,14,0,15,15,14,0,50,0,True,True
aligned,test,6gtfeIqGasE$_$0,6gtfeIqGasE,0,113,24,28,False,1.3333333730697632,2,positive,positive,True,27,27,26,0,27,27,26,0,50,0,True,True
aligned,test,6uoM8-9d0zA$_$4,6uoM8-9d0zA,4,76,13,20,False,0.6666666865348816,2,positive,positive,True,19,19,18,0,19,19,18,0,50,0,True,True
aligned,test,79356$_$7,79356,7,70,11,18,False,2.6666667461395264,2,positive,positive,True,17,17,16,0,17,17,16,0,50,0,True,True
aligned,test,79356$_$9,79356,9,58,10,18,False,1.0,2,positive,positive,True,17,17,16,0,17,17,16,0,50,0,True,True
aligned,test,7IxmlIwqigw$_$20,7IxmlIwqigw,20,84,16,21,False,0.6666666865348816,2,positive,positive,True,20,20,19,0,20,20,19,0,50,0,True,True
aligned,test,7IxmlIwqigw$_$16,7IxmlIwqigw,16,96,17,23,False,0.6666666865348816,2,positive,positive,True,22,22,21,0,22,22,21,0,50,0,True,True
aligned,test,7deoh0NoMs4$_$0,7deoh0NoMs4,0,156,20,34,False,2.0,2,positive,positive,True,33,33,32,0,33,33,32,0,50,0,True,True
aligned,test,7f3ndBCx_JE$_$19,7f3ndBCx_JE,19,99,17,23,False,2.0,2,positive,positive,True,22,22,21,0,22,22,21,0,50,0,True,True
aligned,test,7mb8Y2AhXIY$_$6,7mb8Y2AhXIY,6,135,24,27,False,2.0,2,positive,positive,True,26,26,25,0,26,26,25,0,50,0,True,True
aligned,test,83400$_$5,83400,5,41,7,14,False,0.0,1,neutral,neutral,True,13,13,12,0,13,13,12,0,50,0,True,True
aligned,test,86c2OkQ3_U8$_$22,86c2OkQ3_U8,22,96,15,22,False,2.0,2,positive,positive,True,21,21,20,0,21,21,20,0,50,0,True,True
aligned,test,86c2OkQ3_U8$_$3,86c2OkQ3_U8,3,71,12,15,False,0.6666666865348816,2,positive,positive,True,14,14,13,0,14,14,13,0,50,0,True,True
aligned,test,88791$_$15,88791,15,23,5,9,False,0.3333333432674408,2,positive,positive,True,8,8,7,0,0,0,0,0,50,0,True,True
aligned,test,88791$_$1,88791,1,17,4,6,False,-1.0,0,negative,negative,True,5,5,4,0,3,3,2,0,50,0,True,True
aligned,test,88791$_$2,88791,2,11,2,4,False,0.0,1,neutral,neutral,True,3,3,2,0,3,3,2,0,50,0,True,True
aligned,test,8XZszYrUSCQ$_$0,8XZszYrUSCQ,0,84,15,20,False,1.0,2,positive,positive,True,19,19,18,0,19,19,18,0,50,0,True,True
aligned,test,8i7u3fl-hP8$_$0,8i7u3fl-hP8,0,34,8,11,False,1.3333333730697632,2,positive,positive,True,10,10,9,0,10,10,9,0,50,0,True,True
aligned,test,8lfS97s2AKc$_$0,8lfS97s2AKc,0,37,7,12,False,-1.3333333730697632,0,negative,negative,True,11,11,10,0,11,11,10,0,50,0,True,True
aligned,test,8lfS97s2AKc$_$7,8lfS97s2AKc,7,66,12,15,False,-1.0,0,negative,negative,True,14,14,13,0,14,14,13,0,50,0,True,True
aligned,test,8wNr-NQImFg$_$8,8wNr-NQImFg,8,32,5,9,False,0.3333333432674408,2,positive,positive,True,8,8,7,0,8,8,7,0,50,0,True,True
aligned,test,8wQhzezNcUY$_$1,8wQhzezNcUY,1,60,13,20,False,2.0,2,positive,positive,True,19,19,18,0,19,19,18,0,50,0,True,True
aligned,test,8wQhzezNcUY$_$2,8wQhzezNcUY,2,133,27,30,False,1.0,2,positive,positive,True,29,29,28,0,29,29,28,0,50,0,True,True
aligned,test,91844$_$10,91844,10,36,9,13,False,-0.3333333432674408,0,negative,negative,True,12,12,11,0,12,12,11,0,50,0,True,True
aligned,test,91844$_$5,91844,5,99,20,26,False,3.0,2,positive,positive,True,25,25,24,0,25,25,24,0,50,0,True,True
aligned,test,91844$_$7,91844,7,40,8,17,False,0.6666666865348816,2,positive,positive,True,16,16,15,0,16,16,15,0,50,0,True,True
aligned,test,91844$_$9,91844,9,167,33,46,False,-0.3333333432674408,0,negative,negative,True,45,45,44,0,39,39,31,7,50,0,True,True
aligned,test,92291$_$1,92291,1,245,47,50,False,1.3333333730697632,2,positive,positive,True,49,49,48,0,49,49,48,0,50,0,True,True
aligned,test,92291$_$2,92291,2,112,21,33,False,0.0,1,neutral,neutral,True,32,32,31,0,32,32,31,0,50,0,True,True
aligned,test,92291$_$5,92291,5,126,24,33,False,-2.3333332538604736,0,negative,negative,True,32,32,31,0,32,32,31,0,50,0,True,True
aligned,test,92496$_$0,92496,0,107,22,39,False,-2.6666667461395264,0,negative,negative,True,38,38,37,0,38,38,37,0,50,0,True,True
aligned,test,93iGT5oueTA$_$12,93iGT5oueTA,12,74,15,20,False,-2.0,0,negative,negative,True,19,19,18,0,19,19,18,0,50,0,True,True
aligned,test,93iGT5oueTA$_$4,93iGT5oueTA,4,31,6,8,False,1.3333333730697632,2,positive,positive,True,7,7,6,0,7,7,6,0,50,0,True,True
aligned,test,94481$_$2,94481,2,9,2,6,False,0.6666666865348816,2,positive,positive,True,5,5,4,0,5,5,4,0,50,0,True,True
aligned,test,94481$_$4,94481,4,52,8,19,False,2.6666667461395264,2,positive,positive,True,18,18,17,0,18,18,17,0,50,0,True,True
aligned,test,97ENTofrmNo$_$0,97ENTofrmNo,0,123,24,30,False,1.3333333730697632,2,positive,positive,True,29,29,28,0,29,29,28,0,50,0,True,True
aligned,test,9GzFQBljNIY$_$0,9GzFQBljNIY,0,34,5,8,False,0.0,1,neutral,neutral,True,7,7,6,0,7,7,6,0,50,0,True,True
aligned,test,9PzZSheh10U$_$24,9PzZSheh10U,24,146,23,30,False,2.3333332538604736,2,positive,positive,True,29,29,28,0,29,29,28,0,50,0,True,True
aligned,test,9PzZSheh10U$_$23,9PzZSheh10U,23,121,22,28,False,0.6666666865348816,2,positive,positive,True,27,27,26,0,27,27,26,0,50,0,True,True
aligned,test,9PzZSheh10U$_$5,9PzZSheh10U,5,345,52,50,False,0.0,1,neutral,neutral,True,49,49,48,0,49,49,48,0,50,0,True,True
aligned,test,9PzZSheh10U$_$19,9PzZSheh10U,19,26,6,8,False,0.3333333432674408,2,positive,positive,True,7,7,6,0,7,7,6,0,50,0,True,True
aligned,test,9cYNT_YSo8o$_$2,9cYNT_YSo8o,2,202,35,41,False,-1.0,0,negative,negative,True,40,40,39,0,40,40,38,1,50,0,True,True
aligned,test,9orb0lQnVW4$_$0,9orb0lQnVW4,0,101,16,22,False,0.0,1,neutral,neutral,True,21,21,20,0,15,15,14,0,50,0,True,True
aligned,test,A1lFJXUpxZo$_$7,A1lFJXUpxZo,7,170,30,33,False,1.6666666269302368,2,positive,positive,True,32,32,31,0,32,32,31,0,50,0,True,True
aligned,test,AB1PbMaW03s$_$13,AB1PbMaW03s,13,88,15,21,False,0.0,1,neutral,neutral,True,20,20,19,0,0,0,0,0,50,0,True,True
aligned,test,AB1PbMaW03s$_$3,AB1PbMaW03s,3,116,22,29,False,0.3333333432674408,2,positive,positive,True,28,28,27,0,0,0,0,0,50,0,True,True
aligned,test,AB1PbMaW03s$_$8,AB1PbMaW03s,8,81,15,23,False,0.0,1,neutral,neutral,True,22,22,21,0,0,0,0,0,50,0,True,True
aligned,test,AHiA9hohKr8$_$0,AHiA9hohKr8,0,42,6,11,False,0.0,1,neutral,neutral,True,10,10,9,0,0,0,0,0,50,0,True,True
aligned,test,C5-cY1nPQ20$_$11,C5-cY1nPQ20,11,61,14,16,False,0.6666666865348816,2,positive,positive,True,15,15,14,0,15,15,14,0,50,0,True,True
aligned,test,C5-cY1nPQ20$_$8,C5-cY1nPQ20,8,93,21,25,False,0.3333333432674408,2,positive,positive,True,24,24,23,0,24,24,23,0,50,0,True,True
aligned,test,CKqDDh50gcU$_$14,CKqDDh50gcU,14,70,11,20,False,1.3333333730697632,2,positive,positive,True,19,19,18,0,19,19,18,0,50,0,True,True
aligned,test,CKqDDh50gcU$_$6,CKqDDh50gcU,6,191,37,44,False,1.6666666269302368,2,positive,positive,True,43,43,42,0,43,43,42,0,50,0,True,True
aligned,test,CO2YoTZbUr0$_$0,CO2YoTZbUr0,0,48,8,13,False,0.0,1,neutral,neutral,True,12,12,11,0,12,12,11,0,50,0,True,True
aligned,test,CO6n-skQJss$_$0,CO6n-skQJss,0,125,25,36,False,0.0,1,neutral,neutral,True,35,35,34,0,35,35,34,0,50,0,True,True
aligned,test,CO6n-skQJss$_$3,CO6n-skQJss,3,379,75,50,False,-1.3333333730697632,0,negative,negative,True,49,49,48,0,49,49,48,0,50,0,True,True
aligned,test,CU6U-gS76K4$_$20,CU6U-gS76K4,20,230,42,50,False,1.6666666269302368,2,positive,positive,True,49,49,48,0,49,49,48,0,50,0,True,True
aligned,test,CbRexsp1HKw$_$7,CbRexsp1HKw,7,77,11,15,False,0.0,1,neutral,neutral,True,14,14,13,0,14,14,13,0,50,0,True,True
aligned,test,ChhZna-aBK4$_$10,ChhZna-aBK4,10,194,35,42,False,0.3333333432674408,2,positive,positive,True,41,41,40,0,41,41,40,0,50,0,True,True
aligned,test,ChhZna-aBK4$_$16,ChhZna-aBK4,16,59,11,21,False,0.0,1,neutral,neutral,True,20,20,19,0,20,20,19,0,50,0,True,True
aligned,test,ChhZna-aBK4$_$8,ChhZna-aBK4,8,330,51,50,False,0.6666666865348816,2,positive,positive,True,49,49,48,0,49,49,48,0,50,0,True,True
aligned,test,DVAY-u_cJWU$_$5,DVAY-u_cJWU,5,145,25,32,False,1.0,2,positive,positive,True,31,31,30,0,31,31,30,0,50,0,True,True
aligned,test,DjcZrtcBZi4$_$10,DjcZrtcBZi4,10,122,20,27,False,0.3333333432674408,2,positive,positive,True,26,26,25,0,26,26,24,1,50,0,True,True
aligned,test,DjcZrtcBZi4$_$8,DjcZrtcBZi4,8,122,24,26,False,0.0,1,neutral,neutral,True,25,25,24,0,25,25,23,1,50,0,True,True
aligned,test,DnBHq5I52LM$_$5,DnBHq5I52LM,5,32,6,11,False,-1.3333333730697632,0,negative,negative,True,10,10,9,0,10,10,9,0,50,0,True,True
aligned,test,DtbT85s3i94$_$5,DtbT85s3i94,5,84,15,19,False,1.0,2,positive,positive,True,18,18,17,0,4,4,3,0,50,0,True,True
aligned,test,EMS14J0odIE$_$16,EMS14J0odIE,16,114,20,25,False,-0.3333333432674408,0,negative,negative,True,24,24,23,0,24,24,23,0,50,0,True,True
aligned,test,EO_5o9Gup6g$_$10,EO_5o9Gup6g,10,117,21,25,False,-0.6666666865348816,0,negative,negative,True,24,24,23,0,24,24,23,0,50,0,True,True
aligned,test,EO_5o9Gup6g$_$4,EO_5o9Gup6g,4,131,24,29,False,-1.0,0,negative,negative,True,28,28,27,0,28,28,27,0,50,0,True,True
aligned,test,EO_5o9Gup6g$_$6,EO_5o9Gup6g,6,281,46,50,False,-2.0,0,negative,negative,True,49,49,48,0,49,49,48,0,50,0,True,True
aligned,test,EyoMU2yoJPY$_$11,EyoMU2yoJPY,11,81,14,19,False,1.6666666269302368,2,positive,positive,True,18,18,17,0,18,18,17,0,50,0,True,True
aligned,test,EyoMU2yoJPY$_$7,EyoMU2yoJPY,7,86,15,28,False,-0.3333333432674408,0,negative,negative,True,27,27,26,0,0,0,0,0,50,0,True,True
aligned,test,F2hc2FLOdhI$_$3,F2hc2FLOdhI,3,113,19,21,False,1.0,2,positive,positive,True,20,20,19,0,20,20,19,0,50,0,True,True
aligned,test,F2hc2FLOdhI$_$5,F2hc2FLOdhI,5,126,21,26,False,1.0,2,positive,positive,True,25,25,24,0,25,25,6,18,50,0,True,True
aligned,test,F8eQI8E-6q4$_$3,F8eQI8E-6q4,3,86,16,22,False,-0.6666666865348816,0,negative,negative,True,21,21,20,0,21,21,20,0,50,0,True,True
aligned,test,FHDVQkU-nGI$_$7,FHDVQkU-nGI,7,65,13,16,False,2.0,2,positive,positive,True,15,15,14,0,15,15,14,0,50,0,True,True
aligned,test,F_YaG_pvZrA$_$11,F_YaG_pvZrA,11,119,22,25,False,0.0,1,neutral,neutral,True,24,24,23,0,24,24,23,0,50,0,True,True
aligned,test,GAVpYuhMZAw$_$12,GAVpYuhMZAw,12,66,13,17,False,1.0,2,positive,positive,True,16,16,15,0,16,16,15,0,50,0,True,True
aligned,test,GAVpYuhMZAw$_$1,GAVpYuhMZAw,1,100,15,20,False,2.0,2,positive,positive,True,19,19,18,0,19,19,18,0,50,0,True,True
aligned,test,GAVpYuhMZAw$_$4,GAVpYuhMZAw,4,69,12,17,False,0.3333333432674408,2,positive,positive,True,16,16,15,0,16,16,15,0,50,0,True,True
aligned,test,GAVpYuhMZAw$_$6,GAVpYuhMZAw,6,143,25,35,False,-0.3333333432674408,0,negative,negative,True,34,34,33,0,34,34,33,0,50,0,True,True
aligned,test,GK-Pprzh0t0$_$1,GK-Pprzh0t0,1,125,21,24,False,-1.6666666269302368,0,negative,negative,True,23,23,22,0,23,23,22,0,50,0,True,True
aligned,test,GKsjv42t284$_$1,GKsjv42t284,1,145,25,32,False,1.3333333730697632,2,positive,positive,True,31,31,30,0,31,31,30,0,50,0,True,True
aligned,test,GMa0cIAltnw$_$3,GMa0cIAltnw,3,105,18,22,False,0.3333333432674408,2,positive,positive,True,21,21,20,0,21,21,20,0,50,0,True,True
aligned,test,GNP0PFas12Y$_$4,GNP0PFas12Y,4,75,16,21,False,0.3333333432674408,2,positive,positive,True,20,20,19,0,20,20,19,0,50,0,True,True
aligned,test,HFPGeaEPy9o$_$0,HFPGeaEPy9o,0,104,16,21,False,-0.3333333432674408,0,negative,negative,True,20,20,19,0,20,20,19,0,50,0,True,True
aligned,test,HJTxq72GuMs$_$14,HJTxq72GuMs,14,236,41,49,False,0.6666666865348816,2,positive,positive,True,48,48,47,0,48,48,47,0,50,0,True,True
aligned,test,HMRqR-P68Ws$_$0,HMRqR-P68Ws,0,108,14,23,False,1.0,2,positive,positive,True,22,22,21,0,8,8,7,0,50,0,True,True
aligned,test,HR18U0yAlTc$_$10,HR18U0yAlTc,10,71,17,25,False,0.0,1,neutral,neutral,True,24,24,23,0,24,24,23,0,50,0,True,True
aligned,test,HR18U0yAlTc$_$4,HR18U0yAlTc,4,66,13,20,False,-0.3333333432674408,0,negative,negative,True,19,19,18,0,19,19,18,0,50,0,True,True
aligned,test,HR18U0yAlTc$_$9,HR18U0yAlTc,9,103,20,24,False,-0.3333333432674408,0,negative,negative,True,23,23,22,0,23,23,22,0,50,0,True,True
aligned,test,HbaycY0VuZk$_$0,HbaycY0VuZk,0,79,14,24,False,1.3333333730697632,2,positive,positive,True,23,23,22,0,23,23,22,0,50,0,True,True
aligned,test,IHp8hd1jm6k$_$27,IHp8hd1jm6k,27,94,15,19,False,1.3333333730697632,2,positive,positive,True,18,18,17,0,18,18,17,0,50,0,True,True
aligned,test,IHp8hd1jm6k$_$0,IHp8hd1jm6k,0,250,43,50,False,1.6666666269302368,2,positive,positive,True,49,49,48,0,49,49,48,0,50,0,True,True
aligned,test,IHp8hd1jm6k$_$5,IHp8hd1jm6k,5,116,22,28,False,1.0,2,positive,positive,True,27,27,26,0,27,27,26,0,50,0,True,True
aligned,test,IHp8hd1jm6k$_$7,IHp8hd1jm6k,7,21,5,7,False,0.0,1,neutral,neutral,True,6,6,5,0,6,6,5,0,50,0,True,True
aligned,test,IHp8hd1jm6k$_$15,IHp8hd1jm6k,15,69,11,14,False,1.3333333730697632,2,positive,positive,True,13,13,12,0,13,13,12,0,50,0,True,True
aligned,test,IIPYcCii7Sg$_$3,IIPYcCii7Sg,3,53,10,14,False,-0.3333333432674408,0,negative,negative,True,13,13,12,0,7,7,6,0,50,0,True,True
aligned,test,IRSxo_XXArg$_$12,IRSxo_XXArg,12,304,56,50,False,0.0,1,neutral,neutral,True,49,49,48,0,49,49,48,0,50,0,True,True
aligned,test,IRSxo_XXArg$_$7,IRSxo_XXArg,7,126,22,29,False,0.0,1,neutral,neutral,True,28,28,27,0,28,28,27,0,50,0,True,True
aligned,test,Iemw8vqt-54$_$13,Iemw8vqt-54,13,90,17,22,False,0.3333333432674408,2,positive,positive,True,21,21,20,0,14,14,13,0,50,0,True,True
aligned,test,Iemw8vqt-54$_$0,Iemw8vqt-54,0,329,59,50,False,0.6666666865348816,2,positive,positive,True,49,49,48,0,49,49,48,0,50,0,True,True
aligned,test,Iemw8vqt-54$_$9,Iemw8vqt-54,9,125,22,29,False,1.0,2,positive,positive,True,28,28,27,0,28,28,27,0,50,0,True,True
aligned,test,JKueLneBoik$_$0,JKueLneBoik,0,32,6,11,False,1.0,2,positive,positive,True,10,10,9,0,10,10,9,0,50,0,True,True
aligned,test,JKueLneBoik$_$4,JKueLneBoik,4,29,6,10,False,0.0,1,neutral,neutral,True,9,9,8,0,9,9,8,0,50,0,True,True
aligned,test,JNhqI4JtPXA$_$3,JNhqI4JtPXA,3,113,23,27,False,2.0,2,positive,positive,True,26,26,25,0,26,26,25,0,50,0,True,True
aligned,test,JXYot3NDQn0$_$2,JXYot3NDQn0,2,169,32,36,False,0.6666666865348816,2,positive,positive,True,35,35,34,0,35,35,34,0,50,0,True,True
aligned,test,KB5hSnV1emg$_$3,KB5hSnV1emg,3,134,23,32,False,0.0,1,neutral,neutral,True,31,31,30,0,31,31,30,0,50,0,True,True
aligned,test,Kn5eKHlPD0k$_$12,Kn5eKHlPD0k,12,77,15,17,False,1.0,2,positive,positive,True,16,16,15,0,16,16,15,0,50,0,True,True
aligned,test,Kn99u05vlpA$_$5,Kn99u05vlpA,5,124,25,35,False,1.6666666269302368,2,positive,positive,True,34,34,33,0,34,34,33,0,50,0,True,True
aligned,test,L-7oRnbi9-w$_$3,L-7oRnbi9-w,3,111,21,27,False,0.3333333432674408,2,positive,positive,True,26,26,25,0,26,26,25,0,50,0,True,True
aligned,test,L-a4Sh6iAcw$_$7,L-a4Sh6iAcw,7,91,17,20,False,0.6666666865348816,2,positive,positive,True,19,19,18,0,19,19,18,0,50,0,True,True
aligned,test,L-a4Sh6iAcw$_$9,L-a4Sh6iAcw,9,156,34,39,False,0.6666666865348816,2,positive,positive,True,38,38,37,0,38,38,37,0,50,0,True,True
aligned,test,LD3HYOwk1Bc$_$0,LD3HYOwk1Bc,0,87,15,26,False,0.0,1,neutral,neutral,True,25,25,24,0,25,25,24,0,50,0,True,True
aligned,test,LJGL2sGvSS0$_$2,LJGL2sGvSS0,2,66,13,17,False,1.3333333730697632,2,positive,positive,True,16,16,15,0,16,16,15,0,50,0,True,True
aligned,test,LJGL2sGvSS0$_$10,LJGL2sGvSS0,10,178,27,30,False,1.3333333730697632,2,positive,positive,True,29,29,28,0,29,29,28,0,50,0,True,True
aligned,test,LJGL2sGvSS0$_$14,LJGL2sGvSS0,14,79,11,15,False,1.6666666269302368,2,positive,positive,True,14,14,13,0,14,14,13,0,50,0,True,True
aligned,test,LJGL2sGvSS0$_$19,LJGL2sGvSS0,19,181,28,32,False,1.0,2,positive,positive,True,31,31,30,0,31,31,30,0,50,0,True,True
aligned,test,LcfubBagG6Q$_$1,LcfubBagG6Q,1,58,13,20,False,1.3333333730697632,2,positive,positive,True,19,19,18,0,14,14,7,6,50,0,True,True
aligned,test,LcfubBagG6Q$_$3,LcfubBagG6Q,3,97,17,21,False,0.3333333432674408,2,positive,positive,True,20,20,19,0,20,20,10,9,50,0,True,True
aligned,test,LyOq9mOEPuk$_$8,LyOq9mOEPuk,8,60,12,15,False,-0.6666666865348816,0,negative,negative,True,14,14,13,0,14,14,13,0,50,0,True,True
aligned,test,MHVrwCEWLPI$_$4,MHVrwCEWLPI,4,78,14,19,False,1.0,2,positive,positive,True,18,18,17,0,18,18,17,0,50,0,True,True
aligned,test,MHVrwCEWLPI$_$6,MHVrwCEWLPI,6,44,9,11,False,0.3333333432674408,2,positive,positive,True,10,10,9,0,10,10,9,0,50,0,True,True
aligned,test,MHyW857u_X8$_$18,MHyW857u_X8,18,312,54,50,False,-0.3333333432674408,0,negative,negative,True,49,49,48,0,49,49,48,0,50,0,True,True
aligned,test,MZUr1DfYNNw$_$1,MZUr1DfYNNw,1,120,15,20,False,1.3333333730697632,2,positive,positive,True,19,19,18,0,19,19,18,0,50,0,True,True
aligned,test,NIpuKcoJhGM$_$0,NIpuKcoJhGM,0,65,8,13,False,2.0,2,positive,positive,True,12,12,11,0,12,12,11,0,50,0,True,True
aligned,test,NVLPURuAVLU$_$2,NVLPURuAVLU,2,161,31,38,False,-0.6666666865348816,0,negative,negative,True,37,37,36,0,37,37,36,0,50,0,True,True
aligned,test,NaWmaHwjElo$_$5,NaWmaHwjElo,5,115,23,29,False,0.0,1,neutral,neutral,True,28,28,27,0,28,28,27,0,50,0,True,True
aligned,test,NiAjz4ciA60$_$1,NiAjz4ciA60,1,127,20,35,False,1.0,2,positive,positive,True,34,34,33,0,34,34,29,4,50,0,True,True
aligned,test,NocexkPXja8$_$13,NocexkPXja8,13,76,12,20,False,-1.0,0,negative,negative,True,19,19,18,0,19,19,18,0,50,0,True,True
aligned,test,NocexkPXja8$_$4,NocexkPXja8,4,177,35,40,False,-2.3333332538604736,0,negative,negative,True,39,39,38,0,39,39,38,0,50,0,True,True
aligned,test,O-b3DQg0QmA$_$1,O-b3DQg0QmA,1,45,9,13,False,0.0,1,neutral,neutral,True,12,12,11,0,12,12,11,0,50,0,True,True
aligned,test,OFia3dWgaoI$_$0,OFia3dWgaoI,0,60,12,21,False,-1.3333333730697632,0,negative,negative,True,20,20,19,0,20,20,19,0,50,0,True,True
aligned,test,OFia3dWgaoI$_$6,OFia3dWgaoI,6,46,9,14,False,-0.6666666865348816,0,negative,negative,True,13,13,12,0,13,13,12,0,50,0,True,True
aligned,test,OKJPFisBoPY$_$0,OKJPFisBoPY,0,158,26,34,False,0.3333333432674408,2,positive,positive,True,33,33,32,0,33,33,32,0,50,0,True,True
aligned,test,OORklkFql3k$_$10,OORklkFql3k,10,122,21,36,False,-0.3333333432674408,0,negative,negative,True,35,35,34,0,35,35,34,0,50,0,True,True
aligned,test,OORklkFql3k$_$4,OORklkFql3k,4,118,20,26,False,-2.0,0,negative,negative,True,25,25,24,0,25,25,24,0,50,0,True,True
aligned,test,OWWHjP3pX9o$_$0,OWWHjP3pX9o,0,45,8,10,False,-0.3333333432674408,0,negative,negative,True,9,9,8,0,9,9,8,0,50,0,True,True
aligned,test,OWWHjP3pX9o$_$4,OWWHjP3pX9o,4,92,17,19,False,0.6666666865348816,2,positive,positive,True,18,18,17,0,18,18,17,0,50,0,True,True
aligned,test,OXsTIPdytiw$_$0,OXsTIPdytiw,0,106,16,23,False,0.6666666865348816,2,positive,positive,True,22,22,21,0,22,22,21,0,50,0,True,True
aligned,test,OXsTIPdytiw$_$7,OXsTIPdytiw,7,81,16,22,False,0.6666666865348816,2,positive,positive,True,21,21,20,0,21,21,16,4,50,0,True,True
aligned,test,Oa2xVjzAMFc$_$9,Oa2xVjzAMFc,9,119,20,31,False,-0.3333333432674408,0,negative,negative,True,30,30,29,0,30,30,29,0,50,0,True,True
aligned,test,OctOcfI4KSs$_$3,OctOcfI4KSs,3,136,24,30,False,0.3333333432674408,2,positive,positive,True,29,29,28,0,29,29,28,0,50,0,True,True
aligned,test,OctOcfI4KSs$_$7,OctOcfI4KSs,7,145,26,36,False,0.3333333432674408,2,positive,positive,True,35,35,34,0,35,35,34,0,50,0,True,True
aligned,test,P0UHzR4CmYg$_$1,P0UHzR4CmYg,1,91,11,20,False,1.0,2,positive,positive,True,19,19,18,0,19,19,18,0,50,0,True,True
aligned,test,P0UHzR4CmYg$_$3,P0UHzR4CmYg,3,73,14,23,False,0.6666666865348816,2,positive,positive,True,22,22,21,0,22,22,21,0,50,0,True,True
aligned,test,P0UHzR4CmYg$_$4,P0UHzR4CmYg,4,158,26,37,False,1.0,2,positive,positive,True,36,36,35,0,36,36,35,0,50,0,True,True
aligned,test,P0UHzR4CmYg$_$8,P0UHzR4CmYg,8,104,20,24,False,0.6666666865348816,2,positive,positive,True,23,23,22,0,23,23,22,0,50,0,True,True
aligned,test,P0UHzR4CmYg$_$11,P0UHzR4CmYg,11,105,16,19,False,-1.0,0,negative,negative,True,18,18,17,0,18,18,17,0,50,0,True,True
aligned,test,PcqKFt1p3UQ$_$10,PcqKFt1p3UQ,10,109,17,27,False,0.3333333432674408,2,positive,positive,True,26,26,25,0,26,26,25,0,50,0,True,True
aligned,test,PzI6yY9Y2xQ$_$0,PzI6yY9Y2xQ,0,178,35,46,False,1.6666666269302368,2,positive,positive,True,45,45,44,0,45,45,44,0,50,0,True,True
aligned,test,PzI6yY9Y2xQ$_$2,PzI6yY9Y2xQ,2,70,11,14,False,1.3333333730697632,2,positive,positive,True,13,13,12,0,13,13,12,0,50,0,True,True
aligned,test,QBc7X5jj8oA$_$4,QBc7X5jj8oA,4,112,22,28,False,1.3333333730697632,2,positive,positive,True,27,27,26,0,27,27,26,0,50,0,True,True
aligned,test,QCR7uyowjhM$_$10,QCR7uyowjhM,10,37,7,10,False,0.3333333432674408,2,positive,positive,True,9,9,8,0,9,9,8,0,50,0,True,True
aligned,test,QCR7uyowjhM$_$8,QCR7uyowjhM,8,24,5,9,False,0.0,1,neutral,neutral,True,8,8,7,0,8,8,7,0,50,0,True,True
aligned,test,QIonRUsCqBs$_$1,QIonRUsCqBs,1,209,39,46,False,1.3333333730697632,2,positive,positive,True,45,45,44,0,45,45,44,0,50,0,True,True
aligned,test,Qfa1fY_07bQ$_$5,Qfa1fY_07bQ,5,80,11,18,False,1.3333333730697632,2,positive,positive,True,17,17,16,0,17,17,16,0,50,0,True,True
aligned,test,R9xTBw3MCWI$_$5,R9xTBw3MCWI,5,115,25,27,False,0.3333333432674408,2,positive,positive,True,26,26,25,0,26,26,25,0,50,0,True,True
aligned,test,ROC2YI3tDsk$_$13,ROC2YI3tDsk,13,232,43,50,False,0.3333333432674408,2,positive,positive,True,49,49,48,0,49,49,48,0,50,0,True,True
aligned,test,ROC2YI3tDsk$_$3,ROC2YI3tDsk,3,174,34,45,False,1.0,2,positive,positive,True,44,44,43,0,44,44,43,0,50,0,True,True
aligned,test,RVC8l5hf2Eg$_$13,RVC8l5hf2Eg,13,121,16,35,False,-0.6666666865348816,0,negative,negative,True,34,34,33,0,34,34,33,0,50,0,True,True
aligned,test,RVC8l5hf2Eg$_$8,RVC8l5hf2Eg,8,135,24,29,False,-0.3333333432674408,0,negative,negative,True,28,28,27,0,28,28,27,0,50,0,True,True
aligned,test,Rb1uzHNcYcA$_$4,Rb1uzHNcYcA,4,62,14,17,False,1.6666666269302368,2,positive,positive,True,16,16,15,0,16,16,15,0,50,0,True,True
aligned,test,RvmTZVNAAuQ$_$2,RvmTZVNAAuQ,2,99,20,23,False,0.0,1,neutral,neutral,True,22,22,21,0,22,22,21,0,50,0,True,True
aligned,test,SKTyBOhDX6U$_$11,SKTyBOhDX6U,11,116,21,26,False,1.6666666269302368,2,positive,positive,True,25,25,24,0,25,25,24,0,50,0,True,True
aligned,test,SKTyBOhDX6U$_$12,SKTyBOhDX6U,12,59,13,15,False,0.6666666865348816,2,positive,positive,True,14,14,13,0,14,14,13,0,50,0,True,True
aligned,test,SKTyBOhDX6U$_$9,SKTyBOhDX6U,9,117,17,23,False,1.0,2,positive,positive,True,22,22,21,0,22,22,21,0,50,0,True,True
aligned,test,SYQ_zv8dWng$_$0,SYQ_zv8dWng,0,84,16,23,False,0.3333333432674408,2,positive,positive,True,22,22,21,0,22,22,21,0,50,0,True,True
aligned,test,SYQ_zv8dWng$_$5,SYQ_zv8dWng,5,153,32,40,False,0.6666666865348816,2,positive,positive,True,39,39,38,0,39,39,33,5,50,0,True,True
aligned,test,SYQ_zv8dWng$_$6,SYQ_zv8dWng,6,77,12,17,False,0.6666666865348816,2,positive,positive,True,16,16,15,0,16,16,15,0,50,0,True,True
aligned,test,SYQ_zv8dWng$_$9,SYQ_zv8dWng,9,173,32,40,False,0.0,1,neutral,neutral,True,39,39,38,0,39,39,38,0,50,0,True,True
aligned,test,SZ7HK5ns6mE$_$11,SZ7HK5ns6mE,11,112,20,25,False,1.6666666269302368,2,positive,positive,True,24,24,23,0,24,24,23,0,50,0,True,True
aligned,test,Sq6DIhFxPqQ$_$4,Sq6DIhFxPqQ,4,54,11,15,False,0.0,1,neutral,neutral,True,14,14,13,0,14,14,13,0,50,0,True,True
aligned,test,SwT0gh0V8fI$_$10,SwT0gh0V8fI,10,86,17,22,False,0.0,1,neutral,neutral,True,21,21,20,0,21,21,20,0,50,0,True,True
aligned,test,SwT0gh0V8fI$_$19,SwT0gh0V8fI,19,141,22,28,False,0.6666666865348816,2,positive,positive,True,27,27,26,0,27,27,26,0,50,0,True,True
aligned,test,SwT0gh0V8fI$_$5,SwT0gh0V8fI,5,94,18,22,False,0.0,1,neutral,neutral,True,21,21,20,0,21,21,20,0,50,0,True,True
aligned,test,TXiOSZdaLJ8$_$2,TXiOSZdaLJ8,2,246,34,46,False,0.6666666865348816,2,positive,positive,True,45,45,44,0,45,45,44,0,50,0,True,True
aligned,test,TcTGCIh6e5s$_$4,TcTGCIh6e5s,4,30,7,9,False,0.0,1,neutral,neutral,True,8,8,7,0,8,8,7,0,50,0,True,True
aligned,test,TxRtSItpGMo$_$4,TxRtSItpGMo,4,77,11,14,False,2.0,2,positive,positive,True,13,13,12,0,13,13,12,0,50,0,True,True
aligned,test,U-KihZeIfKI$_$20,U-KihZeIfKI,20,160,25,33,False,1.3333333730697632,2,positive,positive,True,32,32,31,0,32,32,31,0,50,0,True,True
aligned,test,U-KihZeIfKI$_$1,U-KihZeIfKI,1,89,17,19,False,0.6666666865348816,2,positive,positive,True,18,18,17,0,18,18,17,0,50,0,True,True
aligned,test,U-KihZeIfKI$_$6,U-KihZeIfKI,6,89,14,18,False,-1.0,0,negative,negative,True,17,17,16,0,17,17,16,0,50,0,True,True
aligned,test,U-KihZeIfKI$_$15,U-KihZeIfKI,15,238,39,45,False,0.6666666865348816,2,positive,positive,True,44,44,43,0,44,44,43,0,50,0,True,True
aligned,test,U-KihZeIfKI$_$16,U-KihZeIfKI,16,122,22,24,False,1.0,2,positive,positive,True,23,23,22,0,23,23,22,0,50,0,True,True
aligned,test,UiurP5k-f1A$_$4,UiurP5k-f1A,4,156,21,29,False,1.0,2,positive,positive,True,28,28,27,0,28,28,27,0,50,0,True,True
aligned,test,UjqA6KVW2m8$_$0,UjqA6KVW2m8,0,32,6,8,False,-0.3333333432674408,0,negative,negative,True,7,7,6,0,7,7,6,0,50,0,True,True
aligned,test,UjqA6KVW2m8$_$3,UjqA6KVW2m8,3,26,6,10,False,-0.6666666865348816,0,negative,negative,True,9,9,8,0,0,0,0,0,50,0,True,True
aligned,test,UjqA6KVW2m8$_$2,UjqA6KVW2m8,2,17,5,7,False,-1.3333333730697632,0,negative,negative,True,6,6,5,0,6,6,5,0,50,0,True,True
aligned,test,UjqA6KVW2m8$_$4,UjqA6KVW2m8,4,80,17,22,False,1.0,2,positive,positive,True,21,21,20,0,21,21,19,1,50,0,True,True
aligned,test,UweZVaFqruU$_$1,UweZVaFqruU,1,128,22,25,False,0.3333333432674408,2,positive,positive,True,24,24,23,0,24,24,23,0,50,0,True,True
aligned,test,UweZVaFqruU$_$5,UweZVaFqruU,5,180,35,41,False,0.0,1,neutral,neutral,True,40,40,39,0,40,40,39,0,50,0,True,True
aligned,test,V27mmEkN80g$_$0,V27mmEkN80g,0,84,18,20,False,0.0,1,neutral,neutral,True,19,19,18,0,19,19,18,0,50,0,True,True
aligned,test,VDkBM0ZG4q8$_$4,VDkBM0ZG4q8,4,69,11,17,False,0.0,1,neutral,neutral,True,16,16,15,0,16,16,15,0,50,0,True,True
aligned,test,VDkBM0ZG4q8$_$7,VDkBM0ZG4q8,7,64,14,17,False,0.3333333432674408,2,positive,positive,True,16,16,15,0,0,0,0,0,50,0,True,True
aligned,test,VLQgw-88v4Q$_$2,VLQgw-88v4Q,2,157,19,33,False,1.0,2,positive,positive,True,32,32,31,0,32,32,31,0,50,0,True,True
aligned,test,VLQgw-88v4Q$_$6,VLQgw-88v4Q,6,130,18,27,False,1.6666666269302368,2,positive,positive,True,26,26,25,0,26,26,25,0,50,0,True,True
aligned,test,VLQgw-88v4Q$_$8,VLQgw-88v4Q,8,204,34,43,False,1.3333333730697632,2,positive,positive,True,42,42,41,0,13,13,12,0,50,0,True,True
aligned,test,VXy21GwGs8o$_$0,VXy21GwGs8o,0,114,22,26,False,0.0,1,neutral,neutral,True,25,25,24,0,25,25,24,0,50,0,True,True
aligned,test,Vdf1McvE9ao$_$9,Vdf1McvE9ao,9,69,12,16,False,0.0,1,neutral,neutral,True,15,15,14,0,15,15,14,0,50,0,True,True
aligned,test,Vlas-mPydcg$_$17,Vlas-mPydcg,17,179,32,40,False,0.6666666865348816,2,positive,positive,True,39,39,38,0,39,39,38,0,50,0,True,True
aligned,test,Vlas-mPydcg$_$3,Vlas-mPydcg,3,65,10,16,False,1.0,2,positive,positive,True,15,15,14,0,15,15,14,0,50,0,True,True
aligned,test,VsXGwSZazwA$_$4,VsXGwSZazwA,4,118,20,23,False,0.0,1,neutral,neutral,True,22,22,21,0,22,22,21,0,50,0,True,True
aligned,test,VsXGwSZazwA$_$6,VsXGwSZazwA,6,65,10,13,False,1.6666666269302368,2,positive,positive,True,12,12,11,0,12,12,11,0,50,0,True,True
aligned,test,VwGPIUNayKM$_$1,VwGPIUNayKM,1,81,16,19,False,0.0,1,neutral,neutral,True,18,18,17,0,18,18,17,0,50,0,True,True
aligned,test,VwGPIUNayKM$_$5,VwGPIUNayKM,5,80,14,16,False,-1.0,0,negative,negative,True,15,15,14,0,15,15,14,0,50,0,True,True
aligned,test,VwGPIUNayKM$_$8,VwGPIUNayKM,8,58,11,13,False,1.0,2,positive,positive,True,12,12,11,0,11,11,1,9,50,0,True,True
aligned,test,W1CWpktWtTs$_$5,W1CWpktWtTs,5,82,16,18,False,1.0,2,positive,positive,True,17,17,16,0,17,17,15,1,50,0,True,True
aligned,test,W1CWpktWtTs$_$9,W1CWpktWtTs,9,75,14,19,False,0.6666666865348816,2,positive,positive,True,18,18,17,0,18,18,17,0,50,0,True,True
aligned,test,WfNiQBXmPw8$_$3,WfNiQBXmPw8,3,63,12,16,False,-0.3333333432674408,0,negative,negative,True,15,15,14,0,15,15,14,0,50,0,True,True
aligned,test,WfNiQBXmPw8$_$5,WfNiQBXmPw8,5,63,14,19,False,0.3333333432674408,2,positive,positive,True,18,18,17,0,18,18,17,0,50,0,True,True
aligned,test,WgI8IbJtXHw$_$0,WgI8IbJtXHw,0,119,20,26,False,0.0,1,neutral,neutral,True,25,25,24,0,25,25,24,0,50,0,True,True
aligned,test,X2Hs89fZ2-c$_$4,X2Hs89fZ2-c,4,131,24,34,False,1.0,2,positive,positive,True,33,33,32,0,33,33,32,0,50,0,True,True
aligned,test,X6N7UEFJLNY$_$0,X6N7UEFJLNY,0,142,24,36,False,0.3333333432674408,2,positive,positive,True,35,35,34,0,35,35,34,0,50,0,True,True
aligned,test,X6N7UEFJLNY$_$2,X6N7UEFJLNY,2,87,19,22,False,0.0,1,neutral,neutral,True,21,21,20,0,21,21,20,0,50,0,True,True
aligned,test,X6N7UEFJLNY$_$4,X6N7UEFJLNY,4,62,14,19,False,0.6666666865348816,2,positive,positive,True,18,18,17,0,18,18,17,0,50,0,True,True
aligned,test,XDVit9ASVUg$_$2,XDVit9ASVUg,2,60,13,16,False,0.3333333432674408,2,positive,positive,True,15,15,14,0,15,15,14,0,50,0,True,True
aligned,test,XKyumlBmix8$_$0,XKyumlBmix8,0,126,24,32,False,0.0,1,neutral,neutral,True,31,31,30,0,31,31,30,0,50,0,True,True
aligned,test,XKyumlBmix8$_$2,XKyumlBmix8,2,35,6,10,False,-0.6666666865348816,0,negative,negative,True,9,9,8,0,0,0,0,0,50,0,True,True
aligned,test,XVWiAArXYpE$_$3,XVWiAArXYpE,3,90,14,17,False,-0.6666666865348816,0,negative,negative,True,16,16,15,0,16,16,15,0,50,0,True,True
aligned,test,XVWiAArXYpE$_$4,XVWiAArXYpE,4,75,14,20,False,-2.0,0,negative,negative,True,19,19,18,0,19,19,18,0,50,0,True,True
aligned,test,XVWiAArXYpE$_$9,XVWiAArXYpE,9,76,13,17,False,-0.3333333432674408,0,negative,negative,True,16,16,15,0,16,16,15,0,50,0,True,True
aligned,test,X_TusmBIlC0$_$5,X_TusmBIlC0,5,93,17,22,False,0.0,1,neutral,neutral,True,21,21,20,0,21,21,20,0,50,0,True,True
aligned,test,Xa086gxLJ3Y$_$12,Xa086gxLJ3Y,12,73,10,13,False,0.3333333432674408,2,positive,positive,True,12,12,11,0,12,12,11,0,50,0,True,True
aligned,test,XrNaL-MTjXg$_$3,XrNaL-MTjXg,3,100,20,27,False,0.0,1,neutral,neutral,True,26,26,25,0,26,26,25,0,50,0,True,True
aligned,test,Xy57UpKRNEo$_$7,Xy57UpKRNEo,7,164,29,37,False,-1.0,0,negative,negative,True,36,36,35,0,36,36,35,0,50,0,True,True
aligned,test,Y8dI1GTWCk4$_$6,Y8dI1GTWCk4,6,48,8,16,False,1.3333333730697632,2,positive,positive,True,15,15,14,0,0,0,0,0,50,0,True,True
aligned,test,YLK58srjhNI$_$3,YLK58srjhNI,3,207,37,46,False,0.6666666865348816,2,positive,positive,True,45,45,44,0,45,45,44,0,50,0,True,True
aligned,test,YQZPnHZRp1w$_$1,YQZPnHZRp1w,1,23,6,8,False,0.3333333432674408,2,positive,positive,True,7,7,6,0,7,7,6,0,50,0,True,True
aligned,test,YUNxD04EvfE$_$1,YUNxD04EvfE,1,183,26,31,False,-0.3333333432674408,0,negative,negative,True,30,30,29,0,30,30,29,0,50,0,True,True
aligned,test,Z4iYSMMMycQ$_$4,Z4iYSMMMycQ,4,218,36,50,False,0.6666666865348816,2,positive,positive,True,49,49,48,0,49,49,48,0,50,0,True,True
aligned,test,ZKErPftd--w$_$6,ZKErPftd--w,6,116,23,27,False,0.6666666865348816,2,positive,positive,True,26,26,25,0,26,26,25,0,50,0,True,True
aligned,test,ZKZ8UjaQQT4$_$7,ZKZ8UjaQQT4,7,182,33,36,False,0.0,1,neutral,neutral,True,35,35,34,0,35,35,34,0,50,0,True,True
aligned,test,ZS1Nb0OWYNE$_$11,ZS1Nb0OWYNE,11,115,22,24,False,0.6666666865348816,2,positive,positive,True,23,23,22,0,23,23,22,0,50,0,True,True
aligned,test,ZS1Nb0OWYNE$_$15,ZS1Nb0OWYNE,15,169,29,32,False,0.0,1,neutral,neutral,True,31,31,30,0,31,31,30,0,50,0,True,True
aligned,test,ZS1Nb0OWYNE$_$5,ZS1Nb0OWYNE,5,26,5,10,False,0.6666666865348816,2,positive,positive,True,9,9,8,0,9,9,8,0,50,0,True,True
aligned,test,ZS1Nb0OWYNE$_$9,ZS1Nb0OWYNE,9,103,13,19,False,2.6666667461395264,2,positive,positive,True,18,18,17,0,18,18,17,0,50,0,True,True
aligned,test,ZcFzcd4ZoMg$_$4,ZcFzcd4ZoMg,4,35,8,12,False,-0.3333333432674408,0,negative,negative,True,11,11,10,0,11,11,10,0,50,0,True,True
aligned,test,ZeH7gZw94k0$_$1,ZeH7gZw94k0,1,77,16,18,False,1.6666666269302368,2,positive,positive,True,17,17,16,0,17,17,16,0,50,0,True,True
aligned,test,ZtocGyL3Tfc$_$13,ZtocGyL3Tfc,13,121,23,26,False,1.0,2,positive,positive,True,25,25,24,0,25,25,24,0,50,0,True,True
aligned,test,ZtocGyL3Tfc$_$10,ZtocGyL3Tfc,10,146,26,31,False,1.0,2,positive,positive,True,30,30,29,0,30,30,29,0,50,0,True,True
aligned,test,ZtocGyL3Tfc$_$9,ZtocGyL3Tfc,9,118,19,22,False,1.6666666269302368,2,positive,positive,True,21,21,20,0,21,21,20,0,50,0,True,True
aligned,test,ZznoGQVwTtw$_$4,ZznoGQVwTtw,4,36,7,9,False,1.6666666269302368,2,positive,positive,True,8,8,7,0,0,0,0,0,50,0,True,True
aligned,test,_1nvuNk7EFY$_$10,_1nvuNk7EFY,10,173,31,37,False,-0.3333333432674408,0,negative,negative,True,36,36,35,0,36,36,35,0,50,0,True,True
aligned,test,_OmWVs0-6UM$_$0,_OmWVs0-6UM,0,96,18,24,False,0.0,1,neutral,neutral,True,23,23,22,0,23,23,22,0,50,0,True,True
aligned,test,_on_E-ZWy0I$_$21,_on_E-ZWy0I,21,105,21,24,False,1.3333333730697632,2,positive,positive,True,23,23,22,0,23,23,20,2,50,0,True,True
aligned,test,_on_E-ZWy0I$_$3,_on_E-ZWy0I,3,178,33,38,False,0.0,1,neutral,neutral,True,37,37,36,0,37,37,34,2,50,0,True,True
aligned,test,_on_E-ZWy0I$_$12,_on_E-ZWy0I,12,203,40,49,False,-1.0,0,negative,negative,True,48,48,47,0,48,48,45,2,50,0,True,True
aligned,test,_q7DM8WkzAQ$_$3,_q7DM8WkzAQ,3,196,38,45,False,0.6666666865348816,2,positive,positive,True,44,44,43,0,44,44,43,0,50,0,True,True
aligned,test,a4PHWxILDp0$_$15,a4PHWxILDp0,15,81,16,19,False,0.0,1,neutral,neutral,True,18,18,17,0,0,0,0,0,50,0,True,True
aligned,test,ahG9c_uaf8s$_$1,ahG9c_uaf8s,1,291,41,50,False,0.3333333432674408,2,positive,positive,True,49,49,48,0,49,49,48,0,50,0,True,True
aligned,test,ahG9c_uaf8s$_$3,ahG9c_uaf8s,3,98,21,24,False,0.3333333432674408,2,positive,positive,True,23,23,22,0,23,23,22,0,50,0,True,True
aligned,test,b92iw0OAnI4$_$7,b92iw0OAnI4,7,197,37,47,False,1.3333333730697632,2,positive,positive,True,46,46,45,0,46,46,45,0,50,0,True,True
aligned,test,bNQOeiAotbk$_$8,bNQOeiAotbk,8,31,4,9,False,0.0,1,neutral,neutral,True,8,8,7,0,8,8,7,0,50,0,True,True
aligned,test,bdFCD-3BCRg$_$2,bdFCD-3BCRg,2,165,29,31,False,1.0,2,positive,positive,True,30,30,29,0,30,30,29,0,50,0,True,True
aligned,test,bdFCD-3BCRg$_$11,bdFCD-3BCRg,11,167,30,34,False,0.6666666865348816,2,positive,positive,True,33,33,32,0,29,29,28,0,50,0,True,True
aligned,test,bdFCD-3BCRg$_$12,bdFCD-3BCRg,12,68,12,14,False,1.0,2,positive,positive,True,13,13,12,0,13,13,12,0,50,0,True,True
aligned,test,c5VEvmutmVg$_$13,c5VEvmutmVg,13,70,16,20,False,1.0,2,positive,positive,True,19,19,18,0,19,19,18,0,50,0,True,True
aligned,test,c5VEvmutmVg$_$19,c5VEvmutmVg,19,99,19,26,False,0.0,1,neutral,neutral,True,25,25,24,0,25,25,24,0,50,0,True,True
aligned,test,c5VEvmutmVg$_$0,c5VEvmutmVg,0,153,28,40,False,1.6666666269302368,2,positive,positive,True,39,39,38,0,39,39,38,0,50,0,True,True
aligned,test,c5zxqITn3ZM$_$5,c5zxqITn3ZM,5,64,11,19,False,0.6666666865348816,2,positive,positive,True,18,18,17,0,18,18,17,0,50,0,True,True
aligned,test,c5zxqITn3ZM$_$6,c5zxqITn3ZM,6,244,46,50,False,1.0,2,positive,positive,True,49,49,48,0,49,49,48,0,50,0,True,True
aligned,test,c9hE1ghElrM$_$2,c9hE1ghElrM,2,82,16,20,False,0.0,1,neutral,neutral,True,19,19,18,0,19,19,18,0,50,0,True,True
aligned,test,c9hE1ghElrM$_$4,c9hE1ghElrM,4,46,7,9,False,0.0,1,neutral,neutral,True,8,8,7,0,8,8,7,0,50,0,True,True
aligned,test,cW-aX4dPVfk$_$4,cW-aX4dPVfk,4,63,13,18,False,-0.3333333432674408,0,negative,negative,True,17,17,16,0,17,17,6,10,50,0,True,True
aligned,test,cW-aX4dPVfk$_$11,cW-aX4dPVfk,11,111,23,27,False,0.3333333432674408,2,positive,positive,True,26,26,25,0,18,18,9,8,50,0,True,True
aligned,test,cW-aX4dPVfk$_$32,cW-aX4dPVfk,32,91,19,26,False,1.6666666269302368,2,positive,positive,True,25,25,24,0,21,21,6,14,50,0,True,True
aligned,test,cW-aX4dPVfk$_$30,cW-aX4dPVfk,30,24,5,9,False,2.3333332538604736,2,positive,positive,True,8,8,7,0,0,0,0,0,50,0,True,True
aligned,test,cml9rShionM$_$3,cml9rShionM,3,74,13,19,False,-0.3333333432674408,0,negative,negative,True,18,18,17,0,18,18,17,0,50,0,True,True
aligned,test,d-Uw_uZyUys$_$1,d-Uw_uZyUys,1,582,118,50,False,-2.3333332538604736,0,negative,negative,True,49,49,48,0,49,49,47,1,50,0,True,True
aligned,test,d-Uw_uZyUys$_$6,d-Uw_uZyUys,6,374,68,50,False,-2.3333332538604736,0,negative,negative,True,49,49,48,0,49,49,48,0,50,0,True,True
aligned,test,dHk--ExZbHs$_$7,dHk--ExZbHs,7,398,64,50,False,0.6666666865348816,2,positive,positive,True,49,49,48,0,49,49,48,0,50,0,True,True
aligned,test,dR68gbeOWOc$_$1,dR68gbeOWOc,1,155,28,39,False,0.3333333432674408,2,positive,positive,True,38,38,37,0,38,38,37,0,50,0,True,True
aligned,test,dTcz1am1eUw$_$2,dTcz1am1eUw,2,63,11,14,False,1.3333333730697632,2,positive,positive,True,13,13,12,0,13,13,12,0,50,0,True,True
aligned,test,ddWHTdJz2O8$_$1,ddWHTdJz2O8,1,172,28,42,False,-0.3333333432674408,0,negative,negative,True,41,41,40,0,41,41,40,0,50,0,True,True
aligned,test,dlE05KC95uk$_$11,dlE05KC95uk,11,111,22,26,False,0.3333333432674408,2,positive,positive,True,25,25,24,0,25,25,24,0,50,0,True,True
aligned,test,eE8Qr9fOvVA$_$2,eE8Qr9fOvVA,2,67,13,16,False,-1.3333333730697632,0,negative,negative,True,15,15,14,0,8,8,1,6,50,0,True,True
aligned,test,eFV7iFPYZB4$_$12,eFV7iFPYZB4,12,32,6,8,False,1.6666666269302368,2,positive,positive,True,7,7,6,0,0,0,0,0,50,0,True,True
aligned,test,eFV7iFPYZB4$_$14,eFV7iFPYZB4,14,37,7,10,False,1.3333333730697632,2,positive,positive,True,9,9,8,0,9,9,8,0,50,0,True,True
aligned,test,eJfT7-dDqzA$_$3,eJfT7-dDqzA,3,69,16,18,False,0.6666666865348816,2,positive,positive,True,17,17,16,0,17,17,16,0,50,0,True,True
aligned,test,eJfT7-dDqzA$_$2,eJfT7-dDqzA,2,67,13,15,False,0.6666666865348816,2,positive,positive,True,14,14,13,0,14,14,13,0,50,0,True,True
aligned,test,eJfT7-dDqzA$_$7,eJfT7-dDqzA,7,66,14,16,False,0.6666666865348816,2,positive,positive,True,15,15,14,0,15,15,14,0,50,0,True,True
aligned,test,eKQKEi2-0Ws$_$0,eKQKEi2-0Ws,0,89,21,24,False,0.0,1,neutral,neutral,True,23,23,22,0,23,23,22,0,50,0,True,True
aligned,test,eQc5uI7FKCU$_$5,eQc5uI7FKCU,5,120,22,26,False,0.3333333432674408,2,positive,positive,True,25,25,24,0,25,25,24,0,50,0,True,True
aligned,test,ey1lr8wFFDc$_$0,ey1lr8wFFDc,0,123,18,26,False,0.6666666865348816,2,positive,positive,True,25,25,24,0,25,25,24,0,50,0,True,True
aligned,test,f-VdKweez2U$_$4,f-VdKweez2U,4,200,34,41,False,0.0,1,neutral,neutral,True,40,40,39,0,40,40,39,0,50,0,True,True
aligned,test,f8Puta8k8fU$_$1,f8Puta8k8fU,1,54,10,13,False,0.0,1,neutral,neutral,True,12,12,11,0,12,12,11,0,50,0,True,True
aligned,test,fT6SrlsWV7M$_$12,fT6SrlsWV7M,12,140,26,29,False,-1.3333333730697632,0,negative,negative,True,28,28,27,0,28,28,27,0,50,0,True,True
aligned,test,fWAKek8jA5M$_$0,fWAKek8jA5M,0,33,6,11,False,-1.6666666269302368,0,negative,negative,True,10,10,9,0,10,10,9,0,50,0,True,True
aligned,test,fWAKek8jA5M$_$3,fWAKek8jA5M,3,35,8,11,False,-1.3333333730697632,0,negative,negative,True,10,10,9,0,10,10,9,0,50,0,True,True
aligned,test,fWAKek8jA5M$_$4,fWAKek8jA5M,4,115,20,28,False,0.0,1,neutral,neutral,True,27,27,26,0,27,27,26,0,50,0,True,True
aligned,test,frCWtiam4tE$_$0,frCWtiam4tE,0,168,30,38,False,1.6666666269302368,2,positive,positive,True,37,37,36,0,37,37,36,0,50,0,True,True
aligned,test,fsBzpr4k3rY$_$0,fsBzpr4k3rY,0,60,14,16,False,2.0,2,positive,positive,True,15,15,14,0,15,15,14,0,50,0,True,True
aligned,test,fz-MzQcOBwQ$_$1,fz-MzQcOBwQ,1,142,28,35,False,1.3333333730697632,2,positive,positive,True,34,34,33,0,34,34,33,0,50,0,True,True
aligned,test,gE7kUqMqQ9g$_$2,gE7kUqMqQ9g,2,186,35,44,False,-0.6666666865348816,0,negative,negative,True,43,43,42,0,43,43,42,0,50,0,True,True
aligned,test,gJjkCPO7iXg$_$1,gJjkCPO7iXg,1,186,28,38,False,1.0,2,positive,positive,True,37,37,36,0,37,37,36,0,50,0,True,True
aligned,test,gJjkCPO7iXg$_$0,gJjkCPO7iXg,0,178,31,34,False,1.0,2,positive,positive,True,33,33,32,0,33,33,32,0,50,0,True,True
aligned,test,gLTxaEcx41E$_$2,gLTxaEcx41E,2,67,15,18,False,0.0,1,neutral,neutral,True,17,17,16,0,17,17,16,0,50,0,True,True
aligned,test,gLTxaEcx41E$_$4,gLTxaEcx41E,4,191,35,41,False,0.0,1,neutral,neutral,True,40,40,39,0,40,40,39,0,50,0,True,True
aligned,test,gLTxaEcx41E$_$7,gLTxaEcx41E,7,286,54,50,False,0.0,1,neutral,neutral,True,49,49,48,0,49,49,48,0,50,0,True,True
aligned,test,gLTxaEcx41E$_$6,gLTxaEcx41E,6,268,52,50,False,0.3333333432674408,2,positive,positive,True,49,49,48,0,49,49,48,0,50,0,True,True
aligned,test,gcFECfN4BCU$_$23,gcFECfN4BCU,23,69,15,19,False,2.0,2,positive,positive,True,18,18,17,0,18,18,17,0,50,0,True,True
aligned,test,gcFECfN4BCU$_$10,gcFECfN4BCU,10,164,30,34,False,0.6666666865348816,2,positive,positive,True,33,33,32,0,33,33,32,0,50,0,True,True
aligned,test,gcFECfN4BCU$_$15,gcFECfN4BCU,15,165,33,39,False,1.3333333730697632,2,positive,positive,True,38,38,37,0,38,38,37,0,50,0,True,True
aligned,test,gpn71-aKWwQ$_$2,gpn71-aKWwQ,2,115,22,30,False,1.6666666269302368,2,positive,positive,True,29,29,28,0,29,29,28,0,50,0,True,True
aligned,test,h1ZZHUU4j0k$_$3,h1ZZHUU4j0k,3,236,38,46,False,0.6666666865348816,2,positive,positive,True,45,45,44,0,45,45,44,0,50,0,True,True
aligned,test,h1ZZHUU4j0k$_$4,h1ZZHUU4j0k,4,166,24,34,False,0.6666666865348816,2,positive,positive,True,33,33,32,0,33,33,32,0,50,0,True,True
aligned,test,h1ZZHUU4j0k$_$10,h1ZZHUU4j0k,10,51,9,11,False,1.0,2,positive,positive,True,10,10,9,0,10,10,9,0,50,0,True,True
aligned,test,h1ZZHUU4j0k$_$13,h1ZZHUU4j0k,13,124,24,34,False,-1.0,0,negative,negative,True,33,33,32,0,33,33,32,0,50,0,True,True
aligned,test,iQDB_OkAQWs$_$4,iQDB_OkAQWs,4,128,23,33,False,0.0,1,neutral,neutral,True,32,32,31,0,32,32,31,0,50,0,True,True
aligned,test,iXiMifHNKPI$_$8,iXiMifHNKPI,8,113,17,20,False,0.3333333432674408,2,positive,positive,True,19,19,18,0,19,19,18,0,50,0,True,True
aligned,test,j1m6ctAgjsM$_$1,j1m6ctAgjsM,1,96,18,25,False,1.3333333730697632,2,positive,positive,True,24,24,23,0,24,24,23,0,50,0,True,True
aligned,test,j1m6ctAgjsM$_$2,j1m6ctAgjsM,2,91,15,19,False,1.0,2,positive,positive,True,18,18,17,0,18,18,17,0,50,0,True,True
aligned,test,j1m6ctAgjsM$_$4,j1m6ctAgjsM,4,50,11,15,False,0.3333333432674408,2,positive,positive,True,14,14,13,0,14,14,12,1,50,0,True,True
aligned,test,j1m6ctAgjsM$_$14,j1m6ctAgjsM,14,33,5,7,False,0.0,1,neutral,neutral,True,6,6,5,0,6,6,5,0,50,0,True,True
aligned,test,j1m6ctAgjsM$_$18,j1m6ctAgjsM,18,30,6,9,False,1.0,2,positive,positive,True,8,8,7,0,7,7,6,0,50,0,True,True
aligned,test,j1m6ctAgjsM$_$30,j1m6ctAgjsM,30,111,20,26,False,0.3333333432674408,2,positive,positive,True,25,25,24,0,25,25,24,0,50,0,True,True
aligned,test,j1m6ctAgjsM$_$35,j1m6ctAgjsM,35,65,13,16,False,1.0,2,positive,positive,True,15,15,14,0,15,15,14,0,50,0,True,True
aligned,test,j1m6ctAgjsM$_$33,j1m6ctAgjsM,33,49,10,13,False,0.3333333432674408,2,positive,positive,True,12,12,11,0,12,12,11,0,50,0,True,True
aligned,test,j1m6ctAgjsM$_$37,j1m6ctAgjsM,37,46,10,13,False,0.0,1,neutral,neutral,True,12,12,11,0,12,12,11,0,50,0,True,True
aligned,test,jXQmVFcOiUI$_$0,jXQmVFcOiUI,0,90,12,17,False,1.0,2,positive,positive,True,16,16,15,0,16,16,15,0,50,0,True,True
aligned,test,jj8aSNPHMw8$_$14,jj8aSNPHMw8,14,134,23,35,False,0.0,1,neutral,neutral,True,34,34,33,0,34,34,33,0,50,0,True,True
aligned,test,jj8aSNPHMw8$_$5,jj8aSNPHMw8,5,156,27,39,False,-1.3333333730697632,0,negative,negative,True,38,38,37,0,38,38,37,0,50,0,True,True
aligned,test,jqutn5ou8_0$_$6,jqutn5ou8_0,6,186,36,43,False,0.6666666865348816,2,positive,positive,True,42,42,41,0,42,42,41,0,50,0,True,True
aligned,test,jscKL5jS-SQ$_$17,jscKL5jS-SQ,17,86,18,25,False,1.0,2,positive,positive,True,24,24,23,0,24,24,23,0,50,0,True,True
aligned,test,kaudsLIvYC8$_$0,kaudsLIvYC8,0,141,26,31,False,1.6666666269302368,2,positive,positive,True,30,30,29,0,30,30,29,0,50,0,True,True
aligned,test,kg-W6-hP2Do$_$3,kg-W6-hP2Do,3,79,19,22,False,0.0,1,neutral,neutral,True,21,21,20,0,0,0,0,0,50,0,True,True
aligned,test,kpS4BXif_Sw$_$12,kpS4BXif_Sw,12,114,21,23,False,-2.0,0,negative,negative,True,22,22,21,0,22,22,21,0,50,0,True,True
aligned,test,kpS4BXif_Sw$_$15,kpS4BXif_Sw,15,249,38,44,False,1.3333333730697632,2,positive,positive,True,43,43,42,0,43,43,42,0,50,0,True,True
aligned,test,kpS4BXif_Sw$_$4,kpS4BXif_Sw,4,408,69,50,False,0.0,1,neutral,neutral,True,49,49,48,0,49,49,48,0,50,0,True,True
aligned,test,kpS4BXif_Sw$_$8,kpS4BXif_Sw,8,101,16,18,False,-1.0,0,negative,negative,True,17,17,16,0,17,17,16,0,50,0,True,True
aligned,test,ktblaVOnFVE$_$4,ktblaVOnFVE,4,108,18,23,False,1.3333333730697632,2,positive,positive,True,22,22,21,0,22,22,21,0,50,0,True,True
aligned,test,l0vCKpk6Aes$_$24,l0vCKpk6Aes,24,138,25,38,False,0.0,1,neutral,neutral,True,37,37,36,0,37,37,36,0,50,0,True,True
aligned,test,l0vCKpk6Aes$_$12,l0vCKpk6Aes,12,87,17,20,False,1.0,2,positive,positive,True,19,19,18,0,19,19,18,0,50,0,True,True
aligned,test,l0vCKpk6Aes$_$19,l0vCKpk6Aes,19,77,16,20,False,0.0,1,neutral,neutral,True,19,19,18,0,19,19,18,0,50,0,True,True
aligned,test,l4oMbKDuW3Y$_$3,l4oMbKDuW3Y,3,92,16,21,False,-0.6666666865348816,0,negative,negative,True,20,20,19,0,20,20,19,0,50,0,True,True
aligned,test,lD4xtQ6NpDY$_$2,lD4xtQ6NpDY,2,17,5,7,False,0.0,1,neutral,neutral,True,6,6,5,0,6,6,5,0,50,0,True,True
aligned,test,lYwgLa4R5XQ$_$1,lYwgLa4R5XQ,1,141,27,29,False,0.0,1,neutral,neutral,True,28,28,27,0,0,0,0,0,50,0,True,True
aligned,test,lkIe41StoGI$_$10,lkIe41StoGI,10,29,5,7,False,0.0,1,neutral,neutral,True,6,6,5,0,0,0,0,0,50,0,True,True
aligned,test,lkIe41StoGI$_$3,lkIe41StoGI,3,74,13,16,False,0.6666666865348816,2,positive,positive,True,15,15,14,0,0,0,0,0,50,0,True,True
aligned,test,lkIe41StoGI$_$2,lkIe41StoGI,2,95,17,19,False,0.6666666865348816,2,positive,positive,True,18,18,17,0,0,0,0,0,50,0,True,True
aligned,test,lkIe41StoGI$_$8,lkIe41StoGI,8,33,7,9,False,0.0,1,neutral,neutral,True,8,8,7,0,8,8,7,0,50,0,True,True
aligned,test,lwL4hjhkid4$_$1,lwL4hjhkid4,1,52,10,15,False,0.0,1,neutral,neutral,True,14,14,13,0,0,0,0,0,50,0,True,True
aligned,test,lwL4hjhkid4$_$3,lwL4hjhkid4,3,164,26,30,False,2.0,2,positive,positive,True,29,29,28,0,27,27,8,18,50,0,True,True
aligned,test,lwL4hjhkid4$_$6,lwL4hjhkid4,6,95,17,22,False,0.3333333432674408,2,positive,positive,True,21,21,20,0,21,21,20,0,50,0,True,True
aligned,test,m-7yRWZLwLY$_$0,m-7yRWZLwLY,0,94,18,30,False,0.0,1,neutral,neutral,True,29,29,28,0,29,29,28,0,50,0,True,True
aligned,test,mVnqP-vLpuo$_$0,mVnqP-vLpuo,0,45,9,11,False,0.6666666865348816,2,positive,positive,True,10,10,9,0,10,10,9,0,50,0,True,True
aligned,test,mZ_8em_-CGc$_$7,mZ_8em_-CGc,7,253,41,48,False,0.6666666865348816,2,positive,positive,True,47,47,46,0,47,47,46,0,50,0,True,True
aligned,test,mgsvwAVQAQo$_$4,mgsvwAVQAQo,4,157,28,35,False,0.3333333432674408,2,positive,positive,True,34,34,33,0,34,34,33,0,50,0,True,True
aligned,test,mmg_eTDHjkk$_$5,mmg_eTDHjkk,5,36,8,10,False,0.3333333432674408,2,positive,positive,True,9,9,8,0,9,9,8,0,50,0,True,True
aligned,test,mmg_eTDHjkk$_$8,mmg_eTDHjkk,8,70,14,19,False,0.6666666865348816,2,positive,positive,True,18,18,17,0,18,18,17,0,50,0,True,True
aligned,test,mmg_eTDHjkk$_$15,mmg_eTDHjkk,15,66,12,15,False,1.0,2,positive,positive,True,14,14,13,0,14,14,13,0,50,0,True,True
aligned,test,mzAu5gxjE-w$_$2,mzAu5gxjE-w,2,273,46,50,False,1.6666666269302368,2,positive,positive,True,49,49,48,0,49,49,47,1,50,0,True,True
aligned,test,nFTo-Lz4Fr8$_$1,nFTo-Lz4Fr8,1,127,24,28,False,0.6666666865348816,2,positive,positive,True,27,27,26,0,27,27,26,0,50,0,True,True
aligned,test,nZFPKP9kBkw$_$4,nZFPKP9kBkw,4,183,28,34,False,0.0,1,neutral,neutral,True,33,33,32,0,33,33,32,0,50,0,True,True
aligned,test,namehdJxRIM$_$1,namehdJxRIM,1,33,8,12,False,0.3333333432674408,2,positive,positive,True,11,11,10,0,11,11,10,0,50,0,True,True
aligned,test,o2XbNJDpOlc$_$6,o2XbNJDpOlc,6,67,14,18,False,1.6666666269302368,2,positive,positive,True,17,17,16,0,17,17,16,0,50,0,True,True
aligned,test,oBS-IW-BO00$_$3,oBS-IW-BO00,3,97,19,27,False,0.0,1,neutral,neutral,True,26,26,25,0,26,26,25,0,50,0,True,True
aligned,test,oHff2W51wZ8$_$1,oHff2W51wZ8,1,110,18,24,False,1.3333333730697632,2,positive,positive,True,23,23,22,0,23,23,22,0,50,0,True,True
aligned,test,oHff2W51wZ8$_$2,oHff2W51wZ8,2,72,15,20,False,2.0,2,positive,positive,True,19,19,18,0,19,19,18,0,50,0,True,True
aligned,test,oHff2W51wZ8$_$5,oHff2W51wZ8,5,74,10,14,False,2.6666667461395264,2,positive,positive,True,13,13,12,0,13,13,12,0,50,0,True,True
aligned,test,oPlnhc0DkcU$_$1,oPlnhc0DkcU,1,64,11,16,False,-0.3333333432674408,0,negative,negative,True,15,15,14,0,15,15,14,0,50,0,True,True
aligned,test,oZxMx8e0x2U$_$2,oZxMx8e0x2U,2,64,11,14,False,0.3333333432674408,2,positive,positive,True,13,13,12,0,13,13,12,0,50,0,True,True
aligned,test,obGF3RfWQKE$_$24,obGF3RfWQKE,24,60,14,18,False,0.0,1,neutral,neutral,True,17,17,16,0,17,17,16,0,50,0,True,True
aligned,test,obGF3RfWQKE$_$3,obGF3RfWQKE,3,143,25,39,False,1.3333333730697632,2,positive,positive,True,38,38,37,0,38,38,33,4,50,0,True,True
aligned,test,ossKC1VrusE$_$3,ossKC1VrusE,3,102,14,21,False,0.6666666865348816,2,positive,positive,True,20,20,19,0,20,20,19,0,50,0,True,True
aligned,test,ossKC1VrusE$_$2,ossKC1VrusE,2,150,23,31,False,1.6666666269302368,2,positive,positive,True,30,30,29,0,30,30,29,0,50,0,True,True
aligned,test,ozA7pRW4gFM$_$7,ozA7pRW4gFM,7,54,10,14,False,0.0,1,neutral,neutral,True,13,13,12,0,13,13,12,0,50,0,True,True
aligned,test,p4WmcxrXkc4$_$0,p4WmcxrXkc4,0,345,53,50,False,0.3333333432674408,2,positive,positive,True,49,49,48,0,49,49,48,0,50,0,True,True
aligned,test,p7zuPEZgtY4$_$0,p7zuPEZgtY4,0,73,12,16,False,0.3333333432674408,2,positive,positive,True,15,15,14,0,15,15,14,0,50,0,True,True
aligned,test,pIaEcqnzI-s$_$3,pIaEcqnzI-s,3,58,10,12,False,0.3333333432674408,2,positive,positive,True,11,11,10,0,11,11,10,0,50,0,True,True
aligned,test,pIaEcqnzI-s$_$5,pIaEcqnzI-s,5,92,15,18,False,-0.3333333432674408,0,negative,negative,True,17,17,16,0,17,17,16,0,50,0,True,True
aligned,test,pIaEcqnzI-s$_$7,pIaEcqnzI-s,7,73,11,14,False,-0.3333333432674408,0,negative,negative,True,13,13,12,0,13,13,12,0,50,0,True,True
aligned,test,pIaEcqnzI-s$_$6,pIaEcqnzI-s,6,154,23,30,False,0.0,1,neutral,neutral,True,29,29,28,0,29,29,28,0,50,0,True,True
aligned,test,pQpy7RSfWzM$_$19,pQpy7RSfWzM,19,178,28,34,False,0.3333333432674408,2,positive,positive,True,33,33,32,0,33,33,32,0,50,0,True,True
aligned,test,pQpy7RSfWzM$_$8,pQpy7RSfWzM,8,107,22,27,False,0.0,1,neutral,neutral,True,26,26,25,0,26,26,25,0,50,0,True,True
aligned,test,pSxte-ms0t8$_$33,pSxte-ms0t8,33,169,32,37,False,-0.3333333432674408,0,negative,negative,True,36,36,35,0,36,36,35,0,50,0,True,True
aligned,test,pSxte-ms0t8$_$2,pSxte-ms0t8,2,157,27,31,False,0.6666666865348816,2,positive,positive,True,30,30,29,0,30,30,29,0,50,0,True,True
aligned,test,pSxte-ms0t8$_$7,pSxte-ms0t8,7,95,16,20,False,-2.0,0,negative,negative,True,19,19,18,0,19,19,18,0,50,0,True,True
aligned,test,pSxte-ms0t8$_$6,pSxte-ms0t8,6,95,18,22,False,1.0,2,positive,positive,True,21,21,20,0,21,21,20,0,50,0,True,True
aligned,test,pZye4zFzk3o$_$2,pZye4zFzk3o,2,76,16,20,False,-0.6666666865348816,0,negative,negative,True,19,19,18,0,19,19,18,0,50,0,True,True
aligned,test,pZye4zFzk3o$_$5,pZye4zFzk3o,5,53,10,14,False,-0.6666666865348816,0,negative,negative,True,13,13,12,0,13,13,12,0,50,0,True,True
aligned,test,pnpFPX34Agk$_$2,pnpFPX34Agk,2,55,10,12,False,0.3333333432674408,2,positive,positive,True,11,11,10,0,9,9,3,5,50,0,True,True
aligned,test,q5M1God4M6Y$_$9,q5M1God4M6Y,9,82,12,15,False,0.6666666865348816,2,positive,positive,True,14,14,13,0,14,14,13,0,50,0,True,True
aligned,test,qDfSYz0PX9g$_$0,qDfSYz0PX9g,0,50,9,12,False,-2.0,0,negative,negative,True,11,11,10,0,11,11,10,0,50,0,True,True
aligned,test,qDfSYz0PX9g$_$8,qDfSYz0PX9g,8,55,8,11,False,-0.6666666865348816,0,negative,negative,True,10,10,9,0,10,10,9,0,50,0,True,True
aligned,test,qEuJj4uW93E$_$1,qEuJj4uW93E,1,55,8,16,False,0.0,1,neutral,neutral,True,15,15,14,0,15,15,14,0,50,0,True,True
aligned,test,qgC8_emxSIU$_$6,qgC8_emxSIU,6,157,31,35,False,0.0,1,neutral,neutral,True,34,34,33,0,34,34,33,0,50,0,True,True
aligned,test,r46amqjpWgg$_$26,r46amqjpWgg,26,78,14,20,False,0.6666666865348816,2,positive,positive,True,19,19,18,0,19,19,18,0,50,0,True,True
aligned,test,r46amqjpWgg$_$22,r46amqjpWgg,22,114,23,27,False,0.6666666865348816,2,positive,positive,True,26,26,25,0,26,26,25,0,50,0,True,True
aligned,test,r46amqjpWgg$_$6,r46amqjpWgg,6,78,13,16,False,1.3333333730697632,2,positive,positive,True,15,15,14,0,15,15,14,0,50,0,True,True
aligned,test,r46amqjpWgg$_$15,r46amqjpWgg,15,51,10,14,False,0.0,1,neutral,neutral,True,13,13,12,0,13,13,12,0,50,0,True,True
aligned,test,r46amqjpWgg$_$32,r46amqjpWgg,32,161,31,40,False,1.0,2,positive,positive,True,39,39,38,0,39,39,38,0,50,0,True,True
aligned,test,rcfnqiD0y8o$_$0,rcfnqiD0y8o,0,69,12,14,False,1.6666666269302368,2,positive,positive,True,13,13,12,0,13,13,12,0,50,0,True,True
aligned,test,rhQB8e999-Q$_$10,rhQB8e999-Q,10,200,36,47,False,1.0,2,positive,positive,True,46,46,45,0,46,46,45,0,50,0,True,True
aligned,test,rhQB8e999-Q$_$0,rhQB8e999-Q,0,159,25,30,False,0.6666666865348816,2,positive,positive,True,29,29,28,0,29,29,28,0,50,0,True,True
aligned,test,rhQB8e999-Q$_$5,rhQB8e999-Q,5,147,26,32,False,0.0,1,neutral,neutral,True,31,31,30,0,31,31,30,0,50,0,True,True
aligned,test,rhQB8e999-Q$_$7,rhQB8e999-Q,7,140,26,31,False,0.6666666865348816,2,positive,positive,True,30,30,29,0,30,30,29,0,50,0,True,True
aligned,test,rhQB8e999-Q$_$8,rhQB8e999-Q,8,68,13,17,False,0.0,1,neutral,neutral,True,16,16,15,0,16,16,15,0,50,0,True,True
aligned,test,svsbGQn389o$_$8,svsbGQn389o,8,95,18,23,False,-1.3333333730697632,0,negative,negative,True,22,22,21,0,10,10,9,0,50,0,True,True
aligned,test,tC2KicUHB9Q$_$7,tC2KicUHB9Q,7,28,6,8,False,-0.3333333432674408,0,negative,negative,True,7,7,6,0,7,7,6,0,50,0,True,True
aligned,test,tNd3--lvSXE$_$6,tNd3--lvSXE,6,163,27,35,False,0.6666666865348816,2,positive,positive,True,34,34,33,0,34,34,33,0,50,0,True,True
aligned,test,teQqaAmqqx0$_$0,teQqaAmqqx0,0,118,19,28,False,0.0,1,neutral,neutral,True,27,27,26,0,27,27,26,0,50,0,True,True
aligned,test,teQqaAmqqx0$_$3,teQqaAmqqx0,3,163,28,34,False,0.0,1,neutral,neutral,True,33,33,32,0,33,33,32,0,50,0,True,True
aligned,test,tnWmVXZ87h0$_$0,tnWmVXZ87h0,0,137,29,36,False,2.0,2,positive,positive,True,35,35,34,0,35,35,34,0,50,0,True,True
aligned,test,tnWmVXZ87h0$_$3,tnWmVXZ87h0,3,84,16,22,False,1.6666666269302368,2,positive,positive,True,21,21,20,0,21,21,20,0,50,0,True,True
aligned,test,ttfaZ8IIWCo$_$2,ttfaZ8IIWCo,2,89,14,23,False,2.3333332538604736,2,positive,positive,True,22,22,21,0,22,22,21,0,50,0,True,True
aligned,test,ttfaZ8IIWCo$_$5,ttfaZ8IIWCo,5,120,22,26,False,2.3333332538604736,2,positive,positive,True,25,25,24,0,25,25,24,0,50,0,True,True
aligned,test,ttfaZ8IIWCo$_$4,ttfaZ8IIWCo,4,149,17,21,False,2.3333332538604736,2,positive,positive,True,20,20,19,0,20,20,19,0,50,0,True,True
aligned,test,tymso_pAxhk$_$12,tymso_pAxhk,12,178,30,37,False,-1.0,0,negative,negative,True,36,36,35,0,36,36,35,0,50,0,True,True
aligned,test,u9ZV8jb_-U0$_$0,u9ZV8jb_-U0,0,112,21,32,False,-1.6666666269302368,0,negative,negative,True,31,31,30,0,31,31,30,0,50,0,True,True
aligned,test,um8WVjZMLUc$_$1,um8WVjZMLUc,1,87,12,15,False,0.0,1,neutral,neutral,True,14,14,13,0,14,14,13,0,50,0,True,True
aligned,test,unOeTDc2rlY$_$27,unOeTDc2rlY,27,68,13,23,False,1.0,2,positive,positive,True,22,22,21,0,22,22,21,0,50,0,True,True
aligned,test,unOeTDc2rlY$_$31,unOeTDc2rlY,31,110,19,24,False,1.0,2,positive,positive,True,23,23,22,0,23,23,22,0,50,0,True,True
aligned,test,unOeTDc2rlY$_$29,unOeTDc2rlY,29,114,19,29,False,-0.3333333432674408,0,negative,negative,True,28,28,27,0,28,28,27,0,50,0,True,True
aligned,test,uogwnZGb-iE$_$26,uogwnZGb-iE,26,61,12,17,False,2.0,2,positive,positive,True,16,16,15,0,16,16,15,0,50,0,True,True
aligned,test,uogwnZGb-iE$_$21,uogwnZGb-iE,21,111,20,27,False,0.3333333432674408,2,positive,positive,True,26,26,25,0,26,26,25,0,50,0,True,True
aligned,test,uogwnZGb-iE$_$22,uogwnZGb-iE,22,165,32,37,False,2.0,2,positive,positive,True,36,36,35,0,36,36,35,0,50,0,True,True
aligned,test,uogwnZGb-iE$_$28,uogwnZGb-iE,28,129,25,31,False,2.3333332538604736,2,positive,positive,True,30,30,29,0,30,30,29,0,50,0,True,True
aligned,test,uogwnZGb-iE$_$13,uogwnZGb-iE,13,61,11,18,False,2.3333332538604736,2,positive,positive,True,17,17,16,0,17,17,16,0,50,0,True,True
aligned,test,uogwnZGb-iE$_$6,uogwnZGb-iE,6,60,11,18,False,1.0,2,positive,positive,True,17,17,16,0,17,17,16,0,50,0,True,True
aligned,test,vB_kZocHtYo$_$8,vB_kZocHtYo,8,143,27,31,False,0.0,1,neutral,neutral,True,30,30,29,0,30,30,29,0,50,0,True,True
aligned,test,vGkIaClHKDg$_$6,vGkIaClHKDg,6,129,23,26,False,1.3333333730697632,2,positive,positive,True,25,25,24,0,25,25,24,0,50,0,True,True
aligned,test,vR90Pdx9wxs$_$3,vR90Pdx9wxs,3,306,61,50,False,0.3333333432674408,2,positive,positive,True,49,49,48,0,49,49,48,0,50,0,True,True
aligned,test,v_8QeoNc4QY$_$5,v_8QeoNc4QY,5,72,13,16,False,0.3333333432674408,2,positive,positive,True,15,15,14,0,15,15,14,0,50,0,True,True
aligned,test,veA6ECsGFxI$_$0,veA6ECsGFxI,0,216,33,40,False,0.6666666865348816,2,positive,positive,True,39,39,38,0,39,39,38,0,50,0,True,True
aligned,test,wC_1M7KIv9s$_$24,wC_1M7KIv9s,24,110,18,27,False,0.0,1,neutral,neutral,True,26,26,25,0,26,26,25,0,50,0,True,True
aligned,test,wC_1M7KIv9s$_$12,wC_1M7KIv9s,12,110,22,28,False,0.3333333432674408,2,positive,positive,True,27,27,26,0,27,27,26,0,50,0,True,True
aligned,test,wC_1M7KIv9s$_$23,wC_1M7KIv9s,23,128,19,22,False,0.0,1,neutral,neutral,True,21,21,20,0,21,21,20,0,50,0,True,True
aligned,test,wC_1M7KIv9s$_$1,wC_1M7KIv9s,1,100,19,23,False,0.6666666865348816,2,positive,positive,True,22,22,21,0,22,22,21,0,50,0,True,True
aligned,test,wC_1M7KIv9s$_$5,wC_1M7KIv9s,5,72,15,19,False,0.0,1,neutral,neutral,True,18,18,17,0,18,18,17,0,50,0,True,True
aligned,test,wC_1M7KIv9s$_$25,wC_1M7KIv9s,25,200,36,50,False,2.0,2,positive,positive,True,49,49,48,0,49,49,48,0,50,0,True,True
aligned,test,wC_1M7KIv9s$_$21,wC_1M7KIv9s,21,87,17,21,False,-0.3333333432674408,0,negative,negative,True,20,20,19,0,20,20,19,0,50,0,True,True
aligned,test,wHeZHLv9wGI$_$12,wHeZHLv9wGI,12,170,34,47,False,-0.6666666865348816,0,negative,negative,True,46,46,45,0,46,46,45,0,50,0,True,True
aligned,test,wnL3ld9bM2o$_$25,wnL3ld9bM2o,25,58,13,20,False,2.0,2,positive,positive,True,19,19,18,0,19,19,18,0,50,0,True,True
aligned,test,wnL3ld9bM2o$_$21,wnL3ld9bM2o,21,44,9,15,False,0.3333333432674408,2,positive,positive,True,14,14,13,0,14,14,13,0,50,0,True,True
aligned,test,wnL3ld9bM2o$_$4,wnL3ld9bM2o,4,173,37,41,False,0.3333333432674408,2,positive,positive,True,40,40,39,0,40,40,39,0,50,0,True,True
aligned,test,wnL3ld9bM2o$_$9,wnL3ld9bM2o,9,44,10,12,False,1.0,2,positive,positive,True,11,11,10,0,11,11,10,0,50,0,True,True
aligned,test,wnL3ld9bM2o$_$15,wnL3ld9bM2o,15,110,22,27,False,0.0,1,neutral,neutral,True,26,26,25,0,26,26,25,0,50,0,True,True
aligned,test,wnL3ld9bM2o$_$14,wnL3ld9bM2o,14,62,9,12,False,0.0,1,neutral,neutral,True,11,11,10,0,11,11,10,0,50,0,True,True
aligned,test,wznRBN1fWj4$_$0,wznRBN1fWj4,0,64,13,17,False,0.0,1,neutral,neutral,True,16,16,15,0,16,16,15,0,50,0,True,True
aligned,test,wznRBN1fWj4$_$6,wznRBN1fWj4,6,66,12,14,False,0.0,1,neutral,neutral,True,13,13,12,0,0,0,0,0,50,0,True,True
aligned,test,x0rLwBIocuI$_$7,x0rLwBIocuI,7,182,35,44,False,-0.6666666865348816,0,negative,negative,True,43,43,42,0,43,43,42,0,50,0,True,True
aligned,test,xBE9YWYGjtk$_$7,xBE9YWYGjtk,7,96,19,22,False,2.0,2,positive,positive,True,21,21,20,0,21,21,20,0,50,0,True,True
aligned,test,xSCvspXYU9k$_$19,xSCvspXYU9k,19,93,17,21,False,-1.0,0,negative,negative,True,20,20,19,0,20,20,19,0,50,0,True,True
aligned,test,xSCvspXYU9k$_$7,xSCvspXYU9k,7,68,13,18,False,0.0,1,neutral,neutral,True,17,17,16,0,17,17,16,0,50,0,True,True
aligned,test,xXXcgb9eZ9Y$_$7,xXXcgb9eZ9Y,7,70,13,18,False,-0.3333333432674408,0,negative,negative,True,17,17,16,0,17,17,16,0,50,0,True,True
aligned,test,xmLJHru6Z1M$_$12,xmLJHru6Z1M,12,85,17,21,False,1.0,2,positive,positive,True,20,20,19,0,20,20,19,0,50,0,True,True
aligned,test,xmLJHru6Z1M$_$14,xmLJHru6Z1M,14,125,24,32,False,1.0,2,positive,positive,True,31,31,30,0,31,31,30,0,50,0,True,True
aligned,test,xmLJHru6Z1M$_$8,xmLJHru6Z1M,8,109,21,25,False,0.3333333432674408,2,positive,positive,True,24,24,23,0,17,17,16,0,50,0,True,True
aligned,test,xobMRm5Vs44$_$1,xobMRm5Vs44,1,75,11,20,False,0.0,1,neutral,neutral,True,19,19,18,0,19,19,18,0,50,0,True,True
aligned,test,yCpHmPSshKY$_$1,yCpHmPSshKY,1,89,16,19,False,1.6666666269302368,2,positive,positive,True,18,18,17,0,18,18,17,0,50,0,True,True
aligned,test,yCpHmPSshKY$_$0,yCpHmPSshKY,0,157,30,38,False,0.6666666865348816,2,positive,positive,True,37,37,36,0,37,37,36,0,50,0,True,True
aligned,test,yLo-Jl8nBXU$_$11,yLo-Jl8nBXU,11,184,32,37,False,0.6666666865348816,2,positive,positive,True,36,36,35,0,36,36,35,0,50,0,True,True
aligned,test,yLo-Jl8nBXU$_$0,yLo-Jl8nBXU,0,237,37,50,False,0.0,1,neutral,neutral,True,49,49,48,0,49,49,48,0,50,0,True,True
aligned,test,yLo-Jl8nBXU$_$6,yLo-Jl8nBXU,6,110,19,22,False,1.3333333730697632,2,positive,positive,True,21,21,20,0,21,21,20,0,50,0,True,True
aligned,test,ySblgk7T7eQ$_$12,ySblgk7T7eQ,12,123,22,30,False,-0.3333333432674408,0,negative,negative,True,29,29,28,0,29,29,28,0,50,0,True,True
aligned,test,ySblgk7T7eQ$_$0,ySblgk7T7eQ,0,46,11,16,False,1.0,2,positive,positive,True,15,15,14,0,15,15,14,0,50,0,True,True
aligned,test,ySblgk7T7eQ$_$4,ySblgk7T7eQ,4,80,14,21,False,0.6666666865348816,2,positive,positive,True,20,20,19,0,20,20,19,0,50,0,True,True
aligned,test,ySblgk7T7eQ$_$9,ySblgk7T7eQ,9,186,36,45,False,1.0,2,positive,positive,True,44,44,43,0,44,44,43,0,50,0,True,True
aligned,test,yUqNp-poh9M$_$2,yUqNp-poh9M,2,49,10,15,False,-0.3333333432674408,0,negative,negative,True,14,14,13,0,14,14,13,0,50,0,True,True
aligned,test,yUqNp-poh9M$_$9,yUqNp-poh9M,9,52,10,12,False,0.0,1,neutral,neutral,True,11,11,10,0,11,11,10,0,50,0,True,True
aligned,test,ydzNAuqUAnc$_$6,ydzNAuqUAnc,6,170,26,33,False,-1.0,0,negative,negative,True,32,32,31,0,21,21,20,0,50,0,True,True
aligned,test,yoDMh8FlHR8$_$0,yoDMh8FlHR8,0,92,17,22,False,1.6666666269302368,2,positive,positive,True,21,21,20,0,21,21,20,0,50,0,True,True
aligned,test,yzCHa2qchpg$_$1,yzCHa2qchpg,1,247,48,50,False,-2.0,0,negative,negative,True,49,49,48,0,49,49,48,0,50,0,True,True
aligned,test,yzCHa2qchpg$_$2,yzCHa2qchpg,2,60,12,16,False,1.3333333730697632,2,positive,positive,True,15,15,14,0,15,15,14,0,50,0,True,True
aligned,test,z441aDJvAcU$_$20,z441aDJvAcU,20,142,24,28,False,1.0,2,positive,positive,True,27,27,26,0,27,27,26,0,50,0,True,True
aligned,test,z441aDJvAcU$_$21,z441aDJvAcU,21,92,14,21,False,0.3333333432674408,2,positive,positive,True,20,20,19,0,20,20,19,0,50,0,True,True
aligned,test,z441aDJvAcU$_$22,z441aDJvAcU,22,136,24,34,False,0.0,1,neutral,neutral,True,33,33,32,0,33,33,32,0,50,0,True,True
aligned,test,zfZUOvZZTuk$_$1,zfZUOvZZTuk,1,71,14,16,False,0.0,1,neutral,neutral,True,15,15,14,0,15,15,14,0,50,0,True,True
aligned,test,zfZUOvZZTuk$_$8,zfZUOvZZTuk,8,86,14,18,False,0.0,1,neutral,neutral,True,17,17,16,0,17,17,16,0,50,0,True,True
aligned,test,zhNksSReaQk$_$27,zhNksSReaQk,27,33,7,10,False,0.0,1,neutral,neutral,True,9,9,8,0,9,9,8,0,50,0,True,True
aligned,test,zhNksSReaQk$_$44,zhNksSReaQk,44,102,15,21,False,-1.0,0,negative,negative,True,20,20,19,0,20,20,19,0,50,0,True,True
aligned,test,zhNksSReaQk$_$28,zhNksSReaQk,28,44,10,14,False,-1.0,0,negative,negative,True,13,13,12,0,13,13,12,0,50,0,True,True
aligned,test,zhNksSReaQk$_$1,zhNksSReaQk,1,92,19,25,False,0.0,1,neutral,neutral,True,24,24,23,0,24,24,23,0,50,0,True,True
aligned,test,zhNksSReaQk$_$4,zhNksSReaQk,4,57,12,14,False,-0.3333333432674408,0,negative,negative,True,13,13,12,0,13,13,12,0,50,0,True,True
aligned,test,zhNksSReaQk$_$15,zhNksSReaQk,15,31,7,9,False,0.0,1,neutral,neutral,True,8,8,7,0,8,8,7,0,50,0,True,True
aligned,test,zhNksSReaQk$_$36,zhNksSReaQk,36,96,14,18,False,0.0,1,neutral,neutral,True,17,17,16,0,17,17,16,0,50,0,True,True
