version,split,id,video_id,clip_id,raw_text,text_char_len,text_word_len
unaligned,train,-3g5yACwYnA$_$4,-3g5yACwYnA,4,"Key brings those types of aspects to a business on new markets, new potentials, and even on our equipment of how things run and operate with a pretty big, long experience with their team.",187,34
unaligned,train,-HwX2H8Z4hY$_$3,-HwX2H8Z4hY,3,"Federal spending on education soared eightfold in the past twenty years, rising much faster than inflation",106,16
unaligned,train,-HwX2H8Z4hY$_$9,-HwX2H8Z4hY,9,It is a word which the administrator uses when he turns around anything which he doesn't like that the teacher is doing,119,22
unaligned,train,-NFrJFQijFE$_$0,-NFrJFQijFE,0,so all that has to go through aerodynamic analysis etc,54,10
unaligned,train,-THoVjtIkeU$_$2,-THoVjtIkeU,2,I think social justice is extremely important for young people.,63,10
unaligned,train,-UuX1xuaiiE$_$9,-UuX1xuaiiE,9,Having at least an awareness and sensitivity to human rights issues is critical in today's world,96,16
unaligned,train,-WXXTNIJcVM$_$0,-WXXTNIJcVM,0,"""I just have a passion for it",29,7
unaligned,train,-a55Q6RWvTA$_$3,-a55Q6RWvTA,3,"And if you clip coupons, if you don't go out for dinner and movies and things of that nature and try to take up things in life that, well, they always say, ""the best things in life are free"". Reading a book, going for a nice walk, and, of course, combining exercise and various things of that nature where you're not spending money per se.",339,65
unaligned,train,-aNfi7CP8vM$_$10,-aNfi7CP8vM,10,"Did they grow up in a very strict, staunch Republican household and so because of that now they're a very, very liberal Democrat?",129,23
unaligned,train,-aqamKhZ1Ec$_$1,-aqamKhZ1Ec,1,"And even after the election and the tribal warfare was going on, tribal people were killing one another, but Equity had branches all over the country.",150,26
unaligned,train,-aqamKhZ1Ec$_$0,-aqamKhZ1Ec,0,"In 2008, there were very serious tribal warfare in Kenya following a disputed election.",87,14
unaligned,train,-dxfTGcXJoc$_$0,-dxfTGcXJoc,0,"This is Governor Steve Beshear ... About Kentucky Our state is home to more than 1,500 bioscience and lifescience companies and more than 100,000 people who work for these firms, in areas from nutrigenomics and pharmaceuticals to nanotechnology and medical devices.",265,41
unaligned,train,-dxfTGcXJoc$_$6,-dxfTGcXJoc,6,Kentucky’s participation at the annual BIO International Convention is the primary means by which our high-tech companies and institutions can reach out to the global scientific community.,188,27
unaligned,train,-egA8-b7-3M$_$3,-egA8-b7-3M,3,One of the things that is most important to do when you consider exhibiting is to think about your goals.,105,20
unaligned,train,-lqc32Zpr7M$_$18,-lqc32Zpr7M,18,"This is an extremely hard time and a way to learn a lot about yourself, your family and your friends; but acceptance is the ultimate stage.",139,26
unaligned,train,-lzEya4AM_4$_$6,-lzEya4AM_4,6,"If the product or poison is some type of petroleum product or corrosive product, you would not attempt to induce vomiting and nausea, as as the product burned on the way down it could cause damage and burning on the way back up.",228,43
unaligned,train,-mJ2ud6oKI8$_$9,-mJ2ud6oKI8,9,"It's safe and the person will feel better later on, but it's sort of like flossing your teeth for the first time",112,22
unaligned,train,-mqbVkbCndg$_$1,-mqbVkbCndg,1,And how could we get beyond those limits,40,8
unaligned,train,-mqbVkbCndg$_$4,-mqbVkbCndg,4,I said this is a thoroughly pragmatist approach and it is because it’s not about perfection,91,16
unaligned,train,-tPCytz4rww$_$16,-tPCytz4rww,16,So make sure to get a through or to do a through cleaning of the property.,74,16
unaligned,train,-vxjVxOeScU$_$2,-vxjVxOeScU,2,Don't worry a wedding anniversary speech is one of the easiest speeches to write and give.,90,16
unaligned,train,-wny0OAz3g8$_$0,-wny0OAz3g8,0,trade labor unions didn’t allow Black workers to join,53,9
unaligned,train,-wny0OAz3g8$_$5,-wny0OAz3g8,5,"This is what’s now known as racial formation theory, a theory formalized by modern sociologists Michael Omi and Howard Winant",125,20
unaligned,train,03X1FwF6udc$_$22,03X1FwF6udc,22,You want to make sure you have a hundred percent of the money that you originally saved for that goal.,102,20
unaligned,train,07Z16yRBFUQ$_$5,07Z16yRBFUQ,5,"That being said mutual funds have rules and the most notable rules are past performance, there's no indication of fair value, and may lose value and not insured by any federal government agency.",194,33
unaligned,train,0BVed2nBq1g$_$0,0BVed2nBq1g,0,Very first one we have is Drama Queen,37,8
unaligned,train,0BVed2nBq1g$_$3,0BVed2nBq1g,3,"Like for example, a friend of mine lost her wallet",50,10
unaligned,train,0BVed2nBq1g$_$2,0BVed2nBq1g,2,Like for a situation or for an event the way this woman would react will be in a very exaggerated and melodramatic way,118,23
unaligned,train,0DBfvvIVmqY$_$13,0DBfvvIVmqY,13,If you could spend Christmas with any J,39,8
unaligned,train,0DBfvvIVmqY$_$14,0DBfvvIVmqY,14,"K Rowling character Fantastic Beasts and Marauders included, who would it be",76,12
unaligned,train,0DBfvvIVmqY$_$4,0DBfvvIVmqY,4,A Harry Potter mug or a Star Wars mug,37,9
unaligned,train,0DBfvvIVmqY$_$8,0DBfvvIVmqY,8,"Starbuck's salted caramel, hot chocolate",40,5
unaligned,train,0EphpADwdPg$_$6,0EphpADwdPg,6,"So that it does happen, but the SECOND time the chorus comes in",63,13
unaligned,train,0FA32bEZ6xI$_$24,0FA32bEZ6xI,24,"They honori architect Robert Robinson Taylor; Bishop Richard Allen, founder of the African Methodist Episcopal Church; and most recently civil rights leader and activist Dorothy Height",184,26
unaligned,train,0FA32bEZ6xI$_$25,0FA32bEZ6xI,25,"She was honored on a stamp just issued February 1, the first day of Black History Month",87,17
unaligned,train,0FA32bEZ6xI$_$28,0FA32bEZ6xI,28,"For Linn’s Stamp News and Scott catalogs, I’m Denise McCarty",60,10
unaligned,train,0FA32bEZ6xI$_$3,0FA32bEZ6xI,3,has left after serving the maximum 12 years allowed on the panel,64,12
unaligned,train,0FA32bEZ6xI$_$6,0FA32bEZ6xI,6,"His documentaries include Finding Your Roots, which currently airs on PBS",73,11
unaligned,train,0FA32bEZ6xI$_$15,0FA32bEZ6xI,15,"On its website today, the United States Postal Service says, “The group selects subjects for recommendation as future stamp issues, made with all postal customers in mind, including stamp collectors",198,30
unaligned,train,0FA32bEZ6xI$_$14,0FA32bEZ6xI,14,” The role of the committee hasn’t changed much,47,9
unaligned,train,0FA32bEZ6xI$_$18,0FA32bEZ6xI,18,” The stamp hobby is represented as well,40,8
unaligned,train,0JuRmhhgMw8$_$0,0JuRmhhgMw8,0,"Dear learners, a warm welcome to the online courses in this objective political science",87,14
unaligned,train,0OC3wf9x3zQ$_$7,0OC3wf9x3zQ,7,"We have JørgenHaslestad, who is the chief executive of Yara International.",74,11
unaligned,train,0OC3wf9x3zQ$_$6,0OC3wf9x3zQ,6,"We have five co-chairs including Ajai Chowdhry, who is the founder and chairman of HDL Technologies from India.",111,18
unaligned,train,0OXeN3MhFeA$_$19,0OXeN3MhFeA,19,"But for you-- for the entrepreneur, as a person, who created the startup-- it's like a never-ending process.",108,18
unaligned,train,0OXeN3MhFeA$_$18,0OXeN3MhFeA,18,You know that your product is ready because of the pipeline of your clients.,76,14
unaligned,train,0OXeN3MhFeA$_$15,0OXeN3MhFeA,15,So let's focus on something-- on one thing-- and be good at it.,63,13
unaligned,train,0Svu5BldR5A$_$0,0Svu5BldR5A,0,"Hi, I'm Carmen Lynne with Expert Village and I'm going to be talking to you today about handwriting analysis, or the posh word for that is graphology.",150,27
unaligned,train,0YdYFtVdlWE$_$7,0YdYFtVdlWE,7,Then we get out,15,4
unaligned,train,0YdYFtVdlWE$_$6,0YdYFtVdlWE,6,Three hours into the ride he starts getting fussy,49,9
unaligned,train,0YdYFtVdlWE$_$8,0YdYFtVdlWE,8,We eat some dinner and he absolutely refuses to get back in the car,67,14
unaligned,train,0YdYFtVdlWE$_$10,0YdYFtVdlWE,10,"Until I stopped and I said, ""I don't know what's going on man",61,13
unaligned,train,0YdYFtVdlWE$_$15,0YdYFtVdlWE,15,"And that to me was like, oh my gosh, I really need to take time to explain everything we're doing, why we're doing it before we leave the house",143,29
unaligned,train,0YdYFtVdlWE$_$14,0YdYFtVdlWE,14,And he hopped right in that seat for me and let me buckle him in,64,15
unaligned,train,0bsTzavb-AE$_$3,0bsTzavb-AE,3,And vitamin D is really really closely related with the hormone system with your body,85,15
unaligned,train,0hCOCt6fWas$_$15,0hCOCt6fWas,15,"Concrete is much cheaper than granite, and it is more easily customized to fit odd shapes or nooks than paying a stone mason to work with granite.",146,27
unaligned,train,0hCOCt6fWas$_$2,0hCOCt6fWas,2,"If you are willing to have a mosaic countertop, with fitted seams or pieces held together with grout and glue, you could have a granite countertop.",147,26
unaligned,train,0hCihQ5Kep0$_$3,0hCihQ5Kep0,3,the other center was great however this Center allows more space and more equipment to provide for specialized services,119,19
unaligned,train,0hCihQ5Kep0$_$4,0hCihQ5Kep0,4,I absolutely love speech-language pathology,43,5
unaligned,train,0jtdrsmVzYQ$_$5,0jtdrsmVzYQ,5,"If you're eating too large of amounts, it will slow the process of digestion and maybe causing your stomach pain.",113,20
unaligned,train,0mXv97u2OCM$_$7,0mXv97u2OCM,7,They're going to actively seek out and look for brands that deliver on their promises.,86,15
unaligned,train,0p9XKC_J3hU$_$2,0p9XKC_J3hU,2,"So they may be doing it on a connected TV, that’s one type of viewing experience, versus on a laptop versus a mobile phone.",123,24
unaligned,train,0rE8jEvQW_I$_$3,0rE8jEvQW_I,3,Tickets are going to be just $1 and we are going on that Friday lunch and at the door,85,19
unaligned,train,0rE8jEvQW_I$_$4,0rE8jEvQW_I,4,"Now remember, we will be selling donuts on Friday in the morning as well as Frappuchinos",88,16
unaligned,train,0rE8jEvQW_I$_$9,0rE8jEvQW_I,9,Pay it as soon as possible,26,6
unaligned,train,0tkWa2skSmA$_$8,0tkWa2skSmA,8,"So to recap, its a defense mechanism that your brain tells your body to produce to help expel certain products inside your lungs or inside your throat so you can get rid of them faster and to help speed you on to a more healthier, happy self.",242,47
unaligned,train,0tkWa2skSmA$_$6,0tkWa2skSmA,6,Also you'll find that mucous production increases when you have a sore throat.,78,13
unaligned,train,100499$_$5,100499,5,"He starts acting like a dog and it's just like, what? What are you doing? It's just really cheesy but, kids, you know, laugh over it and think it's really funny but, you know as an adult, it'd probably put you to sleep so if you are looking on to stay up with your kids like, don't run it because or don't buy it because it's much like dogs laugh",346,70
unaligned,train,100499$_$4,100499,4,(umm) Like Tim Allen turns into this shaggy dog like he literally turns into this dog,85,16
unaligned,train,101851$_$13,101851,13,"But the, (stutter) but you know they did pretty good on the graphics",68,13
unaligned,train,101851$_$14,101851,14,(umm) The CG is great,21,5
unaligned,train,101851$_$16,101851,16,"Because this it's just, it's (stutter) almost just too much",59,10
unaligned,train,101851$_$0,101851,0,I'm going to do a movie review on Pirates of the Caribbean: At World's End,74,15
unaligned,train,102184$_$12,102184,12,"Even the action sequences aren't as good as (uhh) the first and the second one so I gotta say it purp (stutter), I will, don't know if I say it ruined the trilogy",162,33
unaligned,train,102184$_$1,102184,1,"And you know I was pretty, I was looking forward to this movie you know quite a bit",83,18
unaligned,train,102184$_$3,102184,3,"I mean they always had good villains with like Alfred Molina playing (umm) Doctor Octopus and, you know, (umm) that kind of thing",129,23
unaligned,train,102184$_$7,102184,7,I just really left the theater feeling just kind of (uhh),57,11
unaligned,train,10223$_$1,10223,1,This is the fourth DVD in the series i'm xxx but completely unnecessary,71,13
unaligned,train,10223$_$9,10223,9,It's (uhh) you know just get three then go on to five,53,12
unaligned,train,106077$_$1,106077,1,Tom Cruise is in this movie with Penelope Cruz and Cameron Diaz,63,12
unaligned,train,106077$_$2,106077,2,The movies is rated R for sexuality and strong language and is brought to you by Paramount pictures,99,18
unaligned,train,106077$_$7,106077,7,There are finales that aren't really finales,44,7
unaligned,train,106514$_$10,106514,10,"Like he used to be at least an interesting director what what (stutter) with like you know, the Evil Dead trilogy",113,21
unaligned,train,106514$_$2,106514,2,"Let's see the first Spider-Man film was pretty good, half of it was at least",76,15
unaligned,train,106514$_$9,106514,9,I guess something happened,26,4
unaligned,train,106941$_$10,106941,10,"It was worse, but at the same time it was very forced, almost pornographic is a term that's thrown around a lot that I agree with",129,26
unaligned,train,106941$_$12,106941,12,And (uhh) I didn't care about any of the characters in this film unlike the protagonist from the first one so,109,21
unaligned,train,106941$_$3,106941,3,"Hostel was, it wasn't scary, but it was gruesome and kind of had some dark humor to it and a fairly interesting plot",116,23
unaligned,train,106941$_$2,106941,2,"Surely, surely (stutter) wasn't hostile",39,5
unaligned,train,106941$_$7,106941,7,It It's (stutter) been done already,35,6
unaligned,train,106941$_$9,106941,9,"Not exponentially no, probably geometrically though",51,6
unaligned,train,106941$_$8,106941,8,The violence in this film was exponentially worse I would say,61,11
unaligned,train,107551$_$1,107551,1,I got this movie because (uhh) I like horror movies every now and then and it says from the writer and director of Saw,118,24
unaligned,train,107551$_$3,107551,3,(uhh) but I was very disappointed by this movie,47,9
unaligned,train,107551$_$5,107551,5,"I mean I understand in movies that you have to suspend, you know disbelief for the sake of the story but when it, when it (stutter) there is nothing on it to hold on to, then it kind of truth or reality then it kind of just becomes nothing you know, waste of time",263,54
unaligned,train,107551$_$6,107551,6,That's kind of what this movie became,37,7
unaligned,train,108793$_$10,108793,10,"And (umm) I didn't enjoy the movie, I I (stutter) really didn't, and I really wanted to",87,17
unaligned,train,108793$_$17,108793,17,And (umm) I'll say on a scale of one to ten it's maybe a four,61,15
unaligned,train,108793$_$1,108793,1,"I was, I was (stutter) really excited to see this movie",55,11
unaligned,train,108793$_$0,108793,0,License to Wed,14,3
unaligned,train,108793$_$8,108793,8,And (umm) they have three weeks to do it in,43,10
unaligned,train,110203$_$2,110203,2,"Basic premise of the movie, this couple gets engaged, wants to go and get married at horrible church but the new standards there require that the priest approve the wedding beforehand and the priest makes them go through all kinds of crazy stuff to get his approval",265,47
unaligned,train,110203$_$7,110203,7,"So, License to Wed starring Robin Williams, one out of five",59,11
unaligned,train,110754$_$3,110754,3,"Basically he is a coach of a basketball team and there's all these kids that are like, troubled you know",104,20
unaligned,train,110754$_$2,110754,2,"As you can see there he's the little dude holding, well, kicking the basketball or whatever you wanna say",105,19
unaligned,train,110766$_$8,110766,8,It's completely a chick flick,29,5
unaligned,train,110788$_$0,110788,0,This is Dustin with a video review of the DVD called Legally Blonde,67,13
unaligned,train,110788$_$5,110788,5,(umm) They say two thumbs up (umm) they're lying,48,9
unaligned,train,112148$_$12,112148,12,"But (umm) if you have a chance to see it, check it out",54,13
unaligned,train,112148$_$5,112148,5,I wouldn't say it's the best movie,34,7
unaligned,train,112148$_$4,112148,4,(umm) Basically it's very gruesome,34,5
unaligned,train,112148$_$7,112148,7,But (uhh) I'd actually think that it's worse than the first one,63,12
unaligned,train,112169$_$7,112169,7,(umm) He plays a lesser role,28,6
unaligned,train,112604$_$1,112604,1,"And it's about a modern day (uhh) Noah's Ark story and as as (stutter) and as you can imagine there's if you try to put the Noah's Ark story in modern times, there's gonna be some wacky hijinks that follow and obviously there are as (uhh) Steve Carrell becomes (uhh) Noah both in physical appearance and in his (uhh) duty to (uhh) build a huge ark in the middle of a populated American town, so",394,75
unaligned,train,112631$_$1,112631,1,"It's about a young couple who are getting ready to wed but before they are allowed to do so in the church (uhh) the priest, played by Robin Williams, requires that they go through his (uhh) training classes for (uhh) to make sure they're ready for marriage",256,47
unaligned,train,112631$_$6,112631,6,I'm no you know fan of her acting or anything so I was kind of indifferent towards her,86,18
unaligned,train,112903$_$0,112903,0,"Hello, (umm) Sarah here talking about Spider-Man Three, one of the first of several extensions of trilogies or other series of the summer",137,23
unaligned,train,112903$_$3,112903,3,"It was satisfying in the laziest way, it was (umm) just basically the minimum that you might expect from an action movie",120,22
unaligned,train,112903$_$6,112903,6,"And (umm) I think that's pretty pathetic, I mean maybe it's just trying, I mean it says that more and more people are going to the movies and less and less people actually care about what they're watching and taking in",218,41
unaligned,train,113265$_$3,113265,3,"(uhh) First of all it was way too long, two and a half hours",60,14
unaligned,train,113265$_$4,113265,4,"It was just boring and there's too much story to it, not enough action, like I would get up and leave just cause it was so bad and yeah",135,29
unaligned,train,114624$_$11,114624,11,(umm) Not impressed,19,3
unaligned,train,114624$_$6,114624,6,It's an English movie (umm) Don't really get the humor in it,60,12
unaligned,train,114624$_$8,114624,8,(umm) This is the widescreen version,36,6
unaligned,train,11650$_$0,11650,0,"Hey, you all",12,3
unaligned,train,11650$_$3,11650,3,"Now (umm) I don't know about you all, but I have seen tons and tons of advertisements for this movie",100,20
unaligned,train,11650$_$4,11650,4,"And when I saw the advertisements, it looked like a really action-packed kind of (uhh) suspenseful movie that I thought I was really going to enjoy",147,26
unaligned,train,11650$_$13,11650,13,I didn't really care for the main actor,39,8
unaligned,train,11650$_$18,11650,18,"I kind of wish I wouldn't have seen it, because the previews were better than the actual movie",94,18
unaligned,train,119348$_$11,119348,11,"And this is like four seasons or something of that, every episode and it's just no good",87,17
unaligned,train,119348$_$3,119348,3,"And the plot of this delightful little anime is that, oh I watched this, it's just been a few years",99,20
unaligned,train,119348$_$2,119348,2,"You just, you just (stutter) had Anma One Half, now you have Ranma",66,13
unaligned,train,120vnZnmhq4$_$2,120vnZnmhq4,2,"My last video blog I said, ""Here are three things you can do as an individual"", and I got one more for you today.",113,24
unaligned,train,121358$_$1,121358,1,Today I'm reviewing the DVD Dune,32,6
unaligned,train,121358$_$4,121358,4,A movie beyond your imagination,31,5
unaligned,train,121358$_$10,121358,10,"It is Frank Herbert, classic science fiction epic was made into a movie",71,13
unaligned,train,121358$_$13,121358,13,So you're out in space,22,5
unaligned,train,121358$_$15,121358,15,(uhh) and (uhh) Paul is the messianic rise to leadership,56,10
unaligned,train,121358$_$14,121358,14,It starts off being narrated by one of the (stutter) space princesses or whatever,81,14
unaligned,train,122439$_$4,122439,4,"Along the way, before he before he (stutter) leaves town, this surf guy comes into his town and gives him a necklace",116,22
unaligned,train,122602$_$12,122602,12,"Especially since (umm) they introduced Venom in it which had so many possibilities for it to be (umm) you know, another dark film, another more mature film",155,27
unaligned,train,122602$_$15,122602,15,And they turn the movie just into just basically a big joke,59,12
unaligned,train,122602$_$0,122602,0,This review is for a film currently in theaters called Spider-Man three,71,12
unaligned,train,122602$_$4,122602,4,Actually I didn't like the first one,36,7
unaligned,train,122842$_$1,122842,1,This is my favorite of all the Star Wars movies,47,10
unaligned,train,122842$_$6,122842,6,Vader traps his friends and and (stutter) lures him into a trap (umm) to try and take him to the emperor,104,21
unaligned,train,125730$_$12,125730,12,"They had some helicopters and some freeway scenes that were just, you know, a little bit outrageous at one point",112,20
unaligned,train,125730$_$1,125730,1,"This is an action adventure thriller that was just, I mean there's no way you could be bored in this movie",106,21
unaligned,train,125730$_$0,125730,0,"Hi, today I'm gonna (stutter) review the movie I recently saw in theater, it's Live Free or Die Hard",100,19
unaligned,train,125730$_$2,125730,2,I thought it was an excellent movie,35,7
unaligned,train,125730$_$8,125730,8,"He plays the Mac and I kept thinking the whole movie you know, who is this guy",78,17
unaligned,train,125845$_$1,125845,1,(umm) This movie was put out in two-thousand-three and it was given to (umm) to me as a gift but but (stutter) you can purchase it at Walmart for fifteen dollars,161,31
unaligned,train,125845$_$3,125845,3,"(umm) Steve Martin (uhh) and Bonny Hunt do a great a job acting, Steve Martin is hilarious as ever (umm) but it wasn't the best family movie in the world",153,30
unaligned,train,125845$_$5,125845,5,"(umm) But (stutter) all the kids in the movie are great actors and great actresses, they really have a good cast, just think the writing could have been a little different",171,31
unaligned,train,126542$_$11,126542,11,(umm) I I (stutter) Yeah this is one of those movies where definitely video games should not be made in the (uhh) movies,120,23
unaligned,train,126542$_$12,126542,12,Too hard to follow,18,4
unaligned,train,126542$_$17,126542,17,(stutter) I probably wouldn't even rent this movie,50,8
unaligned,train,126542$_$16,126542,16,"They're semi decent, but still (umm) nothing, nothing (stutter) good",68,10
unaligned,train,126542$_$3,126542,3,(umm) It's a martial arts movie,31,6
unaligned,train,126831$_$10,126831,10,(umm) But even if you're by yourself or with some friends or with anybody you probably still won't like it,106,20
unaligned,train,126831$_$3,126831,3,"(umm) Not much to say about this movie, it had had (stutter) a pretty weak story line I think",93,19
unaligned,train,127470$_$5,127470,5,This one also doesn't really make the cut,41,8
unaligned,train,127470$_$6,127470,6,(umm) It's just a lot of (umm) crude crude humor,48,10
unaligned,train,127539$_$5,127539,5,(umm) Like whole black college (uhh) band battles,49,8
unaligned,train,127539$_$7,127539,7,"The (uhh) the dialog isn't that great, the (uhh) storyline is is (stutter) pretty predictable, pretty cheesy you know",117,19
unaligned,train,127539$_$6,127539,6,"(uhh) But I mean, really the movie's only good for those scenes where they're actually doing their (uhh) their battling",119,20
unaligned,train,127539$_$9,127539,9,"So all in all, don't get this (uhh) Drumline DVD",48,10
unaligned,train,127539$_$8,127539,8,"(uhh) So I mean I wouldn't suggest this unless you were just watching it just to watch the (uhh) the bands, but I mean you can do that any you know college football game",169,34
unaligned,train,12812$_$3,12812,3,"There is a very exciting scene where they're all driving Minis, Mini Coopers, and there's a bunch of stuff in it and they're going through all these little alleyways and down stairs, places Minis wouldn't drive and it's really cool",231,40
unaligned,train,12812$_$6,12812,6,(umm) {clears throat} I think there's been great reviews (stutter) about this movie and it's very (umm) fun to watch with friends and I have always had a fun time watching it,174,32
unaligned,train,128258$_$13,128258,13,(umm) But I would say if you've seen the first two movies already you might as well give it a watch just to finish up the trilogy and be done with it,149,32
unaligned,train,128258$_$1,128258,1,"This is the third chapter, third and final chapter, in the Matrix trilogy and I would say by far my least favorite of the three",127,25
unaligned,train,128752$_$15,128752,15,"So, I mean, all in all I wouldn't suggest getting, getting (stutter) this DVD",77,14
unaligned,train,128752$_$16,128752,16,It's definitely not worth the money,35,6
unaligned,train,128752$_$3,128752,3,"(umm) It's about (umm) this guy, Kid, he (uhh) he's played by Christopher Reid",78,14
unaligned,train,128752$_$7,128752,7,"And they (uhh) you know, try try (stutter) to make it up in the world",69,15
unaligned,train,128752$_$9,128752,9,"And there's some people who (umm) who are trying, you know, like spoil their fun and everything",95,17
unaligned,train,128949$_$2,128949,2,(umm) It was the type of humor that would appeal to an eight year old boy but that's what I should expect from an Adam Sandler comedy,133,27
unaligned,train,129733$_$7,129733,7,"But (umm) I mean (stutter) you think with actually a you know a somewhat decent cast that they pull off a you know, better movie but they don't",143,28
unaligned,train,130149$_$3,130149,3,(umm) I'm not sure when it was even made,40,9
unaligned,train,130149$_$6,130149,6,"They they (stutter) might enjoy it but (umm) I, no, I didn't like it",68,14
unaligned,train,130426$_$0,130426,0,"(uhh) This is The Matrix Revolutions (umm) the third installment in the Wachowski brothers matrix trilogy, and definitely the worst",131,20
unaligned,train,130426$_$6,130426,6,"And in this movie, it's all done with machines, and it's just not nearly as cool it it (stutter) gets rather stupid",115,22
unaligned,train,130633$_$5,130633,5,"And the rest of the film involves him trying to find out why he got locked up, who did this to him, and he tries to see if he can exact revenge on the person who (uhh) who jailed him for fifteen years",200,43
unaligned,train,130633$_$7,130633,7,"If you're not into foreign films, you probably will be after watching this",74,13
unaligned,train,131650$_$1,131650,1,"It is the Blair Witch Project Two, Book of Shadows, and Blair Witch Project One, I know a lot of people didn't really like it, but I thought it was pretty good",159,32
unaligned,train,131650$_$0,131650,0,"Hello, my name is Emma and today I'm going to review this DVD that I got",72,16
unaligned,train,131650$_$3,131650,3,But this movie has absolutely nothing to do with The Blair Witch Project One,76,14
unaligned,train,131650$_$9,131650,9,It was awful,12,3
unaligned,train,131871$_$1,131871,1,(umm) I only watch this movie online but I really thought this plot was kind of (umm) was very (uhh) not well thought out,121,24
unaligned,train,131936$_$2,131936,2,(umm) This was an entertaining enough movie,43,7
unaligned,train,131936$_$4,131936,4,But overall I found it to be just kind if generic and it was just made to capitalize on the popularity of movies like Shrek or Toy Story,136,28
unaligned,train,134252$_$1,134252,1,This is a review for the (uhh) Divine Secrets of the Ya-Ya Sisterhood,69,13
unaligned,train,134252$_$0,134252,0,Hi,2,1
unaligned,train,136205$_$12,136205,12,Which is sad because I was really looking forward to it,55,11
unaligned,train,136205$_$0,136205,0,"My review now is for the movie Nancy Drew, by Andrew Fleming",60,12
unaligned,train,136205$_$6,136205,6,"Of course, there are exceptions",31,5
unaligned,train,136211$_$3,136211,3,It's basically the summer's action hit before Transformers came out,67,10
unaligned,train,136211$_$2,136211,2,"It's a mantra for an action movie and if you love the rest of the Die Hards and you've seen them and you have Die Hard movie nights like I've had, you're gonna love it",167,35
unaligned,train,137827$_$1,137827,1,(umm) I picked up because I really liked the book,49,10
unaligned,train,137827$_$2,137827,2,"However (umm) I should have known with Xzibit being one of the featured actors that the acting and the, the general dialogue was gonna be awful",143,26
unaligned,train,137827$_$4,137827,4,"(umm) The first twenty minutes, half hour, work pretty well and then the movie just loses all coherence",103,18
unaligned,train,139006$_$12,139006,12,"It's like you're looking at the movie, you're like, screaming at the movie like what the heck, like, that's so stupid, like no normal human with normal intelligence would do that, so it's like, when you, (stutter) there's certain parts, like in the beginning where you're just like how could they do that and it just feels so that like the film maker ran out of ideas so they used some cheap idea to, you know, create some drama to (stutter) bring the zombies into the film",473,87
unaligned,train,139006$_$3,139006,3,"Basically, zombie movies, (umm) nowadays zombie movies are based on one concept",79,12
unaligned,train,139032$_$16,139032,16,It's not good science fiction,29,5
unaligned,train,139032$_$3,139032,3,I think it wasn't as good as (umm) I don't think it's as good as like any science fiction movie,95,20
unaligned,train,13JpsLvddoY$_$8,13JpsLvddoY,8,"Thanks again for your support, and we look forward to hearing from you soon.",76,14
unaligned,train,13JpsLvddoY$_$7,13JpsLvddoY,7,"We're putting together our 2014 conference schedule, so if you know of a conference that would be a good fit for us, let us know!",129,25
unaligned,train,140293$_$0,140293,0,I'm here to review this movie and it's called Crouching Tiger Hidden Dragon,75,13
unaligned,train,140317$_$5,140317,5,And this is (uhh) about time travel,35,7
unaligned,train,140317$_$7,140317,7,"I don't want to mess up the story for you, but (uhh) it's interesting because, you know, it's about futuristic things and time travel, but (uhh) the story's kind of, kind of (stutter) nothing",191,34
unaligned,train,154449$_$2,154449,2,I'm doing a review on the movie Taxi with Queen Latifah and Jimmy Fallon,72,14
unaligned,train,154449$_$4,154449,4,Two thumbs down,15,3
unaligned,train,154449$_$6,154449,6,"(umm) Not only was it cheesy, but the storyline {sigh} was just dumb",68,13
unaligned,train,154449$_$8,154449,8,"(umm) I don't even know why we own this video, to be honest with you",68,15
unaligned,train,15837$_$1,15837,1,"It's (uhh) Jackass The Movie, Special Collectors Edition",56,8
unaligned,train,15837$_$9,15837,9,This is R rated and (uhh) a lot lot of crazy stuff that your kids will try to do if you don't yeah so don't let them see this at all,132,31
unaligned,train,15Wu4U2VPLw$_$2,15Wu4U2VPLw,2,All stakeholders should then probably agree on the division of responsibilities for the entire project,102,15
unaligned,train,15Wu4U2VPLw$_$4,15Wu4U2VPLw,4,"And then, there's opportunity too, to do some research identifying effective treatments for similar crime problems in other areas or jurisdictions as well",154,23
unaligned,train,15Wu4U2VPLw$_$6,15Wu4U2VPLw,6,You can even speak to your local crime prevention officers or other police as well,82,15
unaligned,train,15ktF-6wutk$_$4,15ktF-6wutk,4,I ASK FOR YOUR SUPPORT MONDAY NIGHT AND MAKE YOU PROUD AS OUR PARTY'S NOMINEE,77,15
unaligned,train,180923$_$14,180923,14,The only bonus feature on the DVD is the making of Hercules feature,67,13
unaligned,train,180923$_$5,180923,5,He never fit in,15,4
unaligned,train,180923$_$4,180923,4,"It follows the story of Hercules who has god parents, but he was raised on earth",80,16
unaligned,train,180923$_$6,180923,6,"He has this abnormal amount of strength and he doesn't know where it comes from and he finally finds out that his dad is Zeus, but he has to be do a true heroic act before he can go and live with the gods in a temple",216,47
unaligned,train,184784$_$6,184784,6,"In this movie there's this, you know, in the Virgin Islands there's this lady who brings them back to life and, I don't know, I just thought that was kind of lame",162,32
unaligned,train,186631$_$10,186631,10,"His family is appalled because he, he (stutter) wants to be a chef because they can't seem to figure out why he just doesn't want to sniff garbage",146,28
unaligned,train,186631$_$6,186631,6,"Remy is played by Patton Oswalt and he does a fantastic job of you can even see the expressions of Remy, but and that's quite odd, even when he's running or when he's thinking about what he's cooking",199,38
unaligned,train,188122$_$12,188122,12,(umm) The whole movie is a Christmas theme about an elf who (umm) learns that he's human,88,17
unaligned,train,188122$_$16,188122,16,"And it is (umm) ninety-five minutes long, so it's not a very long movie but even though it is a Christmas I suggest you watch it any time of the year",149,31
unaligned,train,188122$_$9,188122,9,(umm) It's funny as usual (umm) Will Ferrel's just (umm) out of the box on this one,83,17
unaligned,train,189966$_$21,189966,21,I do not like the film,22,6
unaligned,train,189966$_$22,189966,22,And I will not watch it again,29,7
unaligned,train,189966$_$2,189966,2,The movie is eight millimeters with Nicolas Cage and Joaquin Phoenix,68,11
unaligned,train,189966$_$4,189966,4,So he is reinvestigating an old crime,37,7
unaligned,train,189966$_$6,189966,6,And all of it is being captured on eight millimeter film,56,11
unaligned,train,189966$_$12,189966,12,And they didn't need to show this,33,7
unaligned,train,189966$_$14,189966,14,"I mean, the the (stutter) people that were involved in this movie were the writer that wrote this was the same writer that wrote Seven",134,25
unaligned,train,189966$_$16,189966,16,And and (stutter) they've done such great movies that that (stutter) were so successful in the past without the usage of of (stutter) this type of film and footage,163,29
unaligned,train,189966$_$19,189966,19,"So, eight millimeter",20,3
unaligned,train,18JTkk8JbeU$_$6,18JTkk8JbeU,6,"And obviously, if we can get this ceasefire in place, it might open space for more work to be done on a transition.",115,23
unaligned,train,18QjfdhJEM4$_$14,18QjfdhJEM4,14,The probable outcome is that any cuts realized will be more a function of lobbying prowess than the merits or demerits of the actual programs on the chopping block.,164,29
unaligned,train,18QjfdhJEM4$_$17,18QjfdhJEM4,17,"However, the process of getting there must also be constitutional.",66,10
unaligned,train,18QjfdhJEM4$_$23,18QjfdhJEM4,23,No benefit can come from such careless disregard of the Founders' design.,73,12
unaligned,train,18QjfdhJEM4$_$4,18QjfdhJEM4,4,The fact that automatic cuts to defense are named if the committee deadlocks simply signals to the military industrial complex to bring their A game to the lobbying effort.,172,29
unaligned,train,190740$_$2,190740,2,"I played this game and and (stutter) I was left basically with night terrors, I had no idea what I was gonna do, I couldn't sleep I was scared",142,29
unaligned,train,190740$_$4,190740,4,I was ready I slept half the day I was ready to be up all night frightened all out of my wits,93,22
unaligned,train,190740$_$7,190740,7,The movie from beginning to end does not even begin to employ the scariness of the video game and I know that's what they were trying for,137,27
unaligned,train,190740$_$6,190740,6,This is the least scary movie I have ever watched in my entire life,67,14
unaligned,train,192799$_$10,192799,10,"And it's weird because I like (uhh) the real life character that he's, you know, portraying, John Stewart or Stephen Colbert",124,21
unaligned,train,192799$_$17,192799,17,"So if you want to, you know, watch a bad movie and bore yourself to death, check out {laugh} Man of the Year",108,23
unaligned,train,192799$_$7,192799,7,"(uhh) They, it's like they abandoned the premise",48,8
unaligned,train,192799$_$8,192799,8,"He gets elected and then suddenly he goes from a comedian to a real politician and it gets real, it just gets boring it's not funny",131,26
unaligned,train,194625$_$16,194625,16,Cause I just found it (umm) boring,34,7
unaligned,train,194625$_$18,194625,18,"(umm) and I'm a fan of British mysteries, a big fan of British mysteries and of British (umm) {noise} in the countryside type of shows so I was very unhappy with how bad this one turned out to be",195,39
unaligned,train,194625$_$5,194625,5,"I really, really, really wanted to like this movie",50,9
unaligned,train,194625$_$7,194625,7,"I bought the DVD basically because (umm) I heard it was really, really good, it got a lot of good ratings but I was not, I'm not thrilled with it at all",152,32
unaligned,train,197778$_$11,197778,11,"And (umm) we just love it, it's a great story and there's Aladar when he's just a baby",86,18
unaligned,train,197778$_$2,197778,2,"My family loves it, especially my four year old, it is called Dinosaur",70,13
unaligned,train,197778$_$4,197778,4,This movie (umm) stars many different (umm) characters we have here a family of lemurs,86,15
unaligned,train,197778$_$9,197778,9,And this movie is about Aladar living with his family of lemurs,63,12
unaligned,train,19k6sEC7814$_$10,19k6sEC7814,10,"But really to make that meaningful, meaningful for them in the real world.",74,13
unaligned,train,19k6sEC7814$_$4,19k6sEC7814,4,"Climate change, poverty, to how we deliver public services on a day to day basis.",81,15
unaligned,train,1A-aRhYx-GQ$_$15,1A-aRhYx-GQ,15,and I didn't measure my vertical before I started using the jump manual but I’m using the rim on the basket as a gauge to how high I’m jumping and how much I’m improving.,170,34
unaligned,train,1A-aRhYx-GQ$_$31,1A-aRhYx-GQ,31,but I think what you'll get in return is  pricless in terms of what it’s worth.,79,16
unaligned,train,1A-aRhYx-GQ$_$7,1A-aRhYx-GQ,7,I wanted to be a jumper that people would want to gather around in the gym and watch him dunk.,94,20
unaligned,train,1A7dqFxx8wU$_$0,1A7dqFxx8wU,0,"attorney general, a deputy defense secretary",44,6
unaligned,train,1CjUHNYzW1E$_$11,1CjUHNYzW1E,11,Just keep on writing until God takes a break,44,9
unaligned,train,1ESU5ONMMxs$_$14,1ESU5ONMMxs,14,"The philosophy of language can help us bring scary, powerful words out into the open, and figure out why they’re scary and powerful",131,23
unaligned,train,1ESU5ONMMxs$_$0,1ESU5ONMMxs,0,"People use it to describe to women who just, like, wear clothes that they consider revealing",92,16
unaligned,train,1ESU5ONMMxs$_$6,1ESU5ONMMxs,6,"Because when you use it, you’re signaling a specific attitude to other people",77,13
unaligned,train,1ESU5ONMMxs$_$8,1ESU5ONMMxs,8,"So if it’s an attitude you don’t really hold, and one you don’t think others should hold, you should take care not to spread it through your speech",147,28
unaligned,train,1F0qH0EEBfo$_$21,1F0qH0EEBfo,21,"So I, I'm going to try to write a book in the coming year, so you won't see quite as much of me, but enjoy Crash Course: Economics and Crash Course: Intellectual Property",170,33
unaligned,train,1F0qH0EEBfo$_$1,1F0qH0EEBfo,1,"However, we do have four episodes of World History left",55,10
unaligned,train,1F0qH0EEBfo$_$0,1F0qH0EEBfo,0,"Hi, I'm John Green, and this is not Crash Course: World History because we're taking a week off",95,18
unaligned,train,1F0qH0EEBfo$_$5,1F0qH0EEBfo,5,We will know everything that there is to know about world history,65,12
unaligned,train,1F0qH0EEBfo$_$9,1F0qH0EEBfo,9,"He also says that some stuff happened today that we haven't covered, and that stuff will happen tomorrow, and et cetera…hhuuhhh",127,21
unaligned,train,1F0qH0EEBfo$_$15,1F0qH0EEBfo,15,So that you can understand why the system of capitalism has been so beneficial to you,85,16
unaligned,train,1F0qH0EEBfo$_$14,1F0qH0EEBfo,14,Apparently Stan says that I can't say that,42,8
unaligned,train,1JQ9UCBEmCU$_$1,1JQ9UCBEmCU,1,Second you can use your controller to protect your tank and home,64,12
unaligned,train,1JQ9UCBEmCU$_$0,1JQ9UCBEmCU,0,which is less of an issue,25,6
unaligned,train,1W38PnuWIkM$_$3,1W38PnuWIkM,3,She wanted to speak out -- she wanted people to know the truth about what was happening in her country,102,20
unaligned,train,1W38PnuWIkM$_$5,1W38PnuWIkM,5,WOZA was started back in 2003 to empower women to speak out about the issues affecting their families and their country -- desperate hunger,139,24
unaligned,train,1W38PnuWIkM$_$4,1W38PnuWIkM,4,"So it was a revelation when, years later, she discovered a group called WOZA whose mission is the very opposite of silence",122,22
unaligned,train,1W38PnuWIkM$_$6,1W38PnuWIkM,6,crumbling health and education systems,38,5
unaligned,train,1bzS0YF5hfs$_$1,1bzS0YF5hfs,1,"You know, we understand how to create great web, great dynamic web presentations and technology.",96,15
unaligned,train,1dWsw38VDjY$_$9,1dWsw38VDjY,9,"They used to be on the left &amp; right feet, the left &amp; right calfs and the left &amp; right upper thighs.",111,22
unaligned,train,1fqNb8cfLFE$_$2,1fqNb8cfLFE,2,"In this handout, you will find out how to do that, as well as some QuickBooks lesser known features, recording some complex, tricky transactions and reviewing your accounts receivable and accounts payable aging reports at the end of the month or year.",251,42
unaligned,train,1k7br8xXMSU$_$11,1k7br8xXMSU,11,"With my retailer, with my vendors I've got a lot of them on net thirty terms which means I can order a product and I don't have to pay until thirty days after that product is shipped to me.",189,39
unaligned,train,1k7br8xXMSU$_$12,1k7br8xXMSU,12,"This is really beneficial because it also shows me what products are selling, so for instance I want to put in a small order with a vendor, I can try a new product, if I see that customers are responding well to it, it's already paid for so by the time I have to pay the vendor off, and that allows me to buy more of it.",320,67
unaligned,train,1mHjMNZZvFo$_$1,1mHjMNZZvFo,1,"And of course, you also have a great clientele, so that's one of the best ways that you can answer this question",112,22
unaligned,train,1mHjMNZZvFo$_$5,1mHjMNZZvFo,5,"People usually end up saying, Oh of course, I am great at handling a change",75,15
unaligned,train,1pvK0_9SQns$_$10,1pvK0_9SQns,10,"Once you get the valuation of the property, you can find out what your mortgage balance is at that particular point in time, and compare the two numbers.",153,28
unaligned,train,1pvK0_9SQns$_$8,1pvK0_9SQns,8,"Well, the best way is to always have an appraisal, a current appraisal of what your property is worth in the marketplace that the property is located in.",153,28
unaligned,train,1sJjdaXXuJg$_$4,1sJjdaXXuJg,4,But the most important thing when it comes to taking notes in class is not necessarily how you set them out but what you do with them after,139,28
unaligned,train,1tuMFJnlXJc$_$20,1tuMFJnlXJc,20,If you go to www.zoradchiropractic.com you can fill out a form where you can get these health tips right to your email.,119,22
unaligned,train,1tuMFJnlXJc$_$1,1tuMFJnlXJc,1,The article today is from the Doctor's Resource on my website.,62,11
unaligned,train,1tuMFJnlXJc$_$3,1tuMFJnlXJc,3,"JMA Internal Medicine and the New York Times recently reported on in the nineteen sixties, the sugar industry trade group (which is now known as a Sugar Association) paid off some Harvard scientists to downplay the effects of sugar on heart disease.",249,42
unaligned,train,1tuMFJnlXJc$_$4,1tuMFJnlXJc,4,There's a link below the video so click on that and you can read the article yourself.,86,17
unaligned,train,2-4autDbHVQ$_$12,2-4autDbHVQ,12,I don't have the same urge to eat like I did,44,11
unaligned,train,2-4autDbHVQ$_$19,2-4autDbHVQ,19,"Thanks guys for watching, and have a great day",46,9
unaligned,train,2-4autDbHVQ$_$8,2-4autDbHVQ,8,"I've been taking it for 9 weeks now, just over 9 weeks",54,12
unaligned,train,2-5hH_k2VFk$_$9,2-5hH_k2VFk,9,"Today, tomorrow, in Paris, in France, or across the world, the freedom of expression that this magazine, no matter what your feelings were about it, the freedom of expression that it represented is not able to be killed by this kind of act of terror.",250,45
unaligned,train,201582$_$2,201582,2,"(uhh) While he is at (stutter) orphanage, his life is pretty miserable as the kids tease him for his body type and (uhh) the brothers (uhh) the religious order back then, believed in corporal punishment and got away with it",223,40
unaligned,train,201582$_$6,201582,6,"(uhh) Leading to the one of the great curses in baseball, the curse of the Bambino",82,16
unaligned,train,202431$_$6,202431,6,"(umm) This movie goes on to attempt to explain their weird behavior (umm) but it is, there are some very disturbing scenes in this movie and it is (uhh) kind of difficult to understand and then really wonder why it was made",223,42
unaligned,train,202810$_$7,202810,7,"Yeah life is chaos, life is boring we know that",47,10
unaligned,train,202810$_$8,202810,8,"It needs to be something some art to it, and there's not a lot of art to this movie I don't think",97,22
unaligned,train,202990$_$5,202990,5,"It was like a courtroom, a courtroom drama type movie which I definitely would not recommend, but that's just my taste, you might enjoy it",138,25
unaligned,train,202990$_$6,202990,6,So basically the story is about this guy named Michael Clayton who is a fixer and I wouldn't really say that he enjoys his job but I definitely think he's good at it,165,33
unaligned,train,206049$_$0,206049,0,Hi expo TV this is Vasili and I am going to be reviewing Fred Claus,67,15
unaligned,train,206049$_$3,206049,3,"I though she does a lot better films than this sort of one and even though it's a horrible, holiday film I maybe this could be good but no it was bad",149,32
unaligned,train,206051$_$2,206051,2,Magorium's Wonder Emporium,26,3
unaligned,train,206376$_$2,206376,2,(umm) This is pretty much your typical holiday movie,52,9
unaligned,train,206507$_$2,206507,2,(umm) I felt it was kinda cheesy,32,7
unaligned,train,206507$_$6,206507,6,"(umm) That part of the movie was pretty cool, but (umm) for the most part you know, it was, again it was too cheesy for me",122,26
unaligned,train,206606$_$5,206606,5,"I thought that it was (uhh) it relied too, too (stutter) much on the CGI",72,15
unaligned,train,206606$_$7,206606,7,"I thought you know it, you know while it did stay true to its origin, it's just when she did come back I thought her powers were a little unreal for me",151,32
unaligned,train,207812$_$3,207812,3,"(umm) And and (stutter) it also features one of my all time favorite bands Oskar, in the movie",94,18
unaligned,train,207812$_$9,207812,9,I know it's kind of cheesy but,30,7
unaligned,train,207812$_$8,207812,8,"It's just I, I, I (stutter) enjoyed the movie I'm not gonna lie",63,13
unaligned,train,208148$_$11,208148,11,(umm) You know I was kind of hoping for a little more excitement like the first one,83,17
unaligned,train,208148$_$6,208148,6,"It was basically about (umm) two girls going to college and joining (umm) one of the you know, great qualifying (uhh) cheer teams in the country",144,26
unaligned,train,208299$_$5,208299,5,"And they really didn't do a lot with the (uhh) with the new slant on everything that they were going for, which was having the vampires be (uhh) the bad guys in this (uhh) horror movie",184,36
unaligned,train,208299$_$4,208299,4,"(uhh) Even though it was set in Alaska during a period (uhh) in which you get constant night, (umm) everything just seemed to not flow really well, the plot was kind of boring",175,33
unaligned,train,208299$_$6,208299,6,"(umm) Just overall the flow was awful, (uhh) the audience seemed to not enjoy really anything as well as if (uhh) me or my wife didn't enjoy anything",149,28
unaligned,train,208299$_$8,208299,8,And (uhh) just overall it wasn't really enjoyable,49,8
unaligned,train,208416$_$11,208416,11,It's a little bit long but there's a lot action and it will really just draw you in and the time will go by quickly,115,25
unaligned,train,208416$_$13,208416,13,And it's overall just a good movie,34,7
unaligned,train,208416$_$16,208416,16,Enjoyable and a escape from reality,35,6
unaligned,train,208416$_$0,208416,0,Hey Expo,8,2
unaligned,train,208416$_$2,208416,2,This is an epic movie about a man who was a general in an army,62,15
unaligned,train,208416$_$7,208416,7,Russell Crowe excels in this role and it just makes you want to stand up and cheer for him when you're watching this and you see what he goes through and what he overcomes,171,34
unaligned,train,208416$_$9,208416,9,I don't want to give it away in case you haven't seen it,56,13
unaligned,train,208416$_$8,208416,8,"In the back, in the sub ground there are different scenarios that are playing out with the king and his sister and things that are going on there to watch",154,30
unaligned,train,209354$_$1,209354,1,"This is the widescreen special edition, I find it to be very entertaining in widescreen, much less than the full screen actually",128,22
unaligned,train,209354$_$2,209354,2,"But a little bit about this movie, it has retaken the idea of vampires and werewolves and they have them pitted against each other in a more, in a (stutter) mortal battle",170,32
unaligned,train,209775$_$10,209775,10,"So I give this a half a star out of five, and again I think the Oscar should have gone to Gangs of New York",107,25
unaligned,train,209775$_$1,209775,1,Academy Award for best picture winner of two-thousand and two which it definitely should not have won,101,17
unaligned,train,209775$_$0,209775,0,Alright so next up we've got Chicago,36,7
unaligned,train,209775$_$5,209775,5,"To me this was like a made for TV (stutter) movie, they were trying too hard to try and reinvent the Hollywood musical and it just fell flat",140,28
unaligned,train,210238$_$13,210238,13,(umm) The movie's rated PG-thirteen,35,5
unaligned,train,210238$_$14,210238,14,"(umm) It's eighty minutes eighty-nine (stutter) minutes long and it was it was (stutter) (umm) filmed in two thousand seven it was completed and released, so that tells you a lot about how, how (stutter) good this movies I remember when it came out at the movie theaters it wasn't a hit at all",293,54
unaligned,train,210238$_$16,210238,16,"I (stutter) just, I didn't find it funny I actually found it really stupid and as you can see in the background it's just a menu with some small clips from the movie",165,33
unaligned,train,210238$_$18,210238,18,So again this is for Delta Farce,32,7
unaligned,train,210238$_$1,210238,1,Thank you,9,2
unaligned,train,210618$_$11,210618,11,I love Brad Garret I think he's an excellent actor,50,10
unaligned,train,210618$_$10,210618,10,(umm) Brad Garrett plays the voice of Gusto,43,8
unaligned,train,210618$_$15,210618,15,This is the kitchen of (umm) of Gusto's,39,8
unaligned,train,210618$_$5,210618,5,And Gusto's is a (uhh) famous restaurant in Paris,49,9
unaligned,train,210618$_$9,210618,9,"So watch it a find out, there's some good twists and turns in there",67,14
unaligned,train,210618$_$8,210618,8,"(umm) Will it work out though, I mean can a rat actually be a chef",66,15
unaligned,train,21137$_$1,21137,1,It's called Borat,17,3
unaligned,train,21137$_$0,21137,0,"Hi, today I'm presenting the movie that is in theaters",54,10
unaligned,train,21137$_$3,21137,3,It is a hilarious movie,23,5
unaligned,train,21137$_$2,21137,2,"(uhh), I would give this movie a five out five and two thumbs up",64,14
unaligned,train,21137$_$9,21137,9,"So, I definitely recommend you going and seeing Borat the movie",63,11
unaligned,train,212532$_$10,212532,10,"I don't know, I just, I really didn't enjoy this movie, I thought it was dumb",77,16
unaligned,train,212532$_$9,212532,9,"(umm) Not really that funny, kind of stupid, (umm) acting's not that great",74,13
unaligned,train,213619$_$0,213619,0,"Hey there, ExpoTV there",23,4
unaligned,train,213619$_$3,213619,3,It's unrated,12,2
unaligned,train,214095$_$11,214095,11,(umm) Don't see this movie,26,5
unaligned,train,214095$_$1,214095,1,(umm) I'm here right now reviewing the movie currently in theaters called The Heartbreak Kid,92,15
unaligned,train,214095$_$4,214095,4,(umm) This movie's awful,24,4
unaligned,train,215259$_$5,215259,5,(umm) It took my eyes a few minutes to adjust to the three D at the theater I was at when (uhh) after I adjusted I thought it looked beautiful,142,30
unaligned,train,215259$_$4,215259,4,The animation was excellent,27,4
unaligned,train,216007$_$24,216007,24,(umm) And that's the kind of thing they do in this movie,56,12
unaligned,train,216007$_$28,216007,28,It looks awful,14,3
unaligned,train,216007$_$29,216007,29,"It's great, but it looks terrible",33,6
unaligned,train,216007$_$1,216007,1,"I'm Liz and I'm here to talk to you about The Hitchhiker's Guide to the Galaxy, based on the beloved series of books by Douglas Adams, may he rest in peace",155,31
unaligned,train,216007$_$2,216007,2,(umm) I'm not entirely convinced that the people who made this movie understood the books at all,96,17
unaligned,train,216007$_$5,216007,5,(uhh) That's part of what makes them so amazing,47,9
unaligned,train,216007$_$9,216007,9,(umm) They just {sigh} it's hard to explain if you're not a Douglas Adams fan,77,15
unaligned,train,216007$_$12,216007,12,"Everything that he intended and all these sort of (umm) jokes that he meant to be funny in a particular way just aren't the same, and they've added a lot of their own jokes that are funny in a very different way, not not (stutter) what he would have wanted",256,50
unaligned,train,21638$_$1,21638,1,"A Korean war film, (umm) the title actually translates to The Brotherhood of War",80,14
unaligned,train,21638$_$0,21638,0,Hi I will review for you the special collector's edition of Tae Guk Gi,70,14
unaligned,train,21638$_$6,21638,6,(umm) It is a really well made movie and a really well made (uhh) DVD collector's edition,89,17
unaligned,train,216857$_$1,216857,1,This is my review of Message in a Bottle,40,9
unaligned,train,216857$_$3,216857,3,(umm) I'm probably in the minority of people,44,8
unaligned,train,216857$_$6,216857,6,"I mean, I did watch",19,5
unaligned,train,216857$_$10,216857,10,"(uhh) So I, you know, wasn't (uhh) crazy about watching this movie in the first place",85,16
unaligned,train,218708$_$13,218708,13,"And (umm) the movie kind of goes, follows (umm) the decisions and how they affect (umm) those two characters in relation to, like, who owns the store and (umm) how the store handles (umm) each one of those characters",216,39
unaligned,train,218708$_$12,218708,12,"And (umm) this guy is really, like, drab and doesn't believe in the magic of the store and (umm) is just generally a jerk",121,24
unaligned,train,218708$_$15,218708,15,(umm) The story is kind of blur and drab and it's just so so,60,14
unaligned,train,218708$_$17,218708,17,"I give it, like, two stars",26,6
unaligned,train,218708$_$1,218708,1,Today on ExpoTV I'm going to be reviewing the movie Mr,54,11
unaligned,train,218708$_$0,218708,0,Hi,2,1
unaligned,train,218708$_$8,218708,8,"And there's, like, tons of stuff going on",41,8
unaligned,train,219310$_$0,219310,0,"Corbitt here, reviewing the movie Reign of Fire",47,8
unaligned,train,219310$_$2,219310,2,"You know, I'm a huge fan of both the stars, Matthew McConaughey and Christian Bale",82,15
unaligned,train,219775$_$0,219775,0,Hi today I'm reviewing the DVD movie All Dogs Go to Heaven Two,62,13
unaligned,train,219775$_$5,219775,5,It does not include the little orphan girl from the first movie Anne Marie,74,14
unaligned,train,220134$_$27,220134,27,"(umm) I wouldn't recommend buying it unless you're a severe masochist, but again, it does come in the final (umm) the final set of, of (stutter) the James Bond (uhh) the complete DVD collection, so you'll probably end up with it anyway if you're a completist like me",266,48
unaligned,train,220134$_$21,220134,21,"How much more ridiculous can you get? I saw this movie on TV when I was about ten, but this is the most ridiculous thing I've ever seen",135,28
unaligned,train,220134$_$8,220134,8,"(umm) It was actually chosen (uhh) for release at this moment (uhh) in time because of the popularity of Star Wars (stutter) at the time, had been very recent",158,29
unaligned,train,220134$_$17,220134,17,"(umm) Apparently, (uhh) she's she's (stutter) quite dull, (uhh) the actress who, who (stutter) played the part",110,17
unaligned,train,220548$_$20,220548,20,"And of course everyone learns a valuable lesson about not using people or whatever, I don't know",96,17
unaligned,train,220548$_$1,220548,1,I'm Liz and I'm here to talk to you about Kingpin which is from the guys who brought There's Something About Mary and Dumb and Dumber according to the back of the DVD case which should give you some indication about (uhh) what kind of movie this is,248,48
unaligned,train,220548$_$7,220548,7,When will I learn to trust my instincts? I don't know,53,11
unaligned,train,221740$_$0,221740,0,Hi expotv,9,2
unaligned,train,221740$_$5,221740,5,"It is stupid, ridiculous, slapstick, like really cheesy, cheesy lines that they think they're funny and I don't think they're funny",131,21
unaligned,train,222116$_$1,222116,1,(umm) The only part that I could find to play for you was the opening credits because everything else is insanely crude and terrible,132,24
unaligned,train,222116$_$7,222116,7,"(umm) It is raunchy at its best and lots of people getting hurt and doing insane things that you and I would probably never imagine to do, but these guys did",157,31
unaligned,train,222116$_$6,222116,6,"(umm) It has a (uhh) restriction on it, it says (uhh) that it is rated R for dangerous sometimes extremely crude stunts, language and nudity, and that is an understatement",171,30
unaligned,train,223926$_$1,223926,1,"A movie kind of suitable for Christmas and families, but (stutter) ultimately falls flat because Fred Claus just isn't a really good movie",138,23
unaligned,train,224599$_$1,224599,1,You can (umm) check out my profile at PM three two one,54,12
unaligned,train,224599$_$2,224599,2,"I'm here today to review for you the movie Mallrats, directed by Kevin Smith",76,14
unaligned,train,224599$_$5,224599,5,"(umm) as it says on the front of the (uhh) DVD, they're not there to shop, they're not there to work, they're just there",120,24
unaligned,train,224599$_$8,224599,8,(umm) We do have some good special features,43,8
unaligned,train,224772$_$12,224772,12,(uhh) Not recommended,21,3
unaligned,train,224772$_$14,224772,14,Would not recommend seeing The Golden Compass in theaters this season,69,11
unaligned,train,224772$_$1,224772,1,The Golden Compass in my opinion was a turkey,45,9
unaligned,train,224772$_$6,224772,6,"(umm) Basically you have a little girl who ends up going to the north in this fantasy world with friends Iorek, (uhh) which is a ice bear, (umm) played by a (uhh) Ian McKellen's voice and (umm) runs into (uhh) unraveling (uhh) secrets of her past and of her future as she meets a variety of different people",307,58
unaligned,train,224869$_$10,224869,10,"(uhh) That doesn't mean that you won't like it, it just means that I didn't like it",83,17
unaligned,train,224869$_$0,224869,0,Hello,5,1
unaligned,train,224869$_$3,224869,3,(uhh) There were eleven of them that were assassinated and Eric Bana's character (stutter) and a group of (umm) other Israeli soldiers are hired to go and track down the Palestinians (uhh) that are believed to have killed (uhh) these eleven athletes,249,42
unaligned,train,224869$_$5,224869,5,It works it from the very beginning all the way through,55,11
unaligned,train,225343$_$10,225343,10,(umm) It does have an alternate ending in the bonus features,60,11
unaligned,train,225343$_$14,225343,14,(umm) So if I had to recommend this one I would probably stay away from it just because it's blah,97,20
unaligned,train,225343$_$3,225343,3,"(uhh) Essentially you have John Cusack and Billy Bob Thornton who pair up to actually steal money (umm) from a crime boss played by Randy Randy (stutter) Quaid, who actually does a really good job providing some comedic relief (umm) to this one",244,43
unaligned,train,225343$_$9,225343,9,(umm) So not a lot above that,29,7
unaligned,train,225416$_$14,225416,14,"(umm) Weaver does her best with what she's given, and (uhh) but it really doesn't amount to much in my opinion",110,21
unaligned,train,225416$_$1,225416,1,"Playing over my shoulder here is Alien Resurrection, (uhh) and it's a pretty stupid movie",89,15
unaligned,train,225416$_$3,225416,3,(uhh) Aliens is a very good movie,33,7
unaligned,train,225416$_$8,225416,8,"(umm) It was written by (umm) Joss Whedon, that's right",55,10
unaligned,train,225768$_$6,225768,6,(uhh) So the survivors that are left are all stranded in this desert and they're trying to find (umm) a way to get out,118,24
unaligned,train,227173$_$12,227173,12,"I thought, you know, worth watching, maybe once, and then that was it",69,13
unaligned,train,227173$_$6,227173,6,"And he's not happy about that, so cameras are following him around night and day, (umm)",87,16
unaligned,train,227416$_$1,227416,1,(uhh) This movie is actually the directorial debut (uhh) by Robert De Niro,74,13
unaligned,train,227416$_$0,227416,0,"Hello, today I'm reviewing the movie A Bronx Tale, starring Robert De Niro and (stutter) Chazz Palmintiri",105,17
unaligned,train,227416$_$3,227416,3,"(uhh) Essentially Chazz Palmintiri is a crime boss and Robert De Niro is a bus driver, so you have two opposite sides of the tracks and in between these two gentlemen is Robert De Niro's son who is seeing the best of both worlds",228,44
unaligned,train,227416$_$5,227416,5,(umm) So he gets to see both sides of the story and has to make a decision on which way he's gonna go with it,109,25
unaligned,train,227416$_$8,227416,8,"(uhh) you can sit back, you can enjoy it and for a directorial debut it's definitely impressive on the side of Robert De Niro",125,24
unaligned,train,227426$_$19,227426,19,We're looking at one out of five stars on this one,50,11
unaligned,train,227426$_$18,227426,18,(uhh) But even those bonus features aren't going to make it any better,70,13
unaligned,train,227426$_$0,227426,0,"Hello, today I'm reviewing the movie Vanity Fair starring Reese Witherspoon",75,11
unaligned,train,227426$_$8,227426,8,She's down and out on her luck and decides to lie and cheat her way into another English class during the eighteen-hundreds,123,22
unaligned,train,22821$_$14,22821,14,"I wouldn't, (umm) (stutter) movie musical ever made",51,8
unaligned,train,22821$_$1,22821,1,"{singing} You ever wonder where that came from? It's not Gwen Stefani, If I Were a Rich Girl",92,18
unaligned,train,22821$_$0,22821,0,If I were a rich man,20,6
unaligned,train,22821$_$4,22821,4,"(umm) My parents have both seen this (uhh) multiple, multitudes of times in actual, like, play form",99,17
unaligned,train,22821$_$9,22821,9,"(umm) Some other great songs besides the (uhh) If I were a rich man song is (uhh) matchmaker, matchmaker make me a match",120,23
unaligned,train,22880$_$2,22880,2,In which she plays a vampire,28,6
unaligned,train,22880$_$6,22880,6,But Kate Beckinsale looks fantastic in this movie,49,8
unaligned,train,229090$_$15,229090,15,"(umm) Which of course is the intent seeing as it is a horror movie, yet (uhh) the creepiness just kind of adds to the badness of it somehow and (uhh) it it (stutter) overall it's a very unlikable {sigh} movie",208,40
unaligned,train,229090$_$16,229090,16,Although the lore about it is (umm) is fantastic,48,9
unaligned,train,229090$_$18,229090,18,"(umm) And (uhh) that's really the only good thing about it is the sort of cult following that is has, the movie itself is just awful",132,26
unaligned,train,229903$_$0,229903,0,Hi today I'm reviewing the DVD movie Rush Hour Three,52,10
unaligned,train,229903$_$3,229903,3,"(umm) They're after a Chinese mastermind, there's (uhh) lots of action in this movie (umm) I did not find this Rush Hour Three to be as funny as the other two Rush Hour movies",175,34
unaligned,train,229967$_$2,229967,2,This movie is a romantic movie,30,6
unaligned,train,230252$_$1,230252,1,This is the sequel to Alien Versus Predator which came out two years ago,72,14
unaligned,train,231025$_$11,231025,11,She's just not sort of a romantic heroine in my mind,52,11
unaligned,train,231025$_$15,231025,15,"And she just doesn't have the (uhh) sort of, romantic heroine look",66,12
unaligned,train,231025$_$14,231025,14,Definitely it's more of a renter,32,6
unaligned,train,231025$_$16,231025,16,I found her kind of (uhh) harsh and (umm) it just didn't capitalize on her strengths,84,16
unaligned,train,231025$_$0,231025,0,"Hi, (umm) so Expo",17,4
unaligned,train,231025$_$9,231025,9,Alright,7,1
unaligned,train,233171$_$1,233171,1,(uhh) Now this movie is a sequel of the earlier movie and (uhh) sorry to say but it's not as good in fact it's terrible and I rate this movie two on five to start with,167,36
unaligned,train,233171$_$7,233171,7,(umm) Totally not recommended at all,36,6
unaligned,train,233356$_$1,233356,1,"So I think I finally hit the wall, movie wise",45,10
unaligned,train,233356$_$3,233356,3,"Okay, here are the good things I can say about this movie",57,12
unaligned,train,233366$_$4,233366,4,It wasn't any different than all those other animated movies about bugs or toys or stuff like that,98,18
unaligned,train,233389$_$0,233389,0,Hi,2,1
unaligned,train,233389$_$5,233389,5,"(uhh) The problem I have with this movie is, despite how old I look, Jean Harlow is before my time and I don't sense the appeal of the Jean Harlow",146,30
unaligned,train,234053$_$26,234053,26,Do not forget those words,25,5
unaligned,train,234053$_$21,234053,21,There's sexual stuff going on,29,5
unaligned,train,234053$_$1,234053,1,Tonight I'm going to be reviewing the DVD three hundred,55,10
unaligned,train,234053$_$11,234053,11,"They're going to tell you why they don't have those scenes in the movie, why they made the scenes originally, but didn't end up putting them in the movie",153,29
unaligned,train,234053$_$17,234053,17,This movie is rated R,21,5
unaligned,train,234053$_$19,234053,19,Not stuff you're going to want your kids seeing,47,9
unaligned,train,234053$_$18,234053,18,It's got some graphic battle sequences throughout and some sexuality and nudity,79,12
unaligned,train,234587$_$2,234587,2,This is the (uhh) special edition DVD here that I am reviewing tonight,70,13
unaligned,train,234587$_$5,234587,5,"It is rated R, it's a very disturbing movie, not anything you want to let your kids see",87,18
unaligned,train,234587$_$11,234587,11,"We have a brand new inside the labyrinth documentary including all the interviews with the cast, featuring Anthony Hopkins, Jodie Foster, and more",146,23
unaligned,train,234587$_$14,234587,14,"I keep mine right here inside the DVD, I don't want to lose my (stutter) collectible booklet",92,17
unaligned,train,234587$_$16,234587,16,"We also have teaser trailers, TV spots and more",47,9
unaligned,train,234587$_$19,234587,19,"It keeps you on the edge of your seat, you never know what's gonna happen next",78,16
unaligned,train,236399$_$4,236399,4,(umm) Especially with Cedric the Entertainer,44,6
unaligned,train,236696$_$7,236696,7,(uhh) It's terrible,19,3
unaligned,train,238023$_$22,238023,22,"Part of it was (umm) the lead, James Van Der Beek, (umm) who plays Patrick Bateman's (uhh) brother",98,18
unaligned,train,238023$_$1,238023,1,I'm Liz and I'm here to talk to you about The Rules of Attraction,65,14
unaligned,train,238023$_$37,238023,37,"(umm) This, this (stutter) just really (uhh) I just, I beg you don't go into it like I did, thinking Oh I loved American Psycho, I'm gonna love this",148,29
unaligned,train,238039$_$6,238039,6,"He (uhh) is the voice of, (uhh) is Jerry Seinfeld",49,10
unaligned,train,238060$_$13,238060,13,"Second of all (umm) (uhh) Jennifer Marsh, or Diane Lane, comes across a website of I believe it was called (uhh) kill with me dot com and it actually shows a starving cat",170,33
unaligned,train,238060$_$18,238060,18,"Some people gave it a two, a few people were generous with a one, some people even dared put down one and a half, I'm not even gonna give it a twinkle",150,32
unaligned,train,238060$_$5,238060,5,"Welcome to the agents of cyberspace, where (uhh) Diane Lane who is a special investigator for the FBI",101,18
unaligned,train,238060$_$7,238060,7,"They come across a very (uhh) terrible website where a predator actually kills his victims and it's up to the (uhh) audience, or the people that work with him on the internet because the more hits he gets (uhh) by people watching the crimes, the faster the people die",267,49
unaligned,train,238100$_$3,238100,3,"(umm) The, this movie is pretty much a waste of time",52,11
unaligned,train,238645$_$20,238645,20,"(umm) We have Fred Ward, Anna Nichole Smith, as I said, (umm) O",63,13
unaligned,train,238645$_$23,238645,23,"(umm) It's just not a movie I would (uhh) spend my five dollars on, basically",77,15
unaligned,train,238645$_$0,238645,0,"Hi, Expo",8,2
unaligned,train,238645$_$6,238645,6,It is a final insult,20,5
unaligned,train,238645$_$8,238645,8,"This one, I hated even worse",28,6
unaligned,train,238889$_$2,238889,2,"Now these movies, they seem to, (stutter) like they're not really gonna stand the test of time",94,17
unaligned,train,238889$_$5,238889,5,And (uhh) unfortunately you know that's the case,48,8
unaligned,train,238889$_$4,238889,4,"And (uhh) yeah, no one's really going to think it's is the best movie of all time",81,17
unaligned,train,238889$_$6,238889,6,(uhh) Some people might wanna check it out for like (uhh) a popcorn kind of flick,81,16
unaligned,train,239235$_$11,239235,11,And (uhh) But really the best part is the classic Beauty and the Beast movie,76,15
unaligned,train,239235$_$13,239235,13,It's wonderful animation and the cutest characters and (uhh) really really good music,85,13
unaligned,train,239235$_$1,239235,1,(uhh) This is the special edition two disc platinum edition,59,10
unaligned,train,239235$_$4,239235,4,"(uhh) They all love it, even my seven year old still really liked it",68,14
unaligned,train,239235$_$8,239235,8,There's never before released behind the scenes footage,55,8
unaligned,train,239572$_$2,239572,2,"(umm) Basically the title says underdog, the movie was about a canine who had an accident in a lab with (umm) a doctor (uhh) a mad scientist, and end up getting the ability to talk and have the ability to have all these great superpowers",237,45
unaligned,train,239572$_$4,239572,4,Basically the dog had it,24,5
unaligned,train,23YlZoucbyM$_$4,23YlZoucbyM,4,"You'll go onto any Christian Website and you'll have somebody who is ready to fight, ""Oh, what are your thoughts about flat earth",129,23
unaligned,train,240915$_$1,240915,1,"This is supposed to be a very romantic comedy, but I find it to be ridiculous and stupid",88,18
unaligned,train,240915$_$2,240915,2,"(umm) Don't rent this or buy it or ever watch it, ever, ever, ever, because it's dumb",85,17
unaligned,train,240915$_$8,240915,8,And then he finds that he really does love her,46,10
unaligned,train,241164$_$10,241164,10,"(umm) It has an exclusive message from Steven Spielberg, he's the director of this film, and (uhh) they have the cast and filmmakers bios",137,24
unaligned,train,241164$_$1,241164,1,(umm) It's starring Tom Hanks and it's winner of five Academy Awards,68,12
unaligned,train,241164$_$0,241164,0,"Hi, I'm Valerie, and today I'll be reviewing the film Saving Private Ryan",73,13
unaligned,train,241164$_$9,241164,9,(umm) It even has a some special features,41,8
unaligned,train,241172$_$3,241172,3,(uhh) This is origin (stutter) (uhh) basically (uhh) movie release in Japan (uhh) in two-thousand-three and this is a remake (umm),130,21
unaligned,train,241172$_$7,241172,7,"I didn't like this movie much, so I'm going to give this movie like two out of five",83,18
unaligned,train,24202$_$10,24202,10,That's how bad I thought it was and (stutter) apparently other people thought it was too,88,16
unaligned,train,24202$_$5,24202,5,"The dialogues were horrible, performances were (stutter) awful if you ask me",76,12
unaligned,train,24202$_$4,24202,4,(umm) It was just a mess,24,6
unaligned,train,24202$_$9,24202,9,"So you know, even little kids with parents were leaving this movie",66,12
unaligned,train,243338$_$20,243338,20,I don't even know what I was saying when it was a decent movie,62,14
unaligned,train,243338$_$21,243338,21,It's really stupid,18,3
unaligned,train,243338$_$22,243338,22,"In fact just thinking about it just makes me mad because I went to go see it and Vince Vaughn really disappointed me and I hope his next movie's not like that cause if his next movie's like that, I'm gonna be disappointed and his Wild Wild West show just came out recently and I'm not gonna go see it because of that",316,63
unaligned,train,243338$_$9,243338,9,"I mean, it's not the worst movie I've ever seen but it is it is (stutter) not that great of a movie at all",106,24
unaligned,train,243341$_$23,243341,23,What can I say I mean that's really about it,44,10
unaligned,train,243341$_$2,243341,2,"Somebody kill me now, who keeps making these movies? Seriously",62,10
unaligned,train,243341$_$7,243341,7,"Don't go see it, it's not worth it",34,8
unaligned,train,243341$_$10,243341,10,"Seriously it's terrible, it is terrible",39,6
unaligned,train,243341$_$14,243341,14,"But they had to be, call it, they had to call it Meet the Spartans because every movie did so bad",97,21
unaligned,train,244180$_$20,244180,20,"So, I guess it has those things going for it but, overall I was definitely not impressed (umm) and I really wouldn't recommend it",129,24
unaligned,train,244180$_$4,244180,4,It really doesn't do the book justice at all,44,9
unaligned,train,244180$_$19,244180,19,And they did pretty good special effects with the demons and things like that,77,14
unaligned,train,244180$_$18,244180,18,She did a decent job,20,5
unaligned,train,244261$_$24,244261,24,Some big names in it as well,28,7
unaligned,train,244261$_$20,244261,20,"{movie} Okay, well, yeah seriously you got to check this movie out, five out of five stars",90,17
unaligned,train,244261$_$4,244261,4,"(umm) It's a good movie, it's really weird and twisted but it's a great movie",77,15
unaligned,train,244261$_$7,244261,7,And he doesn't believe in em cause nothing ever happens to him,62,12
unaligned,train,244261$_$12,244261,12,"So he (umm) hears about this (uhh) hotel in New York that like anyone that stays there, like they closed it down because people always die when they they're (stutter) in it even for like a few minutes, so (umm) cause it just makes them insane and stuff like that",262,50
unaligned,train,244261$_$14,244261,14,I don't want to give away too much but definitely check out Fourteen-oh-eight,77,13
unaligned,train,244623$_$4,244623,4,(umm) But yeah,14,3
unaligned,train,244623$_$9,244623,9,Pretty cheesy,13,2
unaligned,train,244623$_$11,244623,11,(uhh) The acting's okay but the snakes are so ridiculously fake,63,11
unaligned,train,244623$_$17,244623,17,"So yeah it's it's (stutter) pretty adventurous and (umm) Yeah, so I don't know, It's a little different",103,18
unaligned,train,244623$_$37,244623,37,So two out of five,18,5
unaligned,train,244817$_$2,244817,2,Johnny Depp seems to like to do these weird characters and just weird movies,76,14
unaligned,train,244817$_$5,244817,5,(uhh) It it's (stutter) kind of an unusual movie in the fact that it's a musical,80,16
unaligned,train,244817$_$9,244817,9,"But it just, the movie didn't do it for me and (uhh) I certainly would not waste my money going to see it in the theater",120,26
unaligned,train,245243$_$4,245243,4,"So you get a sense of how long this is going on, even though you see maybe fifteen (uhh) versions of the day throughout the movie he's stuck in it much longer so you get a much greater sense of it",196,41
unaligned,train,245276$_$2,245276,2,It's like don't watch it,24,5
unaligned,train,245276$_$4,245276,4,I don't know why they made it,29,7
unaligned,train,245276$_$7,245276,7,But why would you want to watch any of that when the movie is absolutely horrible,81,16
unaligned,train,245497$_$1,245497,1,"Now this is the sequel to the movie Alien Versus Predator which came out a couple years ago and when I watched that movie I was kind of excited because I'm a fan of the Alien movies and the Predator movies and I was very disappointed by that, so I'm not sure why I watched the second one but I was still surprisingly even more disappointed",339,66
unaligned,train,245497$_$2,245497,2,(umm) It does include the characters the Aliens from the Alien movies and the Predator from the Predators movies but once again it's just pointless seeming,155,26
unaligned,train,245497$_$4,245497,4,"It was rated R, (umm) compared to the last one which was rated only PG-thirteen and it had a lot more blood",107,22
unaligned,train,247382$_$1,247382,1,I'm Chris and this is a review of the DVD for the movie The Hulk,64,15
unaligned,train,247382$_$2,247382,2,(uhh) This movie came out a couple of years ago and I have to say that it wasn't at all what I expected and I was a little bit (uhh) disappointed with this movie,161,34
unaligned,train,247382$_$6,247382,6,"(umm) He's definitely (uhh) larger, larger than life type of superhero slash monster",84,13
unaligned,train,247382$_$9,247382,9,Although Nick Nolety is in this movie,37,7
unaligned,train,247382$_$11,247382,11,"{clears throat} (uhh) Sam Elliot is in this, (uhh) he's always good and Jennifer Connely is in it as well",105,20
unaligned,train,247382$_$13,247382,13,(umm) He's not really a well-known actor that they got to play the (stutter) lead character here,96,17
unaligned,train,247382$_$14,247382,14,"It's directed by Ang Lee, an excellent director (umm) of (uhh) comic book type movies",85,15
unaligned,train,248837$_$12,248837,12,"I didn't like it but I'll let, everyone has their own opinion so",64,13
unaligned,train,248837$_$6,248837,6,"I mean, I don't know",20,5
unaligned,train,24xayGF5yYA$_$24,24xayGF5yYA,24,"It's not, ""leave me a comment, like this video, check out the checklist, here's my twitter handle, let me spell my email address for you"" I don't know what I was thinking",170,32
unaligned,train,24xayGF5yYA$_$26,24xayGF5yYA,26,Amy's videos are all about giving value and that is absolutely something that I try to emulate in my videos for you guys,120,23
unaligned,train,24xayGF5yYA$_$3,24xayGF5yYA,3,That's her right there,22,4
unaligned,train,24xayGF5yYA$_$2,24xayGF5yYA,2,"And to do that I have to tell you about one of my YouTube mentors, Amy Schmittauer",82,17
unaligned,train,24xayGF5yYA$_$10,24xayGF5yYA,10,She was out there providing value and showing her expertise in a way that was truly helpful for what I needed so I became a fan immediately,139,27
unaligned,train,24xayGF5yYA$_$15,24xayGF5yYA,15,So there's not all this extra fluff in her videos,49,10
unaligned,train,24xayGF5yYA$_$16,24xayGF5yYA,16,"Oh, and look, there it is right there on page 87, it's Amy's Authority Video Formula all about how to do a YouTube video",120,24
unaligned,train,250430$_$11,250430,11,"(umm) Maybe a couple good spots, but not worth the (uhh) ticket price",69,13
unaligned,train,250430$_$10,250430,10,(uhh) This just just was a bad movie,36,8
unaligned,train,250430$_$6,250430,6,"(umm) It just keeps, you get tired of it kind of keep repeating itself to see these different vantage points",108,20
unaligned,train,251417$_$1,251417,1,"This movie was, it was okay",27,6
unaligned,train,251417$_$0,251417,0,I am reviewing Stephen King's The Mist and it's now currently playing in theaters,81,14
unaligned,train,251646$_$13,251646,13,"If you're in the mood for a light comedy, if there's nothing else playing at the theater",88,17
unaligned,train,251646$_$2,251646,2,"It stars Ted Danson, Queen Latifah, and (uhh) Diane Keaton",58,10
unaligned,train,251646$_$4,251646,4,It's sort of like an adult contemporary comedy,46,8
unaligned,train,251646$_$7,251646,7,"And they're plotting to steal (uhh) this money that's going to be destroyed by the national reserve cause (stutter) of course the national reserve controls the money and, you know, sometimes money just has to be destroyed",221,37
unaligned,train,251826$_$6,251826,6,So (uhh) it's just coming down the turnpike,43,8
unaligned,train,251839$_$13,251839,13,She's supposed to be the gorgeous girl that a school mate has had a (stutter) long-time crush on,96,18
unaligned,train,252177$_$2,252177,2,(umm) This is just a great movie,32,7
unaligned,train,252177$_$4,252177,4,I (umm) it's about this guy called Nate who is (umm) Who is (uhh) who has liked this girl since he was a little boy and he's had a lot of other girlfriends but he's finally realized that Paris Hilton is the one for him,218,45
unaligned,train,252177$_$9,252177,9,I don't think you should watch it,33,7
unaligned,train,25271$_$10,25271,10,It's like a surveillance camera on a spaceship,46,8
unaligned,train,25271$_$0,25271,0,Hi I'm Jesse and (uhh) today I'm going to talk to you for just a brief moment about Stanley Kubrick's two thousand one A space Odyssey,134,26
unaligned,train,254298$_$14,254298,14,(umm) The girl wasn't even like that attractive,47,8
unaligned,train,254298$_$0,254298,0,Ten thousand B,14,3
unaligned,train,254298$_$2,254298,2,"(umm) I'm not sure what I miss more, the five dollars I spent to go see it or the two hours I spent watching it",111,25
unaligned,train,25522$_$0,25522,0,Right now I'm going to be reviewing The Descent,47,9
unaligned,train,25522$_$3,25522,3,This year they decide to go exploring some (uhh) underground caves and (uhh) they get lost due to a cave in and proceed to be attacked by some weird kind of creatures,166,32
unaligned,train,25522$_$5,25522,5,"There's a little twist at the end, which I didn't really care for and had a little trouble understanding and seemed a little disjointed there at the very end",157,29
unaligned,train,255224$_$1,255224,1,"(umm) Ever since the American Pie movies came out around ten years ago (uhh) people have been coming up with movies like Road Trip and College Road Trip, all this type of (uhh) different stuff",192,35
unaligned,train,255224$_$5,255224,5,(umm) I would say I can't really think of anybody that might (uhh) enjoy the movie,82,16
unaligned,train,255224$_$9,255224,9,"(uhh) It's kind of sad but, you know, you probably thought a year or two ago when you saw (uhh), if you did see, Wild Hogs you'd probably think ""well wow, he can't get any lower"" but he actually did",198,40
unaligned,train,255224$_$8,255224,8,(umm) I definitely think Martin Lawrence needs to go back to some other funny things,84,15
unaligned,train,255226$_$5,255226,5,"But basically in it, you have (umm) Eva Longoria Parker, from Desperate Housewives, and she plays a bride that accidentally gets killed on her wedding day and (uhh) her fiance slash husband from that wedding day is Paul Rudd",224,39
unaligned,train,255226$_$8,255226,8,"And, as you might expect, the psychic is an attractive female, because it is movieland, and he starts to fall in love with her",126,24
unaligned,train,255338$_$1,255338,1,I have a movie review called College Road Trip,46,9
unaligned,train,255338$_$2,255338,2,Came out March two thousand eight,33,6
unaligned,train,255338$_$5,255338,5,"It was directed by Roger Cumble and it's (uhh) about how (stutter) this high student which is (stutter) Raven from (stutter) That's So Raven (uhh) goes around the country to choose a college that she wants but her dad who's a cop but played by Martin Lawrence, (uhh) goes along with her to try and find the perfect college for her",330,61
unaligned,train,255338$_$7,255338,7,It's definitely directed towards like a younger generation cuz of like Raven was in it,86,15
unaligned,train,255338$_$8,255338,8,(uhh) But it was absolutely terrible,36,6
unaligned,train,255343$_$0,255343,0,"What's up Expo, I have a movie review for you, it's Step Up two the Streets",75,16
unaligned,train,255343$_$5,255343,5,"But this one it's just like, not that good",42,9
unaligned,train,255343$_$8,255343,8,(uhh) It really really wasn't that good,39,7
unaligned,train,255852$_$0,255852,0,Hello,5,1
unaligned,train,255852$_$6,255852,6,You you (stutter) want to like Will Ferrell but my reviews have to be mixed but negative,88,17
unaligned,train,255852$_$8,255852,8,As the price gets up there I have to be more and more picky about what I go to and this one I probably wouldn't go to again,123,28
unaligned,train,256174$_$6,256174,6,"Romantic comedy, about a woman who has been a bridesmaid twenty-seven times",75,12
unaligned,train,256935$_$0,256935,0,Hey Expo tv this is my video review of the movie ten thousand B,63,14
unaligned,train,256935$_$4,256935,4,"However, if you're like me and you use that to say, hey, let's go see ten thousand B",84,18
unaligned,train,256935$_$9,256935,9,It's about these like people just running around doing pointless stuff that you don't care about,96,16
unaligned,train,256935$_$10,256935,10,{cough} I would almost describe it as like a reality tv show from ten thousand B,80,16
unaligned,train,256976$_$12,256976,12,I would just wait for it to come out on a network television when it gets replayed three times for a weekend and then every other weekend for the rest of its life,162,33
unaligned,train,256976$_$2,256976,2,"Here and here's the movie ticket sideways, that's not a formality that's just for fun",85,15
unaligned,train,256976$_$4,256976,4,It's too much for me at this point if I see another Tyler Perry movie I'm never gonna go see it,95,21
unaligned,train,257045$_$11,257045,11,"But all in all, it seems like he's trying too hard",50,11
unaligned,train,257045$_$1,257045,1,I am here to review a movie that is currently in theaters called Tyler Perry's Meet the Browns,94,18
unaligned,train,257531$_$15,257531,15,"(umm) If it was purely (umm) (stutters) If it was purely historical, I think it would work",90,17
unaligned,train,257531$_$17,257531,17,"But as a movie, (umm) it definitely falls short",47,9
unaligned,train,257531$_$1,257531,1,Today I'm here to talk about the movie Blind Mountain,53,10
unaligned,train,257531$_$2,257531,2,(uhh) This movie's about something you rarely rarely hear about,63,10
unaligned,train,257771$_$15,257771,15,I'm going to give this a two out of five,40,10
unaligned,train,257771$_$0,257771,0,Hi I'm Tom and today I'm gonna be reviewing the movie ten thousand BC,69,14
unaligned,train,257771$_$3,257771,3,(umm) Okay this movie bothered me a lot just because it was really not historically accurate,92,16
unaligned,train,257771$_$8,257771,8,(umm) It's got a lot of really good action,42,9
unaligned,train,259260$_$26,259260,26,"Makes fun of all superhero movies, at least for the most part",61,12
unaligned,train,259260$_$20,259260,20,"I just had a few friends who wanted to see this, I'm like alright fine, I'll go",79,17
unaligned,train,259260$_$22,259260,22,Learn from my mistake,21,4
unaligned,train,259260$_$1,259260,1,Before I begin this is what I need to do,40,10
unaligned,train,259260$_$37,259260,37,Just wait for that long if you actually want to see this movie,62,13
unaligned,train,25t8nrkUfRY$_$1,25t8nrkUfRY,1,I just need to get an outfit so we're going to go shop around you can get it up serve a look serve a look shall I,113,27
unaligned,train,260011$_$20,260011,20,"I just, I wasn't feeling Out of Time",36,8
unaligned,train,260011$_$16,260011,16,(umm) It's a cop story,22,5
unaligned,train,260011$_$0,260011,0,What's up Expo,14,3
unaligned,train,260011$_$3,260011,3,I'm a huge Denzel fan,21,5
unaligned,train,261267$_$11,261267,11,"It's just, I mean it's a really fantasy movie, there's a lot of like weird stuff",80,16
unaligned,train,261267$_$12,261267,12,"I mean that's cool but Jodie Foster doesn't do a great job, you know, so the only good thing about the acting is Abigail Breslin",128,25
unaligned,train,261267$_$15,261267,15,"I mean if you have to see it go see it because your little kid might want to see it or something, or your little brother or sister",130,28
unaligned,train,261267$_$16,261267,16,But overall it's just really not worth seeing,45,8
unaligned,train,261267$_$19,261267,19,"So I mean if you if you (stutter) have to, go see it",52,13
unaligned,train,261267$_$18,261267,18,"If they're enthusiastic about seeing it take them because, I mean, maybe they might like it but you will have to sit through something that's really you're just like ""I do not want to be here""",192,36
unaligned,train,261267$_$2,261267,2,This movie was not,18,4
unaligned,train,261267$_$4,261267,4,That was the only good thing about the movie,44,9
unaligned,train,261267$_$8,261267,8,This one just it just didn't have that many elements,52,10
unaligned,train,261326$_$0,261326,0,Hi guys,7,2
unaligned,train,261326$_$3,261326,3,(uhh) This spoof movie is like (uhh) not that much interesting because (uhh) I don't like spoof movie that much but (uhh) I like the movies (uhh) Meet the Spartans but this movie doesn't (uhh) I I (stutter) don't like this movie much,233,43
unaligned,train,261900$_$24,261900,24,"And for her to be alone on this island is ridiculous without a father or a babysitter, anything",95,18
unaligned,train,261900$_$27,261900,27,"I mean, maybe the author would write back and say, you know, thanks for the letter, blah, blah, blah",100,19
unaligned,train,261900$_$7,261900,7,Nim is the main character of the movie,38,8
unaligned,train,261900$_$9,261900,9,(umm) They're kind of secluded from everybody,45,7
unaligned,train,261900$_$8,261900,8,"She is a little girl who lives on this island with her father, Gerard Butler",76,15
unaligned,train,261900$_$30,261900,30,(umm) So it's not very believable,33,6
unaligned,train,261900$_$36,261900,36,I would say the storm scene might be a little frightening for some younger kids,79,15
unaligned,train,261900$_$34,261900,34,There's a little bit of action,30,6
unaligned,train,261900$_$33,261900,33,"And if you have a daughter or a son who is probably under the age of ten, I think they'd love it because there's some imaginary creatures",137,27
unaligned,train,261902$_$0,261902,0,"Hey, ExpoTV",11,2
unaligned,train,261902$_$10,261902,10,And I was actually surprised to see how much she's grown up,59,12
unaligned,train,261902$_$15,261902,15,(uhh) One of the best parts of the movie is a scene where (umm) Martin Lawrence's character finds these coffee beans and he thinks they're drugs,144,26
unaligned,train,261902$_$18,261902,18,"And that was one of the funnier scenes of the movie, unfortunately",66,12
unaligned,train,262165$_$22,262165,22,It just has that feel to it,27,7
unaligned,train,262165$_$2,262165,2,This is Freejack,16,3
unaligned,train,262165$_$4,262165,4,(umm) I first heard of this movie (uhh) when a friend of mine in grade school decided to (uhh) rip off its storyline for a (uhh) short story that he had written (uhh) in grade school,182,36
unaligned,train,262165$_$7,262165,7,"And (uhh) (uhh) this movie storyline and his storyline are as follows: (uhh) Emilio Estevez plays a race car driver who (umm) just as he is about to die in a (uhh) horrible race car driving accident, he, his (stutter) body is snatched into the future, (uhh) thanks to (uhh) a billionaire Anthony Hopkins",303,54
unaligned,train,262165$_$6,262165,6,"And (uhh) as he was explaining this in front of the class, I thought to myself, huh, that sounds an awful lot like Freejack",123,24
unaligned,train,262165$_$8,262165,8,"And (umm) the reason Anthony Hopkins' character does that is so he can take his (uhh) mind and implant it into the body of Emilio Estevez's character, thus giving him eternal life or some nonsense",196,35
unaligned,train,262165$_$13,262165,13,"(uhh) Anthony Hopkins is in this movie very, very barely",56,10
unaligned,train,262165$_$15,262165,15,He communicates with Rene Russo's character (uhh) via a (uhh) telecommunications device,87,12
unaligned,train,262165$_$17,262165,17,And the backdrop is just some mad painting and it looks terrible,64,12
unaligned,train,262165$_$19,262165,19,"I honestly think that in, in (stutter) like the final third of the movie, or whatever, in the latter half of the movie, I actually think it's more like the final third or the final quarter, when he actually is in the same room with Emilio Estevez and Rene Russo",261,50
unaligned,train,262165$_$18,262165,18,"And (umm) he really, really, sincerely, honestly phoned in his performance",74,11
unaligned,train,264418$_$10,264418,10,"It it (stutter) just, the movie just went on and on",51,11
unaligned,train,264418$_$13,264418,13,There are better movies by Spielberg,36,6
unaligned,train,264418$_$15,264418,15,"But yeah, this was just (uhh)",29,6
unaligned,train,264418$_$4,264418,4,It was based on the (uhh) book Vengeance by George Jonas and (uhh) I really didn't like this movie that much,108,21
unaligned,train,264418$_$6,264418,6,"(umm) It's supposed to be about the (uhh) the toll that murder takes on, you know, normal people and (uhh) again, I I (stutter) like I just it didn't really surprise me that these people were experiencing regret that they were killing, you know, people even though those people themselves (uhh) may have deserved it",315,55
unaligned,train,264446$_$23,264446,23,"(umm) There is a little bit of race issue in this, too, because one of the guys is white and one of the guys is a minority",122,27
unaligned,train,264446$_$44,264446,44,Don't worry about seeing this in theater,40,7
unaligned,train,264446$_$43,264446,43,I'm only going to give this a one of five star,46,11
unaligned,train,264446$_$2,264446,2,"If you have an independent or unaffiliated theater near you, this is where you're going to find this movie",106,19
unaligned,train,264446$_$38,264446,38,"(uhh) I haven't seen any other movies with either of them in it, so I don't know what they're normally like",107,21
unaligned,train,264446$_$15,264446,15,It deals with a lot of homosexual issues (umm) in terms of acceptance and they try to deal with love in their own way and how the mainstream doesn't really accept that a lot of times,182,36
unaligned,train,264446$_$14,264446,14,(umm) The story is mostly about how they try to deal with being in a monogamous relationship (uhh) when the one guy kinda isn't very used to that,145,28
unaligned,train,265959$_$11,265959,11,"(uhh) I don't know where he got the idea for this, but it really is absolutely terrible",87,17
unaligned,train,265959$_$15,265959,15,Do not see this movie,21,5
unaligned,train,265959$_$16,265959,16,Please don't see it,19,4
unaligned,train,265959$_$0,265959,0,"What's up, ExpoTV? I saw a movie called Don't You Don't Mess With the Zohan",75,15
unaligned,train,265959$_$2,265959,2,"And (uhh) you really don't want to even mess with this movie, to be completely honest",85,16
unaligned,train,265959$_$5,265959,5,"(uhh) It's supposed to be, like, one of those, like, I guess outrageously funny movies, and it really, like, wasn't",115,20
unaligned,train,265959$_$7,265959,7,"(uhh) Like that trailer (uhh) he kicks people really weird that's, like, not realistic, like, he's supposed to be, like, this super super (stutter) agent, super hair stylist",173,28
unaligned,train,265959$_$9,265959,9,"I I (stutter) thought that, like, Adam Sandler was starting to make better movies, but, like, he's definitely gotten worse and worse",132,22
unaligned,train,266366$_$14,266366,14,"Like you can tell its, its (stutter) computer animated and it's really bad",74,13
unaligned,train,266366$_$16,266366,16,It was really disappointing,27,4
unaligned,train,266366$_$1,266366,1,(uhh) Today I am reviewing the movie Incredible Hulk which is currently playing in theaters nationwide,102,16
unaligned,train,266366$_$0,266366,0,Hi,2,1
unaligned,train,266366$_$7,266366,7,"And (uhh) out of whatever less than two hours movie, only ten minutes is when you know the hulk is actually on the screen, the rest, it's this guy planning how to, kind of you know, get away, cure himself (uhh) from being the hulk because that's basically his heart rate goes up and he turns into the hulk",305,59
unaligned,train,266366$_$8,266366,8,"(uhh) Another thing that the trailers showed was was (stutter) another guy, (umm) you know the size of hulk and looked really evil and I waited pretty much the entire movie for this guy to show up and he just showed up for the last ten, fifteen minutes and I I (stutter) pretty much slept in the movie you know",310,60
unaligned,train,266396$_$55,266396,55,It wasn't realistic at all,26,5
unaligned,train,266396$_$82,266396,82,Not after this movie,20,4
unaligned,train,266396$_$80,266396,80,And I am an M,13,5
unaligned,train,266396$_$87,266396,87,"Like I said, I did",18,5
unaligned,train,266396$_$85,266396,85,"And that's, that's (stutter) completely honest",46,6
unaligned,train,266396$_$33,266396,33,"And I'm sorry, Santa",20,4
unaligned,train,266396$_$91,266396,91,I can't say anything good about it,34,7
unaligned,train,266396$_$93,266396,93,It is laughable,15,3
unaligned,train,266396$_$10,266396,10,And I think that's the way it's going to be,43,10
unaligned,train,266396$_$18,266396,18,"Now, I have to make this review kind of short",45,10
unaligned,train,266396$_$44,266396,44,"(umm) The storyline and the way it was written, like I said, the idea was good, but M",85,18
unaligned,train,266396$_$45,266396,45,"Night Shyamalan, take a break",29,5
unaligned,train,266396$_$43,266396,43,"Your dialog, delivery, and everything about what you did, everything, everything about what you did was absolutely terrible",123,18
unaligned,train,266396$_$74,266396,74,"And then, he doesn't play this character at all",47,9
unaligned,train,266852$_$25,266852,25,So and in the first scene they have shown that something is happening to the city,81,16
unaligned,train,266852$_$20,266852,20,"(umm) So this movie (umm) like, I do not want to disclose the suspense but there is a bit of suspense in this movie (umm) that this, only this guy was saved just from the whole northeast coast just so the guy was like",217,44
unaligned,train,266852$_$2,266852,2,(umm) This movie just released this week and it's been directed by M,68,13
unaligned,train,266852$_$13,266852,13,So in this movie (umm) the main leading character a science teacher played by Eric Moore (umm) the character Erik Moore is being playing by Mark Wahlberg,153,27
unaligned,train,266938$_$42,266938,42,Don't even waste renting it on DVD,34,7
unaligned,train,266938$_$43,266938,43,"If it comes on cable, see it then",33,8
unaligned,train,266938$_$23,266938,23,"They're just running away from wind because it's carrying, well there's actually no real (stutter) explanation really but they think the trees are trying to poison them because it makes the part of their brain, some chemical part in their brain shut off (umm) so they all kill themselves",287,49
unaligned,train,266938$_$25,266938,25,"Night Shyamalan really wanted to do was make a movie where he could just have people kill themselves in the most creative ways possible, because that's all this was",164,29
unaligned,train,266938$_$20,266938,20,It's people running away from wind,34,6
unaligned,train,266938$_$49,266938,49,He must have a stroke or something between films because this is just so bad I don't know why he thought this would be a good idea,130,27
unaligned,train,266938$_$29,266938,29,"I mean even in one part an old lady's like, you're gonna kill me in my sleep and he's like, what, no",100,22
unaligned,train,266938$_$0,266938,0,"Hey Expo TV, today I'm reviewing The Happening",46,8
unaligned,train,266938$_$8,266938,8,"(umm) They were actually really good in Twilight Zone, this is this is (stutter) that was a insult to the Twilight Zone this is a terrible movie",144,27
unaligned,train,266938$_$38,266938,38,"He can get back into that, I don't know what's wrong with him why is he doing this, I'm really pissed off at this movie",119,25
unaligned,train,266938$_$10,266938,10,"Night Shyamalan I know that you know, he hasn't made a movie since Lady In the Water, god forbid that movie too",111,22
unaligned,train,266938$_$15,266938,15,(uhh) And then there came The Village which was not great but it was still okay,79,16
unaligned,train,266938$_$16,266938,16,There was the twist there we counted on M,41,9
unaligned,train,266938$_$54,266938,54,"Okay, The Happening, do not see this film",41,8
unaligned,train,267252$_$10,267252,10,"Because like, just something in the like, air or something",58,10
unaligned,train,267252$_$13,267252,13,"(uhh) It was I guess it was like definitely along the lines of Signs and like Sixth Sense, of those movies",106,21
unaligned,train,267255$_$10,267255,10,It's like Mike Myers does stuff like Wayne's World and like Austin Powers and stuff,83,15
unaligned,train,267255$_$13,267255,13,I really don't like Mike Myers that much,40,8
unaligned,train,267255$_$15,267255,15,"And this movie it (stutter) should, like the trailer should not be getting as many like slots, like during commercials that it's it's (stutter) like, getting cause it's really not good",184,31
unaligned,train,267255$_$16,267255,16,"(uhh) But see it I guess, if you like Mike Myers",48,11
unaligned,train,267255$_$3,267255,3,Like there's been a lot of trailers for it,42,9
unaligned,train,267255$_$7,267255,7,"Like who are basically like, like, like, (stutter) they know everything about dating and love and stuff and (uhh) like he gets sent on this mission to like, I guess help out a marriage between between (stutter) Toronto Maple Leafs player and like his wife because his wife has been seeing a guy from from the Los Angeles Kings",326,59
unaligned,train,267255$_$9,267255,9,But like it really doesn't work cause it's supposed to be really funny,70,13
unaligned,train,267278$_$1,267278,1,"As formality here's my movie ticket, and there we go",52,10
unaligned,train,267278$_$4,267278,4,(uhh) Wayne's World was funny,29,5
unaligned,train,267278$_$9,267278,9,"You know I always thought that Austin Powers was pretty juvenile, but in reality it was actually a fairly good level of intellect",129,23
unaligned,train,267278$_$11,267278,11,"It could have been a lot stupider""",34,7
unaligned,train,267278$_$14,267278,14,"You know, it's even the line that he uses in the preview",56,12
unaligned,train,267278$_$19,267278,19,"Which, you know, are best tolerated for about two minutes",57,10
unaligned,train,267799$_$2,267799,2,I didn't like this movie and I'll tell you why,46,10
unaligned,train,267799$_$6,267799,6,"And the first third of the movie I really enjoyed, I thought it was a really solid setup (umm) for a pretty good horror movie",125,25
unaligned,train,268836$_$2,268836,2,(umm) It was a depressing experience (uhh) to say the least,59,11
unaligned,train,268836$_$7,268836,7,Night Shmamalan or something like that,38,6
unaligned,train,268836$_$6,268836,6,M,1,1
unaligned,train,268836$_$12,268836,12,He did Signs,12,3
unaligned,train,268836$_$15,268836,15,(umm) Everyones making a big deal because it was his first R rated movie,72,14
unaligned,train,268836$_$18,268836,18,Oh yeah I guess I should tell you a little bit about the plot,61,14
unaligned,train,268836$_$34,268836,34,There's so many better things you could do with your time,57,11
unaligned,train,270416$_$11,270416,11,"It's supposed to be a comedy but you'll go in there and you'll be waiting to laugh but you never will, and then it'll be time to go",131,28
unaligned,train,270416$_$13,270416,13,I'd say (stutter) there's much more movies out there that are (uhh) so much more better than this,97,18
unaligned,train,270444$_$5,270444,5,"(umm) I don't know, something about the whole Hellboy theme I don't really like, personally",91,15
unaligned,train,270449$_$10,270449,10,"I, I (stutter) didn't see it so much",36,8
unaligned,train,270449$_$4,270449,4,"I watched it, I didn't think it was that great",46,10
unaligned,train,270628$_$24,270628,24,It was kind of depressing in parts and it just didn't rebound to give the highs to the positive notes of the movie like it should have,134,27
unaligned,train,270628$_$26,270628,26,"And I don't want to ruin anything, give away any plot spoilers or anything like that, (uhh) but things, you know, get better",124,23
unaligned,train,270628$_$21,270628,21,"(umm) I had heard little about the film before I saw it, but what I had heard was positive and, and, (stutter) your know, uplifting and thinking that it was going to be a good movie",181,36
unaligned,train,270628$_$22,270628,22,"(umm) But, like I said, everything put together here wasn't",59,10
unaligned,train,270628$_$0,270628,0,"Hey, ExpoTV",11,2
unaligned,train,270628$_$14,270628,14,He doesn't seem to embody the character very well,49,9
unaligned,train,270665$_$25,270665,25,"Not that it could have added much to a movie like this, but still, at least maybe some good music would have redeemed it in a small way",135,28
unaligned,train,270665$_$20,270665,20,"Gets up the next morning and it goes, anyway, you get the idea",62,13
unaligned,train,270665$_$22,270665,22,Same thing over and over and over again,39,8
unaligned,train,270665$_$0,270665,0,"ExpoTV, this is Aubs eighty four and I'm going to talk to you today about the movie The Doorman, which is currently in theaters",127,24
unaligned,train,270665$_$6,270665,6,"(uhh) But eventually, he loses his job and he comes crashing down to earth (uhh) when he loses his job because he realizes he pretty much has nothing to go on",158,31
unaligned,train,270665$_$9,270665,9,And they weren't really friends at all,38,7
unaligned,train,270665$_$13,270665,13,It's actually quite terrible,28,4
unaligned,train,270956$_$3,270956,3,(uhh) I went to go see this movie (umm) and it was a big disappointment,71,15
unaligned,train,270956$_$9,270956,9,(umm) If I had to give it a rating I'd say it's a two out of five for me,72,19
unaligned,train,270956$_$8,270956,8,So I didn't enjoy it a whole lot at all,39,10
unaligned,train,271366$_$26,271366,26,"I I (stutter) think if you took your kids to go see it I think I think teenage audiences or them might enjoy it but really, it's that great a movie",147,31
unaligned,train,271366$_$21,271366,21,"Everything about it, the special effects you can tell are fake and they're just trying to put so much action on you and and (stutter) CGI and special effects that like the movie and the plot just are completely lost and they're just trying to throw that to make up for it",271,52
unaligned,train,271366$_$41,271366,41,Do not waste your money on it,29,7
unaligned,train,271366$_$3,271366,3,It fails on every level possible,32,6
unaligned,train,271366$_$5,271366,5,They probably even shouldn't have made the second one to be honest,66,12
unaligned,train,271366$_$7,271366,7,"(umm) The casting, Rachel Weisz, is not a return a big problem there",68,13
unaligned,train,271366$_$38,271366,38,So that's that's (stutter) one good thing I'd say about it,58,11
unaligned,train,271366$_$13,271366,13,"Just, it's terrible",19,3
unaligned,train,271366$_$17,271366,17,You can it's it's (stutter) insulting,37,6
unaligned,train,271366$_$35,271366,35,"(umm) I guess the good thing about the movie was it was it was (stutter) so it was it was (stutter) so like bad that it was entertaining cause like, you kinda lose yourself in it in the fact that it's not real",209,43
unaligned,train,271366$_$34,271366,34,"It it (stutter) was old five years ago, seriously so just stop it",65,13
unaligned,train,271594$_$24,271594,24,It's still the same thing,25,5
unaligned,train,271594$_$23,271594,23,"And it's not in Egypt anymore now, it's in China",48,10
unaligned,train,271594$_$37,271594,37,Don't go see it,15,4
unaligned,train,271594$_$34,271594,34,"It's not even worth seeing at your friends house, for free",58,11
unaligned,train,271598$_$28,271598,28,And that sort of fails because it's not well done,49,10
unaligned,train,271598$_$10,271598,10,Okay,4,1
unaligned,train,271598$_$13,271598,13,Everyone is trying to get his opinion,37,7
unaligned,train,271598$_$17,271598,17,"If anything, all it does is bore people of the American political system even more",82,15
unaligned,train,271598$_$16,271598,16,"And (uhh), well, it's supposed to sort of have the message that everyone's vote matters and voting is important and look at the American political system",153,26
unaligned,train,272375$_$11,272375,11,(umm) Pineapple Express (uhh) the movie got its name because that's supposedly the name of a new new (stutter) strain of marijuana,130,22
unaligned,train,272375$_$18,272375,18,It's not one that I would recommend to people to go see,55,12
unaligned,train,272375$_$0,272375,0,I went to the movies to see Pineapple Express,45,9
unaligned,train,273171$_$15,273171,15,"There's a lot of explosions and a lot of violence, and (uhh) the action is pretty good but all in all I kind of miss the plot",125,27
unaligned,train,273171$_$1,273171,1,I want to talk to you about Death Race starring Jason Statham,61,12
unaligned,train,273237$_$23,273237,23,"Just because, you know, there, you know, there's there's (stutter) drinking in college does not mean anything that's something happens in all of them, this is completely so cliche and such one of those college movies that just, you know, exaggerates everything a hundred-million times",284,45
unaligned,train,273237$_$1,273237,1,"Starring, who cares? Written by, it doesn't matter",50,8
unaligned,train,273237$_$3,273237,3,"It is like this movie reminds me is is stutter almost exactly like the American Pie Band Camp, the American Pie Naked Mile except ten times worse and the fact it's in theaters and not straight to DVD or straight to the trash",224,43
unaligned,train,273237$_$11,273237,11,I can't even describe,21,4
unaligned,train,273237$_$13,273237,13,"It is, like, what I can compare it to is a straight to DVD American Pie Presents, that's what it's trying to be",111,23
unaligned,train,273237$_$12,273237,12,"Not only should of it went straight to DVD, if that, it shouldn't have been made, it shouldn't even have been thought of, okay? Really, it is that bad",150,29
unaligned,train,273237$_$14,273237,14,"And it is not funny or anything like the American Pie series or Animal House or, you know, Revenge of the Nerds like it do in the trailer",137,28
unaligned,train,273237$_$17,273237,17,"And not only is the story line terrible, the comedy is not funny, get this through your heads",93,18
unaligned,train,273314$_$1,273314,1,"It is a movie made off of Steve Martin's novella that he (stutter) wrote and it is about a girl that is torn between two lovers and she can't really decide between which one, the rich old man or the young man",208,42
unaligned,train,273314$_$4,273314,4,It is a rated R movie and it has lots of sex,44,12
unaligned,train,273531$_$2,273531,2,"After seeing this one (umm) recently here, I pretty much got what I expected from it",84,16
unaligned,train,273531$_$7,273531,7,"And (uhh) in the mirrors, naturally he sees horrific images",59,10
unaligned,train,273531$_$10,273531,10,"(umm) And I don't wanna ruin the pathetic plot of this movie (umm) but obviously he has to confront what's behind these visions in the mirrors and discover why it's happening, how it's happening, how to stop it, why it's happening to him",237,43
unaligned,train,273531$_$19,273531,19,(umm) Combine that with bad language also in the film and this movie just goes downhill,87,16
unaligned,train,274219$_$11,274219,11,Unless you're a big fan of (uhh) the other (stutter) Star Wars related (stutter) early movies,93,16
unaligned,train,274219$_$3,274219,3,It branches off in a way,24,6
unaligned,train,274219$_$2,274219,2,"(uhh) It's, it's (stutter) CGI animated and (umm) this movie's (uhh) basically a different take on the the (stutter) Star Wars (uhh) story",138,23
unaligned,train,274219$_$4,274219,4,And (uhh) I thought this movie was actually pretty disappointing,64,10
unaligned,train,275248$_$0,275248,0,"Hi this Matt movie review for Momma Mia this movie is pretty much a movie all about Abba, their songs and starring Meryl Streep and and (stutter) I don't know, I don't know why I thought this movie would be interesting, I didn't realize I didn't see the preview to the movie I heard that it had the songs in there I thought well this will be interesting and I don't like musicals so this was hard for me to watch and one big problem with it is the actors are singing the songs and you know their voice aren't the best (umm) Meryl Streep she does a pretty good job actually she doesn't act very good in this movie, her acting's like so so, and her singing was pretty good, couple of songs pretty good (umm) so you you (stutter) might enjoy this if you like musicals (uhh) I know a lot of people did enjoy this and they really were excited about seeing this and actually wanna see this again for me I wouldn't want to see this again (umm) I didn't really like the movie, and I thought they could've I thought Meryl Streep could been done could been done a lot better at this (umm) Pierce Brosnan is actually in this movie too and he sings horribly when (stutter) he comes up the scenes that he sings, just just (stutter) close your ears run away it's it's bad",1257,242
unaligned,train,275620$_$3,275620,3,(uhh) The fourth movie is is (stutter) known for being a very funny movie which I completely agree with,103,19
unaligned,train,275620$_$4,275620,4,It is a very funny movie,24,6
unaligned,train,275620$_$12,275620,12,I can't wait to listen to it and listen to him try to defend himself,68,15
unaligned,train,275620$_$19,275620,19,I really like watching TV spots and there's a production gallery,64,11
unaligned,train,276217$_$24,276217,24,"And then a bunch of others, like Tyrese Gibson, people like that",64,12
unaligned,train,276217$_$22,276217,22,(umm) Also is Joan Allen,24,5
unaligned,train,276217$_$6,276217,6,You find that out in the beginning of the movie,47,10
unaligned,train,276217$_$9,276217,9,"But that's not his job, it's just in his history",48,10
unaligned,train,276217$_$38,276217,38,"(umm) It's about a hundred and five minutes long, so about hour and forty-five minutes",86,15
unaligned,train,276217$_$12,276217,12,"That's why the, you just drive around these cars with guns all over them and try and win the race",97,20
unaligned,train,276217$_$32,276217,32,"But, other than that, it's really nothing special",49,8
unaligned,train,276217$_$36,276217,36,"(umm) So definitely want to be, like, at least seventeen to go see it",69,14
unaligned,train,276217$_$19,276217,19,"That's why I saw it, because he's in it",39,9
unaligned,train,276217$_$18,276217,18,(uhh) The actor is John Statham,31,6
unaligned,train,27798$_$11,27798,11,It's not a good movie because the just the movie was bad,56,12
unaligned,train,27798$_$12,27798,12,"The you know there were some parts in there where, you know, he's talking to his friend in some foreign language and there's no subtitles so it goes on for two or three minutes you don't even know what he's saying",213,41
unaligned,train,27798$_$15,27798,15,"So again, I do not recommend this movie (uhh) at all",52,11
unaligned,train,27798$_$5,27798,5,And (uhh) I was seeing documentaries on Nikola Tesla's life and I much rather see the documentaries than this movie,115,20
unaligned,train,278474$_$3,278474,3,And a lot of the movies but Insurrection was a stinker,54,11
unaligned,train,278474$_$4,278474,4,(uhh) It was horrible I can't recommend it,42,8
unaligned,train,27ubp7CLLKQ$_$14,27ubp7CLLKQ,14,"And finally, on a very practical note, we need a candidate who is electable.",76,14
unaligned,train,282560$_$15,282560,15,It's just a little too silly,28,6
unaligned,train,282560$_$1,282560,1,I wanna tell you about a movie I just saw in theaters,53,12
unaligned,train,282560$_$3,282560,3,This is of course a movie based upon the popular Marvel character The Punisher,78,14
unaligned,train,282560$_$5,282560,5,This is actually not that great of a movie,42,9
unaligned,train,282560$_$4,282560,4,"Punisher AKA Frank Castle is played by Ray Stevenson and he's up against his classic nemesis, Jigsaw, played by Dominic West",124,21
unaligned,train,282560$_$7,282560,7,Most of the Marvel movies have been pretty good in recent years and most of the comic book movies in general have been fairly well done,135,26
unaligned,train,282560$_$6,282560,6,I was kind of disappointed,26,5
unaligned,train,282560$_$9,282560,9,It seems it's always getting a new cast and a new direction and it's just not working for me,92,19
unaligned,train,282586$_$25,282586,25,They're a lot better,20,4
unaligned,train,282586$_$22,282586,22,There's nothing there,21,3
unaligned,train,282586$_$3,282586,3,"Actually, (uhh) this is not your typical review",47,8
unaligned,train,282586$_$4,282586,4,It's almost a warning,21,4
unaligned,train,282586$_$12,282586,12,"She sees a dreamy young boy and oh yeah, he happens to be a vampire",67,15
unaligned,train,282586$_$16,282586,16,"And she's so infatuated with him that (uhh) she might just let him, and that's basically the tension for the whole movie",120,22
unaligned,train,283495$_$7,283495,7,"So, I would recommend looking somewhere else and not watching Role Models",73,12
unaligned,train,284673$_$14,284673,14,Maybe one hit,13,3
unaligned,train,284673$_$18,284673,18,"So don't waste your time, go see something better",49,9
unaligned,train,284673$_$5,284673,5,Now some people would say that that's important but it is when they're trying to create suspense around it,106,19
unaligned,train,284673$_$8,284673,8,"It wasn't a German soldier trying to overthrow Hitler, it was Tom Cruise pretending to be an (stutter), pretending to be a German soldier overthrowing Hitler and we saw through that",181,31
unaligned,train,288714$_$15,288714,15,If I saw it on TV I would change the channel,44,11
unaligned,train,288714$_$17,288714,17,"If you're a die hard horror picture movie person, you probably still won't like it",82,15
unaligned,train,288714$_$5,288714,5,It was one of the worst movies ever,35,8
unaligned,train,288714$_$8,288714,8,It wasn't spooky,16,3
unaligned,train,288766$_$21,288766,21,"(umm) Like I said, I was disappointed with it overall",53,10
unaligned,train,288766$_$2,288766,2,(umm) He is a very crotchety old man and he starts the film at his wife's funeral with his disrespectful family who he's pretty much always disappointed with,157,28
unaligned,train,288766$_$7,288766,7,I thought the dialogue was silly at times and it was (umm) very melodramatic film,81,15
unaligned,train,288766$_$17,288766,17,"(umm) But it was kind of a one dimensional character, even though he does kind of go through character transition that you would expect him to go through",153,28
unaligned,train,290088$_$4,290088,4,Now overall it wasn't really that funny,39,7
unaligned,train,29044$_$12,29044,12,But (umm) other than that I think there's a commentary and theatrical trailer but that's about it,97,17
unaligned,train,29044$_$3,29044,3,"I mean on the front it has this explosion and, you know, it has all this helicopter and the men moving and everything",117,23
unaligned,train,29044$_$2,29044,2,"(umm) I, when I went into it I was thinking it was going to be, you know, this big action movie",95,21
unaligned,train,29044$_$4,29044,4,But really it's not that action packed at all,45,9
unaligned,train,291121$_$7,291121,7,"(umm) In the novels Becky Bloomwood is, you know, I think that her character is a little bit smarter but in this movie she comes off as very dumb",145,29
unaligned,train,292277$_$10,292277,10,I probably wouldn't (stutter) recommend it renting it either when it comes out on DVD,85,15
unaligned,train,292277$_$2,292277,2,I watched it about a week ago in theaters and it was so boring,62,14
unaligned,train,292277$_$5,292277,5,(umm) That's the main plot line,31,6
unaligned,train,292277$_$4,292277,4,(umm) He basically is a detective or works for the law and is looking for this person and these people that are in charge of a bank that (umm) supposedly trying to kill people and murder people and get away with it,214,42
unaligned,train,294178$_$11,294178,11,I didn't really catch onto anything,35,6
unaligned,train,294178$_$14,294178,14,I might be wrong,16,4
unaligned,train,294178$_$1,294178,1,"Now, today I'm going to be reviewing another movies in theaters called The Haunting in Connecticut",98,16
unaligned,train,294178$_$0,294178,0,"Hey, everyone on ExpoTV dot com",31,6
unaligned,train,294178$_$3,294178,3,"It's basically this kid is being treated for cancer, so they relocate their house",81,14
unaligned,train,294178$_$7,294178,7,"(umm) Anyway, I didn't really find this movie (uhh) that good",61,11
unaligned,train,295793$_$14,295793,14,Hilarious (uhh) not so much,27,5
unaligned,train,295793$_$3,295793,3,"(umm) But it was a rainy afternoon, didn't really anything to do so headed out for a matinee",92,18
unaligned,train,295793$_$9,295793,9,"But overall it wasn't fun to watch, (stutter) the acting was subpar to say the least",84,16
unaligned,train,298736$_$26,298736,26,"(umm) I definitely, if you ever get into it",43,9
unaligned,train,298736$_$22,298736,22,It was action packed,20,4
unaligned,train,298736$_$28,298736,28,I just however was not going to read that book before I watched the movie,73,15
unaligned,train,298736$_$0,298736,0,"Hey, how you doing? My name is Roger",36,8
unaligned,train,298736$_$7,298736,7,"But, so I want to give you my perspective from the other side of it",67,15
unaligned,train,298736$_$17,298736,17,"It's, picks up pretty much, I guess where it left off of the other one",70,15
unaligned,train,298736$_$16,298736,16,It doesn't start from the beginning,35,6
unaligned,train,298736$_$32,298736,32,"(umm) I probably would not go see it again because, again, I I (stutter) until I have some background information, it just really wouldn't work for me that way",159,29
unaligned,train,298774$_$12,298774,12,"It's very, very good and I am so impressed with how it turned out",65,14
unaligned,train,298774$_$15,298774,15,"I mean, it just shows you right there and",41,9
unaligned,train,298774$_$17,298774,17,"And all that, so yeah",21,5
unaligned,train,298774$_$1,298774,1,This movie is playing out in theaters and it is very good,57,12
unaligned,train,298774$_$4,298774,4,(umm) There are very good actresses and actors in this movie,60,11
unaligned,train,2Crezdbre6I$_$10,2Crezdbre6I,10,On a home equity line of credit you will still need those three figures but you'll only going to be making the payment on the portion that you're using.,152,29
unaligned,train,2HmBM3GGTlg$_$2,2HmBM3GGTlg,2,They love to problem solve,26,5
unaligned,train,2HmBM3GGTlg$_$5,2HmBM3GGTlg,5,And people love to do that,26,6
unaligned,train,2HmBM3GGTlg$_$7,2HmBM3GGTlg,7,And we're designed to learn in a group of people who are not related to each other,82,17
unaligned,train,2JY5HXBWO84$_$20,2JY5HXBWO84,20,"I always viewed it as a great attempt, or thought behind it was great.",70,14
unaligned,train,2JY5HXBWO84$_$14,2JY5HXBWO84,14,Well to be totally honest early on I was very disappointed in how the land claims that passed would have provisions for private corporations.,141,24
unaligned,train,2LpVvLemgvw$_$5,2LpVvLemgvw,5,It can grow your business,25,5
unaligned,train,2PgJok07td4$_$3,2PgJok07td4,3,I guess you see the Obamas sort of start trends and then it trickles down to the other levels of politics and political candidates.,131,24
unaligned,train,2RDubrUjI-k$_$8,2RDubrUjI-k,8,I would gladly recommend anyone with any sort of back or neck issue to go and see this truly exceptional practice.,114,21
unaligned,train,2RDubrUjI-k$_$4,2RDubrUjI-k,4,The front desk is extremely friendly and the doctors are so knowledgeable and personable.,89,14
unaligned,train,2YwgSmmLibs$_$6,2YwgSmmLibs,6,all of a sudden my credibility of all three of those brands drops down because I'm not really a specialist and today more than ever people are really looking for specialists in an area so rather than I don't know your situation but if you have three just totally separate brands I think that's a bad idea.,305,57
unaligned,train,2ahFSMFvs_c$_$0,2ahFSMFvs_c,0,I've lost track of the number of hours I've spent writing and rewriting the same speech.,88,16
unaligned,train,2c2fhh_Dsoo$_$4,2c2fhh_Dsoo,4,"So you have the excitement, but you're also going to have multiple challenges because you are probably going to be wearing more than one hat.",141,25
unaligned,train,2c6Gb73nx4E$_$2,2c6Gb73nx4E,2,"The first thing we have to take a look at is did the first line out of the speakers mouth -which is the attention getter, or should be- did it get our attention?",161,33
unaligned,train,2cwNG0YuwtQ$_$23,2cwNG0YuwtQ,23,If you liked my video please click like and subscribe for more Canadian immigration videos.,91,15
unaligned,train,2cwNG0YuwtQ$_$1,2cwNG0YuwtQ,1,A lot of people who are applying for a Canadian visitor visa are nervous whether or not they will succeed.,106,20
unaligned,train,2cwNG0YuwtQ$_$15,2cwNG0YuwtQ,15,"You can include your accommodation arrangement, invitation letter, and documents such as arranged registration to validate your client.",135,18
unaligned,train,2f6ZHqJ76EU$_$8,2f6ZHqJ76EU,8,"It does many things by asking this question First of all, it helps all the people who want to enter the contest, actually think and understand the concept it what a Credit Union is in the first place.",200,38
unaligned,train,2h9VVQUZjK0$_$12,2h9VVQUZjK0,12,These certificates showed proof of ownership of corporate shares,64,9
unaligned,train,2h9VVQUZjK0$_$8,2h9VVQUZjK0,8,"In the digital age, though, technology has made the corporate seal obsolete",75,12
unaligned,train,2lj0BaPsJpM$_$7,2lj0BaPsJpM,7,The anti zone still exists though because there needs to be an explanation of what the cards do.,96,18
unaligned,train,2mWPHvbKzL8$_$10,2mWPHvbKzL8,10,The second step is to create a personalized profile for your business on major online directories and social networks.,118,19
unaligned,train,2mWPHvbKzL8$_$15,2mWPHvbKzL8,15,"For example, having a sign that says “Check us out on Trip Advisor” is a good idea.",83,17
unaligned,train,2mWPHvbKzL8$_$19,2mWPHvbKzL8,19,"Remember to always provide outstanding service, make sure your business is listed in major online directories and last of all, make it easy for clients to know how and where they can leave you feedback.",202,35
unaligned,train,2mWPHvbKzL8$_$3,2mWPHvbKzL8,3,"When you also factor in the popularity of online directories like Yelp, you will quickly realize how important it is to start collecting online reviews.",152,25
unaligned,train,2mWPHvbKzL8$_$2,2mWPHvbKzL8,2,A recent survey shows that 88% of consumers read online reviews to determine the quality of a local business.,109,19
unaligned,train,2mWPHvbKzL8$_$4,2mWPHvbKzL8,4,But how can you generate reviews and increase positive feedback about your business without making your clients feel uncomfortable or pushed into a corner?,155,24
unaligned,train,2mWPHvbKzL8$_$6,2mWPHvbKzL8,6,The first and most obvious one is: Provide excellent service.,61,10
unaligned,train,2qKajMu7Vhc$_$2,2qKajMu7Vhc,2,The best way to prepare is to list a few strengths that correspond to the job you want,86,18
unaligned,train,2qKajMu7Vhc$_$4,2qKajMu7Vhc,4,"And most importantly, keep your sentences simple",48,7
unaligned,train,2vX-ZRQQDwo$_$3,2vX-ZRQQDwo,3,"Every time someone new has come into our community, we've been there to help respond",84,15
unaligned,train,2vX-ZRQQDwo$_$4,2vX-ZRQQDwo,4,Anytime is been an economic struggle in our community come we have been part responsive,87,15
unaligned,train,2w7rpDe-HoA$_$1,2w7rpDe-HoA,1,"The Cake Boss, Buddy Valastro, has allegedly been charged with a DUI.",69,12
unaligned,train,2w7rpDe-HoA$_$3,2w7rpDe-HoA,3,"Not to say that he wants to come to Canada, but if he ever does, he would have a criminal record, and the Canadian authorities, the border authorities, the CBSA they're called, Canadian Border Service Agency, officers could potentially deny him from entering Canada, and he may have to apply for a special permit called the temporary resident permit, or TRP, to be admitted.",374,64
unaligned,train,2w7rpDe-HoA$_$5,2w7rpDe-HoA,5,"And even if you're the Cake Boss and a famous person, you still would potentially be subject to a bar from entry, and individuals like Mike Tyson, even Martha Stewart, have had some legal issues in terms of being admitted to Canada, so just because you're a celebrity, doesn't mean you're exempt from the law.",309,55
unaligned,train,2w7rpDe-HoA$_$7,2w7rpDe-HoA,7,"If you like this video, click Like, and don't forget to visit us at www.VisaPlace.com.",86,15
unaligned,train,30763$_$13,30763,13,At first she's just so great and then she does everything she knows guys hate,77,15
unaligned,train,30763$_$15,30763,15,(umm) Calling twenty times a day or talking baby talk or just putting stuffed animals all over his apartment,108,19
unaligned,train,30763$_$0,30763,0,Hi,2,1
unaligned,train,31197$_$3,31197,3,The (uhh) only thing about this movie is there's (uhh) some better Vietnam movies out there and with better casts,113,20
unaligned,train,31tcuDMQ_H8$_$11,31tcuDMQ_H8,11,I'm incredibly demanding when it comes to looking at the stocks to invest in.,77,14
unaligned,train,31tcuDMQ_H8$_$1,31tcuDMQ_H8,1,People have been asking me what tactics I use when trading stocks so ill give them to you now but keep in mind this is not trading advice its just simply what I do and if you wanna learn more swing over to the blog at peterleeds.com we have more details there.,260,52
unaligned,train,327283$_$3,327283,3,I hadn't even seen the previews for it,38,8
unaligned,train,327283$_$2,327283,2,(umm) It was my friend's choice to go see this movie,52,11
unaligned,train,327283$_$6,327283,6,It was such an amazing movie,28,6
unaligned,train,33312$_$0,33312,0,Hey guys,8,2
unaligned,train,33312$_$7,33312,7,Which is not that obese (stutter) obese woman in the movie that he also plays but that's another another actress who portrays his true love in the movie,152,28
unaligned,train,33312$_$6,33312,6,"(umm) He plays the main character and he plays (umm) a big a big obese woman in the character as well and you know, it's about him trying to win his true love, trying to impress this woman",188,38
unaligned,train,33312$_$8,33312,8,"I mean after watching (umm) The nutty Professor or Doctor Dolittle (umm) those (stutter) movie were tolerable, but this movie was was (stutter) just out of the park",164,28
unaligned,train,33439$_$10,33439,10,"(uhh) But, you know, it's a solid movie that's sort of fun",58,12
unaligned,train,33439$_$0,33439,0,This is a review for the movie AntiTrust,40,8
unaligned,train,33439$_$3,33439,3,"(uhh) That being said it's still sort of a fun, (uhh) enjoyable movie to watch if you're not terribly concerned with, you know, genius level filmmaking",151,26
unaligned,train,33439$_$2,33439,2,"(umm) If I was a professional reviewer and I had to give this movie (uhh) you know a star rating, it would probably be like two out of five",139,29
unaligned,train,33439$_$9,33439,9,I think about an hour and forty-eight minutes,45,8
unaligned,train,33ueXDUn3mA$_$11,33ueXDUn3mA,11,"We're not like China, we're not dictator, we're not dictator.",61,10
unaligned,train,33ueXDUn3mA$_$1,33ueXDUn3mA,1,"To answer the question whether India can become a superpower or not, the obvious answer is yes, because eventually we will arrive at that spot.",143,25
unaligned,train,34-ogj6rh6w$_$0,34-ogj6rh6w,0,"As many times only a small amount of people actually possesses this knowledge, sharing it will hold a large advantage for your company",134,23
unaligned,train,34-ogj6rh6w$_$2,34-ogj6rh6w,2,And are there any more advantages,33,6
unaligned,train,34-ogj6rh6w$_$7,34-ogj6rh6w,7,"This may lead to the creation communities, which is a great tool for the facilitation of exchange of knowledge within groups",124,21
unaligned,train,34-ogj6rh6w$_$8,34-ogj6rh6w,8,"You convinced me Paula, but how can I organize such a knowledge market",70,13
unaligned,train,34346$_$11,34346,11,That probably have you captured right now like I wanna see Final Cut right now,78,15
unaligned,train,34346$_$14,34346,14,He's seen the memories of the wrong person and how now people are after him for what he knows,93,19
unaligned,train,34346$_$1,34346,1,The idea of this film is very very interesting,46,9
unaligned,train,34346$_$0,34346,0,The movie I will be reviewing for you right now is Final Cut starring Robin Williams,84,16
unaligned,train,34346$_$7,34346,7,Just a reel of movies to show at your funeral,45,10
unaligned,train,36098$_$1,36098,1,This was just released recently,31,5
unaligned,train,36098$_$2,36098,2,It was made for Sci-Fi,22,5
unaligned,train,367506$_$10,367506,10,"They did a really, really great special effects",47,8
unaligned,train,367506$_$13,367506,13,"The acting was great, they really come into their characters",60,10
unaligned,train,367506$_$15,367506,15,"Really, really loved that part",30,5
unaligned,train,367506$_$14,367506,14,"(umm) And I really my favorite part of the movie is at the end, when it has the (umm) shot into the future of what Harry, Ron and Hermione are going to be like in the future",173,37
unaligned,train,367506$_$1,367506,1,June,4,1
unaligned,train,367506$_$5,367506,5,"It says Friday the twenty-second because I saw the type of thing where you see the first part of (umm) Harry Potter seven, and then right after you see the (stutter) second part",177,33
unaligned,train,367576$_$2,367576,2,"(uhh) Little background, I am a fan of the original Conan The Barbarian movies with Arnold Schwarzenegger (uhh) But I'm more of a fan of the comic book Conan",157,29
unaligned,train,367576$_$4,367576,4,(umm) I kinda knew that it wasn't gonna be the greatest movie in the world when I went to see it because the reviews weren't that great and it's not really doing that great at the box office,190,38
unaligned,train,367576$_$9,367576,9,"Well (uhh) I guess the acting was okay, but the dialogue they were given was not really anything that someone could work with",125,23
unaligned,train,36o2cux9kfQ$_$13,36o2cux9kfQ,13,"This is Steve Anthony, and this has been How to Add Text to Pictures in Photoshop.",82,16
unaligned,train,37117$_$1,37117,1,"My name is Jordan and (uhh) today I will be reviewing the DVD, the Divine Secrets of the Ya-Ya Sisterhood now wait a second, now wait a second, I know the guys are just, like what in the world, I seen a lot of movies, (umm) I'm willing to watch a movie once for sure I mean anytime, I'm gonna watch a movie",306,63
unaligned,train,37117$_$4,37117,4,Well this is one I will probably not watch again,48,10
unaligned,train,37117$_$6,37117,6,I really don't think guys will really care about this movie at all,66,13
unaligned,train,37117$_$9,37117,9,"(umm) Special features, I mean, they have (uhh) commentary, stuff like that but, I mean, I wasn't even interested in watching them because, I mean, who would really want to watch commentary on something that they didn't like in the first place",243,42
unaligned,train,37117$_$8,37117,8,"(umm) The movie itself, it's it's (stutter) geared, you know, not for guys, it's not action packed or anything like that, (umm) it's not really that interesting, it's just a lot drama stuff, I mean, I just, I just (stutter) didn't like it at all",245,45
unaligned,train,37459$_$3,37459,3,"(umm) It's a sci-fi movie but it's very confusing, very choppy, (umm) it's kind of corny too",92,17
unaligned,train,37459$_$2,37459,2,"I had high expectations, (umm) because this was, like I said, from the same director of Equilibrium and I was very disappointed",127,22
unaligned,train,37459$_$6,37459,6,"(umm) She wears very little clothing and that's probably the only redeeming quality, is seeing her run around in (umm) belly shirts",131,22
unaligned,train,38019$_$0,38019,0,Hey my name's Scott and today I'm doing a review on a DVD that I probably should've rented before I went out and bought it,122,25
unaligned,train,38374$_$3,38374,3,(umm) So that's of course the two (stutter) major (umm) stars in this show,74,14
unaligned,train,38374$_$7,38374,7,"So (umm) I wouldn't really recommend getting this because it's (uhh) there's a reason it wasn't, it didn't get (umm) such good (uhh) ratings because it's actually quite (stutter) a boring (uhh) plot",198,33
unaligned,train,38374$_$9,38374,9,"So if you're looking for something with a good plot (umm) I wouldn't suggest this, but maybe if you're looking for something like a sing along type I would suggest this because (uhh) the (umm) the the (stutter) subtitles actually (umm) the captions and everything actually show up as they're saying the words so it's almost like a sing along kind of movie",355,63
unaligned,train,39lcRCFvV-s$_$21,39lcRCFvV-s,21,"But also, I feel—and I know this sounds kind of stupid—but I feel like the glasses complete my face in this weird way",117,23
unaligned,train,39lcRCFvV-s$_$22,39lcRCFvV-s,22,"Like I’ve never really hated the way I look, but I’ve never thought I was super good-looking either",99,18
unaligned,train,39lcRCFvV-s$_$46,39lcRCFvV-s,46,And I wanted to remind you we’ve got these sweet new Mystic T-shirts,68,13
unaligned,train,39lcRCFvV-s$_$39,39lcRCFvV-s,39,"The way I feel isn’t exactly a mid-life crisis, but it’s kind of akin to one",76,16
unaligned,train,39lcRCFvV-s$_$13,39lcRCFvV-s,13,"So the day after my birthday I finally went to the optometrist and found out that I have a mild astigmatism, which makes long-distance vision a little bit blurry, especially at night",182,32
unaligned,train,39lcRCFvV-s$_$12,39lcRCFvV-s,12,"It wasn’t anything crazy, but it was definitely a higher level of blur than I had previously experienced in my life, which was, like … none",139,26
unaligned,train,39lcRCFvV-s$_$19,39lcRCFvV-s,19,"And after that first day, once I’d gotten used to wearing them, I found out that I actually really like how they look",117,23
unaligned,train,39lcRCFvV-s$_$18,39lcRCFvV-s,18,It was pretty much inevitable,29,5
unaligned,train,39lcRCFvV-s$_$30,39lcRCFvV-s,30,"No, glasses are not exclusive to old people",43,8
unaligned,train,3B1zIUj-k3o$_$10,3B1zIUj-k3o,10,"The Lord Jesus had to convict me of this thing because, too many times, I go out in public and I'd even be wearing one of my shirts for Jesus, and I would get self conscious.",174,36
unaligned,train,3DOrdP4H8SA$_$13,3DOrdP4H8SA,13,And she sat right in my hand,28,7
unaligned,train,3DOrdP4H8SA$_$3,3DOrdP4H8SA,3,"Her survivability was quoted, basically, at 0%",46,7
unaligned,train,3DgOMTs3A1E$_$24,3DgOMTs3A1E,24,are consistent with your brand message,38,6
unaligned,train,3DgOMTs3A1E$_$22,3DgOMTs3A1E,22,Everything you do ultimately contributes to your personal brand,63,9
unaligned,train,3DgOMTs3A1E$_$23,3DgOMTs3A1E,23,"Once you have defined your brand, make sure that those little things, such as the way you dress, the way you speak, your body language, your behavior with colleagues and other stakeholders the emails you write, etc",214,37
unaligned,train,3DgOMTs3A1E$_$1,3DgOMTs3A1E,1,I feel that a personal brand is obligatory and it helps you stand out in the crowd,82,17
unaligned,train,3DgOMTs3A1E$_$7,3DgOMTs3A1E,7,Spend some time thinking about what makes you different from your peers,71,12
unaligned,train,3DgOMTs3A1E$_$17,3DgOMTs3A1E,17,"This will not only help you hone your message, but, it also helps you deliver it to the right people at the right places",120,24
unaligned,train,3FpmKxZgihw$_$0,3FpmKxZgihw,0,"As an entrepreneur, when you start working with an investor, there are some compromises that are going to have to be made.",122,22
unaligned,train,3GyEnzE1NTQ$_$14,3GyEnzE1NTQ,14,I tell you this to give you and insight and an understanding into how the legal process works here in the state of New York.,124,25
unaligned,train,3GyEnzE1NTQ$_$3,3GyEnzE1NTQ,3,"Hi, I'm Gerry Oginski; I'm a New York medical malpractice and personal injury trial attorney practicing law here in the state of New York.",138,24
unaligned,train,3GyEnzE1NTQ$_$4,3GyEnzE1NTQ,4,Your pre-trial testimony is critical for the purposes of testifying at trial.,77,12
unaligned,train,3OMgvtWNHp4$_$10,3OMgvtWNHp4,10,""" Because there had not been any schools for girls",50,10
unaligned,train,3OuNMjZo5wg$_$13,3OuNMjZo5wg,13,"He can't help himself from loving me exactly as I am, and I love him too, exactly as he is, so there's something interesting.",125,24
unaligned,train,3VsrcbjPwZY$_$0,3VsrcbjPwZY,0,"Okay introduction speeches, we've got this bad boy written and we're ready to go but I've got to tell you something really, really important.",141,24
unaligned,train,3VsrcbjPwZY$_$7,3VsrcbjPwZY,7,"I can't tell you how many times I've seen speeches of introduction where the speaker had to do this, so now ladies and gentlemen it's a great pleasure to present, Bob Smith, great come on out Bob.",196,37
unaligned,train,3Wi0if_L6Ug$_$13,3Wi0if_L6Ug,13,I think that was one of the most important aspects of the University.,69,13
unaligned,train,3Wi0if_L6Ug$_$12,3Wi0if_L6Ug,12,I believe that the high level of teaching has been one of the major contributions to me gaining the results that I received.,124,23
unaligned,train,3Wi0if_L6Ug$_$17,3Wi0if_L6Ug,17,My plan now is I have a place at UCL to study a masters degree studying forensic archaeological science.,104,19
unaligned,train,3Wi0if_L6Ug$_$4,3Wi0if_L6Ug,4,"Secondly, I live close to the University - I have a young family and it's convenient for me.",92,18
unaligned,train,3Wi0if_L6Ug$_$9,3Wi0if_L6Ug,9,"I suppose these topics combined with the practical skills that we learnt, such as the crime scene to court scenarios.",117,20
unaligned,train,3aD0xAgxxyw$_$11,3aD0xAgxxyw,11,It feels like some of the action sequences are a little stretched out and they probably could have trimmed the movies length to 10-15 minutes shorter.,150,26
unaligned,train,3aD0xAgxxyw$_$0,3aD0xAgxxyw,0,Hey everybody what's up i am doing a review of fast and the furious 7. I saw a prescreener of it last night.,108,23
unaligned,train,3aIQUQgawaI$_$12,3aIQUQgawaI,12,That was but we still have a small window of time to prevent the very worst impacts of climate change from catching up to us.,125,25
unaligned,train,3aIQUQgawaI$_$19,3aIQUQgawaI,19,We're equally committed to working toward a comprehensive UN climate agreement that takes into account the unique circumstances and capabilities of each nation.,160,23
unaligned,train,3aIQUQgawaI$_$5,3aIQUQgawaI,5,"Climate change is one issue that absolutely impacts millions of people around the world, and no one knows just how deeply serious and present, how now this challenge is and its impacts than the people of the vulnerable Pacific Islands.",235,40
unaligned,train,3aIQUQgawaI$_$4,3aIQUQgawaI,4,"This week these leaders and other leaders from around the globe have come to New York during the UN General Assembly to discuss some of the issues of greatest challenge to everybody, life and death issues that impact millions of people around the world.",253,44
unaligned,train,3aIQUQgawaI$_$7,3aIQUQgawaI,7,"So the science is clear and irrefutable, and today the Intergovernmental Panel on Climate Change confirmed for the fifth time in 20 years that climate change is real, is happening, and is in large part caused by human activity.",227,39
unaligned,train,3fhCxePBuZY$_$10,3fhCxePBuZY,10,"If you're rude to the court staff, this has a way of getting back to the judge who won't take it kindly and may actually make you pay more money or take away custody of your children",182,37
unaligned,train,3fhCxePBuZY$_$4,3fhCxePBuZY,4,"One: Texas is a conservative state, so you need to be conservatively dressed",76,13
unaligned,train,3gA34VxBijI$_$1,3gA34VxBijI,1,now take this quails and then apply the masala all out just into the gashes just apply,86,17
unaligned,train,3kNPvhdF1NA$_$0,3kNPvhdF1NA,0,"You know, in the roundtables that I held throughout our district, I heard from family members, law enforcement, and treatment specialists, who are trying to deal with this terrible addiction of opioids, of painkillers, that's gotten out of hand.",245,39
unaligned,train,3lkn8MS3n8Q$_$27,3lkn8MS3n8Q,27,"Oh, that sounds perilously close to me saying that I love my brother, so I need to cut the sentiment a little bit.",114,23
unaligned,train,3lkn8MS3n8Q$_$6,3lkn8MS3n8Q,6,"With finding your one true love and kissing them, occasionally marrying them, at the very latest having a child with them.",122,21
unaligned,train,3n44IP3tCVE$_$13,3n44IP3tCVE,13,"So, I'm really excited to go, but the cost of the trip is $7,000 and I need help to get to that amount.",103,23
unaligned,train,3n44IP3tCVE$_$0,3n44IP3tCVE,0,"Hi, My name's Taylor Eubanks, and thank you for being interested in my story.",77,14
unaligned,train,3n44IP3tCVE$_$5,3n44IP3tCVE,5,"So I asked him and prayed several times, ""God do you want me to go to Germany, and what do you want me to do there?"" and he said ""Yes."" and he wants me to go through a ministry called Greater Europe Mission.",207,43
unaligned,train,3n44IP3tCVE$_$6,3n44IP3tCVE,6,"Basically, Europe is a very secular place, and I know Germany is a country in need of God's love.",97,19
unaligned,train,3ocpWAmSNUE$_$5,3ocpWAmSNUE,5,The devil deceives false Christians into thinking they are already safe and secure and on their way to heaven.,110,19
unaligned,train,3ocpWAmSNUE$_$6,3ocpWAmSNUE,6,He certainly does NOT tell them they are a false Christian!,59,11
unaligned,train,3paDwuRQP1w$_$0,3paDwuRQP1w,0,The realm of what actually is and the realm of what ought to be are logically disconnected,90,17
unaligned,train,3sUS8vXbRwg$_$13,3sUS8vXbRwg,13,I never dreamed that there is a possibility of stopping until my teacher told me that I could stop.,99,19
unaligned,train,40181$_$21,40181,21,"(uhh) The thing is though that there's several freight, he's in medieval time basically",87,14
unaligned,train,40181$_$9,40181,9,"But (uhh) if you saw the movie, you know what I'm talking about",63,13
unaligned,train,40181$_$13,40181,13,"(uhh) Like if you're gonna if you're gonna (stutter) do a director's cut where you put in deleted scenes, at least (uhh) make them look as nice as the rest of the movie you know? Because then it just kind of detracts from what you're watching",242,46
unaligned,train,40181$_$19,40181,19,What goes on afterwards,23,4
unaligned,train,40260$_$8,40260,8,"But this movie is just (uhh) it's, it's kind of got a conflict of interest in the story",87,18
unaligned,train,40260$_$19,40260,19,"But just the direction they went with it just showed a lack of creativity and they just decided to go with the paranoia angle instead of the comedy angle, which I think they should have focused on",196,37
unaligned,train,40260$_$18,40260,18,"I mean some people think yeah but that would just be Idiocracy you know, which Mike Judge did that movie, but no, it wouldn't I mean Robin Williams has a lot of great points in his stand up his character also has a lot of great points which reflects",249,49
unaligned,train,41692$_$1,41692,1,Chasing Liberty is about a girl named Anna who is the president's only daughter,79,14
unaligned,train,43371$_$6,43371,6,"(umm) Well, it's supposed to be the funniest movie of the year, but {sigh} I don't really think that's true",107,20
unaligned,train,43371$_$8,43371,8,(umm) So I don't know if you enjoy that,39,9
unaligned,train,43456$_$2,43456,2,"(uhh) It's (stutter) based on a series of silly (umm) FBI, CIA kind of government secret agent novels",101,18
unaligned,train,43456$_$8,43456,8,I think it actually comes in at almost two hours and forty-five minutes,71,13
unaligned,train,44780$_$1,44780,1,My name is Adam and (uhh) right now I am going to review the movie called Crouching Tiger Hidden Dragon,103,20
unaligned,train,44780$_$0,44780,0,Hello there,11,2
unaligned,train,44780$_$3,44780,3,"It was released (uhh) few years ago I guess now (umm) and (uhh) it's got (uhh) some interesting (uhh) special effects, a lot of (uhh) wired effects where people are flying around and that and (uhh) it was (uhh) as you can see in the front here, winner of four academy awards",274,52
unaligned,train,44780$_$2,44780,2,(umm) This movie is directed by Ang Lee,39,8
unaligned,train,44780$_$7,44780,7,"(uhh) I will be perfectly honest though, (umm) I didn't really find this movie that interesting, I found it hard to follow what was going on, and (uhh) it just wasn't my cup of tea at all",187,37
unaligned,train,44780$_$6,44780,6,(uhh) It's got a lot of behind the scenes things and all that,61,13
unaligned,train,45175$_$9,45175,9,And so it's kind of entertaining but I wouldn't recommend watching it unless you're pretty bored,96,16
unaligned,train,45184$_$2,45184,2,"(umm) It's supposed to be scary and stuff, but I didn't really feel scared, it was just like a lot of goriness and stuff to it",126,26
unaligned,train,45184$_$5,45184,5,"(umm) They're national guard trainees, and (umm) I don't think like it's not very good, it's not very gore, like the goriness sucks, the acting sucks, (umm) the storyline sucks, it's just like one of those like, (uhh) like, (stutter) there it's like a typical horror film that they tried to make scary and stuff but I didn't really feel like it was like that at all",365,67
unaligned,train,45186$_$3,45186,3,"(umm) It's about this guy who starts, finds kind of like this abandon pool, and starts like a (umm) swimming team for troubled youth and (umm) I would not recommend this movie",175,32
unaligned,train,45186$_$2,45186,2,"(umm) I'm not really sure who he is, (umm) but he's the lead actor",66,14
unaligned,train,45676$_$6,45676,6,"(umm) The directing was okay, but I don't know if they were trying to make it (umm) sweet and romantic but it kind of comes off a little creepy, a little weird",159,32
unaligned,train,45c3QQzGakM$_$5,45c3QQzGakM,5,"Whereas online are either growing or, and even this economy, look like they're actually going to continue to grow.",114,19
unaligned,train,46497$_$1,46497,1,I mean obviously I watched this because I hate myself,53,10
unaligned,train,46497$_$3,46497,3,"And (uhh) I have to actually restrain myself on the couch before I put the movie (uhh) on play to watch it because otherwise I just end up throwing whatever I can find at the tv in an effort to (uhh) (stutter) break it whatever, his smug fat face comes on the camera",266,53
unaligned,train,46604$_$3,46604,3,(uhh) It's ninety-five minutes long,35,5
unaligned,train,46604$_$2,46604,2,"This movie is called The Marksman, this is the DVD release",58,11
unaligned,train,46604$_$4,46604,4,There are no special features on here at all,44,9
unaligned,train,46618$_$1,46618,1,"(umm), If you've seen Lake Placid, or Anaconda, or any of those, this is basically just a, a rip-off of those",109,21
unaligned,train,46618$_$0,46618,0,"Hi, I'm reviewing the DVD release of (uhh), Python",50,9
unaligned,train,46618$_$2,46618,2,"And, (uhh), since it's ripping of a couple of pretty poor movies, it's probably no surprise that this one's even worse",118,21
unaligned,train,47472$_$10,47472,10,"(umm) It has some bonus features (umm) some deleted scenes, alternate endings, cast and crew bios, and other stuff like that",124,21
unaligned,train,47472$_$1,47472,1,Today I'm going to be reviewing the movie Best Laid Plans,57,11
unaligned,train,47472$_$4,47472,4,(umm) It's the special edition,30,5
unaligned,train,47472$_$6,47472,6,"(umm) The movie is about (umm) a guy (umm) who (umm) owes some money and (umm) he (umm) ends up robbing and it go, ends up being bad",132,28
unaligned,train,47472$_$8,47472,8,"And since his robbery went bad (umm) he takes what the movie says, desperate measures to (umm) well, undertakes drastic measures to get his hands on some fast cash",163,29
unaligned,train,49358$_$4,49358,4,You'll see lots of Ferraris and Lamborghinis,44,7
unaligned,train,49358$_$6,49358,6,"I was actually disappointed, I was hoping for a lot more, I don't know why",74,15
unaligned,train,49358$_$9,49358,9,"I don't think he (uhh) I don't think he really cares about making good movies, he cares about making movies that make money",123,23
unaligned,train,4AQC7_uCuEE$_$27,4AQC7_uCuEE,27,What is my suggestion about the way you handle the bedroom that just never gets cleaned? I suggest you just close the door,122,23
unaligned,train,4AQC7_uCuEE$_$22,4AQC7_uCuEE,22,"But sometimes the battle is just not worth it, it's not that important",70,13
unaligned,train,4AQC7_uCuEE$_$23,4AQC7_uCuEE,23,"And so what you can do in those situations, is back down, let it go by",70,16
unaligned,train,4BoE-woHtwA$_$12,4BoE-woHtwA,12,"A perfect simple and practical expression of artistic constraint is the haiku-- which, when you think about it, actually has a lot in common with the tweet",155,27
unaligned,train,4BoE-woHtwA$_$1,4BoE-woHtwA,1,"If you use Twitter, you've probably agonized over the construction of a tweet",77,13
unaligned,train,4BoE-woHtwA$_$5,4BoE-woHtwA,5,Twitter's 140-character limit forces you to creative in your tweet construction,79,11
unaligned,train,4CKhrjuuofk$_$1,4CKhrjuuofk,1,""" And so you're saying things like, you're not saying ""You should"" or ""You can't,"" anything about them",102,18
unaligned,train,4CKhrjuuofk$_$5,4CKhrjuuofk,5,""" And making it very, very clear and concrete and drawing a line in the sand that then you have to follow through on",116,24
unaligned,train,4EEru3cZwXo$_$3,4EEru3cZwXo,3,"The first one is the amount of energy and speed that he creates going down the mount in linear fashion, his linear energy",121,23
unaligned,train,4GYfmpEEtl4$_$1,4GYfmpEEtl4,1,Have you ever gotten a promotional product invoice that was for a quantity more than what you ordered?,102,18
unaligned,train,4GYfmpEEtl4$_$7,4GYfmpEEtl4,7,"Instead of those just sitting on a shelf somewhere doing nothing, they send them on to you so you can market your business.",123,23
unaligned,train,4GYfmpEEtl4$_$6,4GYfmpEEtl4,6,"When they end the order, they may have a lot of extras left over.",65,14
unaligned,train,4H9RfQuqsvg$_$1,4H9RfQuqsvg,1,I though it was really interesting how he went into dialogue.,61,11
unaligned,train,4H9RfQuqsvg$_$12,4H9RfQuqsvg,12,They just want to hear the other side and them hear their opinion.,66,13
unaligned,train,4H9RfQuqsvg$_$6,4H9RfQuqsvg,6,"He went into dialogue wanting to share his viewpoint and just hear the other side, not to change what he believed.",114,21
unaligned,train,4HAC00EAdno$_$10,4HAC00EAdno,10,"But in fact you don’t need the graphs, as long as you keep the following in mind: given an inequality, you must find the x-values where both sides are equal, in this case x=-sqrt(2) and x=sqrt(2). But also find x-values where the functions involved are not defined or discontinuous.",282,49
unaligned,train,4HAC00EAdno$_$12,4HAC00EAdno,12,These four points then divide the real line into five intervals.,64,11
unaligned,train,4HAC00EAdno$_$9,4HAC00EAdno,9,"Sometimes sketching the graph is not an option, because it is too difficult.",76,13
unaligned,train,4Kh5N9W-Jr4$_$0,4Kh5N9W-Jr4,0,"[Music] Hi, Welcome to Wave Domain",34,6
unaligned,train,4Q7OkrJLzAc$_$1,4Q7OkrJLzAc,1,Students needed to leave school in the summer in order to work on the farm alongside their families,99,18
unaligned,train,4Q7OkrJLzAc$_$0,4Q7OkrJLzAc,0,to a time when the United States’ economy relied heavily on agriculture in order to survive,91,16
unaligned,train,4Q95Lg3Icho$_$24,4Q95Lg3Icho,24,All right so people who have heard your story before also want to relive it,75,15
unaligned,train,4Ry6M_ZfJQc$_$5,4Ry6M_ZfJQc,5,I believe it would be Constitutional for the government to target and kill any US citizen with a drone or with a shotgun without due process!,141,26
unaligned,train,4VA4kqMnEqA$_$4,4VA4kqMnEqA,4,That's the end of the underground movement,42,7
unaligned,train,4VA4kqMnEqA$_$8,4VA4kqMnEqA,8,I assume there are no supplementary document still at the hotel,63,11
unaligned,train,4hEWns7JBg0$_$25,4hEWns7JBg0,25,"What are some tips for accessing the housing market in my area? Well, it's pretty easy",86,16
unaligned,train,4hEWns7JBg0$_$29,4hEWns7JBg0,29,Make sure to visit BerksLand,28,5
unaligned,train,4iG0ffmnCOw$_$2,4iG0ffmnCOw,2,Second year I decided to get involved as possible and I joined the Board of Directors becoming the Director for Sociology.,122,21
unaligned,train,4iG0ffmnCOw$_$7,4iG0ffmnCOw,7,"Beyond that, I actually excelled academically from some of my decisions.",72,11
unaligned,train,4iw1jTY-X3A$_$14,4iw1jTY-X3A,14,"Yes, I am sticking with the hair choice",39,8
unaligned,train,4iw1jTY-X3A$_$3,4iw1jTY-X3A,3,Even good old-fashioned bullying is out,39,6
unaligned,train,4jTUcNlxlYA$_$0,4jTUcNlxlYA,0,"I did my placement at Brtish Sugar, who are the UK leader in the sugar industry.",80,16
unaligned,train,4jTUcNlxlYA$_$4,4jTUcNlxlYA,4,What we basically did was put together a project plan for a new product called Activated Carbon.,96,17
unaligned,train,4jTUcNlxlYA$_$6,4jTUcNlxlYA,6,"So we put together a project plan, did some experiments in the lab, put together funding and a project brief, presented that to our board of directors and I found out last week that the funding's been approved which is a great personal success for me and I'll look back on that with pride.",289,54
unaligned,train,4jTUcNlxlYA$_$9,4jTUcNlxlYA,9,I didn't think I would be dealing as much with - you know - non-engineering-based people and it just gave me a better appreciation for how diverse a company can be.,164,31
unaligned,train,4kF0U8kIMp4$_$0,4kF0U8kIMp4,0,and a lot of her fieldwork involved going into communities in the South and in the Caribbean to record local songs and stories,126,23
unaligned,train,4kF0U8kIMp4$_$5,4kF0U8kIMp4,5,"And, in fact, I’d argue that Janie’s level of sophistication matches the author’s, even if the voice is different",113,19
unaligned,train,4kF0U8kIMp4$_$4,4kF0U8kIMp4,4,"” Still, just because the words the characters use are simple, and sometimes misunderstood, that doesn’t mean that there isn’t a great depth of feeling behind them",163,27
unaligned,train,4lKz4xyCmkk$_$14,4lKz4xyCmkk,14,"Five, while speaking do not eat, drink, chew, smoke or cover your mouth.",72,13
unaligned,train,4poXF3xo6Z8$_$13,4poXF3xo6Z8,13,To learn more about DAS HR Consulting click the link below!,59,11
unaligned,train,4poXF3xo6Z8$_$1,4poXF3xo6Z8,1,I am Dr Di Ann Sanchez and I have over 30 years in HR experience with 5 of those years as the owner of DAS HR Consulting.,121,27
unaligned,train,4poXF3xo6Z8$_$0,4poXF3xo6Z8,0,Do you have a Small to medium size company with no HR department?,65,13
unaligned,train,4poXF3xo6Z8$_$3,4poXF3xo6Z8,3,As a business owner you have challenges - DAS HR Consulting offers creative and unique solutions for your HR needs.,115,20
unaligned,train,4poXF3xo6Z8$_$6,4poXF3xo6Z8,6,"Effective Human Resource practices should motivate employees, guide them to understand your company's direction, set objectives and goals thereby driving business revenue!",171,22
unaligned,train,4qjz4BQCZyM$_$5,4qjz4BQCZyM,5,"And you also can check around, and shop around, and just make sure that you can get your best bang for your buck.",113,23
unaligned,train,4qoB5a6dR3w$_$1,4qoB5a6dR3w,1,"Sharon is my friend Sharon is a, or was, a microbiologist",57,11
unaligned,train,4wdeBJ39Cuw$_$0,4wdeBJ39Cuw,0,"and it wasn't nice and it was one of those things where I kind of was morally deciding do I just leave, do I find another hotel",127,27
unaligned,train,4wdeBJ39Cuw$_$5,4wdeBJ39Cuw,5,I found myself earlier tonight wanting to like punch him and like get this out,78,15
unaligned,train,4wuug3-5cWo$_$5,4wuug3-5cWo,5,I'M GOING TO SMELL-- I'M GOING TO SMELL LIKE A BUFFET AT A JIMMY BUFFET RESTAURANT,82,16
unaligned,train,50453$_$4,50453,4,"It's supposed to be kind of like a Super Troopers two, except having nothing to do with that movie",98,19
unaligned,train,50453$_$8,50453,8,Super Troopers is just much better,34,6
unaligned,train,51224$_$1,51224,1,"Engineered the perfect killing machine, the world's first massive genetically enhanced python, and the actors are, let's see (uhh) Jerry McCarthy, Will Wheaton, (uhh) Frayne Rosanoff, Casper (stutter) Van Dien, and Robert Englund",229,33
unaligned,train,51224$_$9,51224,9,"Oh, you can get this at Amazon dot com or rent it from (umm) Blockbuster",72,15
unaligned,train,52068$_$21,52068,21,Okay,4,1
unaligned,train,52068$_$2,52068,2,"Okay? Yes, that's right, part III",33,6
unaligned,train,52839$_$11,52839,11,And Matt Damon plays Private Ryan,33,6
unaligned,train,52839$_$13,52839,13,"It, you won't, you won't (stutter) fall asleep in this one",58,11
unaligned,train,52839$_$12,52839,12,"And (uhh) overall I'd say it's a great movie, it definitely entertaining even though it's long",94,16
unaligned,train,52839$_$0,52839,0,Saving Private Ryan,19,3
unaligned,train,52839$_$7,52839,7,And so Tom Hanks is the main character and his goal to the entire thing is to find Private Ryan and bring him back to his mom so that she doesn't lose four sons,160,34
unaligned,train,53742$_$1,53742,1,(uhh) It stars (uhh) Ben Chaplin and Jennifer Leigh,51,9
unaligned,train,53742$_$2,53742,2,And it's a story that takes place in the eighteen hundreds in New York,70,14
unaligned,train,53742$_$5,53742,5,"I think the story (stutter) I think the movie is like an hour and fifty-five minutes but the whole, the whole time (stutter) you're waiting to, and you're waiting (stutter) and thinking that something's going to happen that's going to make the show interesting and before you know it the show is over with and that exciting thing never did happen",346,61
unaligned,train,55156$_$2,55156,2,(umm) I'm very surprised that a actor notorious as Samuel L,59,11
unaligned,train,55156$_$8,55156,8,(uhh) And then they get on a plane and the (uhh) the mobsters try to put snakes on a plane to kill everybody,108,23
unaligned,train,56006$_$4,56006,4,So it's basically the (uhh) the furtherest extent of a black hole,65,12
unaligned,train,56276$_$11,56276,11,"(umm) I mean there's some stupid funny movies out there but this (umm) I mean it it (stutter) you had to have the maturity of maybe a five year old to really, really think this is a funny movie",193,39
unaligned,train,56276$_$15,56276,15,"So don't even think about it, don't look at the name of it except the fact of saying ooh never get that movie",109,23
unaligned,train,56276$_$1,56276,1,I want to tell you a little bit about this (uhh) movie called the Master of Disguise,84,17
unaligned,train,56276$_$4,56276,4,It was that dumb,16,4
unaligned,train,56276$_$7,56276,7,"Now Dana Carvey, I mean he's the, you know (stutter) it's, he's the main guy in the movie",89,18
unaligned,train,57618$_$1,57618,1,This is the final movie in the Matrix Trilogy,45,9
unaligned,train,57618$_$3,57618,3,"I love the first Matrix, the second Matrix had amazing action and special effects and I liked it too",100,19
unaligned,train,59333$_$10,59333,10,If you like the show you'll like the movie,42,9
unaligned,train,59333$_$19,59333,19,If you like the show see it though,34,8
unaligned,train,59333$_$7,59333,7,And that part was probably the most hilarious part of the movie,63,12
unaligned,train,59333$_$9,59333,9,So if anything go to see that,29,7
unaligned,train,5Fs_7A_V2kA$_$9,5Fs_7A_V2kA,9,"If you want to discuss about this exam or certification, visit “certificationscoaching.com”, a free and open certification related community.",141,19
unaligned,train,5JMpMKAO-Mk$_$5,5JMpMKAO-Mk,5,Just to name a few of the many who really are embracing this as a strategic business imperative.,96,18
unaligned,train,5R5fDxZUL8M$_$2,5R5fDxZUL8M,2,"I've been here for two years now with my family, and we've had a chance to travel all over Australia.",101,20
unaligned,train,5R5fDxZUL8M$_$5,5R5fDxZUL8M,5,"We are working on every major issue today, including making sure that we have free trade in the region and strengthen both of our economies.",140,25
unaligned,train,5Tqu1IXJjGY$_$7,5Tqu1IXJjGY,7,Push it down so hard that in the end I barely even felt it,58,14
unaligned,train,5XX0csik6VQ$_$0,5XX0csik6VQ,0,"Many people have been asking if I'll kneel on the ground or not, but first of all, you should understand that I'll never do so, as I don' t think HD-DVD was defeated at all.",173,35
unaligned,train,5YnYGjrhzF4$_$0,5YnYGjrhzF4,0,"So go back to the back pain, again, the reason my reference is back pain is because in an orthopedic setting, I would say 40% of my caseload is patients with back pain, right? So, they actually did a study and found that 16 days seems to be this, like, magic cutoff",265,52
unaligned,train,5YnYGjrhzF4$_$8,5YnYGjrhzF4,8,"All the sudden we've lost four, maybe six, weeks and then you see your Physician again and they send you to Physical Therapy",124,23
unaligned,train,5eA5HpyFsIk$_$0,5eA5HpyFsIk,0,"Now in order to be the most efficient and effective in responding to your messages that come in via email, there's two things that you need to do.",146,28
unaligned,train,5oEuiBPUTYc$_$6,5oEuiBPUTYc,6,"In fact, 68% of buyers and 83% of sellers are getting connected to their real estate agent through the agent's own marketing and your own relationship nurturing.",161,27
unaligned,train,5qQs9Cfydo4$_$9,5qQs9Cfydo4,9,"WE SHOULD LOOK AT THIS HOLISTICALLY, AND, IF POSSIBLE, TRY TO HAVE OPEN DEBATES WITH PEOPLE WITH DIFFERENCES AND NOT LOOK AT OUR BIASES AND JUST TURN THEM INTO ANIMOSITIES",171,30
unaligned,train,5qxZFmIaynE$_$24,5qxZFmIaynE,24,"If the ‘Start’ button remains red, then hover your mouse over it for a tooltip that will let you know what is lacking.",118,23
unaligned,train,5qxZFmIaynE$_$15,5qxZFmIaynE,15,"Remember, you do not need to own a Blueprint  in order to view it in the Industry Window.",89,18
unaligned,train,5qxZFmIaynE$_$17,5qxZFmIaynE,17,"For instance, if you hover your mouse over the Job Duration time you can see everything that affects how long your job will take.",129,24
unaligned,train,5qxZFmIaynE$_$28,5qxZFmIaynE,28,"If a job is stopped, all input materials will be lost  except for the blueprint.",80,15
unaligned,train,5qxZFmIaynE$_$7,5qxZFmIaynE,7,In this case we will look for a public facility  which can handle manufacturing.,80,14
unaligned,train,5qxZFmIaynE$_$9,5qxZFmIaynE,9,The Industry System Index is determined by  the amount of industrial activity taking place in the system.,105,17
unaligned,train,5tV5rZZJDCE$_$7,5tV5rZZJDCE,7,"Closed ended questions would be useful here for example when did it fall off, what happen.",90,16
unaligned,train,5wpCKY2U1NE$_$10,5wpCKY2U1NE,10,"Are they very sad looking, are they very expressionless as they deliver this enthusiastic speech?",97,15
unaligned,train,5wpCKY2U1NE$_$5,5wpCKY2U1NE,5,"It's an outlined speech, but yet they're never taking their eyes off the outline.",81,14
unaligned,train,60037$_$16,60037,16,But you'll also get a good laugh out of it (umm) in addition to the romance and the drama that does evolve in it,112,24
unaligned,train,60037$_$1,60037,1,This is Dan with my review of Groundhog Day by (stutter) Bill Murray,68,13
unaligned,train,65kkuNV921k$_$15,65kkuNV921k,15,"Despite his promise to self fund, he now says he can’t foot the bill for a billion dollar campaign.",99,19
unaligned,train,65kkuNV921k$_$22,65kkuNV921k,22,"As you juggle their competing and often conflicting demands, you may have to make some very difficult judgment calls.",117,19
unaligned,train,65kkuNV921k$_$30,65kkuNV921k,30,"As long as you live, you’ll be seeing your face when you look in the mirror.",76,16
unaligned,train,65kkuNV921k$_$26,65kkuNV921k,26,There is often a silent source of pressure on your journey as a candidate.,74,14
unaligned,train,65kkuNV921k$_$34,65kkuNV921k,34,"Visit jaytownsend.com to get your copy of my free book, the 10 worst mistakes candidates make.",94,16
unaligned,train,65kkuNV921k$_$3,65kkuNV921k,3,"The Press is constantly badgering candidates to talk about things that are important to the media, but not necessary the voters.",128,21
unaligned,train,65kkuNV921k$_$5,65kkuNV921k,5,"The press will also badger you about things you’d rather not discuss, like when you plan to release your tax returns.",117,21
unaligned,train,65kkuNV921k$_$7,65kkuNV921k,7,"Likewise, important interest groups expect candidates to toe the line on their agenda, and are quick to howl when candidates don’t.",131,21
unaligned,train,65kkuNV921k$_$6,65kkuNV921k,6,If you let reporters throw you off message voters will never hear your message.,79,14
unaligned,train,69707$_$2,69707,2,(umm) I rented this the other day from Blockbuster and (umm) my mom described this movie as cheesy to me and basically I would say that sums the movie up like cheesy,165,32
unaligned,train,6G8JJ69aN6o$_$4,6G8JJ69aN6o,4,"You can answer with the following expressions: Hello, I‘m Steve",63,10
unaligned,train,6IUj6jyoTl0$_$0,6IUj6jyoTl0,0,"reflecting an uncritical acceptance of the idea of the American dream: ""he who is richest finishes first""",105,17
unaligned,train,6J_yzh1LNAE$_$0,6J_yzh1LNAE,0,"DAMON PHILLIPS: You know there's strong interest in online programming, especially live long-form content.",106,14
unaligned,train,6MYUY5tC2Us$_$0,6MYUY5tC2Us,0,the first question is why do you want to evaluate personality,61,11
unaligned,train,6MYUY5tC2Us$_$2,6MYUY5tC2Us,2,"Okay, so it's not a tool to be used to make a decision",54,13
unaligned,train,6MloL1gIccs$_$4,6MloL1gIccs,4,Contrast in your presentation slides is important because it helps your audience identify what is important on your slides and what is less important.,150,24
unaligned,train,6PLlauWxF5E$_$0,6PLlauWxF5E,0,One experience that will stay with me through my law career is my 1L summer internship with the Commodity Futures Trading Commission.,133,22
unaligned,train,6PLlauWxF5E$_$2,6PLlauWxF5E,2,"I threw together a memo relying on my experience and my writing courses during my 1L year, and the agency ended up following my advice.",135,25
unaligned,train,6T1GHj7qwYs$_$5,6T1GHj7qwYs,5,"This is the right thing to do, but it is also the smart thing to do if we want to grow economies and I think in today's world everybody wants to grow economies and move opportunity forward.",189,37
unaligned,train,6TDXQtGUNEs$_$11,6TDXQtGUNEs,11,The reason we focus on the negative is so that your energy system is tuned in to the issue that you want to deal with.,118,25
unaligned,train,6Vg10LxmWUY$_$0,6Vg10LxmWUY,0,"we can think about the treated people as a particular subset of people, the people who were treated",99,18
unaligned,train,6YNAmRjpxlA$_$0,6YNAmRjpxlA,0,"AND THE DESIRES TEND TO DIMINISH, AS WELL, AND YOU TYPICALLY DO NOT HAVE TO ADD OTHER TYPE OF MEDICATIONS, ANTIDEPRESSANTS, AND THINGS OF THAT NATURE",149,26
unaligned,train,6c7vAwDSVGc$_$2,6c7vAwDSVGc,2,Arirang TV will be bringing you live coverage of the opening of the global event from just before 6：30 p.m.， Korea time.,120,22
unaligned,train,6ng8CZ0ULK4$_$11,6ng8CZ0ULK4,11,"Oh, now I feel something",24,5
unaligned,train,6ng8CZ0ULK4$_$1,6ng8CZ0ULK4,1,"Or are you telling the story of your channel that's actually about other people, and what you're doing for them, and how you're serving them",140,25
unaligned,train,6ng8CZ0ULK4$_$2,6ng8CZ0ULK4,2,"And all of that comes down to what I would define as, what is your mission for your channel",91,19
unaligned,train,6q5uKCgairk$_$10,6q5uKCgairk,10,And I think that's what all students need to bring to this class,64,13
unaligned,train,6q5uKCgairk$_$13,6q5uKCgairk,13,"She, and I think the idea of the Media Fellow, really is more than a supplement to",82,17
unaligned,train,6q5uKCgairk$_$8,6q5uKCgairk,8,"And as long as I've known her, and it's been three semesters now, that's how she's always been",94,18
unaligned,train,6qPjYvdZiLA$_$7,6qPjYvdZiLA,7,"Did they want to persuade you to do something, to take an action, to change your viewpoint?",91,17
unaligned,train,6rkV4QRcVnk$_$3,6rkV4QRcVnk,3,This is a play that's getting pretty divisive reactions,55,9
unaligned,train,6slq62RwH3Q$_$10,6slq62RwH3Q,10,"And ahh, it makes life go, it makes life great, it really really makes it awesome.",82,16
unaligned,train,6slq62RwH3Q$_$2,6slq62RwH3Q,2,"The thing I want to touch on, tap on is how grateful I am to live life.",71,17
unaligned,train,6slq62RwH3Q$_$7,6slq62RwH3Q,7,"Cause it's very important, because you don't know, life is short you know!",74,13
unaligned,train,6xvVFYR5di0$_$0,6xvVFYR5di0,0,"that tells you the best way to find where to put it in your house, so you can get the most channels",99,22
unaligned,train,6xvVFYR5di0$_$9,6xvVFYR5di0,9,And here are the channels that the Clear TV Antenna found,57,11
unaligned,train,6zjv1TLqfF0$_$11,6zjv1TLqfF0,11,That's the top most level,25,5
unaligned,train,6zjv1TLqfF0$_$10,6zjv1TLqfF0,10,and fifth one is architects level,33,6
unaligned,train,6zjv1TLqfF0$_$1,6zjv1TLqfF0,1,now I think that you may got some general ideas about different networking certifications,89,14
unaligned,train,6zjv1TLqfF0$_$3,6zjv1TLqfF0,3,Next one is certifications methods,34,5
unaligned,train,6zjv1TLqfF0$_$7,6zjv1TLqfF0,7,"That are, First one is entry",28,6
unaligned,train,70420$_$15,70420,15,"It's PG-thirteen, meaning it can't be that scary",48,8
unaligned,train,70420$_$4,70420,4,Has a nice death rattle in it,29,7
unaligned,train,70420$_$6,70420,6,"Any little kid's creepy to me, like The Omen, my goodness",57,11
unaligned,train,70710$_$3,70710,3,"It has subtitles in English and French and it also has not one comedian on it xxx I can't find it but, it has comedian on it but xxx pretty funny on TV a lot",157,35
unaligned,train,70710$_$2,70710,2,"I don't think it's that good it's a special edition and it's ninety-five minutes long, not really worth the ninety-five minutes as Kevin xxx in it xxx and (uhh) I don't know, they dance all wacky, they pretty good I mean, if I can dance like that, I want to be in a movie but it's about hip hop dancing and their stomp I guess and it has special features and {sigh} the making of you got served feature and it has preview on it too but, I don't know why they put a preview on a DVD but, they did",495,101
unaligned,train,708sewcSXVY$_$3,708sewcSXVY,3,"And with our new tools, if you think about this electronic ear I'm reminded of a great section of a book called Mind And Nature by Gregory Bateson.",147,28
unaligned,train,72017$_$9,72017,9,(uhh) it's a super good movie,29,6
unaligned,train,72385$_$24,72385,24,"I give Delta Farce exactly what it deserves, a rating of one, and a thumbs down, ninety-nine",92,17
unaligned,train,72385$_$20,72385,20,"Because it's not a movie, it's a joke",37,8
unaligned,train,72385$_$21,72385,21,I watched Larry the Cable Guy shows and they've been funny and okay,67,13
unaligned,train,72385$_$2,72385,2,"Stars Larry the Cable Guy, Bill Engvall, and D",46,9
unaligned,train,72385$_$5,72385,5,This has got to be the dumbest movie I've ever seen,51,11
unaligned,train,72385$_$6,72385,6,"There's three reservists, old time reservists from the south, drunk",67,10
unaligned,train,72385$_$12,72385,12,Well sure enough the jeep gets dropped in the middle of the desert some place,77,15
unaligned,train,72tXTrSXoMk$_$6,72tXTrSXoMk,6,Different plans genotypes choose different bacteria,51,6
unaligned,train,73447$_$16,73447,16,"Well, it's not even a movie at that",35,8
unaligned,train,73447$_$1,73447,1,This is Dan with my review of Dogville on DVD,45,10
unaligned,train,73447$_$0,73447,0,Hi,2,1
unaligned,train,73447$_$3,73447,3,This movie sucked,17,3
unaligned,train,73447$_$6,73447,6,"I just think the whole setup of Dogville (uhh) just, it was weak",64,13
unaligned,train,73447$_$8,73447,8,"Yes, we had to actually fast forward this chapter by chapter just to make sure there was never going to be any real scenery or real set to look at",146,30
unaligned,train,73449$_$13,73449,13,"It's rated PG-thirteen for sci-fi violence, brief sexuality and language",72,10
unaligned,train,73449$_$14,73449,14,But definitely not worth your time,34,6
unaligned,train,73449$_$2,73449,2,And I finally dug it up and discovered Eight Legged Freaks,58,11
unaligned,train,73449$_$4,73449,4,Independence Day and Godzilla this movie is not,47,8
unaligned,train,73449$_$8,73449,8,"Hence the name Eight Legged Freaks and the little boy who's a little nerdy and you know, does the science fair thing, (stutter) you know, is all of a sudden the master of all these arachnids that are terrorizing the town",220,41
unaligned,train,74101$_$1,74101,1,(umm) Today's product that I'm gonna review is a DVD,52,10
unaligned,train,74101$_$6,74101,6,"(umm) It was about Jamie Foxx of course played sort of a bad guy who (umm), you know, used kind of used (stutter) the girls against one another to get rich and (umm) get popular",177,35
unaligned,train,74184$_$11,74184,11,(umm) A little bit too much,27,6
unaligned,train,74184$_$7,74184,7,"(umm) I just watched it to find out if she happens to get together with her (umm) best friend, who is who is (stutter) a guy (umm) who's in love with her",153,32
unaligned,train,74184$_$8,74184,8,"But she has (umm) no feelings for him, no feelings of love for him in the beginning",83,17
unaligned,train,74870$_$3,74870,3,"And he's not what you consider one of them I don't know, full vampires",70,14
unaligned,train,74870$_$4,74870,4,Because he don't go around drinking people blood,48,8
unaligned,train,75938$_$1,75938,1,"This is the third (umm) installment in the Blade series, the movie is the final one, and this is the special unrated version",124,23
unaligned,train,76124$_$10,76124,10,"So, see now I didn't like this movie that much, I gave it two out of five stars, so if you like this movie it's a pretty good DVD to get because you got a lot of special features",178,39
unaligned,train,76124$_$1,76124,1,(uhh) This (umm) you can call it pretty much an exorcism movie,62,12
unaligned,train,76124$_$3,76124,3,"She's a hairdresser then she, you know, like I said gets possessed and you got all these crazy satanic shenanigans going on",123,22
unaligned,train,76124$_$2,76124,2,"You've got (uhh) Patricia Arquette I believe, yes, and she (umm) plays this woman right here who gets a little possessed in the movie",133,24
unaligned,train,76124$_$8,76124,8,"(umm) This right here has got some special features including (umm) an alternate ending which is pretty interesting, we were watching that",138,22
unaligned,train,76sN4tvbPGk$_$9,76sN4tvbPGk,9,An example of a dependent clause is one that cannot stand on its own.,69,14
unaligned,train,76sN4tvbPGk$_$4,76sN4tvbPGk,4,"A subject, a verb, doesn't even have to have an object really, but that's pretty much what it is.",97,19
unaligned,train,78577$_$11,78577,11,"If you get this for five bucks, I guess it would be okay to get",63,15
unaligned,train,78577$_$3,78577,3,"(umm) For one thing it has William Baldwin, one of the worst of the Baldwin brothers",84,16
unaligned,train,78577$_$8,78577,8,(umm) The movie has very few (uhh) additional features on it,60,11
unaligned,train,79644$_$2,79644,2,This has (uhh) been out for a little while and (umm) I didn't really like this movie,84,17
unaligned,train,79934$_$5,79934,5,"And (umm) but he's kind of showing the other guy the ropes, so",62,13
unaligned,train,79935$_$13,79935,13,(uhh) They just weren't good actors,35,6
unaligned,train,79935$_$15,79935,15,I wouldn't recommend it,23,4
unaligned,train,79935$_$7,79935,7,In fact I wouldn't wouldn't (stutter) recommend the movie to anybody unless you're over a hundred,97,16
unaligned,train,79935$_$6,79935,6,So you definitely don't wanna take your children to this movie,62,11
unaligned,train,79935$_$8,79935,8,(uhh) Even then (uhh) It's probably not a good movie to watch,61,12
unaligned,train,7EWOMjaKlus$_$12,7EWOMjaKlus,12,"unless if it's something that's really good for me, and then I make myself eat it anyway -- usually",99,19
unaligned,train,7EWOMjaKlus$_$14,7EWOMjaKlus,14,But please comment below: What's one thing that helps you to eat in a healthy way and to enjoy your food,104,21
unaligned,train,7R70kKqtGh0$_$1,7R70kKqtGh0,1,The goal of the mortgage store here in Nicaragua is to promote and advance real estate investments and real estate finance in the country Nicaragua.,148,25
unaligned,train,7U_z0JfleAw$_$8,7U_z0JfleAw,8,Would you mind holding while I access that for just one moment.,63,12
unaligned,train,7UlSX-syPeo$_$18,7UlSX-syPeo,18,"Small companies love that you worked for a large company and you can help them, you can move procedures and everything else in the culture of a large company, because all small companies usually want to be larger",212,38
unaligned,train,7UlSX-syPeo$_$22,7UlSX-syPeo,22,"That's kind of the as the negatives and it really is a personal decision as to whether you want to work in a large company, have that security and that clear path forward, or whether you're a little bit more of a risk taker and like those smaller companies where you can have more impact and more control over your own career advancement",337,63
unaligned,train,7UlSX-syPeo$_$4,7UlSX-syPeo,4,There's positives and negatives to both sides of things,55,9
unaligned,train,7ZzbemE4QEE$_$25,7ZzbemE4QEE,25,It is sometimes expensive and time-consuming so I recommend educating yourself about all the finer points of marketing a home,125,20
unaligned,train,7ZzbemE4QEE$_$27,7ZzbemE4QEE,27,Getting a cash offer is what we do here at JM Equity Recovery LLC,65,14
unaligned,train,7ZzbemE4QEE$_$21,7ZzbemE4QEE,21,Pricing your house is the key to a quick sale,45,10
unaligned,train,7ZzbemE4QEE$_$3,7ZzbemE4QEE,3,I've just written a blog post about this and if you want all the details you can click on the link below and go right to my blog post get all the details,153,33
unaligned,train,7ZzbemE4QEE$_$2,7ZzbemE4QEE,2,"The question of the day is: ""James, how can I sell my house quickly and still get full retail value?"" Now that's a great question",129,25
unaligned,train,7ZzbemE4QEE$_$39,7ZzbemE4QEE,39,Or you can call our number is 631-378-5500 and speak to me directly,67,13
unaligned,train,7ZzbemE4QEE$_$15,7ZzbemE4QEE,15,"The put in too much money, and they wind up losing in the end",61,14
unaligned,train,7ZzbemE4QEE$_$33,7ZzbemE4QEE,33,It's an attorney state,22,4
unaligned,train,7ZzbemE4QEE$_$34,7ZzbemE4QEE,34,things do take time,19,4
unaligned,train,7ZzbemE4QEE$_$32,7ZzbemE4QEE,32,Typically a sale with real estate takes three to nine months on Long Island,75,14
unaligned,train,7eJqqvvziQo$_$1,7eJqqvvziQo,1,The focus of that class is personal narrative,45,8
unaligned,train,7eJqqvvziQo$_$0,7eJqqvvziQo,0,"Hi, I'm Rachel Woodburn and I teach Digital Storytelling at Scottsdale Community College It's one of my favorite classes to teach",129,21
unaligned,train,7eJqqvvziQo$_$5,7eJqqvvziQo,5,"And I'm Joe Ortiz, and I've been teaching this digital storytelling class for two years now",91,16
unaligned,train,7eJqqvvziQo$_$7,7eJqqvvziQo,7,"I've learned a great deal more about the technique of digital storytelling, particularly from a design and artistic standpoint",126,19
unaligned,train,7eWclVCXOtk$_$0,7eWclVCXOtk,0,Number 5 – Appear To Be Open-Minded Becoming defensive is one of the worst ways to win an argument,98,19
unaligned,train,7eWclVCXOtk$_$4,7eWclVCXOtk,4,"By letting your opponent speak, the situation may resolve itself naturally",74,11
unaligned,train,7eWclVCXOtk$_$8,7eWclVCXOtk,8,"Don’t give any time to other topics, until you have resolved the one that started the debate in the first place",111,21
unaligned,train,7fPYpqzw1iY$_$12,7fPYpqzw1iY,12,"However for the most part let me assure you, after presenting to thousands of people.",85,15
unaligned,train,7hSWYI99-24$_$3,7hSWYI99-24,3,And he will teach us through our past,37,8
unaligned,train,7hSWYI99-24$_$6,7hSWYI99-24,6,"But God’s grace is so amazing, how he just comes in and he brings healing and he brings restoration and he brings teaching",122,23
unaligned,train,7pZPQbMKGkY$_$0,7pZPQbMKGkY,0,"Hello, my name is Kitty Lin from The Law Offices of Lin &amp; Wood.",67,14
unaligned,train,7pZPQbMKGkY$_$5,7pZPQbMKGkY,5,Whether they are home equity lines of credit or just a judgment lien.,69,13
unaligned,train,7rMLN0KKE5k$_$28,7rMLN0KKE5k,28,"I want you to know that how you choose to create the world of your book, whether it reflects our reality, or whether it chooses to pretend that much of our world doesn't exist and erases them out of the narrative completely, it's political",239,44
unaligned,train,7rMLN0KKE5k$_$19,7rMLN0KKE5k,19,In a way I'm glad I drafted it over the summer because I'm not sure how much hopefulness I would've been able to put into this manuscript had I known where we were going to end,176,36
unaligned,train,7rMLN0KKE5k$_$32,7rMLN0KKE5k,32,"I hope this pushes you to be empathetic, and to look out for your friends, and family members, and neighbors, and coworkers, and classmates who are minorities, because they're going to need your support now more than ever",221,38
unaligned,train,7sgAWvbLtiM$_$1,7sgAWvbLtiM,1,Rajeev Roy has taken you through Decision Matrix Analysis,57,9
unaligned,train,7sgAWvbLtiM$_$6,7sgAWvbLtiM,6,"One, a Microsoft Excel template for the matrix analysis",55,9
unaligned,train,8-Hi9NmF4rM$_$1,8-Hi9NmF4rM,1,monkeys birthday's coming up let us know in the comments what day in April you think mr,87,17
unaligned,train,8-Hi9NmF4rM$_$2,8-Hi9NmF4rM,2,monkeys birthdays in oh if you can get the day in April where we celebrate mr,77,16
unaligned,train,80620$_$0,80620,0,Hi,2,1
unaligned,train,80620$_$2,80620,2,I didn't care for this movie {laugh},36,7
unaligned,train,80620$_$5,80620,5,It's just a really corny movie,30,6
unaligned,train,80627$_$11,80627,11,I hate it,9,3
unaligned,train,80627$_$13,80627,13,(umm) {laughter} there's battle scenes and it's it's (stutter) not a movie that I like,86,15
unaligned,train,80866$_$13,80866,13,(uhh) It looks nice,19,4
unaligned,train,80866$_$12,80866,12,Personally I gave it one and a half stars out of five,53,12
unaligned,train,80866$_$14,80866,14,"The comedy's in the same vein I'd say, as the director's previous film Napoleon Dynamite but it's just not all there unfortunately",130,22
unaligned,train,80866$_$1,80866,1,This is Nacho Libre starring one Jack Black and a pair of tights,64,13
unaligned,train,80866$_$3,80866,3,He works in a (uhh) monastery,29,6
unaligned,train,80866$_$2,80866,2,"(uhh) The story's about Jack Black, that guy right there",56,10
unaligned,train,80866$_$5,80866,5,"By night he raises money by fighting as a, a (stutter) luchador",63,12
unaligned,train,80866$_$4,80866,4,I'm not sure the technical term but he's he's a (stutter) practically a priest,78,14
unaligned,train,80866$_$6,80866,6,Which is a hispanic wrestler,28,5
unaligned,train,80914$_$3,80914,3,I think it's a direct to DVD comedy,35,8
unaligned,train,81406$_$0,81406,0,"Keanu Reeves has risen to be one of the (uhh) most popular (uhh) action stars of pretty much in the last, probably a decade",123,24
unaligned,train,81406$_$2,81406,2,Point Break is one of his worst,31,7
unaligned,train,81615$_$3,81615,3,(umm) The piano playing in the film music were pretty much exciting (umm) and excellent,87,15
unaligned,train,81615$_$7,81615,7,It's really not a great movie,29,6
unaligned,train,81615$_$6,81615,6,(umm) I don't know it was basically not a movie from mainstream and (uhh) basically it was just kind of a really confusing and boring movie like I said and it's not worth paying your money for in my opinion if it's even out in your theaters,240,47
unaligned,train,83310$_$1,83310,1,Kickin' It Old School is (uhh) movie about a kid who is very interested in break dancing and (uhh) given in his childhood days he gets into an accident and while break dancing itself and he goes into a coma for twenty years,223,43
unaligned,train,83859$_$25,83859,25,"It talks about the script, how it was developed, how it became Heat",67,13
unaligned,train,83859$_$29,83859,29,"But, believe it or not, that rumor is actually dispelled",56,10
unaligned,train,83859$_$1,83859,1,"It is a Michael Mann film, and it has two of the greatest actors of all time playing on the (uhh) same movie: Al Pacino and Robert De Niro",138,29
unaligned,train,83859$_$3,83859,3,"I believe it's one of the best, if not the best, cops-and-robbers good guy-bad buy film of all time",99,19
unaligned,train,83859$_$11,83859,11,Definitely watch this movie multiple times,42,6
unaligned,train,83859$_$12,83859,12,I was first brought to this movie when I was at film camp from North Carolina School of the Arts,96,20
unaligned,train,83859$_$16,83859,16,This is one of my all-time favorite movies,42,8
unaligned,train,8404$_$11,8404,11,I would recommend it to anyone who likes action movies who doesn't mind seeing a little blood and gore and things like that,123,23
unaligned,train,8404$_$4,8404,4,"It has a great storyline, the actors were great, there was nothing bad about this movie",87,16
unaligned,train,84133$_$23,84133,23,But this movie's just not good and I highly suspect that it's because of the Ben Affleck,88,17
unaligned,train,84133$_$2,84133,2,"However there are there are (stutter) some of, some exceptions to that rule",75,13
unaligned,train,84133$_$9,84133,9,It's true,9,2
unaligned,train,84133$_$16,84133,16,(umm) I mean a ton of really cool people are in here,52,12
unaligned,train,84133$_$19,84133,19,It's sad,8,2
unaligned,train,84176$_$10,84176,10,"So as a person who like, you know I know a lot of people who are like, I don't, I don't (stutter) dig the superhero movies, they're too corny for me",148,31
unaligned,train,84176$_$1,84176,1,"And I just like the cheese factor, the cheesier the better",58,11
unaligned,train,84176$_$8,84176,8,"This movie was so bad that I couldn't you know, I tried watching it to the end and I was like this is awful on a level that I have previously not experienced in my existence",173,36
unaligned,train,856LGms_0s0$_$9,856LGms_0s0,9,"So I'm confident that as long as CEO's keep this on the agenda, we won't lose out during this current crisis.",109,21
unaligned,train,87161$_$3,87161,3,And (uhh) they were like the hot couple of the high school for four years and (uhh) that's where the whole hype about their breakup,131,25
unaligned,train,87161$_$2,87161,2,So Amanda is actually the homecoming queen and (uhh) Mike Dexter is the homecoming king,87,15
unaligned,train,87161$_$5,87161,5,(uhh) Who is the prom queen,27,6
unaligned,train,87400$_$13,87400,13,It's amazing,12,2
unaligned,train,87400$_$12,87400,12,"If you haven't seen Ocean's Eleven, go see it",45,9
unaligned,train,87400$_$14,87400,14,"Skip Ocean's Twelve, go see Ocean's Thirteen",44,7
unaligned,train,88245$_$6,88245,6,"so (umm) if you're looking to just go see any kind of movie, (umm) you could go see it but it's not one I would really recommend",128,27
unaligned,train,88797$_$12,88797,12,The movie ruins it for itself,29,6
unaligned,train,88797$_$0,88797,0,Here we have Stealth,20,4
unaligned,train,88797$_$3,88797,3,"(umm) Josh Lucas, Jessica Beil, and Jamie Foxx",46,8
unaligned,train,88797$_$7,88797,7,"(umm) The whole premise of this movie is that (umm), the government has made an AI plane, which that means (stutter) artificial intelligence",140,23
unaligned,train,88888$_$4,88888,4,It was a a (stutter) true spy movie,35,8
unaligned,train,88S1BjwMfdw$_$7,88S1BjwMfdw,7,The formula for calculating return on stockholders equity is very simple.,73,11
unaligned,train,88oSn21TFcA$_$0,88oSn21TFcA,0,"Hello, this is Michael Niren, an immigration lawyer and founder of visaplace.com.",81,12
unaligned,train,88oSn21TFcA$_$8,88oSn21TFcA,8,"Without the ability to pre-screen thousands and thousands of refugee claimants, governments, I believe, put their citizens at risk in admitting these refugees.",159,23
unaligned,train,89747$_$9,89747,9,"(umm) The disk itself isn't bad, it's got an audio commentary by the director, you know, a documentary called the wait of time which is pretty cool, you know, some theatrical trailers and (umm) photographies, and that's really about it, there's not a whole, whole lot here but really, (uhh) this is the only version of the movie that I have ever seen and I just wanted the movie really, really badly, you know, the extras are kind of icing on a cake",449,83
unaligned,train,89787$_$14,89787,14,"government and all that has to try and stop him, {mumble}",57,11
unaligned,train,89787$_$4,89787,4,"You know, and I'm a pretty I'm pretty (stutter) big fan of, you know, slow paced movies",87,17
unaligned,train,89787$_$7,89787,7,"(umm) You know, slow, (stutter) it was the characters weren't developed enough, you know, to hold me, you know, during (ahh) the slower-paced parts of the movie and that kind of thing",183,32
unaligned,train,89951$_$10,89951,10,"(uhh) Than she does here, I mean than (uhh) Stuart Townsend does here",69,13
unaligned,train,89951$_$8,89951,8,"You know Aliyah is you know a decent performer, Stuart Townsend is kind of pretty (uhh) you know Brad Pitt did a lot better job playing Lestat",142,27
unaligned,train,8Cp8c-eQELQ$_$11,8Cp8c-eQELQ,11,And so we'll continue to monitor each of those things and look for opportunities as they present themselves.,108,18
unaligned,train,8Cp8c-eQELQ$_$16,8Cp8c-eQELQ,16,This will be very important for those of you that draw income on a monthly basis or a quarterly basis off of your portfolio.,124,24
unaligned,train,8EHEEXex5D8$_$11,8EHEEXex5D8,11,"Nearly every aspect of the human existance and experience can be influenced by psychological science, practice, education and public interest.",142,20
unaligned,train,8EHEEXex5D8$_$23,8EHEEXex5D8,23,Education and training about leadership and collaborations will facilitate increasing the number of citizen psychologists.,122,15
unaligned,train,8EHEEXex5D8$_$18,8EHEEXex5D8,18,"Next, as citizen psychologists across our communities and networks, we must move well beyond our discipline.",108,16
unaligned,train,8Lmqsakmw3M$_$20,8Lmqsakmw3M,20,"If you liked it and you want to see more videos like it, you can subscribe to our YouTube channel.",98,20
unaligned,train,8P0zm2oYDyY$_$1,8P0zm2oYDyY,1,Contacted 311 who transferred me to the Department of Consumer Affair and I never knew I could do anything like this.,117,21
unaligned,train,8P0zm2oYDyY$_$6,8P0zm2oYDyY,6,"I called the mediator and thanked her and I told my friends, call.",66,13
unaligned,train,8VB6pdJTpX4$_$1,8VB6pdJTpX4,1,That's why the first political party I supported was UKIP and the newspaper surprise surprise was the Daily Mail.,113,19
unaligned,train,8VP1qxX9mh4$_$0,8VP1qxX9mh4,0,hello my name's Steve Williams and a i'm full-time Real-Estate wholesaler hear in Utah.,87,14
unaligned,train,8X5tGQLBqPo$_$11,8X5tGQLBqPo,11,"In the outline under Roman numeral #1, you can see that I will list as my first body paragraph topic: Device applications are one of the most effective inventions in the 21st century because of the economic benefits they supply.",228,40
unaligned,train,8X5tGQLBqPo$_$10,8X5tGQLBqPo,10,"With this thesis statement, you can see that I have listed the three points in my thesis statement that reflect the points I am going discuss in my body paragraphs.",164,30
unaligned,train,8X5tGQLBqPo$_$13,8X5tGQLBqPo,13,"In my second supporting detail, I will talk about the advertising benefits that such apps supply.",97,16
unaligned,train,8X5tGQLBqPo$_$15,8X5tGQLBqPo,15,"For my supporting details, I might talk about the impact that Facebook and Twitter have had on people socially because these are the two major social applications that come to mind when social apps are mentioned.",212,36
unaligned,train,8XODJwsvBa0$_$2,8XODJwsvBa0,2,"As a result, Cataphora Legal’s senior leadership team, including Jonathan Nystrom, Executive Vice President in Washington, DC, and Richard Oehrle, Ph.D, Chief Linguist in San Jose, CA, joined Ernst &amp; Young LLP’s FIDS practice as an Executive Director and Senior Manager, respectively.",288,42
unaligned,train,8YsIvz4qnk4$_$1,8YsIvz4qnk4,1,I was able to help me has been purchased for sale so my three kids could have space.,84,18
unaligned,train,8ovb-GaZ3QE$_$3,8ovb-GaZ3QE,3,"And they control the will of people, which is not good",54,11
unaligned,train,8ovb-GaZ3QE$_$5,8ovb-GaZ3QE,5,"It’s – in Egypt, it’s play a very big role",42,10
unaligned,train,8qCNtqjygW8$_$10,8qCNtqjygW8,10,You probably won’t even lose consciousness,42,6
unaligned,train,8qCNtqjygW8$_$12,8qCNtqjygW8,12,But that doesn’t mean you shouldn’t watch them,46,8
unaligned,train,8qCNtqjygW8$_$1,8qCNtqjygW8,1,Not that much of the movie is,29,7
unaligned,train,8qCNtqjygW8$_$0,8qCNtqjygW8,0,"of a building on Mars and balloons up as his eyeballs pop out, isn’t really plausible",85,16
unaligned,train,8qCNtqjygW8$_$7,8qCNtqjygW8,7,His head doesn’t blow up or anything,36,7
unaligned,train,8qCNtqjygW8$_$8,8qCNtqjygW8,8,it’s just really windy for a second as the air rushes out of the escape hatch,77,16
unaligned,train,8u5aet7s9_w$_$8,8u5aet7s9_w,8,"Currently 65,000 people work at that bank - soon it will be 46,000. In the US retailers there posted a 6% comparable-stores sales gain in April, the biggest increase since September 2011, as better weather and the late Easter as well as aggressive promotions attracted shoppers.",278,46
unaligned,train,8x81fzwcJko$_$5,8x81fzwcJko,5,I would say to the legacy players get in the game because it's here to stay.,76,16
unaligned,train,8xfW_azeNPk$_$12,8xfW_azeNPk,12,We give you some more tips on www,33,8
unaligned,train,8xfW_azeNPk$_$1,8xfW_azeNPk,1,"Listen, we had a great week last week with 1500 views on our last video and that's because of all the sharing and liking that you guys did out on every single social media site",176,35
unaligned,train,8xfW_azeNPk$_$8,8xfW_azeNPk,8,That is really going to give you a baseline understanding of what your risks are,80,15
unaligned,train,9-EO2oCAGA4$_$10,9-EO2oCAGA4,10,Removing protections for the people who help guide their faith communities will only embolden those who use the vile tactics of fear and intimidation against religions that they oppose,184,29
unaligned,train,9-EO2oCAGA4$_$0,9-EO2oCAGA4,0,"I’m here in Edmonton with faith leaders from many different communities, and we’ve just had a discussion about religious freedoms in Canada",139,22
unaligned,train,9-EO2oCAGA4$_$3,9-EO2oCAGA4,3,Many more Canadians have come to Canada looking forward to the promise of a country where they could worship and practice their religion without fear of the persecution that is too often seen in other nations around the world,225,39
unaligned,train,9-EO2oCAGA4$_$4,9-EO2oCAGA4,4,"The subject of our conversation today is clause 14 in omnibus Bill C-51, and the proposed changes by the Liberal government",123,21
unaligned,train,9-EO2oCAGA4$_$7,9-EO2oCAGA4,7,The Liberals say these protections aren’t needed,48,7
unaligned,train,9-K1CXCXui4$_$15,9-K1CXCXui4,15,"com has a yellow pages over there, there's probably other business directories in your local region or municipality, so keep lookout for those, look for opportunities to advertise, and then track them on Google Analytics and the referrals area",243,39
unaligned,train,9-K1CXCXui4$_$16,9-K1CXCXui4,16,This has been the Friday Roundup,32,6
unaligned,train,90172$_$11,90172,11,"Doesn't actually have a commentary track but it has what it calls a conversation with the director, which is basically you know, a pretty short short interview that doesn't really, you know, say that much about the direction because honestly there there wasn't really much that focus on the direction in the first place you know",328,56
unaligned,train,90172$_$14,90172,14,Otherwise it's it's (stutter) pretty forgettable,48,6
unaligned,train,90172$_$0,90172,0,"I'll be reviewing the (umm) DVD version of Reign of Fire, starring Matthew McConaughey and Christian Bale, with Christian Bale giving probably the worst performance of his career as far as I'm concerned",202,33
unaligned,train,90172$_$3,90172,3,"(uhh) If you don't know what it's about (uhh) it's kind of the excavation of a new tunnel in (uhh) in England uncovers an egg of a dragon which hatches and manages to breed by itself creating a world of, of dragons and basically annihilates most of (uhh) human society as they burn scorch the earth and you know and feed on the ash kind of thing",345,67
unaligned,train,90172$_$7,90172,7,It's just overall not a great movie,35,7
unaligned,train,90wZz0thye4$_$11,90wZz0thye4,11,I'm actually from a small farm and adjusting to the big city is on-going.,73,14
unaligned,train,90wZz0thye4$_$10,90wZz0thye4,10,One fun fact is that while I live and teach in downtown Toronto.,64,13
unaligned,train,90wZz0thye4$_$2,90wZz0thye4,2,"My sociology focuses on questions of belonging in cities, different questions of the built environment, I do research on monuments, Also, I'm doing research on sociology of the seasons.",185,29
unaligned,train,91276$_$1,91276,1,The Wicker Man,14,3
unaligned,train,91276$_$7,91276,7,"(uhh) The acting is about the same {clears throat} Nicolas Cage serves up a big, hammy helping of his balding, cheesy smile and attempt at charisma",147,26
unaligned,train,91276$_$8,91276,8,Doesn't work,12,2
unaligned,train,91y7nPEWdmQ$_$5,91y7nPEWdmQ,5,If you buy an annuity or any financial instrument from someone who's not authorized to sell it to you then you can get into a real problem down the road because you have not worked with the right individual who has sold yo the annuity and backs it up under government guidelines.,279,52
unaligned,train,92221$_$11,92221,11,"And there's two different (umm) I mean, there's a bunch of different names for this movie",89,16
unaligned,train,92221$_$12,92221,12,"It's also known as Bruce Almighty two (umm) Bruce Almighty sequel, and The Passion of the Ark",93,17
unaligned,train,92221$_$18,92221,18,All right,9,2
unaligned,train,92221$_$5,92221,5,"So he leaves Buffalo behind and goes to (uhh) Virginia, where, with his family",78,14
unaligned,train,92331$_$20,92331,20,"It's an abomination to the film industry, and it's just, it's just (stutter) awful",82,14
unaligned,train,92331$_$21,92331,21,Please avoid this movie at all costs,36,7
unaligned,train,92331$_$22,92331,22,"House of the Dead, I give you one star",38,9
unaligned,train,92331$_$1,92331,1,"This is Killfast37, and I'm reporting in once again",51,9
unaligned,train,92331$_$2,92331,2,"Now, today's review is going to be about a terrible movie called House of the Dead",82,16
unaligned,train,92331$_$8,92331,8,All the teenagers in the movie know how to use guns and all kinds of crazy stuff,80,17
unaligned,train,92331$_$10,92331,10,"There are random explosions, random gore, random violence, and random sex",73,11
unaligned,train,92331$_$18,92331,18,House of the Dead is not a good movie,37,9
unaligned,train,92521$_$0,92521,0,Hey (uhh) this is a review of DOA: Dead or Alive,48,11
unaligned,train,92521$_$6,92521,6,"(uhh) Well I guess (uhh) the cast was, the cast was good I liked the cast",73,16
unaligned,train,92533$_$7,92533,7,(umm) I would avoid it,22,5
unaligned,train,92533$_$6,92533,6,"(umm) But yeah it was, it was (umm) pretty bad show on their part",65,14
unaligned,train,93821$_$1,93821,1,I'm here to give you a video review of a terrible movie,55,12
unaligned,train,93821$_$7,93821,7,Now one thing I thought was pretty cool about this movie was the technology they used called the facemaker,106,19
unaligned,train,93839$_$11,93839,11,"So (uhh) if someone gives you the DVD watch it, but I wouldn't spend any money on it like I did",95,21
unaligned,train,93839$_$1,93839,1,Tonight I'm going to be reviewing a terrible movie called Killer Klowns From Outer Space,88,15
unaligned,train,93839$_$7,93839,7,"But, I mean, as you can probably expect with a movie titled Killer Klowns From Outer Space the movie is just full of terrible acting and bad cinematography",155,28
unaligned,train,94215$_$1,94215,1,This movie is very bad I'm giving it two out of five stars,58,13
unaligned,train,94983$_$11,94983,11,"You could probably get it for under five dollars now, since it's so old and so bad",82,17
unaligned,train,94983$_$6,94983,6,I really didn't like it,23,5
unaligned,train,94ULum9MYX0$_$11,94ULum9MYX0,11,"There will be no more death,  no more mourning, no more lamentation and sorrow All painful and heartbreaking things will pass away.",131,22
unaligned,train,96099$_$3,96099,3,"(uhh) one is a girl that just moved in, the other is a boy that lives close to this girl",88,20
unaligned,train,96099$_$9,96099,9,(uhh) I was disappointed also in in the (stutter) how the movie (uhh) had a twist and it was a negative twist,109,22
unaligned,train,96179$_$13,96179,13,"(uhh) This movie is not funny, it's not good",44,9
unaligned,train,96179$_$14,96179,14,CGI was stupid,14,3
unaligned,train,96179$_$5,96179,5,(umm) They probably should have actually called the movie (uhh) Bill Murray needs a paycheck,92,15
unaligned,train,96194$_$12,96194,12,(umm) That was the only thing I liked about this movie,54,11
unaligned,train,96194$_$6,96194,6,"(umm) The chemistry (stutter) between these two people, (umm) it just doesn't work",82,13
unaligned,train,96350$_$2,96350,2,"But The Fast and the Furious starring Paul Walk, Paul Walk, Paul Walker and Vin Diesil",86,16
unaligned,train,96350$_$5,96350,5,It's about people that race cars (uhh) I don't understand the whole concept of it,81,15
unaligned,train,96350$_$7,96350,7,"Let's put forty to fifty-thousand dollars into this car and then go racing and be like, Oh, what's up man? You've got a ten second car",134,26
unaligned,train,96350$_$9,96350,9,"Why don't you take your money and go buy a viper? Why don't you go buy something that's actually fast and has a lot of muscle and enough torque to actually, like, bend your little honda civic in half or something? So overall I don't understand the concept",255,48
unaligned,train,96350$_$8,96350,8,No,2,1
unaligned,train,96361$_$4,96361,4,It's about Odessa Permia,24,4
unaligned,train,96361$_$7,96361,7,"This is back when (uhh) it was actually (uhh) Mesquite Carter, I think is what it was",85,17
unaligned,train,96361$_$6,96361,6,"Back in the early nineties Odessa Permia was, they're like the hot shots back when North Mesquite Stallions, Odessa Permia, that's what this is about except this was before the Stallions were awesome",199,33
unaligned,train,96361$_$8,96361,8,But I don't know,16,4
unaligned,train,97095$_$24,97095,24,Five stars out of five,22,5
unaligned,train,97095$_$20,97095,20,He's trying to (uhh) stop them,30,6
unaligned,train,97095$_$29,97095,29,It's a good story to it (uhh),29,7
unaligned,train,97095$_$0,97095,0,Hi,2,1
unaligned,train,97095$_$2,97095,2,"Basically, the the (stutter) fourth movie in the Die Hard series, The Die Hard Trilogy",86,15
unaligned,train,97095$_$5,97095,5,He's not a cop anymore,22,5
unaligned,train,97095$_$11,97095,11,This movie has everything,25,4
unaligned,train,97095$_$17,97095,17,"He, by way by way (stutter) of just hacking into them and shutting them down, he shut down America, basically",109,20
unaligned,train,97095$_$16,97095,16,"Basically, with America running on (stutter) computers, everything is run by computers",86,12
unaligned,train,97095$_$33,97095,33,"(umm) It's a very, it's a feast for the eyes",44,10
unaligned,train,97095$_$32,97095,32,Must have cost them hundreds of millions of dollars to make,59,11
unaligned,train,97992$_$10,97992,10,Very just it's probably the best revenge movie ever made,56,10
unaligned,train,97992$_$9,97992,9,(umm) Very violent,18,3
unaligned,train,98187$_$11,98187,11,(uhh) The homosexuality between Satan and Saddam it's not very funny,68,11
unaligned,train,98187$_$12,98187,12,It's kind of weird,18,4
unaligned,train,98187$_$1,98187,1,I actually got this movie probably about ten years ago,54,10
unaligned,train,98442$_$10,98442,10,"If you've got nothing else to rent or to watch, pick this one up",64,14
unaligned,train,984VkHzXl8w$_$7,984VkHzXl8w,7,""" ( LAUGHTER ) YOU COME BACK TWO HOURS LATER, THE DOG'S WEARING A HEADSET WORKING THERE AS AN ASSISTANT MANAGER",111,21
unaligned,train,9BceQC_SdTM$_$3,9BceQC_SdTM,3,"The course basically is going to introduce you to several countries, rich countries such as Japan, the U.K., as well as middle-income or lower-income countries like India, Mexico, Nigeria, and our basic goal is to try to explain differences in countries.",254,41
unaligned,train,9BceQC_SdTM$_$6,9BceQC_SdTM,6,How do we understand why there’s a Green Party in Germany then there’s not one in the United States and those kinds of issues.,126,24
unaligned,train,9K5mYSaoBL4$_$4,9K5mYSaoBL4,4,"Quite frankly I don't expect you to be, and I admit that that's the best I can come up with on short notice",107,23
unaligned,train,9K5mYSaoBL4$_$9,9K5mYSaoBL4,9,"If you feel in such a way just consider it coincidence that I happen to make bookcase, err, bookends that I don't actually need",127,24
unaligned,train,9Un1O2ypJmI$_$5,9Un1O2ypJmI,5,"So sign up today for my eleven page pdf, ""Better Systems - Better Business"" You'll also get my 10-Day Mini-Course, ""Fast-Start to Systems Thinking."" It's all Free, and it will give you a new perspective on how to get far better results from your business.",255,45
unaligned,train,9VZ4cpoTFbo$_$2,9VZ4cpoTFbo,2,"But research tells us that investors have difficulty understanding risk, and are often influenced by advertising.",113,16
unaligned,train,9VZ4cpoTFbo$_$5,9VZ4cpoTFbo,5,"Well, obviously, you want to make the best investment choices you can.",70,12
unaligned,train,9cSJglGi9Pg$_$6,9cSJglGi9Pg,6,This is not to say that traditions are all bad and that we should always try to invent new customs.,99,20
unaligned,train,9cxlcpbmrH0$_$11,9cxlcpbmrH0,11,"Some might argue that he is wasting his time or building false hope that will eventually crush him later because of big expectations, but that’s not the case here.",163,29
unaligned,train,9dFEGb_RfwE$_$11,9dFEGb_RfwE,11,"So far everyone on my projects has gotten distribution and has gotten money back to investors, but what I want to say here is you gotta look people right in the eye and make sure that you're not approaching a little old lady where if she invests $5,000 or $10,000 and your movie does not get distribution, God forbid and it's a risky business, but that really is going to hurt her lifestyle.",391,73
unaligned,train,9f6A3ucYArQ$_$3,9f6A3ucYArQ,3,INVESTIGATORS STARTED LOOKING INTO REED AFTER GETTING A TIP FROM GOOGLE.. AND THE NATIONAL CENTER FOR MISSING AND EXPLOITED CHILDREN.,133,20
unaligned,train,9pdyTplXwM4$_$5,9pdyTplXwM4,5,Several other cities across the world have already adapted the three transit- free zone initiative.,99,15
unaligned,train,9pzn93kdP_g$_$11,9pzn93kdP_g,11,"And, as the water goes through, as the hard water goes through those resin beads, there’s a transaction where, your resins beads let go of sodium ions and grab onto any number of positively charged cations like calcium, magnesium, iron, copper etc.",248,42
unaligned,train,9pzn93kdP_g$_$17,9pzn93kdP_g,17,Your resin will be effective longer if it stays clean longer.,61,11
unaligned,train,9pzn93kdP_g$_$3,9pzn93kdP_g,3,"This is a liquid form, and it is poured into a drip feed mechanism.",67,14
unaligned,train,9tX18DNC74w$_$4,9tX18DNC74w,4,"But, it was quite dark, and the lady was not able to herd her sheep off the bridge fast enough.",95,20
unaligned,train,9zWeMrfr-l0$_$0,9zWeMrfr-l0,0,and they all have the freedom to spread ideas,45,9
unaligned,train,A4dzxgHDhF0$_$1,A4dzxgHDhF0,1,Hi verbal smack talking is the verbal part of smack talking remember earlier we said that smack talking is not just talking it is anything in anyway letting the opponent or others around but your opponent is not as good as you.,227,42
unaligned,train,A8plGi4rbxM$_$4,A8plGi4rbxM,4,"At the same time, Iran continues its unbridled aggression in the region and its terrorism throughout the world.",111,18
unaligned,train,ABSC1JNdpTw$_$9,ABSC1JNdpTw,9,"The field office is that which goes out with the candidate or into the field and takes the message of the campaign, again be it a candidate or an initiative, to people who are probably not thinking about it at all.",214,41
unaligned,train,ABSC1JNdpTw$_$11,ABSC1JNdpTw,11,"So again, our office is made up of three very distinct sections: finances, media and field.",91,16
unaligned,train,ADYia28RrFU$_$4,ADYia28RrFU,4,"And I'm growing, I'm hiring people",34,6
unaligned,train,ADYia28RrFU$_$7,ADYia28RrFU,7,But I wanted to backtrack because all of this change and growth is happening and it's really challenging my faith and what I believe,132,24
unaligned,train,ADYia28RrFU$_$9,ADYia28RrFU,9,So I figured I might as well do a video and share that with you guys here,73,17
unaligned,train,ADYia28RrFU$_$8,ADYia28RrFU,8,"And if I in fact believe in God then why am I so struggling, I'm struggling",75,16
unaligned,train,AGFgaKPzjMQ$_$2,AGFgaKPzjMQ,2,"New figures show that nearly 40-percent of couples sleep in separate beds or bedrooms; and they couldn’t be happier, because it means they get a good night’s sleep.",164,28
unaligned,train,AIPqRuTjI4E$_$14,AIPqRuTjI4E,14,It's based on that - what the materials are made out of and then it goes through a process.,91,19
unaligned,train,AIPqRuTjI4E$_$16,AIPqRuTjI4E,16,You'll notice on our site the numbering system under each of the products.,74,13
unaligned,train,AKofHsmxa1I$_$6,AKofHsmxa1I,6,"So that's all I have to say and ahh have a wonderful day, this is Jonny's Daily Dose of Inspiration, bye!",105,21
unaligned,train,APYv5s4ucd0$_$9,APYv5s4ucd0,9,"You need to definitely be risk adverse, so, in summary, you need to invest your money, in something that is appreciating.",121,21
unaligned,train,AVScVfLgNmw$_$1,AVScVfLgNmw,1,"Where did Microsoft, where did Apple, where did Amazon, where did Google, where did Facebook come from",102,17
unaligned,train,AVScVfLgNmw$_$2,AVScVfLgNmw,2,"They came from ideas that people felt something could be done, and that they could make a difference",100,18
unaligned,train,AepwIhSbAws$_$2,AepwIhSbAws,2,I realized that the only way to survive was to remain on the compound for as long as possible with the Dutch.,109,22
unaligned,train,AggyS1coOb8$_$1,AggyS1coOb8,1,I went over the four main product types along with her down payments and seller's concession in this video we're going to take a look into the conventional loan for a single-family home so if you see here we have a minimum down payment of three percent now that is if you are a first time homebuyer or have not had a property interest in a home in the past three years you can qualify for that three percent otherwise you're looking at a five percent down payment at minimum and then we have a three percent seller's concession now that's if you're putting anywhere from three percent to ten percent down if you put ten percent to twenty percent down the seller's concession goes up to six percent and any more than twenty percent it goes all the way up to nine percent that's a great feature of the conventional loan we have a minimum FICO score here of 620 gift funds get funds are allowed and two months of reserves so that means two months of a pity payment or mortgage Payment principal interest taxes and insurance so that's after your down payment and closing costs you're going to need to have at least two months of mortgage payment for reserves and then your mortgage insurance varies now what's great about the conventional loan is that the mortgage insurance goes away after you pay down twenty-two percent of the home so you have a seventy-eight percent LTV or once you have to twenty percent mark you can get your home assessed our appraised and if there's enough equity in the home they will take away the mortgage insurance or you can just put twenty percent down to begin with and not have to worry about it but very small fee to get into a home,1662,307
unaligned,train,AmGocfFQfVE$_$1,AmGocfFQfVE,1,"It's a bit embarrassing, but sometimes a person just has to do the right thing.",79,15
unaligned,train,AuPCZlKBzq8$_$11,AuPCZlKBzq8,11,"If you want to discuss about this exam or certification, visit “certificationscoaching.com”, a free and open certification related community.",141,19
unaligned,train,Az3e1Opu0LE$_$1,Az3e1Opu0LE,1,Then I'll ask you the same question but phrased in a different way,66,13
unaligned,train,Az3e1Opu0LE$_$5,Az3e1Opu0LE,5,Question 1: What are you going to study,39,8
unaligned,train,BAi3ZJo5Vwg$_$11,BAi3ZJo5Vwg,11,"My name is Julie Asti, I'm a Certified Financial Planner with Asti Financial Management, and you can learn more about my services or my company at www.astifinancial.com.",169,27
unaligned,train,BAi3ZJo5Vwg$_$7,BAi3ZJo5Vwg,7,"So for any of those types of furnishings, just try and find a source online that would have documented with a price that you can print out and put in your file with the photograph, that would be adequate documentation to provide fair market value.",247,45
unaligned,train,BB_VwJSg3AI$_$6,BB_VwJSg3AI,6,"For me, if it was my parents, I would probably talk about the time that my mother got really sick and my father wouldn't leave her bedside while she was in the hospital.",169,33
unaligned,train,BBoe8-HWPSw$_$4,BBoe8-HWPSw,4,If you're just doing it for the money you're never going to be as successful as if it's a change you wanna see in the world.,124,26
unaligned,train,BBoe8-HWPSw$_$7,BBoe8-HWPSw,7,It's incredibly important for anything you do in business so even if you're not interested at least have a foundation in it.,124,22
unaligned,train,BDCFV4EqHjY$_$1,BDCFV4EqHjY,1,"And, I think the question really has a very natural answer - businesses, governments, political leaders - have to come together to address their climate-change issues.",167,26
unaligned,train,BMhG11CXgww$_$5,BMhG11CXgww,5,Pyramid schemes are illegal and companies operating pyramids are not permitted to be members of the DSA,103,17
unaligned,train,BRdw-_dbJXc$_$19,BRdw-_dbJXc,19,"Again, I'm Andre' Ramsay, the lawyer for the everyday worker.",61,10
unaligned,train,BRzjQHYWbSs$_$11,BRzjQHYWbSs,11,"Now, as is this is the first lecture, there's just one thing I want to underline here before we start.",102,20
unaligned,train,BRzjQHYWbSs$_$15,BRzjQHYWbSs,15,"In fact you could argue that placing emphasis on reading and writing can come at the expense of listening, which is what music is really all about.",147,27
unaligned,train,BRzjQHYWbSs$_$16,BRzjQHYWbSs,16,"At best then, understanding music notation makes you a more rounded musician.",77,12
unaligned,train,BdqoZ5qpz0E$_$7,BdqoZ5qpz0E,7,"Secondly, be aware of the advantages and disadvantages up working on cases for attorneys who could swamp your firm with volume.",127,21
unaligned,train,BdqoZ5qpz0E$_$6,BdqoZ5qpz0E,6,Nurses who have experience only in non-clinical roles are going to find it tough to perform some aspects of legal nurse consulting.,131,22
unaligned,train,BdqoZ5qpz0E$_$15,BdqoZ5qpz0E,15,It would have been tempting to sit back and relax but I never stopped a marketing.,82,16
unaligned,train,Bf5owLv3X98$_$4,Bf5owLv3X98,4,I found that most things you actually get from Smiley 360 are the actual product rather than a  free small sample.,114,21
unaligned,train,Bg-PA5KTjNs$_$1,Bg-PA5KTjNs,1,It was slow at first I hadn't really thought anything of it until I noticed my hairline starting to recede and my hair was considerably thinner than it used to be.,163,31
unaligned,train,Bg-PA5KTjNs$_$3,Bg-PA5KTjNs,3,I just looked awful without my hair so I decided it was time to fix this!,73,16
unaligned,train,Bg-PA5KTjNs$_$6,Bg-PA5KTjNs,6,After all this hair loss was reversible and it was never my fault.,66,13
unaligned,train,Bg-PA5KTjNs$_$8,Bg-PA5KTjNs,8,Then as if by some miracle I noticed to my hair seem to start becoming thicker like it used to be and now here I am today with a full head of hair and a smile on my face.,170,39
unaligned,train,BnWvk0YRgE4$_$0,BnWvk0YRgE4,0,"My name is Jelena Vidakovic and I work at micro credit foundation Mi-Bospo in Bosnia and Herzegovina and what I do on a daily basis  is to advise my clients on what to do,  in order to make the best possible business decision.",226,43
unaligned,train,Bo5IDtP8_Fk$_$11,Bo5IDtP8_Fk,11,"More than a million and a half people received shelter, three and a half million people were given food for a period of several weeks, we avoided major outbreaks of cholera and other infectious diseases, that at the time of the earthquake many people thought were inevitable.",275,47
unaligned,train,BseI8-TYWm8$_$1,BseI8-TYWm8,1,PwC HRI Director Benjamin Isgur emphasized that organizations can no longer wait and see if the Act will take effect.,117,20
unaligned,train,BseI8-TYWm8$_$2,BseI8-TYWm8,2,"""As the law moves forward, it's game on for those organizations that were sitting on the fence.",95,17
unaligned,train,BseI8-TYWm8$_$4,BseI8-TYWm8,4,I think the first thing crossing everyone's minds is that there's almost a sigh of relief due to the certainty now.,115,21
unaligned,train,BuPhjBayua8$_$7,BuPhjBayua8,7,"Not just following orders, it's also to envision what you want, what I need them to do and execute on that, because they didn't want to micromanage them, I can't micromanage.",174,31
unaligned,train,BuPhjBayua8$_$6,BuPhjBayua8,6,Do whatever you need because one of the things that was important to me is to have also product abilities.,106,20
unaligned,train,C03473pYcRM$_$7,C03473pYcRM,7,"We've looked at some language this week, phrasal verbs in particular such as 'stick up for someone', 'look out for someone' and 'get round to doing something' and again lots of you have had lovely examples.",206,36
unaligned,train,C3lDRFu1ZcI$_$1,C3lDRFu1ZcI,1,"To minimize this second risk, you must be proactive in obtaining valid documentation at the time of the sale",108,19
unaligned,train,C3lDRFu1ZcI$_$3,C3lDRFu1ZcI,3,"Hundreds of changes occur each year, some changes are legislative and are well published",88,14
unaligned,train,CBYQDIqucxE$_$0,CBYQDIqucxE,0,"Congratulations, you've finished lesson 2. In this lesson, you created a Git repository and added commits to it for the first time.",131,22
unaligned,train,CE9yV4SearE$_$11,CE9yV4SearE,11,"The insurance company has to pay for this examination under Iowa codes section 85.39. In addition to paying the doctors fees, you are also suppose to pay their mileage, and anytime you missed from work.",202,35
unaligned,train,CHh6hWo1AFE$_$2,CHh6hWo1AFE,2,Remember the uproar when Facebook starting messing with their privacy settings,78,11
unaligned,train,CIqRibqChDQ$_$0,CIqRibqChDQ,0,"Now the next thing that you want to avoid, and I'm going to go ahead and tell you right up front before I tell you what it is, very hard not to do.",147,33
unaligned,train,CIqRibqChDQ$_$8,CIqRibqChDQ,8,"Now, the best way to get rid of um's and err's and things like that; there's several ways.",90,18
unaligned,train,CK31s0kfp-k$_$16,CK31s0kfp-k,16,So for more ideas like this make sure you visit me at Vexxt.com and subscribe to this YouTube channel.,102,19
unaligned,train,CL4hDu95Eqw$_$0,CL4hDu95Eqw,0,"&gt;&gt;I'm Andrew Ross Sorkin for the New York Times here in Davos, Switzerland, on day two of the World Economic Forum's annual meeting.",138,23
unaligned,train,CL4hDu95Eqw$_$3,CL4hDu95Eqw,3,"as the bastion of capitalism, the example that we hoped to be.",62,12
unaligned,train,CLkTjujFVKU$_$12,CLkTjujFVKU,12,"After all, wouldn't YOU behave differently if you knew that a mortgage was a ""death pledge"" in French?",102,18
unaligned,train,CLkTjujFVKU$_$0,CLkTjujFVKU,0,"How well do YOU know ""You-Know-Who""? Well for one thing, you probably don't even know his NAME... Voldemort may as well be Vol de mort, which means ""Flight from death"" in French.",178,32
unaligned,train,CT7QOWbhfv4$_$3,CT7QOWbhfv4,3,". .but we're seeing emerging trends that are actually positive."" Those positive trends focus on an end to fiscal and economic difficulties that have plagued the United States for the past five years.",199,33
unaligned,train,CVx494kExvc$_$2,CVx494kExvc,2,-First up – Darden Restaurants and Publix Supermarkets have partnered with Sustainable Fisheries Partnership on a three-year commitment to rebuilding fisheries in the Gulf of Mexico.,182,26
unaligned,train,CVx494kExvc$_$6,CVx494kExvc,6,"-And in Canada, Sobeys is the first supermarket to offer customers a seafood traceability system.",97,15
unaligned,train,CVx494kExvc$_$15,CVx494kExvc,15,"-And finally, a quick update on the Marine Stewardship Council: -Recent research has found that one-third of Dutch consumers and 28 percent of Swedish consumers are aware of the MSC.",182,30
unaligned,train,CVx494kExvc$_$8,CVx494kExvc,8,"-Also in Canada, SeaChoice – a eco-label group – has celebrated its 5th birthday on September 27th.",99,17
unaligned,train,CXojk-oSaEw$_$2,CXojk-oSaEw,2,"It's fine to make commitments, it's fine to make pledges, it's fine to say we'll do this and that, but unless it's actually executed - unless the promise is made real, then it, it's kind of pointless.",200,37
unaligned,train,CZigX1ntOsI$_$3,CZigX1ntOsI,3,"Plus, going to college is basically impossible for people without this important piece of paper.",96,15
unaligned,train,Cb8ay6WtJuM$_$1,Cb8ay6WtJuM,1,I highly recommend this Air Floss from Sonicare,47,8
unaligned,train,Cb8ay6WtJuM$_$4,Cb8ay6WtJuM,4,Thank you guys so much for watching,35,7
unaligned,train,Cd0JH1AreDw$_$5,Cd0JH1AreDw,5,I'll just tell you quickly about two stories drawn from recent headlines,72,12
unaligned,train,CdB8QBhFccs$_$1,CdB8QBhFccs,1,"Anyways, then they come back and what do they tell me",53,11
unaligned,train,CdB8QBhFccs$_$2,CdB8QBhFccs,2,"Well, after my calculations, that's what you did, so you can nope all you want",78,15
unaligned,train,CdB8QBhFccs$_$4,CdB8QBhFccs,4,"However, if you're gonna shove something back in my face, this is where, you don't know what you don't know",107,20
unaligned,train,Ceu9AkIjuLY$_$13,Ceu9AkIjuLY,13,Increase accountability and effectiveness by consolidating consumer financial protections that are scattered across government.,127,14
unaligned,train,Ceu9AkIjuLY$_$2,Ceu9AkIjuLY,2,"That’s a great question, and it gets to the heart of the financial crisis, which was caused in part by massive consumer-protection problems.",140,23
unaligned,train,Ceu9AkIjuLY$_$4,Ceu9AkIjuLY,4,Overly complicated mortgages and other credit products were allowed to flourish.,80,11
unaligned,train,Ceu9AkIjuLY$_$8,Ceu9AkIjuLY,8,And none of them had the full picture of what was happening across the markets.,79,15
unaligned,train,Cj7R36s4dbM$_$10,Cj7R36s4dbM,10,"He was a great man, or at least, a great wookie",47,11
unaligned,train,Ctc23Icfzvg$_$3,Ctc23Icfzvg,3,before sending the results back to the main lab for further analysis,68,12
unaligned,train,Ctc23Icfzvg$_$5,Ctc23Icfzvg,5,"""The police started implementing basic scientific research in 1948, but the KCSI team in its modern-day form was established only in 2004",137,22
unaligned,train,CvW0Mh1EWFA$_$3,CvW0Mh1EWFA,3,"On Thursday I was in Pittsburgh at the Heinz School at Carnegie Mellon to talk about government reform and really what I talked about was building on what I had been doing since I was inaugurated in the executive branch in terms of making government work better, and more democratically, and more openly.",304,53
unaligned,train,CzstrpOTtgo$_$4,CzstrpOTtgo,4,"First of all, no, that they don't always take the best auditioner; they take the person who fits the role the best, who everyone on the panel can agree on.",155,30
unaligned,train,D5cQWqYcBAE$_$0,D5cQWqYcBAE,0,"I'm currently looking for a B2B Marketing Manager with solid Marketo experience to work for a bespoke technology provider who build tech solutions for Financial Services, Banking and FinTech customers.",201,30
unaligned,train,D5cQWqYcBAE$_$2,D5cQWqYcBAE,2,Salary is between £40-50k plus an excellent benefits package.,61,9
unaligned,train,DEFDuYyc-Xw$_$7,DEFDuYyc-Xw,7,"Yellen aside, every indicator has asset prices racing higher.",61,9
unaligned,train,DGeBPk1op3E$_$2,DGeBPk1op3E,2,As you are concerned with your relationship with Christ,55,9
unaligned,train,DGeBPk1op3E$_$5,DGeBPk1op3E,5,"We have one in Brisbane on January the 19th to 21st (2015) We have Todd White speaking, Katherine Ruonala, Joel Shaw, and myself",128,23
unaligned,train,DQ7QKE3hzVg$_$1,DQ7QKE3hzVg,1,"So something that comes up every now and then is the question about why do I practice and teach Thai Yoga Therapy, Thai Massage",127,24
unaligned,train,DXQGngge7vU$_$4,DXQGngge7vU,4,Why do I share this information with you,40,8
unaligned,train,DZBpdzrMelA$_$3,DZBpdzrMelA,3,But it's impossible for South Africa to benefit from something this large without there being corrollary effects across Africa.,127,19
unaligned,train,DZBpdzrMelA$_$5,DZBpdzrMelA,5,"So South Africa will be the main beneficiary, but certainly going forward Africa will be highlighted and will have the opportunity to show it's wears.",150,25
unaligned,train,DZIFCYOhosQ$_$5,DZIFCYOhosQ,5,"In the ensuing days and weeks, many of us have overdosed on post-Hoffman email with demands and counter-demands for change and accountability in our leadership, along with recriminations and accusations about what has happened.",227,34
unaligned,train,DZIFCYOhosQ$_$6,DZIFCYOhosQ,6,Some people are convinced we need a president with high-level APA governance experience to lead APA.,100,16
unaligned,train,DaXkixKFEvE$_$4,DaXkixKFEvE,4,Initially I start out with some instructor-led questions with some options,74,11
unaligned,train,DatH-ra0VKY$_$12,DatH-ra0VKY,12,"But in addition to that, it also informed the importance of me being an action-oriented doer, someone who always wanted to be an innovator and someone who always wanted to be a disruptor to try to create new possibilities.",222,39
unaligned,train,DatH-ra0VKY$_$3,DatH-ra0VKY,3,"And, for me, that's always been skewing towards those individuals who are vulnerable, helping individuals to find the pathway to empowerment, and trying to be a difference maker in the lives of those who I come into contact with.",229,39
unaligned,train,DatH-ra0VKY$_$4,DatH-ra0VKY,4,"From my beginning moments here at Miami University, where I was a student leader, where I thought and tried to be a scholar student, through to my work at other institutions, crescendoing to my current role now at Boys and Girls Clubs of America, that's been the pathway.",271,48
unaligned,train,DbAppk7xT0Y$_$0,DbAppk7xT0Y,0,"that they can infringe upon, then they love that",48,9
unaligned,train,DfTMoqwMHVE$_$0,DfTMoqwMHVE,0,"On Monday evening, the Greek government formally submitted its proposal to the institutions... for a fair and mutually beneficial compromise, which will put an end to this crisis in Europe.",189,30
unaligned,train,DhXBaBOB4E8$_$5,DhXBaBOB4E8,5,And so really what folks need to do is to be cognizant of the fact that they don't control the message anymore completely.,122,23
unaligned,train,DiOw-w5LDJ0$_$1,DiOw-w5LDJ0,1,We have pros and cons with each program I think that I like students to make the decision on where to go based on their comfort with the program.,145,29
unaligned,train,DiOw-w5LDJ0$_$0,DiOw-w5LDJ0,0,"I would like you to consider all of your options of the schools of optometry we have, there is currently 20. I think we are all good in our own ways.",149,31
unaligned,train,Drhrzj1yhVs$_$8,Drhrzj1yhVs,8,Maybe there are some of them that are very much so info fashion that they want to start a collection as if they were starting a collection of paintings.,152,29
unaligned,train,Drhrzj1yhVs$_$5,Drhrzj1yhVs,5,"And, about 200 of those 2,000 women are actual repetitive, repeat customers who buy lots of couture.",100,17
unaligned,train,Dws8ZrzF7xQ$_$7,Dws8ZrzF7xQ,7,"For example, Microsoft is coming out with a new version for Office 2016. Google Documents is always being updated.",114,19
unaligned,train,E0g6nae4Ae4$_$24,E0g6nae4Ae4,24,"That project is still in development, it's too soon to talk about and we will see what happens but you'll start to see the divide between equity in traditional shares and safe models and the cryptoequity model start to blur perhaps over time",241,43
unaligned,train,E0g6nae4Ae4$_$22,E0g6nae4Ae4,22,"That would also be a new form of cryptoequity and we don't really know where this is going but these are the types of things that people can start doing with counterparty, with cryptoequities and these are the types of directions that people will take",251,45
unaligned,train,E0g6nae4Ae4$_$23,E0g6nae4Ae4,23,"Right now there is a [inaudible 00:02:27] project, which is a bridge between the old world of equities and the new world of cryptoequities",138,24
unaligned,train,E0g6nae4Ae4$_$1,E0g6nae4Ae4,1,"The Community Director of the Counterparty Foundation and today I wanted to answer the question, what is a cryptoequity? A cryptoequity is a new kind of term and we know what traditional equities are",199,34
unaligned,train,E0g6nae4Ae4$_$4,E0g6nae4Ae4,4,Right off the bat we have counterparty assets,45,8
unaligned,train,E0g6nae4Ae4$_$8,E0g6nae4Ae4,8,"They exist as assets, assets themselves are up to users to define and you can call these assets whatever you'd like",115,21
unaligned,train,E0g6nae4Ae4$_$19,E0g6nae4Ae4,19,These could be things such as karma perhaps,43,8
unaligned,train,E0g6nae4Ae4$_$33,E0g6nae4Ae4,33,"Show me what you are doing, maybe tell me about the problems you are having, see if I can help you, ask some questions",118,24
unaligned,train,E8L1Z71vKG8$_$3,E8L1Z71vKG8,3,"That you're not too difficult on yourself, but that you're not too favorable for yourself as well.",98,17
unaligned,train,EEUGfVTyTQM$_$1,EEUGfVTyTQM,1,"When speaking to students, my top tip is to approach the application and the personal statement as you would any other academic essay - the hardest part is getting pen to paper and coming up with some initial thoughts.",218,39
unaligned,train,EHbZ2EeVags$_$1,EHbZ2EeVags,1,I think it certainly has the potential consumer base to do so.,62,12
unaligned,train,EJT25p7JahU$_$7,EJT25p7JahU,7,"As you know, we have quite a dire situation, including now refugees in very high numbers in parts of the world where we hadn't spoken about them before.",152,28
unaligned,train,EJT25p7JahU$_$6,EJT25p7JahU,6,"So that is a trajectory we are on, including our support for humanitarian assistance.",85,14
unaligned,train,EO_SN04Xef0$_$2,EO_SN04Xef0,2,So that's why I’m excited to announce that I’m launching a new channel called Lessons from the Screenplay,105,18
unaligned,train,EOkdFMw0pmk$_$11,EOkdFMw0pmk,11,An obedience to nature itself,29,5
unaligned,train,EOkdFMw0pmk$_$9,EOkdFMw0pmk,9,"What can be said is that it isn't necessarily self-indulgence, haterism or narcissism",85,13
unaligned,train,ERnYvxojeu0$_$1,ERnYvxojeu0,1,One of the ways to raise money for a campaign which is often overlooked is using house parties.,95,18
unaligned,train,ERnYvxojeu0$_$2,ERnYvxojeu0,2,Now house parties can be as simple as having a video of your candidate or a video about your issue if it's an issue campaign.,125,25
unaligned,train,ERnYvxojeu0$_$4,ERnYvxojeu0,4,"It's known up front what this is all about, there's no mystery involved.",72,13
unaligned,train,EULEL3QhKD0$_$3,EULEL3QhKD0,3,The final challenge before a visa or green card is approved is the dreaded interview.,85,15
unaligned,train,E_ocLuUw-1I$_$1,E_ocLuUw-1I,1,You're welcome to go back and review any of these videos at any time.,69,14
unaligned,train,Ea_Huc2-lwo$_$2,Ea_Huc2-lwo,2,So nail that 30 second pitch and be really good at contributing and telling the story about what you are doing.,111,21
unaligned,train,Emi9cw9xa00$_$9,Emi9cw9xa00,9,21st century B2B buyers reach out to sellers only when they are unable to satisfy their needs online.,101,18
unaligned,train,Emjv2cDzW1E$_$0,Emjv2cDzW1E,0,"Well, for us, you know, we are pushing messages out through many channels.",74,13
unaligned,train,EoC83JhkCAw$_$10,EoC83JhkCAw,10,"In this closet I keep lots of medications, and cleaning supplies, and then I keep the sheets at the very bottom",111,21
unaligned,train,EoC83JhkCAw$_$5,EoC83JhkCAw,5,It works perfect for the extra bathroom clutter that you have floating around,77,13
unaligned,train,EoC83JhkCAw$_$4,EoC83JhkCAw,4,"It has five different pockets where you can store all kinds of stuff like soap, or brushes, or conditioner for your hair",120,22
unaligned,train,EpadyoYlAjQ$_$0,EpadyoYlAjQ,0,Hello Ricardo Nadal here,24,4
unaligned,train,ExDLNkDVsxY$_$4,ExDLNkDVsxY,4,"Maybe for you, it's not sounding what is a ""normal' voice",57,11
unaligned,train,ExDLNkDVsxY$_$6,ExDLNkDVsxY,6,But that does not mean they're trying to be aggressive,54,10
unaligned,train,F2M7WbPXRps$_$11,F2M7WbPXRps,11,"But either way, always make those timely payments to avoid wage garnishment and just do the best you can when you can.",118,22
unaligned,train,F2M7WbPXRps$_$12,F2M7WbPXRps,12,"I'm Cheri Ashwood, I'm a Guidance Counselor and your future starts today.",73,12
unaligned,train,F4OhXQTMOEc$_$3,F4OhXQTMOEc,3,"And that land bridge has disappeared - has disappeared in the last 4,000 years",78,14
unaligned,train,F59hwsm4Ld0$_$23,F59hwsm4Ld0,23,Don't worry about things that are $100 or $50,45,9
unaligned,train,F59hwsm4Ld0$_$49,F59hwsm4Ld0,49,"If you're interested in other home inspection videos, I'll put a link to them in the description below",102,18
unaligned,train,F59hwsm4Ld0$_$0,F59hwsm4Ld0,0,How's it going everyone? Matt Leighton and welcome back to another video,72,12
unaligned,train,F59hwsm4Ld0$_$7,F59hwsm4Ld0,7,You know what I'm talking about,31,6
unaligned,train,F59hwsm4Ld0$_$6,F59hwsm4Ld0,6,It consumes everything it produces,34,5
unaligned,train,F59hwsm4Ld0$_$11,F59hwsm4Ld0,11,"It could be thousands of dollars, it could be hundreds of dollars, whatever the case may be, your safety is paramount",117,21
unaligned,train,F59hwsm4Ld0$_$14,F59hwsm4Ld0,14,And the safety issue might be as small as a couple GFCI outlets or it might be something as large as structure damage or the entire electrical needs to be redone or something of that nature,189,36
unaligned,train,F59hwsm4Ld0$_$17,F59hwsm4Ld0,17,If you're buying a house or a townhouse,39,8
unaligned,train,F59hwsm4Ld0$_$16,F59hwsm4Ld0,16,That is number two,18,4
unaligned,train,F59hwsm4Ld0$_$36,F59hwsm4Ld0,36,And what sort of issues were kind of just put on the report to show that they were just doing their job,103,22
unaligned,train,F5SGdvSRJmo$_$10,F5SGdvSRJmo,10,I'm happy with Fast Unsecured,29,5
unaligned,train,F5SGdvSRJmo$_$3,F5SGdvSRJmo,3,"Then, Fast Unsecured got into action",36,6
unaligned,train,F5SGdvSRJmo$_$7,F5SGdvSRJmo,7,These are the cards and the unsecured financing that I got from them,68,13
unaligned,train,F6Ci45lP5aA$_$0,F6Ci45lP5aA,0,Digital has enabled us to go deeper with consumers in a number of ways.,71,14
unaligned,train,F8KE2ZhoUe4$_$16,F8KE2ZhoUe4,16,Don’t forget to bring your original passport and all immigration documents to your immigration check-in appointment.,116,16
unaligned,train,F8KE2ZhoUe4$_$19,F8KE2ZhoUe4,19,We will give you more details about this great program later Have an awesome orientation and first year experience.,115,19
unaligned,train,F8KE2ZhoUe4$_$4,F8KE2ZhoUe4,4,You will need to show us your schedule in either printed form or on your mobile device so we can make sure you are in the right location and with the correct small group.,170,34
unaligned,train,F8KE2ZhoUe4$_$20,F8KE2ZhoUe4,20,Take advantage of this opportunity to meet and learn from other international students from 130 countries as well as the United States!,135,22
unaligned,train,FHlzZ2VxuGQ$_$13,FHlzZ2VxuGQ,13,"Or will you be like the rest of the culture, the rest of the nation who thinks God is a God of negligence?",106,23
unaligned,train,FHlzZ2VxuGQ$_$7,FHlzZ2VxuGQ,7,"I call on Jesus and I know HIM as my healer and my helper, but this world, this culture, this generation does not.",114,23
unaligned,train,FHlzZ2VxuGQ$_$9,FHlzZ2VxuGQ,9,But I am here to say that JESUS CHRIST IS ALIVE and HE HELPS those who call on HIM!,83,19
unaligned,train,FLyWn2DCci4$_$1,FLyWn2DCci4,1,"When you and I talk to people about faith and belief, don't we often hear, ""I wish I could believe the way you do""",114,24
unaligned,train,FLyWn2DCci4$_$3,FLyWn2DCci4,3,But there is no magic to belief,31,7
unaligned,train,FMW6diQ9rMo$_$4,FMW6diQ9rMo,4,"If it’s your fault, say, “It’s my fault",39,8
unaligned,train,FMW6diQ9rMo$_$8,FMW6diQ9rMo,8,"If you can accept “I’m sorry, it’s my mistake,” shows your greatness",68,12
unaligned,train,FOMXt3lStco$_$1,FOMXt3lStco,1,"Well, in order to get an IRA, you must be a American citizen, gainfully employed with taxable income, and working at a job that has tax deductions, and deducted as source.",171,31
unaligned,train,FR0B64ID-hA$_$5,FR0B64ID-hA,5,You're just going to want to stay away from high fructose diets.,64,12
unaligned,train,FRKwvmrwrZA$_$24,FRKwvmrwrZA,24,Give yourself a good vinegar and water rinse at the end of it.,62,13
unaligned,train,FRKwvmrwrZA$_$22,FRKwvmrwrZA,22,You will find it's lank it's limp it turns greasy more often.,61,12
unaligned,train,FX-YgVKC1AI$_$5,FX-YgVKC1AI,5,"But personally, I recommend that you try to go directly to these companies to cut the middleman out.",100,18
unaligned,train,FX-YgVKC1AI$_$7,FX-YgVKC1AI,7,You can use things like PayPal and PayLoadz and other things like that where people can buy the music directly online and get an e-mail and they could download the song directly and you get 100% of the money.,208,39
unaligned,train,FaHosBIr0xY$_$3,FaHosBIr0xY,3,"In fact, not only can India become a superpower, it is well on its way to getting there.",88,18
unaligned,train,FdTczBnXtYU$_$3,FdTczBnXtYU,3,Here are 2 of the best ways for you to ensure that persons who are deaf can still access your online content.,109,22
unaligned,train,FmIS69vB12I$_$13,FmIS69vB12I,13,You will repeat a statement three times while tapping that point on the side of your hand,89,17
unaligned,train,FmIS69vB12I$_$0,FmIS69vB12I,0,So let’s go through some EFT and learn how to do this practice,62,13
unaligned,train,FmIS69vB12I$_$3,FmIS69vB12I,3,So it’s important with EFT to make sure that you right your issue,65,13
unaligned,train,FmIS69vB12I$_$2,FmIS69vB12I,2,"Right, set up, tap and right",28,6
unaligned,train,FmIS69vB12I$_$7,FmIS69vB12I,7,Let’s take an example like a headache,37,7
unaligned,train,Fmwc7wkIc4Q$_$10,Fmwc7wkIc4Q,10,Market power occurs when there is less competition,50,8
unaligned,train,Fmwc7wkIc4Q$_$13,Fmwc7wkIc4Q,13,"For example, in monopoly we have no choice but to buy things that monopoly; there are no substitutes",100,18
unaligned,train,Fmwc7wkIc4Q$_$14,Fmwc7wkIc4Q,14,Compare that to a firm which is perfectly competitive; there are so many substitutes all over the place,103,18
unaligned,train,FphtHpVV-7w$_$0,FphtHpVV-7w,0,Jesus said some very troubling things regarding our spiritual fruit.,68,10
unaligned,train,FphtHpVV-7w$_$3,FphtHpVV-7w,3,"But Jesus said that either you need to make the tree GOOD and its fruit ALL GOOD, or you need to make the tree BAD and ALL its fruit BAD, even if it looks good, it is a deception and its fruit is really bad.",207,45
unaligned,train,FsmNLTdE2p0$_$0,FsmNLTdE2p0,0,SAM TRUJILLO: The scenario is there's over three computers in every house.,74,12
unaligned,train,FvoZgWvc3gc$_$11,FvoZgWvc3gc,11,"So as you begin to bundle, think about how you can specialize and upsell.",73,14
unaligned,train,FylhSeozvG8$_$3,FylhSeozvG8,3,My sister smirks when I tell her about my teaching aspiration to the biggest smile on my face,93,18
unaligned,train,FylhSeozvG8$_$2,FylhSeozvG8,2,"Is it everything I want it to be, or is it everything I fear",60,14
unaligned,train,FylhSeozvG8$_$5,FylhSeozvG8,5,""" And the truth is, as my smile turns into dreadful thoughts, she's right",73,14
unaligned,train,FylhSeozvG8$_$6,FylhSeozvG8,6,"I have no idea, I don't",23,6
unaligned,train,G1Z_JUTgZqo$_$0,G1Z_JUTgZqo,0,Sidney Silhan has joined the firm's National Indirect/State and Local Tax practice as a partner in Atlanta.,107,17
unaligned,train,G1Z_JUTgZqo$_$3,G1Z_JUTgZqo,3,"Silhan also has worked in a tax and business advisory role at Arthur Andersen, focusing on state and local income tax.",118,21
unaligned,train,G1Z_JUTgZqo$_$2,G1Z_JUTgZqo,2,"Before relocating to Atlanta in 2007, he was a state and local tax director for the firm in Chicago and New York.",113,22
unaligned,train,G38DwNDQ8Cc$_$26,G38DwNDQ8Cc,26,"Much like the TSA claims the right to molest us, yet arrested a woman who turned the tables last week, stealing somehow becomes legitimate when the government does it.",167,29
unaligned,train,G38DwNDQ8Cc$_$1,G38DwNDQ8Cc,1,Imagine you had a pesky neighbor who somehow took out a mortgage on his house in your name and by some legal trickery you were obligated to pay for it.,151,30
unaligned,train,G38DwNDQ8Cc$_$0,G38DwNDQ8Cc,0,"Hello, this is Ron Paul with your weekly update for July 25th.",62,12
unaligned,train,G38DwNDQ8Cc$_$2,G38DwNDQ8Cc,2,"Imagine watching this neighbor throw drunken parties, buy expensive cars, add more rooms to the house, and hire dozens of people to wait on him hand and foot.",158,28
unaligned,train,G38DwNDQ8Cc$_$5,G38DwNDQ8Cc,5,"Each time, this neighbor would claim that he needed the new credit card to pay interest on the other maxed out credit cards.",124,23
unaligned,train,G4HMKRdIva0$_$10,G4HMKRdIva0,10,"So, I apologize if I discouraged anyone by making you think that you have to be perfect on your own merit, or you have to be good on your own merit, because that is NOT what it is about.",186,39
unaligned,train,G4HMKRdIva0$_$18,G4HMKRdIva0,18,"So, I want to apologize if I have discouraged anyone and I want to encourage you that IT IS BY THE GRACE OF JESUS THAT WE ARE SAVED, BUT YOU HAVE TO REALLY REPENT.",163,34
unaligned,train,G4HMKRdIva0$_$15,G4HMKRdIva0,15,He loves the whole world and He died for us that we may have eternal life.,74,16
unaligned,train,G8p4QMjLUXI$_$7,G8p4QMjLUXI,7,"Also, look in the mirror and practice saying these things out loud",66,12
unaligned,train,G8p4QMjLUXI$_$9,G8p4QMjLUXI,9,"Number two: It's so easy, when you're feeling awkward, to talk about how you're feeling awkward",95,16
unaligned,train,GAY5ICoVnA8$_$12,GAY5ICoVnA8,12,"So the documentation also includes some thoughts about best practices for teaching online courses based on what we’ve learned from our own experience, as well as from others in the industry.",190,31
unaligned,train,GAY5ICoVnA8$_$3,GAY5ICoVnA8,3,"We thought that many of you might have some topic that you're interested in teaching to an online audience, so we've packaged up the technology we used and are releasing it to the world as an open source project.",212,39
unaligned,train,GAY5ICoVnA8$_$5,GAY5ICoVnA8,5,"If you have some topic that you want to teach, some time to devote to putting together a course, and some technical expertise at the level of a webmaster, then Course Builder is for you.",186,35
unaligned,train,GCOFujDHDx0$_$10,GCOFujDHDx0,10,A product that they've invested considerable amounts of time and money.,71,11
unaligned,train,GCOFujDHDx0$_$2,GCOFujDHDx0,2,"And there are examples out there where there are mentions of time and money, so for instance Miller Time.",105,19
unaligned,train,GCOFujDHDx0$_$5,GCOFujDHDx0,5,"They are dialing up by spending a fair bit of money on the good, then you're buying this prestigious experience.",112,20
unaligned,train,GCOFujDHDx0$_$9,GCOFujDHDx0,9,"So as a very simple example, when I asked a bunch of college students about their iPods.",88,17
unaligned,train,GICVzJMDfv0$_$1,GICVzJMDfv0,1,"Despite the challenges that complicate reorganization, focus group participants still consider it worthwhile.",109,13
unaligned,train,GJyzeK-Cn-0$_$6,GJyzeK-Cn-0,6,"All of those things will be covered in this series today, and the chances are pretty good if you are an actor, are considering being an actor, if you have a desire to be an actor, you want to know how to do a monologue.",219,45
unaligned,train,GMnoxaqqReQ$_$1,GMnoxaqqReQ,1,The first thing to know for an IRS audit is that really a relatively small percentage of returns ever get audited.,114,21
unaligned,train,GOj7TBcEA8E$_$3,GOj7TBcEA8E,3,We look forward to continuing the dialog tomorrow at the SEC.,61,11
unaligned,train,GOj7TBcEA8E$_$4,GOj7TBcEA8E,4,"I would also like to extend our appreciation to our distinguished panelists who are with us to share their insights, advice, and recommendations.",145,23
unaligned,train,GOj7TBcEA8E$_$8,GOj7TBcEA8E,8,"As you know, the Obama Administration's financial regulatory plan laid out proposals that seek to ensure comprehensive regulation of our financial markets and that seek to fill in gaps that came to light in the wake of the financial crisis.",240,40
unaligned,train,GRFXnnrQaB4$_$0,GRFXnnrQaB4,0,"We are not going to allow our community to be victimized, Sgt",61,12
unaligned,train,GSnt_fW8qjI$_$4,GSnt_fW8qjI,4,"I think affordability often stems from the way in which a particular product is sold sometimes people can receive calls from unsolicited sellers over the phone or even door-knocking, to sell them a particular phone plan or internet plan that seems good at the time but they don't really have the opportunity to think through whether it suits their requirements and a high pressure sale can mean that they sign up without that thinking through and that can become an affordability problem down the track when they realise that the bills are much more than they thought they would be to start off with",599,104
unaligned,train,GTGtVdAuyRc$_$10,GTGtVdAuyRc,10,We're not talking about just going into your local Starbucks and talking to everybody there,91,15
unaligned,train,GTGtVdAuyRc$_$0,GTGtVdAuyRc,0,"Now you see this online with big businesses, things like the Huffington Post or even BuzzFeed",93,16
unaligned,train,GTGtVdAuyRc$_$5,GTGtVdAuyRc,5,So how do you do it,19,6
unaligned,train,GUffC7vu9zA$_$26,GUffC7vu9zA,26,And you still have to store a bunch at regional warehouses.,59,11
unaligned,train,GUffC7vu9zA$_$37,GUffC7vu9zA,37,"It is in my opinion, the most important step in building a successful marketing model.",86,15
unaligned,train,GUffC7vu9zA$_$43,GUffC7vu9zA,43,"And tossing in some effective public relations, for good measure.",65,10
unaligned,train,GUffC7vu9zA$_$41,GUffC7vu9zA,41,But don't under estimate the value of face to face selling.,59,11
unaligned,train,G_M3lYn6hAA$_$5,G_M3lYn6hAA,5,"Thank you for joining me for the term of the day, join me for a new term every day.",83,19
unaligned,train,GcfETVXgtg0$_$3,GcfETVXgtg0,3,The reason that HOSTING made the most sense for us is that we had a good experience with them at HostMySite.,108,21
unaligned,train,Gg9ZcRlwnbc$_$14,Gg9ZcRlwnbc,14,"The opening of the Jackson office was driven by history, and this office, in turn, has changed the course of the FBI's history.",127,23
unaligned,train,Gg9ZcRlwnbc$_$16,Gg9ZcRlwnbc,16,"In every investigation and every office, across the country and around the world.",81,13
unaligned,train,GkoBk5K-FH0$_$21,GkoBk5K-FH0,21,"IF WE THREW THE WEIGHT OF YOUTUBE AND YOU GUYS BEHIND IT AND EXPLAINS TO EVERYBODY THIS IS A DEBATE, THAT THE DNC HAS SANCTIONED, BETWEEN HILLARY CLINTON AND BERNIE SANDERS, THE VIEWERSHIP WE WOULD GET ONLINE WOULD A) BE TREMENDOUS, B) COMPLETELY NEW VIEWERS THAT DIDN'T NORMALLY GET TO SEE DEMOCRATS.",301,52
unaligned,train,Gljee9uq_Rc$_$11,Gljee9uq_Rc,11,"Just before this photograph was taken, and here we get into the context more deeply—we cannot know this from the photograph but it will speak volumes—the crop she was supposed to pick had frozen.",195,34
unaligned,train,Gljee9uq_Rc$_$12,Gljee9uq_Rc,12,"What that meant was that there was no work to be done; if there’s no work, there’s no food.",91,19
unaligned,train,Gljee9uq_Rc$_$16,Gljee9uq_Rc,16,"Again I return to that baby in her arms, so pale, so lifeless looking.",70,14
unaligned,train,Gljee9uq_Rc$_$6,Gljee9uq_Rc,6,"So, if the government wished to sell a social program they found artists who could show the plight of the people in need of such support.",137,26
unaligned,train,Gmhi58erY6k$_$0,Gmhi58erY6k,0,Now yes or no questions helped the interviewer to establish clarity on details discussed,88,14
unaligned,train,GpRDC-S88dM$_$25,GpRDC-S88dM,25,The was one New Year's resolution that I had for 2016 that I definitely did not achieve and that was to stay in the country,123,25
unaligned,train,GpRDC-S88dM$_$1,GpRDC-S88dM,1,So now it's time to make that same video for 2017,49,11
unaligned,train,GpRDC-S88dM$_$18,GpRDC-S88dM,18,I'd also like to make 12 videos that help,41,9
unaligned,train,GtRxTvuF6J0$_$7,GtRxTvuF6J0,7,"They make sure you get a well-rounded education—from financial, to leadership, strategy, economics, operations, IT—it’s a complete program.",139,18
unaligned,train,Gv0kKbfwPpI$_$2,Gv0kKbfwPpI,2,"You know, being true to one another, being physically intimate, they're all beautiful things",92,14
unaligned,train,H-AJ-grXvgQ$_$0,H-AJ-grXvgQ,0,DIANA ROBERTSON: I see in Europe that there's so much more environmental consciousness.,87,13
unaligned,train,H26MMmrHTlQ$_$7,H26MMmrHTlQ,7,SHOWERS MAINLY IN THE AFTERNOON AND TOMORROW NIGHT,50,8
unaligned,train,H26MMmrHTlQ$_$8,H26MMmrHTlQ,8,SCATTERED SHOWERS WEDNESDAY MORNING AND THE SKY BECOMING BRIGHTER LATER IN THE DAY,82,13
unaligned,train,H4RysMUSQD8$_$7,H4RysMUSQD8,7,My book was The Zoo Keeper's Wife: A War Story by Diane Ackerman.,65,13
unaligned,train,H4w9mU8B3Mc$_$7,H4w9mU8B3Mc,7,"Tests include: borrower’s occupation, property management, property income, use of loan funds and borrower’s statement of purpose.",130,17
unaligned,train,HByf7qiO-Kg$_$3,HByf7qiO-Kg,3,I manage my finances just fine,30,6
unaligned,train,HIsJqphLCyw$_$1,HIsJqphLCyw,1,"You are asking me how I would personally react, if f a criminal entered my house.",81,16
unaligned,train,HLFaW4oVP9E$_$13,HLFaW4oVP9E,13,"I'm only got one guy, I can't move around and do different shots, this is all I can do.",87,19
unaligned,train,HOCsiS0pmf0$_$2,HOCsiS0pmf0,2,"If you have only traded stocks, Indices or currencies so far you should really take the time to learn a little more before you dive into this field as commodities behave a little differently, which can have a serious impact on your trade results.",246,44
unaligned,train,HQ2LwfRcrVc$_$11,HQ2LwfRcrVc,11,"But we are very hopeful for the success of the shark and the Bluefin tuna proposals, so we're looking forward to a very exciting next couple of days.",149,28
unaligned,train,HQ2LwfRcrVc$_$8,HQ2LwfRcrVc,8,We also had some interesting policy developments on sharks today.,65,10
unaligned,train,HUH9BXVmAig$_$2,HUH9BXVmAig,2,"Now, I happened to choose to participate in it for years, and won all the way up to the national level, so I want to teach you the tricks of the trade today.",157,33
unaligned,train,HUOMbK1x7MI$_$6,HUOMbK1x7MI,6,"In other words, we want to see Social Diversity",47,9
unaligned,train,HVksxaUzv9Y$_$5,HVksxaUzv9Y,5,"There are various mines around the world that will generate a higher component of ore than other spots of the world, most notably South Africa.",143,25
unaligned,train,HXuRR2eBHHQ$_$2,HXuRR2eBHHQ,2,"I'm the author of The Traveler's Gift and The Noticer, and I am really looking forward to being with you guys in Cleveland this summer.",135,25
unaligned,train,Ha7DMd_iKyM$_$3,Ha7DMd_iKyM,3,And any marketer that wants to be successful needs to consider these and be able to adapt their programs to the changing needs of the consumer.,143,26
unaligned,train,Ha7DMd_iKyM$_$4,Ha7DMd_iKyM,4,Consumer behavior has dramatically outpaced than any of the marketing.,70,10
unaligned,train,HgDdU_RB9UA$_$10,HgDdU_RB9UA,10,"No, what Jay taught me and what I   believe he taught so many people  around the world who join us today to mourn his passing and to celebrate his life, was that we are not  in the education business or the rehabilitation business  or any other business.",254,47
unaligned,train,HgDdU_RB9UA$_$7,HgDdU_RB9UA,7,"That people with severe disabilities could live in their own homes or perform meaningful work, or lead full social life.",120,20
unaligned,train,HhpziYYP2Vg$_$16,HhpziYYP2Vg,16,"Now Tom is embarrassed and angry so he gets even more friends and they now beat up Mark and his friends, seven versus three.",124,24
unaligned,train,Hkt_kncJGVM$_$2,Hkt_kncJGVM,2,"I'm a Real Estate Broker, I don't do the videos but, I want to learn",68,15
unaligned,train,I--8nRKCkJI$_$4,I--8nRKCkJI,4,"Secondly, with this convenience available, it'll attract tourists and raise the number of people who interest Mongolia Thirdly, using the data we collected, we can educate young Mongolians so that they would raise up knowing their own identity, history, tradition and their importance",284,43
unaligned,train,I--8nRKCkJI$_$7,I--8nRKCkJI,7,"If you want to contribute through IKM Project, I welcome you to apply for Organizing Committee position! Application is open on December 1st and will close on March 31st The link to detailed info about application is in the comment section below",245,42
unaligned,train,I3SPlbTGuNc$_$5,I3SPlbTGuNc,5,And I want to thank Allan and his team for once again putting together a very important conference with a great array of speakers to talk about what we do next for developing the North,184,35
unaligned,train,I5cS_TlV5B8$_$2,I5cS_TlV5B8,2,We find it to be a great piece of software for recording and editing sound.,75,15
unaligned,train,IB0lGIxP8YY$_$11,IB0lGIxP8YY,11,That's what needs to be avoided and that's what we need to change.,66,13
unaligned,train,IB0lGIxP8YY$_$5,IB0lGIxP8YY,5,These are two disasters that harmed the weakest classes and harmed equality.,76,12
unaligned,train,IB0lGIxP8YY$_$8,IB0lGIxP8YY,8,"I understand the feelings of the young people who saw the parties in all their ugliness, parties which today are in power and two years ago were in the opposition who changed roles but enact the same policies.",209,38
unaligned,train,ICeSewdyf34$_$5,ICeSewdyf34,5,"And it's around instructional leadership, organizational leadership, operational leadership, and found the community engagement leadership that really makes a difference to ensure all kids achieve at high levels.",212,28
unaligned,train,ITQTVfk9Iqo$_$5,ITQTVfk9Iqo,5,"Ok, that makes sense but the thing is that according to the rumors the hacker makes very obvious that he is there.",114,22
unaligned,train,IW7IssCKgmI$_$9,IW7IssCKgmI,9,There’s a French restaurant on the square if you want a slap-up dinner,70,13
unaligned,train,I_r2CP56toU$_$6,I_r2CP56toU,6,"You need to car pool, yeah, that might not be an ideal situation but it will save you money.",92,19
unaligned,train,IawsOlEKRf0$_$11,IawsOlEKRf0,11,"I'm not going to lie to you and say you can get a four-pack of these for the same price you can get cheap razors for, because you can't.",136,29
unaligned,train,IawsOlEKRf0$_$26,IawsOlEKRf0,26,"Because if these little shaving cream things stay wet, they're going to melt and you're going to end up wasting most of it.",123,23
unaligned,train,IawsOlEKRf0$_$28,IawsOlEKRf0,28,"But if you're looking for a great new razor to try, I highly recommend Gillette Venus.",86,16
unaligned,train,IawsOlEKRf0$_$3,IawsOlEKRf0,3,"And they come in a handy little package, like this, to keep everything from drying out.",87,16
unaligned,train,IawsOlEKRf0$_$5,IawsOlEKRf0,5,"Now what makes these so great is this stuff right here, and right here.",71,14
unaligned,train,IkvL4IAiZog$_$8,IkvL4IAiZog,8,"So the lovely thing is that now it really makes no difference because cell phones are going to be exclusively digital, but so will the towers.",142,26
unaligned,train,IlgnbEdOhmI$_$9,IlgnbEdOhmI,9,"I have an agent, I have a financial adviser, I have a business adviser, I've got a marketing adviser, I've got several other well-known producers that just serve as advisers so I can run ideas by them while we're in pre-production.",231,41
unaligned,train,IlgnbEdOhmI$_$1,IlgnbEdOhmI,1,Welcome back to Film Producing 101 on behalf of Expert Village.,63,11
unaligned,train,IsAtAzltJNM$_$6,IsAtAzltJNM,6,I moved out here in March of 2012,33,8
unaligned,train,IsAtAzltJNM$_$8,IsAtAzltJNM,8,"And I've been yes, so I've been here since March 2012, and it wasn't what I expected",84,17
unaligned,train,Itqbc2TBXWY$_$26,Itqbc2TBXWY,26,this is really exciting for people in the GCC and we hope that you have success in going to this event and with immigrating to Canada,133,26
unaligned,train,Itqbc2TBXWY$_$23,Itqbc2TBXWY,23,"ca, and again, the link is on this post, so",43,10
unaligned,train,Itqbc2TBXWY$_$1,Itqbc2TBXWY,1,"These are going to be actual Canadian employers, coming to the region, looking for employees with specific job experience, who are interested in immigrating to Canada for these jobs",181,29
unaligned,train,Itqbc2TBXWY$_$0,Itqbc2TBXWY,0,"If you’re in the GCC and looking for a job in Canada, there’s going to be a Canadian job fair in Dubai on May 24th and in Abu Dhabi on May 26th",143,32
unaligned,train,Itqbc2TBXWY$_$6,Itqbc2TBXWY,6,"So, it’s specifically this work experience that they’re looking for",67,10
unaligned,train,Itqbc2TBXWY$_$13,Itqbc2TBXWY,13,"The event is actually an employer driven event, which means they’re going to have an information session but then they’re actually going to be conducting interviews after so make sure you come prepared with all of your documents, your CV and your other supporting documents with you",282,47
unaligned,train,Itqbc2TBXWY$_$18,Itqbc2TBXWY,18,"So as I mentioned, there is a link, on this Facebook post, that you can go to, to register",90,19
unaligned,train,IwQWibE8EOM$_$3,IwQWibE8EOM,3,"And I’ve seen firsthand what a difference it can make for entrepreneurs — especially for women and people from marginalized communities — to connect with each other, to get feedback on their ideas, and build the networks that can help turn their dream for a business or program or app into reality.",298,52
unaligned,train,Iz_PDdyXr-8$_$3,Iz_PDdyXr-8,3,"Marketers are really thinking about not just what's happening today, but what's happening next with innovation in technology.",125,18
unaligned,train,J3-NEG8uoiE$_$11,J3-NEG8uoiE,11,Pi encounters another blind man who is also floating on a boat.,63,12
unaligned,train,J3-NEG8uoiE$_$1,J3-NEG8uoiE,1,"This is a story about a young man named Piscine Patel, or Pi, whose family owns a zoo in India.",95,20
unaligned,train,J3-NEG8uoiE$_$3,J3-NEG8uoiE,3,"The family decides to move to Canada, but on the way there, their ship sinks and Pi finds himself on a lifeboat with a tiger, Richard Parker, a hyena, a zebra, and an orangutan.",177,34
unaligned,train,J3JU1zBQ4RM$_$2,J3JU1zBQ4RM,2,And we also make sure that we meet up every single quarter at a destination to have a quarterly meeting,103,20
unaligned,train,J7UduuBfnrE$_$4,J7UduuBfnrE,4,So what is Trump's team saying now about his inability to get a deal done,73,15
unaligned,train,J7UduuBfnrE$_$7,J7UduuBfnrE,7,"And to be fair, he didn't really know the system",48,10
unaligned,train,J7UduuBfnrE$_$6,J7UduuBfnrE,6,"-That's right, Washington is just a lot more broken that Donald Trump thought",77,13
unaligned,train,J7UduuBfnrE$_$8,J7UduuBfnrE,8,-Nobody knows the system better than me,39,7
unaligned,train,JAbFsRxxnFo$_$0,JAbFsRxxnFo,0,"I have to say here at Ollie &amp; Darsh, the customer care is absolutely brilliant.",83,15
unaligned,train,JCg26b8EO48$_$4,JCg26b8EO48,4,"See Hope must be our anthem cause one day we will witness, Christ coming down to bring the kingdom in its fullness",114,22
unaligned,train,JCg26b8EO48$_$6,JCg26b8EO48,6,"Cause this world is broken but beautiful, and God uses us to help restore it before our funerals",96,18
unaligned,train,JDgqyOkzXHw$_$0,JDgqyOkzXHw,0,Being a conservative and being a Republican align but not fully,63,11
unaligned,train,JDgqyOkzXHw$_$7,JDgqyOkzXHw,7,What it means to be a Democrat as I understand a lot of the party is focused on diversity but often I see diversity of skin color and not so much diversity of thought which is most concerning to me because at the end of the day we should be judged by what's in our mind and the contents of our character rather than the color of our skin,337,69
unaligned,train,JDgqyOkzXHw$_$9,JDgqyOkzXHw,9,Being a Democrat means you stand up for people whose voices might not be heard as loudly as others,98,19
unaligned,train,JF-5nlUNx_g$_$20,JF-5nlUNx_g,20,And my hope is that what works for me is going to work for you,62,15
unaligned,train,JF-5nlUNx_g$_$21,JF-5nlUNx_g,21,"But this coming week, we're going to have more fun in the sense that you're not aware that hard, because you're going to be using a flatbed scanner and you're going to be a bit shocked at some of the wonderful images you can get from that",238,47
unaligned,train,JF-5nlUNx_g$_$2,JF-5nlUNx_g,2,We are now starting week one of the course,42,9
unaligned,train,JF-5nlUNx_g$_$5,JF-5nlUNx_g,5,"Now, first of all, I am not requiring anything of you",53,11
unaligned,train,JF-5nlUNx_g$_$13,JF-5nlUNx_g,13,"But you'll be losing f-stops in the process, and you'll find out more about aperture and f-stops in the oncoming weeks",118,21
unaligned,train,JF-5nlUNx_g$_$16,JF-5nlUNx_g,16,"But just getting back to the equipment, for example, when we get up to using a camera and a lens, which is in a week two, you're going to see that I'm going to suggest using software",182,37
unaligned,train,JF-5nlUNx_g$_$18,JF-5nlUNx_g,18,"So in the end, please consider following what we're suggesting",62,10
unaligned,train,JGEEA_JVriE$_$0,JGEEA_JVriE,0,"Hey guys, this is Michael got a question for you, are you ready to reinvent yourself? You know reinvent means to change something so much that it seems Entirely how it appears entirely new it's come look completely New are you ready to be are you ready to get to that point? Are you ready to? reinvent yourself if you are Understand because I was I got to that point while I was ready to reinvent myself Because I looked at myself one day and I said I am tired",460,90
unaligned,train,JHW3nD6flgU$_$4,JHW3nD6flgU,4,"I could also say that throughout school I had a perfect attendance, so the days that I am scheduled, I will be here",115,23
unaligned,train,JHW3nD6flgU$_$8,JHW3nD6flgU,8,Remember that these are my suggestions,38,6
unaligned,train,JLqBVj6f5gI$_$21,JLqBVj6f5gI,21,We must continue to challenge ourselves as a people to reach our highest potential.,83,14
unaligned,train,JLqBVj6f5gI$_$17,JLqBVj6f5gI,17,The selection of the vehicle needed to transport our astronauts beyond low-earth orbit is one of the most important decisions NASA will make this decade.,153,25
unaligned,train,JLqBVj6f5gI$_$8,JLqBVj6f5gI,8,"President Obama challenged us to be bold and dream big, and that's exactly what we are doing at NASA.",101,19
unaligned,train,JMb18N7lQ0A$_$1,JMb18N7lQ0A,1,That's the ability to buy an individual rather than a proxy for an individual.,78,14
unaligned,train,JMzilFvwNXE$_$4,JMzilFvwNXE,4,"It's more of working in a constructive way, finding other kinds of applications",79,13
unaligned,train,JP95Fby6qLE$_$23,JP95Fby6qLE,23,"If you can relax deeply, breathe fully, and be generous with sound, you’re much more likely to speak confidently and genuinely with your whole being.",149,25
unaligned,train,JP95Fby6qLE$_$1,JP95Fby6qLE,1,"But when you think about it, it’s little wonder communication skills become less effective under those circumstances.",117,17
unaligned,train,JSlTJsUulH0$_$2,JSlTJsUulH0,2,"And when we're talking about vocal expression, we're talking about several different elements.",94,13
unaligned,train,JW3OfSCZlhc$_$5,JW3OfSCZlhc,5,"93/60 FRIDAY: SHOWERS - THEN, SOME CLEARING",43,7
unaligned,train,JX-mwjSw0dk$_$8,JX-mwjSw0dk,8,But I mean for now it just seems like my days are filled with so much routine.,78,17
unaligned,train,JYdfUNjyYxo$_$5,JYdfUNjyYxo,5,"” The interviewer concludes that Hans will eventually “develop the ability to elaborate and give more complete explanations, but he’s not there yet",147,23
unaligned,train,JYsAacFmXEo$_$11,JYsAacFmXEo,11,The great thing about running in a project management system is you can track what’s going on.,94,17
unaligned,train,JYsAacFmXEo$_$17,JYsAacFmXEo,17,"I hope you enjoyed that little tip and if you have any more questions, I’d love to hear from your feedbacks and your comments just right below down here.",153,29
unaligned,train,J_DtcW86D9c$_$2,J_DtcW86D9c,2,"We also make it very easy for people then to, as Arianna was mentioning this morning, to empathize.",99,18
unaligned,train,J_DtcW86D9c$_$9,J_DtcW86D9c,9,"Now with the technology that’s available, and with the social tools that are available, it’s very easy for you to participate.",126,21
unaligned,train,Ja7phs8EbWk$_$10,Ja7phs8EbWk,10,"I sincerely hope you enjoyed the course and earned the grade you wanted, and I hope the rest of your semester ended well.",121,23
unaligned,train,Ja7phs8EbWk$_$6,Ja7phs8EbWk,6,I will only respond to concerns about miscalculations or other possible errors.,79,12
unaligned,train,JcmqmLaL_MQ$_$7,JcmqmLaL_MQ,7,And I know with regards to HIV I don't to become [inaudible] around the world bringing HIV prevention to those that are living with HIV.,136,25
unaligned,train,JdFaSggG58c$_$5,JdFaSggG58c,5,Do you get upset when others don't act the way you think they should act,72,15
unaligned,train,JdFaSggG58c$_$6,JdFaSggG58c,6,Does your mood rise and fall with the weather,45,9
unaligned,train,Jh1uDYOJMwk$_$1,Jh1uDYOJMwk,1,It's very important that we try to step outside of an event to examine the positive experiences we can get from it.,115,22
unaligned,train,Jh1uDYOJMwk$_$4,Jh1uDYOJMwk,4,"Unfortunately, another way that people seek to reduce stress is through drug use.",81,13
unaligned,train,JlmpDdm1A1Y$_$3,JlmpDdm1A1Y,3,"Every time we produce the newsletter there's going to be a feature article, video tips, job interview tips, general career advice, information about redundancy and outplacement support that we provide as well",208,32
unaligned,train,JvgofTcCSEc$_$15,JvgofTcCSEc,15,"We also have, since we carry a variety of different types of merchandise, we wanted to make it easy for customers to come in and find what they are looking for.",160,31
unaligned,train,JvgofTcCSEc$_$19,JvgofTcCSEc,19,So everything isn't just all mixed together making it difficult for customers to find what they're looking for.,111,18
unaligned,train,JwzxqrD8tIo$_$9,JwzxqrD8tIo,9,"Also, I think if you're hitting on someone, it might be a nice thing for you to admit or possibly apologize, for interrupting their work out.",141,26
unaligned,train,JzydLJw6y6o$_$14,JzydLJw6y6o,14,""" In which we have Arale from Dr",32,8
unaligned,train,JzydLJw6y6o$_$0,JzydLJw6y6o,0,"Then that makes the most sense, especially since Hit's now been re-energized after hundreds of years of, Dormancy and weariness",127,20
unaligned,train,JzydLJw6y6o$_$8,JzydLJw6y6o,8,"And honestly, I'm not gonna make any speculations right now",59,10
unaligned,train,K5cGfs3i-tk$_$0,K5cGfs3i-tk,0,"...people with disabilities, because golf is the ultimate rehabilitation tool.",78,10
unaligned,train,K62NK2KYhws$_$10,K62NK2KYhws,10,"In my book, I give you steps to create your own branding statement.",67,13
unaligned,train,K62NK2KYhws$_$15,K62NK2KYhws,15,You’ll learn my five proven ways to create a blockbuster USP.,61,11
unaligned,train,K62NK2KYhws$_$3,K62NK2KYhws,3,"Our next initiative in marketing messaging should be to position, or reposition, your product or organization, and create a compellingly unique selling proposition.",164,23
unaligned,train,K62NK2KYhws$_$8,K62NK2KYhws,8,"And a strong USP is an easy way to make this new, long-term memory.",67,14
unaligned,train,K7FiMf-Dmwo$_$2,K7FiMf-Dmwo,2,Another question I am frequently asked - involves a person's musical background.,80,12
unaligned,train,K7KEtrgBkz4$_$9,K7KEtrgBkz4,9,"Also, you may want to be sure that you order appetizers when you're in a five-star restaurant, it is expected to order appetizers.",130,23
unaligned,train,K9-KyChw8RM$_$8,K9-KyChw8RM,8,These are the common mistakes people make when they buy promotional products and how to avoid them.,99,17
unaligned,train,K9U2TAF9DDY$_$6,K9U2TAF9DDY,6,So I'm going to take off this pitch envelope right now,54,11
unaligned,train,K9faaGel838$_$0,K9faaGel838,0,"Today some hard lessons all candidates should hear, courtesy of the American Presidential campaign.",99,14
unaligned,train,KD0w4BrNXQg$_$11,KD0w4BrNXQg,11,"So.... no siestas, long working hours and low pay... how do we explain Spanish unemployment?",92,15
unaligned,train,KD0w4BrNXQg$_$7,KD0w4BrNXQg,7,"More Germans, Italians and British sleep siestas than Spaniards.",64,9
unaligned,train,KEUVzxC7T3E$_$4,KEUVzxC7T3E,4,We want to know all the factors that would cause there to be a falsely high reading on the blood test or the breath test.,121,25
unaligned,train,KI2sU-mhM44$_$16,KI2sU-mhM44,16,"My view on this is Democrats are committed to getting down the cost of college, and that means both on student loans for those who've already got them, and it means on the cost going forward for anybody going to college.",220,41
unaligned,train,KLy4aBLqwCk$_$15,KLy4aBLqwCk,15,"So if I'm diapers.com I can sell diapers to people in Texas, in California, in New York simultaneously.",103,18
unaligned,train,KLy4aBLqwCk$_$17,KLy4aBLqwCk,17,If I'm diapers.com maybe I can offer a far greater assortment of diaper products than any one local supermarket could also offer.,129,22
unaligned,train,KPeos6f4HuQ$_$6,KPeos6f4HuQ,6,"So in Devil in a Blue Dress, you are following this character named Easy Rawlins",80,15
unaligned,train,KQ86HmgwUns$_$11,KQ86HmgwUns,11,"So there are some things to consider when you're taking a look at a tax-free mutual fund to make sure it truly is going to be tax-free for your situation ,and that you do understand the tax ramifications for your situation.",223,41
unaligned,train,KR4MpF0YtgE$_$1,KR4MpF0YtgE,1,"consumers, they're every bit as robust as any other country in the world.",73,13
unaligned,train,K_5u2Wh_wGk$_$5,K_5u2Wh_wGk,5,But we also have to talk about people and programs who are trying to work with that individual about their lack of awareness.,125,23
unaligned,train,Kep_mLLXsqk$_$3,Kep_mLLXsqk,3,The best way to use a compress is to take a cold compress and to lay face down pressing over the site.,102,22
unaligned,train,Kep_mLLXsqk$_$7,Kep_mLLXsqk,7,You can always use medications like creams and suppositories which are most effective in relieving any pain and discomfort.,123,19
unaligned,train,Kmtib-wZ0jM$_$0,Kmtib-wZ0jM,0,"On behalf of the whole House, let me say how shocked and heartbroken I am by the murder of innocent churchgoers in Charleston.",126,23
unaligned,train,L0WUuWYNeCo$_$26,L0WUuWYNeCo,26,"Much of what you'll learn about finance is not rocket science, but there are many conflicting opinions on the topic and so people tend to choose the easy route, do nothing",171,31
unaligned,train,L0WUuWYNeCo$_$27,L0WUuWYNeCo,27,Ok the truth is you have to be smarter that that,48,11
unaligned,train,L0WUuWYNeCo$_$2,L0WUuWYNeCo,2,It's a known fact that most Australians in today's society are time poor,72,13
unaligned,train,L0WUuWYNeCo$_$5,L0WUuWYNeCo,5,In truth all that it's really doing is providing them with a place to store their money whilst providing them with minimal returns,130,23
unaligned,train,L0WUuWYNeCo$_$8,L0WUuWYNeCo,8,"None of which is financially smart moves, but which many have done and you know they've either been told by friends of being successful or simply they require no extra time or effort from their own busy lives already",216,39
unaligned,train,L0WUuWYNeCo$_$11,L0WUuWYNeCo,11,"By then however it's probably too late and, living in the luckiest country on earth won't mean anything when the government coffers are empty",141,24
unaligned,train,L0WUuWYNeCo$_$10,L0WUuWYNeCo,10,"Their retirement seems a distant reality, until they wake up one morning and realise retirement is just around the corner and they're going to need a lot more money than they've saved",183,32
unaligned,train,L2uC4_Co9uw$_$0,L2uC4_Co9uw,0,"We've seen sustainability increase dramatically over the past decade or so, as consumer demands have really shifted and aligned with their values and morals and ethics.",168,26
unaligned,train,L382XZ6iZmM$_$7,L382XZ6iZmM,7,Taking time to contemplate what you’re grateful for isn’t merely the right thing to do,86,15
unaligned,train,L5a2ijeWpUI$_$4,L5a2ijeWpUI,4,"Moreover, even among those who were against the Alien &amp",58,10
unaligned,train,L6pg3DQKoH4$_$0,L6pg3DQKoH4,0,I had the opportunity to talk to a lot of Saskatchewan people this summer,73,14
unaligned,train,LHC7ZKJy4Zw$_$1,LHC7ZKJy4Zw,1,We have just had a wonderful conversation,41,7
unaligned,train,LUKIYWa0UGA$_$7,LUKIYWa0UGA,7,I am from Sanger Ca,19,5
unaligned,train,LUf9vbe0TcQ$_$1,LUf9vbe0TcQ,1,"Fixed annuities are a great investment for folks to consider investing in, because you have the power of triple compounding.",124,20
unaligned,train,LX2rT5C3sJs$_$5,LX2rT5C3sJs,5,"During our 30-minute, content marketing strategies for digital signage webinar, we discuss how to integrate content marketing techniques into digital signage.",158,21
unaligned,train,LX2rT5C3sJs$_$6,LX2rT5C3sJs,6,"We talk about using content marketing as part of your overall communication strategy, using content marketing to attract and retain audiences, using content marketing to change or influence behavior, and measuring the effectiveness of your content marketing efforts.",266,38
unaligned,train,LZl9Sj1safM$_$0,LZl9Sj1safM,0,And you're never going to know about those if you don't know someone who can tell you about them,96,19
unaligned,train,L_XttWZBKss$_$3,L_XttWZBKss,3,it meets on a monthly basis and is again crucial with regard to participatory governance and final decision making.,115,19
unaligned,train,LityRNuQihc$_$13,LityRNuQihc,13,"As far as I know, Harry is the only one that’s beaten Mercedes Benz in the state of Indiana on lemon law suite.",111,23
unaligned,train,LityRNuQihc$_$1,LityRNuQihc,1,I had been asked to speak to you on behalf of my friends at Krohn and Moss.,75,17
unaligned,train,LityRNuQihc$_$2,LityRNuQihc,2,"I bought an S600 from a dealer in Mishawaka, Indiana by the name of Gurley-Leep.",80,15
unaligned,train,LityRNuQihc$_$5,LityRNuQihc,5,It had repeated problems and spent more time in the shop than it did on the road.,81,17
unaligned,train,LpbSYaPRTqI$_$1,LpbSYaPRTqI,1,I'm a professor at National Taiwan University.,46,7
unaligned,train,LppEvM60-xo$_$9,LppEvM60-xo,9,"If you have not had time, please take a few moments to learn more about the Biofreeze brochures and sample packs that are also available to you.",144,27
unaligned,train,Lxs_6Tvq12E$_$3,Lxs_6Tvq12E,3,"Put in all honesty, I would pick one that you find entertaining to you.",71,14
unaligned,train,M2Pb2kx77ww$_$8,M2Pb2kx77ww,8,"You know, were they poor, were they rich, were they, you know, affluent, were they middle class?",96,17
unaligned,train,M2Pb2kx77ww$_$35,M2Pb2kx77ww,35,"Or no, no maybe he's more left wing, or right wing or whatever it is.",69,15
unaligned,train,MBDZbACupsc$_$11,MBDZbACupsc,11,HE SAID I'M NOT SO FRUSTRATED THAT I'M GOING TO LEAVE,53,11
unaligned,train,MBDZbACupsc$_$7,MBDZbACupsc,7,SECRETARY OF STATE REX TILLERSON DID THE SAME THING A WEEK EARLIER,66,12
unaligned,train,MCRCXXPqFOI$_$2,MCRCXXPqFOI,2,This has been a trend that we have observed for about 5 years.,62,13
unaligned,train,MFrwi-RibUk$_$13,MFrwi-RibUk,13,You can register for that also on the website,45,9
unaligned,train,MFrwi-RibUk$_$0,MFrwi-RibUk,0,"Hello Sydney, this is Peter Toth speaking from Anazao",53,9
unaligned,train,MFrwi-RibUk$_$6,MFrwi-RibUk,6,"Moving healing from the random and the haphazard to the methodical, the predictable and in and in attending our two-week school you are going to find clues and keys that are going to really set you free",202,37
unaligned,train,MIuJDn_0yVU$_$3,MIuJDn_0yVU,3,You're not going to be doing as good a job as you could be.,59,14
unaligned,train,MJnc4GUhUuY$_$3,MJnc4GUhUuY,3,"Guard your pockets, check your own belongings",45,7
unaligned,train,MJnc4GUhUuY$_$4,MJnc4GUhUuY,4,You'll be one satisfied customer,32,5
unaligned,train,MJnc4GUhUuY$_$9,MJnc4GUhUuY,9,"Subway, there's your electric eye",33,5
unaligned,train,MKShLlJ7X7g$_$1,MKShLlJ7X7g,1,"He took AP English, both of them, AP World History and AP Latin and it was an incredible experience.",100,19
unaligned,train,MKShLlJ7X7g$_$2,MKShLlJ7X7g,2,It was the first time he really waited for classes to begin.,60,12
unaligned,train,MMaEsDdBsvM$_$0,MMaEsDdBsvM,0,"At Payoneer, what inspires us most everyday is the incredible stories of you, our community and all the amazing things you're doing as you're building your businesses We're really excited to have the opportunity to introduce The Payoneer Entrepreneurship Awards.",262,40
unaligned,train,MNXBOeiPhec$_$2,MNXBOeiPhec,2,"Remember, the relationship of the foundation is much longer term in terms of its support than the leadership of any one time of its partner institution.",152,26
unaligned,train,MNXBOeiPhec$_$7,MNXBOeiPhec,7,Inter-generational equity demands that we provide the gift today and also to future generations of students.,108,16
unaligned,train,MOfEl_1dh-g$_$4,MOfEl_1dh-g,4,"And also there's not very much guitars going on, so it's muted in that sense.",77,15
unaligned,train,MPRqaQqrd9Y$_$7,MPRqaQqrd9Y,7,"If you don't have that information still, which most people don't, you can always contact your credit card company and they can give that information to you.",157,27
unaligned,train,MTU_thei3-c$_$8,MTU_thei3-c,8,"They must understand it, and it must be understood within the first three seconds of your conversation.",103,17
unaligned,train,MWCNzYUCys0$_$0,MWCNzYUCys0,0,Hi this is Ryan Tapp on behalf of Expert Village and this is smack talking through broadcasting.,96,17
unaligned,train,MZoLQD83R-4$_$5,MZoLQD83R-4,5,"Probably just inappropriate if this customer over hears it no matter how professional your working towards being with that customer, what ever is taking place over here it's over heard can definitely have bearing on your dealing with that customer.",248,40
unaligned,train,MZoLQD83R-4$_$8,MZoLQD83R-4,8,"Remember those customers can hear what's going on around them to and when they hear that type of conversation or that type of language being used, even if it's not directed and them.",182,33
unaligned,train,MbpPBLUjpV4$_$16,MbpPBLUjpV4,16,• Be prepared to take a pre-employment assessment test as many positions require this as part of the process.,109,19
unaligned,train,MbpPBLUjpV4$_$0,MbpPBLUjpV4,0,"So, you are interested in possibly filling out a Walmart application right?",75,12
unaligned,train,MnFRVJtHAeo$_$0,MnFRVJtHAeo,0,"The price tag was reportedly around £100,000, and here's the kicker: it went on for four days",93,17
unaligned,train,MroQfGehC84$_$1,MroQfGehC84,1,"Today, I want to teach you guys about three different expressions that American English speakers use to say ""how are you"" basically",131,22
unaligned,train,MsjnLoTKAXo$_$0,MsjnLoTKAXo,0,So she is admitted now,22,5
unaligned,train,MsjnLoTKAXo$_$2,MsjnLoTKAXo,2,I hope to be able to carry more patients at a time,50,12
unaligned,train,MsjnLoTKAXo$_$5,MsjnLoTKAXo,5,It makes time go by faster and it's like an enjoyable time,58,12
unaligned,train,MvFFYObY9A8$_$2,MvFFYObY9A8,2,"Good oral hygiene is so important that the average American household spends anywhere from $102.00 on entry-level products to $150.00 on high-end products every seven months on traditional oral hygiene, tooth paste, mouthwash, breath mints.",240,35
unaligned,train,Mw4EZYZAd9c$_$5,Mw4EZYZAd9c,5,"But once you have that schedule, be sure to stick with it, because your subscribers and viewers are going to be expecting that and you need to meet that expectation.",165,30
unaligned,train,MyfRrTjglm8$_$1,MyfRrTjglm8,1,There are definitely days when I have a lot of sleep and I've taken couple naps in internal medicine,100,19
unaligned,train,MyfRrTjglm8$_$0,MyfRrTjglm8,0,going in every Saturday as well so I think that's why the average is a little low,81,17
unaligned,train,MyfRrTjglm8$_$2,MyfRrTjglm8,2,The way the software works for my watch is it will add in all the naps as part of your sleep,92,21
unaligned,train,N0pKIn6VhOw$_$2,N0pKIn6VhOw,2,In the past I did the incoming for the federal and state,56,12
unaligned,train,N3QuD26DuCI$_$1,N3QuD26DuCI,1,"AMY WAS IN NEW YORK CITY PROMOTING HER NEW BOOK, ""THE GIRL WITH THE LOWER BACK TATTOO",85,17
unaligned,train,N3QuD26DuCI$_$0,N3QuD26DuCI,0,"AMY AND THE KARDASHIANS DON'T NECESSARILY SEE EYE TO EYE, RIGHT",63,11
unaligned,train,N3QuD26DuCI$_$2,N3QuD26DuCI,2,""" AND SHE WENT INTO A BARNES &amp",33,8
unaligned,train,N3QuD26DuCI$_$5,N3QuD26DuCI,5,DAX: ALL OF YOUR FANS,21,5
unaligned,train,N7tS7A0WWpM$_$1,N7tS7A0WWpM,1,I went in because I was experiencing some neck pain and some neck stiffness,75,14
unaligned,train,N7tS7A0WWpM$_$3,N7tS7A0WWpM,3,"Matt, he saw that the natural curve in my neck was actually straight",68,13
unaligned,train,NCJTV5KaJJc$_$1,NCJTV5KaJJc,1,Our challenge is to find the compassion for others that we want them to have for us,83,17
unaligned,train,NCJTV5KaJJc$_$9,NCJTV5KaJJc,9,"I get a lot of really nice letters, lots of them",48,11
unaligned,train,NG7QLq4XlWo$_$15,NG7QLq4XlWo,15,"How are you conveying that job to them in a way that’s going to get them excited and help you close them? That spirit is what you should be taking into the job description and into the copy that you’re writing, to actually build something that is going to actually compel people to convert, and in this case conversion will be applying to that actual job",354,66
unaligned,train,NG7QLq4XlWo$_$1,NG7QLq4XlWo,1,"Job descriptions are sadly, one of the least involved tools in our recruiting playbook",86,14
unaligned,train,NG7QLq4XlWo$_$3,NG7QLq4XlWo,3,"So, instead of taking that template job description off the shelf and reusing that for your next hire, you know, look at the job description, look for opportunities where you can actually tweak that and make that more appealing to the audience you’re trying to connect with",273,47
unaligned,train,NG7QLq4XlWo$_$5,NG7QLq4XlWo,5,All these things will make your job descriptions more appealing to job seekers,78,13
unaligned,train,NKindd5Xn3s$_$4,NKindd5Xn3s,4,for example a positive view of something specific Video or a comment to support the information shown on the video or that such constructive criticism on the subject.,166,28
unaligned,train,NOl0v54DaXo$_$10,NOl0v54DaXo,10,Let's go for a coffee,21,5
unaligned,train,NOl0v54DaXo$_$3,NOl0v54DaXo,3,I'm not a famous journalist,27,5
unaligned,train,NSihgq4R8Z0$_$2,NSihgq4R8Z0,2,I always hate when I put the same word twice in a sentence.,59,13
unaligned,train,NSihgq4R8Z0$_$16,NSihgq4R8Z0,16,"Because that, while it's a great consumer opportunity, is not necessarily a great marketing opportunity.",104,15
unaligned,train,NYuY6HVjMZQ$_$1,NYuY6HVjMZQ,1,Afterwards I will share my personal experience how you can reduce your chances of failure in EMC E20-390 exam which is related to “EMC VNX Solutions Specialist” and credits towards “EMC VNX Solutions Specialist for Implementation Engineers” Certification.,255,38
unaligned,train,NYuY6HVjMZQ$_$6,NYuY6HVjMZQ,6,The answer is “no”. Most candidates fail to pass the certification exam because they think they have completed related material and course now they are ready to win the title.,175,30
unaligned,train,Na6170hd8po$_$11,Na6170hd8po,11,"""I know what my main concept is, and I know what I want to say about it."" So, it gives you a lot of freedom of expression, based on your topic.",143,31
unaligned,train,NkbRuTJaj_M$_$18,NkbRuTJaj_M,18,"I am Hazely Lopez from Hazely Academy of Refinement and Modeling, and remember, there's nothing better than a gentleman with manners.",133,21
unaligned,train,O0Nn-5UkfoA$_$2,O0Nn-5UkfoA,2,I think they need to be yournger and they need to speak much more openly with the corridors of power.,101,20
unaligned,train,O2CEvvYWWbU$_$10,O2CEvvYWWbU,10,"We picked this up, $29, and what's sweet about this, or maybe, is it's a ""360 degree motorized roatating antenna"" those words alone just say $29",144,26
unaligned,train,O3whFU2lAAk$_$8,O3whFU2lAAk,8,"And we're taught as instructors never to tell your class that this is your first time doing it because it illicit sympathy, not certainly during the class.",155,27
unaligned,train,O3whFU2lAAk$_$2,O3whFU2lAAk,2,"Well, the class was to be ended up by, I set the class up to be a three-hour class and I was going to deliver some extra information and I figured that after about an hour, hour and fifteen minutes, I would give the class a break to use the restroom and then I would finish up the class.",287,59
unaligned,train,O3whFU2lAAk$_$5,O3whFU2lAAk,5,"So short enough when the class resume fifteen minutes later after the bathroom break, I couldn't help but say something.",120,20
unaligned,train,O3whFU2lAAk$_$11,O3whFU2lAAk,11,"So we got down at the end of day two and I finished up and I sort of bow my head and I said, ""thank you very much"", and as I lifted my head the whole room had stood up to give me a standing ovation.",198,46
unaligned,train,O8IJh_L0EfM$_$5,O8IJh_L0EfM,5,"If you please comment below, or if you can please give me a call guys; at the office here at (780) 410- 4100 ext",112,24
unaligned,train,OAV6KKf60bQ$_$10,OAV6KKf60bQ,10,He would be definitely of a higher status,41,8
unaligned,train,OAV6KKf60bQ$_$0,OAV6KKf60bQ,0,"Generally speaking, you are all consider yourselves peers",57,8
unaligned,train,OAV6KKf60bQ$_$6,OAV6KKf60bQ,6,Or you would have a lower status than your teacher,50,10
unaligned,train,OBaMn1-x7jQ$_$7,OBaMn1-x7jQ,7,Did I get all their friends,27,6
unaligned,train,OEOkmrKvTUo$_$0,OEOkmrKvTUo,0,"Okay, we're talking about different styles of improv comedy, and the more you learn about improv the more you'll find out there's these different kinds you can study.",166,28
unaligned,train,OEOkmrKvTUo$_$6,OEOkmrKvTUo,6,"It happens to be that I know I mentioned theater sports, another style of improv, a lot of people that begin with studying theater sports end up doing narrative long form because both of those formats have a narrative or story based root.",238,43
unaligned,train,OEesmAnTpeA$_$10,OEesmAnTpeA,10,"However, those are really the only disadvantages of speaking extemporaneously.",78,10
unaligned,train,OFBc3z99bIc$_$12,OFBc3z99bIc,12,"Now my son, being the computer savvy person that he is, is sitting next to me while Timothy is getting the numbers for what that diamond is worth.",146,28
unaligned,train,OFBc3z99bIc$_$15,OFBc3z99bIc,15,"I'm in the car business, and when we take cars in on trade or we buy them off the street from somebody, we don't give them over wholesale book because you don't make money that way.",181,36
unaligned,train,OFBc3z99bIc$_$14,OFBc3z99bIc,14,They ended up giving me $500 over wholesale for that diamond.,61,11
unaligned,train,OGXUtVG0Y9w$_$1,OGXUtVG0Y9w,1,"I went to the University of Granada where I had to take classes in Spanish, and that was challenging at first but people are very friendly, the classes were small so it wasn't too intimidating to ask questions and overall the social aspect in Granada was really great.",268,48
unaligned,train,OHWyYVux-yw$_$10,OHWyYVux-yw,10,"They are the original native ads and have been running successfully for decades, selling billions of dollars of products.",121,19
unaligned,train,OHWyYVux-yw$_$14,OHWyYVux-yw,14,"That will take you to a page where you can get free, instant access to a special video I put together just for you.",115,24
unaligned,train,OHWyYVux-yw$_$18,OHWyYVux-yw,18,It will literally save you massive amounts of time and money.,61,11
unaligned,train,OHWyYVux-yw$_$2,OHWyYVux-yw,2,"Marketing trip wire is basically a low ticket product offering that solves a specific problem in your prospects life, and you put it at such a low price and you add such high value to it, that it becomes an irresistible offer.",226,42
unaligned,train,OKSx1zxHGpQ$_$5,OKSx1zxHGpQ,5,Go to networking functions,26,4
unaligned,train,OKSx1zxHGpQ$_$4,OKSx1zxHGpQ,4,Now the next thing we do is that we network locally in order to hand these business cards out,93,19
unaligned,train,OKSx1zxHGpQ$_$8,OKSx1zxHGpQ,8,"Now the problem is, most networkers in TLC and other companies, they will go into these networking events and they will just throw up information",145,25
unaligned,train,OKSx1zxHGpQ$_$15,OKSx1zxHGpQ,15,You want people asking you questions and you are able to just give them small snippets of information and if they are really interested then you can have them take a look at your website or video or something like that,218,41
unaligned,train,OKSx1zxHGpQ$_$16,OKSx1zxHGpQ,16,Now the next thing you wanna do is actually personalize these Total Life Changes business cards,95,16
unaligned,train,OKSx1zxHGpQ$_$19,OKSx1zxHGpQ,19,They remember that conversation,31,4
unaligned,train,OOh1_ffKOKk$_$2,OOh1_ffKOKk,2,"It is two way, not one way, and then looking at it as multiple ways.",68,15
unaligned,train,OPXmk49KyiU$_$1,OPXmk49KyiU,1,"Dominic Nixon, Asia Financial Services Leader at PwC comments: ""The real story is not so much the speed of growth within SAAAME, but how interconnected the trade flows between these markets have become."" she says.",213,35
unaligned,train,OSyKmOye5Uo$_$4,OSyKmOye5Uo,4,So make sure you subscribe to our YouTube channel to be updated about the new videos that we put out or if you have any questions feel free to visit our website where we have a number of piano parts tools and accessories available for sale our website is howardpianoindustries.com,280,50
unaligned,train,O_fTDhCtAhw$_$8,O_fTDhCtAhw,8,"And now since I don't intend to install Java anytime soon I'm going to keep this hidden myself, Hide Update And that's all there is to it.",138,27
unaligned,train,O_fTDhCtAhw$_$7,O_fTDhCtAhw,7,Now if you want to show that update again All you have to do is go over here to Store Down on the bottom Show All Software Updates Now it's going to go back out and search for updates And it will show you those updates again.,225,47
unaligned,train,O_fTDhCtAhw$_$6,O_fTDhCtAhw,6,All you have to do is right-click on the update And select Hide Update.,71,14
unaligned,train,Ob8vPQCPDX0$_$1,Ob8vPQCPDX0,1,I also had interacted with enough health care professionals both in the Austin and San Antonio area to you know recognize that San Antonio is a great place for getting good clinical experience in good clinical practice,218,37
unaligned,train,Ob8vPQCPDX0$_$2,Ob8vPQCPDX0,2,"Not that you wouldn't get that in Austin but San Antonio is just a much larger market, it's got a unique population, and the reputation that UT Health Science Center's School of Nursing had in Texas-- I heard very good things about it and I'd also met nurses in the Austin area who'd also am graduated from the program and had nice things to say about it",354,67
unaligned,train,OcqJx_cRc3Y$_$2,OcqJx_cRc3Y,2,Even if a candidate has studied well via book and tutorials he remains anxious about the fear of unknown questions that might be asked in the actual exam the solution is practice exams practice exams not only remove your exam anxiety but also boost your confidence.,265,46
unaligned,train,OdKp0hYomgs$_$10,OdKp0hYomgs,10,"Humanity is starting to seep into his psyche, and it all crescendo's in the moment when he says: ""THAT'S MY BULMAA",114,21
unaligned,train,OdKp0hYomgs$_$3,OdKp0hYomgs,3,His atoning for his past sins is a truly remarkable and poignant moment in Dragon Ball,86,16
unaligned,train,Oj3XwBBrzXc$_$1,Oj3XwBBrzXc,1,Today we're in Seattle at a Microsoft symposium for public safety.,66,11
unaligned,train,Op3CnqRLD9w$_$3,Op3CnqRLD9w,3,"They can build a business that drives the financial outcomes that they need to live the life that they wanna live They have the freedom to choose when and where they want to work, and they have the autonomy to choose who is that they want to work with",251,49
unaligned,train,OwYfPi9St0w$_$1,OwYfPi9St0w,1,"It balances the piece of siding, it provides water repellency to the back, and it aids in the performance of film forming top coats.",132,24
unaligned,train,OxyQSJMvWBo$_$11,OxyQSJMvWBo,11,"I was like, this guy won't last a week",38,9
unaligned,train,OxyQSJMvWBo$_$13,OxyQSJMvWBo,13,"And sales is really macho, you know",35,7
unaligned,train,OxyQSJMvWBo$_$12,OxyQSJMvWBo,12,"He was so quiet and shy and you could barely hear him when he spoke, and that wasn't very often",95,20
unaligned,train,P0WaXnH37uI$_$5,P0WaXnH37uI,5,"So we have to prepare in order to be able to resist, to deal with the storm",75,17
unaligned,train,P0WaXnH37uI$_$4,P0WaXnH37uI,4,We feel signs of the storm,26,6
unaligned,train,P35dyIit1yM$_$4,P35dyIit1yM,4,"So, we helped women understand or encouraged them to believe that that beauty is more than just being young, skinny, and blonde.",128,22
unaligned,train,P4qxfjZlIrY$_$4,P4qxfjZlIrY,4,for my knowledge-based session entitled Homework 101: A Strong Start for Families.,82,12
unaligned,train,P4qxfjZlIrY$_$6,P4qxfjZlIrY,6,"We'll be discussing learning styles, tips for practicing vocabulary, and getting organized.",91,12
unaligned,train,PANWQeBKStk$_$0,PANWQeBKStk,0,"Citizen Compass, an online initiative undertaken by PwC to gather and measure the views of citizens on emerging public policy issues, shows that the next generation of eservices must accommodate the lives of Canadians, while meeting their expectations for quality customer service.",281,42
unaligned,train,PGBrZLC15yA$_$0,PGBrZLC15yA,0,ProtiDiet is a manufacturer of high quality and delicious nutritional foods high in protein with low-carbs that can be used with the Balanced Protein Diet Plan for weight loss.,176,29
unaligned,train,PHJ8eybXJdw$_$5,PHJ8eybXJdw,5,"We’re going to encounter it along the way it’s normal and here are some things or situations when, for instance, there’s the Tuckman’s Stages of Group Development",162,27
unaligned,train,PMH4mdJeojE$_$3,PMH4mdJeojE,3,"Let's read the passage on the next slide now, see if you can identify the main argument in it",93,19
unaligned,train,PMH4mdJeojE$_$2,PMH4mdJeojE,2,If we isolate key information in a passage that can really help us to identify someone's argument,97,17
unaligned,train,PN3ApHIGopo$_$6,PN3ApHIGopo,6,"Unfortunately, not having a credit history is the same as having bad credit.",76,13
unaligned,train,PQYmOknHA4c$_$5,PQYmOknHA4c,5,What I suggest you do for all these is take a look at MED capstone pamphlet,75,16
unaligned,train,PQYmOknHA4c$_$4,PQYmOknHA4c,4,You can sign up for this even if you're not in the classroom,60,13
unaligned,train,PUIsiLk8etk$_$11,PUIsiLk8etk,11,Unfortunately there are only a few hundred alive now,52,9
unaligned,train,PYylJk8R9Ak$_$1,PYylJk8R9Ak,1,"They're backed by a well-established, successful entrepreneur and investors with deep pockets.",94,12
unaligned,train,PYylJk8R9Ak$_$4,PYylJk8R9Ak,4,"While a lot people can get good use out of Personal Capital their investment fees are on the high side and if you're not a large investor, chances are you're better off going with Betterment or even OptionsXpress.",213,38
unaligned,train,PbyI-sUzLZY$_$5,PbyI-sUzLZY,5,"JOINING ME NOW, MIAMI-DADE POLICE DIRECTOR JUAN PEREZ",53,8
unaligned,train,PbyI-sUzLZY$_$4,PbyI-sUzLZY,4,"NEARLY 700,000 PEOPLE ARE UNDER A MANDATORY EVACUATION ORDER, AND THAT CAN BRING WITH IT SOME GLICHES",101,17
unaligned,train,PmemTgQHagk$_$1,PmemTgQHagk,1,"now Chile is a country I don't know a huge amount about before going there but what I realised upon arriving is it's actually got fantastic opportunities for graduates that can speak English and Spanish, or are bilingual.",221,38
unaligned,train,PmemTgQHagk$_$7,PmemTgQHagk,7,"It's perfect - it's given me the tools in tax, in Excel and things like that and a bit of knowledge, background knowledge that I can use in the business and I hope that this will be able to bring me into a job, incorporating all these skills that I've learned on placement.",273,53
unaligned,train,PoKZEKOf1dA$_$1,PoKZEKOf1dA,1,"If you don't have them, don't worry about it, we'll take care of it",67,14
unaligned,train,PoKZEKOf1dA$_$4,PoKZEKOf1dA,4,"If you have the accident report, then bring that with you",57,11
unaligned,train,PohW-isYMK0$_$16,PohW-isYMK0,16,"By using this procedure, Dennis will learn that when he hear's his name good things happen",90,16
unaligned,train,PohW-isYMK0$_$1,PohW-isYMK0,1,"Mary Barbara, autism mom, board certified behavior analyst, and best-selling author",83,11
unaligned,train,PohW-isYMK0$_$7,PohW-isYMK0,7,I created and have used the following procedure to teach children to respond to their names with dozens of children with autism and have found it to be very successful,167,30
unaligned,train,Q5fZk_jPjBI$_$9,Q5fZk_jPjBI,9,we really want to make your loan but we can't do it unless us we talk to you and get this process going.,104,23
unaligned,train,Q5fZk_jPjBI$_$0,Q5fZk_jPjBI,0,I am Ken Kaplan president of K2 commercial finance welcome to our site since you're here I assumed that you're on the market for commercial financing financing a commercial real estate property and I'd like to take a minute and explain to you what our company does.,265,47
unaligned,train,Q7nhtfkIPN4$_$3,Q7nhtfkIPN4,3,"In some cases, terabytes a day to understand this planet",56,10
unaligned,train,Q7nhtfkIPN4$_$6,Q7nhtfkIPN4,6,"As our planet lives in space, we need to be more situationally aware what space does to our world",97,19
unaligned,train,QDRtKv8PvFs$_$3,QDRtKv8PvFs,3,So we talked about having something at the [inaudible] Library and this was the day that we set up to have it and it was a fantastic success.,141,28
unaligned,train,QE0pAVSPsKQ$_$26,QE0pAVSPsKQ,26,"AND IN TRUE INDEPENDENT FILM FASHION, I WILL BE IN THE LOBBY AFTERWARDS WITH CARDS OF HOW YOU CAN SEE ""HOME."" SO WE WILL SEE YOU THERE.",135,27
unaligned,train,QE0pAVSPsKQ$_$12,QE0pAVSPsKQ,12,"AND GBENGA AKINNAGBE, WHO PLAYS JACK SO WONDERFULLY, IS TRYING TO START HIS LIFE OVER.",86,15
unaligned,train,QE0pAVSPsKQ$_$2,QE0pAVSPsKQ,2,"I WANT TO THANK THEM, I WANT TO THANK THE CAST AND CREW BACK IN BROOKLYN, NEW YORK.",83,18
unaligned,train,QE0pAVSPsKQ$_$7,QE0pAVSPsKQ,7,"IT'S HARD GETTING NOTICED IF YOU DON'T MAKE MILLIONS OF DOLLARS, IF YOU JUST TRY TO TELL A STORY THAT MEANS SOMETHING.",118,22
unaligned,train,QI-TTqj0KnA$_$7,QI-TTqj0KnA,7,The insurance company will send you a check on your birthday of seventy and a half and every birthday beyond that.,114,21
unaligned,train,QI-TTqj0KnA$_$6,QI-TTqj0KnA,6,"However that being said once you hit a minimum age which is seventy and a half under IRS guidelines your qualified tax shelter annuity becomes under the guidelines of RMD, required minimum distribution, and that means that the vessel now has to slowly start to spend itself down.",279,48
unaligned,train,QLEOYF7Mju0$_$11,QLEOYF7Mju0,11,"What we're trying to instill in students is how to evaluate programs like that, how to use this big data that's coming online and help utilities make decisions on what programs are good and what programs aren't so good",218,39
unaligned,train,QLEOYF7Mju0$_$2,QLEOYF7Mju0,2,The econometrics course picks up where Dan's class leaves off,61,10
unaligned,train,QMAztkqnvws$_$6,QMAztkqnvws,6,"Of course, the Treasury Department is available to answer more specific questions about it, but I did want to make clear that here at the State Department, we welcome this recalibration of the sanctions regime.",210,35
unaligned,train,QNxiqu1y1N0$_$1,QNxiqu1y1N0,1,"The requests have gone to Deloitte, Ernst &amp; Young, PwC, and KPMG over audits conducted by Chinese units of the firms.",121,21
unaligned,train,QOxIdbNwpx0$_$6,QOxIdbNwpx0,6,Chrome Custom Tabs is already available starting from Chrome version 45,71,11
unaligned,train,QQVRIGEUa_Q$_$5,QQVRIGEUa_Q,5,So the rare voices are the alto or mezzo in opera or the tenor voice for the male and that's because of the limitation of knowing that there's actually voices that come in between just being heavy voice or a light voice.,220,42
unaligned,train,QUpI5kMw_nA$_$10,QUpI5kMw_nA,10,They derive their income from the firm people have a tendency to do a more thorough job when they're being observed by someone else who is writing down everything that occurs.,175,31
unaligned,train,QUpI5kMw_nA$_$17,QUpI5kMw_nA,17,My book Honing Your Legal Nurse Consulting Skills gives you more great tips about the role of the legal nurse consultant and the IME.,133,24
unaligned,train,QYp0lGhyL6A$_$13,QYp0lGhyL6A,13,"Whether you have a vaginal infection or jock itch, or throat yeast infection or mouth, there are many natural alternatives you can use.",135,23
unaligned,train,QYp0lGhyL6A$_$14,QYp0lGhyL6A,14,So my advice would be not to take this drug if you can avoid it.,64,15
unaligned,train,QYp0lGhyL6A$_$4,QYp0lGhyL6A,4,"If you go to many databases online, you can read about all the nasty side effects from diflucan or fluconazole.",111,20
unaligned,train,QkMTYY69JYQ$_$1,QkMTYY69JYQ,1,""" And I think that's so telling right there",43,9
unaligned,train,QkMTYY69JYQ$_$4,QkMTYY69JYQ,4,"Like, ""Oh, this is the hyped debate",35,7
unaligned,train,QoIsjc4-GIg$_$8,QoIsjc4-GIg,8,"Rent is definitely going to be expensive, especially if you are living off of campus, like I did",96,18
unaligned,train,QzdEjKQFisQ$_$8,QzdEjKQFisQ,8,I don't see that I don't have any other option,46,10
unaligned,train,R0o37yJ1PP0$_$3,R0o37yJ1PP0,3,There isn't just one class for sequences or one data abstraction that describes sequences in Python or in programming languages in general.,139,22
unaligned,train,R0o37yJ1PP0$_$5,R0o37yJ1PP0,5,"The two important behaviors that define something as a sequence are that a sequence has a finite length and a sequence has an element, that's another value, corresponding to any non-negative integer index less than its length starting at zero.",243,40
unaligned,train,R0o37yJ1PP0$_$6,R0o37yJ1PP0,6,"So if I have a sequence of colors, those are indexed by the integers zero, one, two, three, four, five and six.",111,22
unaligned,train,R0uRDh-engU$_$10,R0uRDh-engU,10,"Usually it's going to be more than that because usually you're picking topics that you know something about, or you're good at, but your credibility is what comes next.",168,29
unaligned,train,R0uRDh-engU$_$5,R0uRDh-engU,5,"I come in and I say ""Okay, hi everybody I'm going to talk to you today about my gold medal that I won at the Olympics for wrestling."" Their going to have a hard time believing looking at me that I'm a gold medal winner in wrestling.",232,47
unaligned,train,R5a3TP-l_n4$_$1,R5a3TP-l_n4,1,"I'm working to cut your taxes and create jobs and in dangerous times, I'm working to keep Iowa families safe",108,20
unaligned,train,R9ypacCuEZo$_$4,R9ypacCuEZo,4,"And the beauty of the community school strategy in a school is that it is the method by which — the strategy by which teachers can teach, and they can accomplish that goal because what they have in front of them, their students, can gain access to the teaching and the learning and all of that research that the entire nation is spending money on figuring out how to teach.",373,70
unaligned,train,R9ypacCuEZo$_$7,R9ypacCuEZo,7,"We had a professional development for our staff on how to deal with students who have lived in trauma, who have experienced trauma.",131,23
unaligned,train,RE-LIPOFnrE$_$4,RE-LIPOFnrE,4,The reasons are two fold 1) They want to impress the hiring managers with the profiles they present,99,18
unaligned,train,REkPZ77s3Vc$_$0,REkPZ77s3Vc,0,"She continues to talk in riddles, and when the Targaryen Queen begs for answers, Quaithe responds with this: ""Daenerys",118,19
unaligned,train,REkPZ77s3Vc$_$4,REkPZ77s3Vc,4,"This is why I believe Daenerys will not win the ""Game of Thrones"", not because someone else will, but because it's not her path",127,24
unaligned,train,REkPZ77s3Vc$_$7,REkPZ77s3Vc,7,So the question is: Will the Mother of Dragons be too trusting and ultimately be betrayed by one of her allies,110,21
unaligned,train,RImmdklTOW0$_$10,RImmdklTOW0,10,Hopefully what I share or the opinions I share works for you in a way it's presented but if not there's ton of information out there and I hope you find the solution that works best for you,189,38
unaligned,train,RImmdklTOW0$_$15,RImmdklTOW0,15,And that's my opinion,21,4
unaligned,train,RImmdklTOW0$_$8,RImmdklTOW0,8,"When I share something that I learned from others, I'm sharing someone else's opinions",86,14
unaligned,train,RLHZ6xtIWSM$_$2,RLHZ6xtIWSM,2,"When we're in that space, do you think we are attracting people to us or you think are we may be pushing some people away",121,25
unaligned,train,RLHZ6xtIWSM$_$6,RLHZ6xtIWSM,6,"Now that doesn't mean you can't bounce into stress, which is just fear",70,13
unaligned,train,RRKez9BR-94$_$12,RRKez9BR-94,12,And this is probably due to the fact that the spreadsheet hammer is the only data tool you have.,96,19
unaligned,train,RS5WM3q2ZZQ$_$11,RS5WM3q2ZZQ,11,"Now, if you are gonna be doing this, you also have to recognize that the more fields that you ask for, when those do get filled out by people, those are gonna be higher quality responses, right? Because you're separating some of the people that don't wanna respond, you'll get higher quality responses the more form fields that you ask for but when someone's already visiting you at church, they're a pretty high quality responder already and so, to get more cards filled out, just ask for less information",506,89
unaligned,train,RS5WM3q2ZZQ$_$10,RS5WM3q2ZZQ,10,"Sometimes, all we ask for is their email and nothing else and what we'll find is, and we can track this because it's done digitally and on a bigger scale, the more fields that we ask for, if we ask for first, last name, and email, three different fields, we'll notice a drop in responses",287,55
unaligned,train,RS5WM3q2ZZQ$_$2,RS5WM3q2ZZQ,2,"And I'm serious here because I see so many connection cards that are asking for perhaps half a dozen, even a dozen, different fields of information from new visitors and it's a very simple premise here",201,36
unaligned,train,RS5WM3q2ZZQ$_$6,RS5WM3q2ZZQ,6,There are so many moving pieces here,36,7
unaligned,train,RST6PgpsLws$_$2,RST6PgpsLws,2,The Greater Madison Chamber of Commerce's neXXpo event held in conjunction with the festival was a perfect complement and emphasized the importance of new technology start-ups to the health and vibrancy of the entire business sector.,233,36
unaligned,train,RTzDzj4NxIM$_$7,RTzDzj4NxIM,7,"In conclusion, the lies only hurt",33,6
unaligned,train,RaTQZrdICKo$_$2,RaTQZrdICKo,2,"In regards to whether or not the economy or the environment will win out in 2009, I think the answer is that probably it will.",126,25
unaligned,train,RadU51t1kL0$_$8,RadU51t1kL0,8,That's not how it works,23,5
unaligned,train,Rdf0Psjyrwc$_$3,Rdf0Psjyrwc,3,So I highly encourage you to use Vyral Marketing and find out how they can help you grow your business too.,107,21
unaligned,train,Rdf0Psjyrwc$_$2,Rdf0Psjyrwc,2,"They have database marketing, video marketing, social media, they handle that as well too, and to hear the success stories from them as well too, it's been really great.",169,29
unaligned,train,RgubFcmvgDE$_$0,RgubFcmvgDE,0,"In the circus, they are chained down in boxcars for most hours of the day, sometimes for days on end",100,20
unaligned,train,RgubFcmvgDE$_$3,RgubFcmvgDE,3,I learned that breeding mother pigs are forced to live in cages so small that they can't even turn around for their entire lives,128,24
unaligned,train,Rse6laKf1i8$_$6,Rse6laKf1i8,6,"An experience which made me start to believe in school being possible for me, an experience which made me begin to believe in myself",132,24
unaligned,train,Rt9rN1ntS3E$_$1,Rt9rN1ntS3E,1,"We really wish we could be with you there at Vidcon but we're in production on our new series, Rhett and Link's Buddy System",124,24
unaligned,train,Rt9rN1ntS3E$_$2,Rt9rN1ntS3E,2,"It is a scripted musical comedy which features a lot of totally normal things, the least of which is this magic coffin",118,22
unaligned,train,Rugd2NMu4bA$_$11,Rugd2NMu4bA,11,Do you speak other languages? Parlez-vous d’autres langues? Are you a missionary? Es-tu missionnaire? I am tired,112,17
unaligned,train,Rugd2NMu4bA$_$5,Rugd2NMu4bA,5,I want to leave,15,4
unaligned,train,RvIohowRPAk$_$11,RvIohowRPAk,11,""" So we spent the next two hours you know, driving around the neighborhood, asking people you know and as time goes on, everything just started feeling worse and worse",167,30
unaligned,train,RvIohowRPAk$_$2,RvIohowRPAk,2,"He ran outside of our yard and Josh and I were driving back from yoga, and I seen my brother walking down the street",116,24
unaligned,train,Rw2pzFGosmw$_$7,Rw2pzFGosmw,7,She was a member of the villainous Battle Axis along with several other Golden Age heroes that also slipped into the public domain,130,23
unaligned,train,RwcTz-tOIeo$_$2,RwcTz-tOIeo,2,"They are among hundreds of prisoners of conscience held in Iranian jails on the grounds of their religious beliefs, political opinions, and civil activities.",157,24
unaligned,train,Ry2NJPd4N3s$_$14,Ry2NJPd4N3s,14,That comes from a deep commitment of the democratic process and wanting to make the world a better place.,105,19
unaligned,train,S21ApRNQ9Ko$_$15,S21ApRNQ9Ko,15,"You just can't sell it that way, it's either going to be used, it's going to be scratched, it's going to be damaged, or flat out stolen.",136,27
unaligned,train,S21ApRNQ9Ko$_$14,S21ApRNQ9Ko,14,"If it is 50% off there's not that type of profit margin in gaming, you're just not getting what you expected to.",112,22
unaligned,train,S21ApRNQ9Ko$_$3,S21ApRNQ9Ko,3,"A second is used, always a little bit more tricky, your major auction sites can do but there's a little bit more risk because you know when you're dealing with basically DVD's or game DVD's a scratch or two you may not see can ruin your whole experience on it.",260,50
unaligned,train,S21ApRNQ9Ko$_$2,S21ApRNQ9Ko,2,"One is to buy em from a reputable source; Amazon, or any of the major big box retailers that also have online activities; a trusted buyer, that's your first.",157,29
unaligned,train,S2znq3iRPwE$_$10,S2znq3iRPwE,10,They do have great customer support whenever I call with a question.,68,12
unaligned,train,S2znq3iRPwE$_$13,S2znq3iRPwE,13,So currently I am signed up for 5% cash back on gas stations which is really great cause everyone knows how expensive gas is and it's pretty hard paying for that as a college student.,183,35
unaligned,train,S2znq3iRPwE$_$19,S2znq3iRPwE,19,"They have do have like Nordstrom, Sephora, Urban Outfitters, just to name a few of my favorite places that I shop and if I'm shopping there anyway, I might as well do it online and use my Discover credit card.",209,40
unaligned,train,S6S2XL0-ZpM$_$1,S6S2XL0-ZpM,1,"My name is Patricia Viseur-Sellers, and I'm at the conference The Courage to Lead.",82,14
unaligned,train,S9PDgK7fpJI$_$14,S9PDgK7fpJI,14,Not because they were being horribly abused,43,7
unaligned,train,SGsiGz2fdpo$_$23,SGsiGz2fdpo,23,Then we also offer one of the best insurance rates of any other Detroit landlord that I have ever talked to,107,21
unaligned,train,SGsiGz2fdpo$_$29,SGsiGz2fdpo,29,"We know the timing of it all, so we are happy to work with you through that",75,17
unaligned,train,SGsiGz2fdpo$_$5,SGsiGz2fdpo,5,Right now they are enjoying their 12%-18% return on investment,62,10
unaligned,train,SGsiGz2fdpo$_$4,SGsiGz2fdpo,4,"We place the tenants, and then we sell the properties to investors all over the country and all over the world",110,21
unaligned,train,SGsiGz2fdpo$_$6,SGsiGz2fdpo,6,"In this video, I am going to discuss the services that we offer",63,13
unaligned,train,SGsiGz2fdpo$_$9,SGsiGz2fdpo,9,You can read statistics,23,4
unaligned,train,SGsiGz2fdpo$_$8,SGsiGz2fdpo,8,"In Detroit, you can go on Google Earth",38,8
unaligned,train,SGsiGz2fdpo$_$11,SGsiGz2fdpo,11,"Unless you live here, you don't really know how one street will perform compared to another street",98,17
unaligned,train,SGsiGz2fdpo$_$15,SGsiGz2fdpo,15,Another service that we offer is the renovation,47,8
unaligned,train,SGsiGz2fdpo$_$33,SGsiGz2fdpo,33,It would be great to know that you watched my video,51,11
unaligned,train,SH0wXyhsx9s$_$0,SH0wXyhsx9s,0,and mother died and she loved to cook and she loved to quilt and all the sudden the daughter takes up cooking and quilting,122,24
unaligned,train,SI39azgVUR8$_$2,SI39azgVUR8,2,My weight problem was starting to really effective my life.,59,10
unaligned,train,SLi2gT5H6m8$_$3,SLi2gT5H6m8,3,We've had folks who've worked to transition us to new technological forms through the Industrial Revolution,107,16
unaligned,train,SLi2gT5H6m8$_$5,SLi2gT5H6m8,5,"This particular moment is really, I think, about making sure that human activities are ultimately compatible with ecological realities",134,19
unaligned,train,SMr2DprlLu4$_$1,SMr2DprlLu4,1,"I like fixing things, stuff that really gets you going",54,10
unaligned,train,SMzV26l6iA0$_$0,SMzV26l6iA0,0,"I've raised money from over 50 different investors ranging from venture capitalists, family offices, and individual angel investors.",132,18
unaligned,train,STeqtJLakQQ$_$2,STeqtJLakQQ,2,"ONE OTHER COMMENT I WANT TO MAKE, IT IS NO SURPRISE THAT A LOT OF MILLENNIAL'S, YOUNG VOTERS, ARE DISILLUSIONED BY THE ELECTION PROCESS",135,24
unaligned,train,STeqtJLakQQ$_$5,STeqtJLakQQ,5,"THE REASON WHY IS NOT BECAUSE THEY ARE AGAINST ESTABLISHMENT, THEY ARE AGAINST THE PROPAGANDA MACHINE THAT EXISTS",113,18
unaligned,train,SWHmteF5Rlk$_$2,SWHmteF5Rlk,2,"HERE AT THE WHITE HOUSE, WE ARE CONTINUING TO MEET WITH AMERICANS WHO ARE STRUGGLING WITH THE HIGH COST OF CARE.",112,21
unaligned,train,SWHmteF5Rlk$_$6,SWHmteF5Rlk,6,"NEXT WE WILL BE MEETING WITH FARMERS, RANCHERS AND FISHERMEN -- THE PEOPLE WHO PRODUCE FOOD IN THIS COUNTRY.",108,19
unaligned,train,SWhfaL7AdEc$_$2,SWhfaL7AdEc,2,"Brisio Innovations is focussed on the acquisition, development and marketing of software applications for mobile computing devices, including smart phones, tablets, and wearable computers.",188,24
unaligned,train,SWhfaL7AdEc$_$4,SWhfaL7AdEc,4,"With this app, users can: - Look up definitions and meanings for common words &amp; phrases, just using your voice - Instantly start a voice to voice conversation - Email and send SMS translations to friends and family The app is available for iPhones and iPads and can be purchased on iTunes and the Apple App store for $2.99, and is available at https://iTunes.apple.com.",373,64
unaligned,train,SYnygYs-fAg$_$14,SYnygYs-fAg,14,By having these programs here is equipping the students to have really great careers and really great lives,107,18
unaligned,train,SYnygYs-fAg$_$0,SYnygYs-fAg,0,[Music playing] So in graduate school I just come from rapid start up of environment and a lot of the entrepreneurship courses were focused around the more theoretical component,177,29
unaligned,train,SYnygYs-fAg$_$6,SYnygYs-fAg,6,what we could do if you actually devote large amounts of time to it,67,14
unaligned,train,SYnygYs-fAg$_$8,SYnygYs-fAg,8,So I saw this there's an awesome opportunity when we went out and we talk to customers about if they would like our products and it was an intense instigator like process that I thought was an incredible opportunity and something that I'm so fortunate Davison allowed for it to come to campus,292,53
unaligned,train,S_mxvk4LEh0$_$12,S_mxvk4LEh0,12,"You can contact me through my office hours, my office phone or through email, I'm",81,15
unaligned,train,S_mxvk4LEh0$_$5,S_mxvk4LEh0,5,The presentation itself should be no more than five minutes.,60,10
unaligned,train,Sb2xMPwNKPo$_$18,Sb2xMPwNKPo,18,Any investments or strategy's mentioned here may not be suitable for everyone.,78,12
unaligned,train,Sb2xMPwNKPo$_$5,Sb2xMPwNKPo,5,The formula for calculating return on equity is actually very simple.,69,11
unaligned,train,ShgrdU9WAJE$_$12,ShgrdU9WAJE,12,"Its not just the amount of money people are spending when they come in, its getting more people to come in and spend that money.",128,25
unaligned,train,ShgrdU9WAJE$_$2,ShgrdU9WAJE,2,"Hi, I'm Mike Campbell at Doggy Styles in Beverley Hills and I'm here to talk a little bit about increasing retail sales.",120,22
unaligned,train,ShgrdU9WAJE$_$5,ShgrdU9WAJE,5,I don't need to do as much advertising and promotion to let people know that I'm here.,86,17
unaligned,train,Sir2QeCh4B0$_$5,Sir2QeCh4B0,5,"We have that consistent teacher judgment just to make sure still we’re on that same page: What’s your As, Bs, Cs",112,21
unaligned,train,So3bPzg2bq0$_$10,So3bPzg2bq0,10,"You can offer letters from former employers, school records to show that you were in school.",92,16
unaligned,train,So3bPzg2bq0$_$2,So3bPzg2bq0,2,So I want to go over the basics of sentencing with you today.,61,13
unaligned,train,SrMN3rwvCsE$_$1,SrMN3rwvCsE,1,"But I have seen a lot of articles that mention this psychological effect where after you're exposed to suicide, suicides go up",126,22
unaligned,train,StgqrTr0JqU$_$10,StgqrTr0JqU,10,"I'm really like to remind our viewers to join us for the talent show for the 42nd annual IHSAA Girls Basketball state finals the bearing show will be shown on Fox Sports Indiana, Sunday January 15th at 6pm",205,38
unaligned,train,StgqrTr0JqU$_$0,StgqrTr0JqU,0,"Hello this is Bobby Cox, Commissioner of the Indiana High School Athletic Association, here to provide for you today a summary of the January Executive Committee Meeting",169,27
unaligned,train,SxbTZjZD0vU$_$5,SxbTZjZD0vU,5,You need to get close to the root,33,8
unaligned,train,SzJf6viBWBg$_$2,SzJf6viBWBg,2,"What is the best way to pay off $32,000 of student loan debt?",61,13
unaligned,train,SzJf6viBWBg$_$4,SzJf6viBWBg,4,It really depends on the interest rate that you're paying on that student loan debt.,84,15
unaligned,train,T-8TvJcS78w$_$3,T-8TvJcS78w,3,"And I've seen firsthand what a difference it can make for entrepreneurs, especially for women and people from marginalized communities, to connect with each other and get feedback on their ideas, to build the networks that can help turn their dream for a business or program or app, into reality.",296,50
unaligned,train,T-8TvJcS78w$_$7,T-8TvJcS78w,7,"This time, in the birthplace of modern innovation, Silicon Valley.",66,10
unaligned,train,T1icdxz0TNs$_$0,T1icdxz0TNs,0,"But that cloak's very special, because the women-- my Wiradjuri sister that sang us in, she actually made that cloak for me",123,22
unaligned,train,T4e4Ba1sRg0$_$0,T4e4Ba1sRg0,0,The North Atlantic Council has just discussed the situation in Syria and in particular the horrific use of chemical weapons around Damascus on the 21 of August.,160,27
unaligned,train,T4e4Ba1sRg0$_$3,T4e4Ba1sRg0,3,They deplored that the Syrian regime failed to provide immediate and secure access for the United Nations inspectors to the sites of the attacks.,145,24
unaligned,train,T4e4Ba1sRg0$_$9,T4e4Ba1sRg0,9,"We consider the use of chemical weapons as a threat to international peace and security and we will continue to consult and keep the situation in Syria under close review, and NATO continues to assist Turkey and protect the Alliance's south-eastern border.",256,42
unaligned,train,TBCjKGYBNIo$_$24,TBCjKGYBNIo,24,Would YOU hire you? That's all from SCItv for now,49,10
unaligned,train,TBCjKGYBNIo$_$20,TBCjKGYBNIo,20,Fifty-four percent of recruiters felt negatively towards it,59,8
unaligned,train,TBCjKGYBNIo$_$3,TBCjKGYBNIo,3,You know how stressful the job hunt is and after a hard week of interviews and call-backs you cut loose at your friend's birthday party and when the pics are up maybe you're tagged in one that's looking like you're having a little too much fun? It happens to all of us but did your recruiter see that photo? We turn to the smarties at the American Genius and Jobvite to find out,378,73
unaligned,train,TBCjKGYBNIo$_$19,TBCjKGYBNIo,19,yuck! While you're at it would be safe to remove anything that sexually-explicit or related to alcohol consumption,114,18
unaligned,train,TBwetweXRb4$_$5,TBwetweXRb4,5,It's embedded in the way we do health surveillance in the community,67,12
unaligned,train,TFKgo5JlPro$_$1,TFKgo5JlPro,1,"However, while the increasing size of electricity bills is weighing heavily on the minds of most Australians, perceived barriers such as time, effort and a lack of clear information is preventing them from switching service providers to seek a better deal.",256,41
unaligned,train,TFKgo5JlPro$_$0,TFKgo5JlPro,0,"Ernst &amp; Young's Customer Experience Series, has found the cost of electricity was one of the most significant ongoing expenses for consumers after rent or mortgage payments, with 92% of customers reporting that electricity bills accounted for a moderate to high amount of their total household running costs.",312,48
unaligned,train,TM7cHOHfF70$_$30,TM7cHOHfF70,30,You want to take the proactive steps necessary to protect yourself and make sure you get full compensation for all your damages.,128,22
unaligned,train,TM7cHOHfF70$_$5,TM7cHOHfF70,5,"If you are hit by a person who has no insurance, you may have the option to sue them.",85,19
unaligned,train,TNwwVWA-oAE$_$22,TNwwVWA-oAE,22,"We track everything that we do from the phone calls that we get, from where that lead came from, we track it all the way through the process, not only from the time that they called, but did somebody actually roll into our school?",230,44
unaligned,train,TNwwVWA-oAE$_$16,TNwwVWA-oAE,16,"So that success campaign, all about their success and telling people that on the internet has been really good this year.",121,21
unaligned,train,TO5HjoK8Iu8$_$10,TO5HjoK8Iu8,10,"In short, this new building represents a better way of doing business for NASA, the federal government and the American people.",127,21
unaligned,train,TO5HjoK8Iu8$_$12,TO5HjoK8Iu8,12,That commitment can be seen at Kennedy Space Center's environmentally-rich wildlife refuge.,91,12
unaligned,train,TSDC7CCyeGY$_$5,TSDC7CCyeGY,5,Do you want to be complimented by that former KGB officer,57,11
unaligned,train,TUY83eDK5jc$_$17,TUY83eDK5jc,17,You also have the opportunity to make a demo your “Primary Demo” and also to “Feature” your demo.,97,18
unaligned,train,TVhXqAI9gyA$_$1,TVhXqAI9gyA,1,If at all possible you really want to pick something that you know.,67,13
unaligned,train,TWMFQED1Myk$_$1,TWMFQED1Myk,1,"To equal the power of the petabit fiber, the Pony Express would have to deliver 53,687,091 bags of mail",103,19
unaligned,train,TWMFQED1Myk$_$3,TWMFQED1Myk,3,But is that fast enough,23,5
unaligned,train,TWMFQED1Myk$_$6,TWMFQED1Myk,6,It landed on Mars and it took 14 minutes for a transmission from the rover to get to Earth,90,19
unaligned,train,TWf0XFpXwfs$_$0,TWf0XFpXwfs,0,One of the checks we just established is we need to make sure that the packets we sent to the device come out and look exactly the same.,136,28
unaligned,train,TZXcQemh8n8$_$11,TZXcQemh8n8,11,"This way, your going to be able to show them which lines feel stuffy.",69,14
unaligned,train,Ta_IgA3XJ3s$_$27,Ta_IgA3XJ3s,27,"If there is high advertiser competition, there is money to be made.",67,12
unaligned,train,Ta_IgA3XJ3s$_$21,Ta_IgA3XJ3s,21,\'a0You should think \'a0SEO in conjunction with what would appeal to human beings when creating your YouTube Channel name.,123,19
unaligned,train,TahiuVpcROM$_$2,TahiuVpcROM,2,"Increasingly the focus is on helping organizations manage exponentially growing amounts of data, converting the data into insights and leveraging the cloud and SaaS-based applications to increase flexibility.",208,28
unaligned,train,TfBVq9oWBmM$_$1,TfBVq9oWBmM,1,What will it look like in 10 to 20 years and how will you play a role.,70,17
unaligned,train,Tiq67-bAV3M$_$5,Tiq67-bAV3M,5,FRED DE SAM LAZARO: Akshaya Patra is now the largest of several social enterprises doing school lunches,103,17
unaligned,train,TwTLsgfpKvA$_$0,TwTLsgfpKvA,0,I'm Sarah Pruitt and I'm a research assistant professor here at Yerkes,70,12
unaligned,train,TwTLsgfpKvA$_$9,TwTLsgfpKvA,9,Well it's its really a great opportunity,40,7
unaligned,train,TxJjAK0WrOY$_$10,TxJjAK0WrOY,10,"It goes to my sales costs, etc, so my profit may actually only be one or two dollars, but that's the easiest way to mark things up.",131,27
unaligned,train,U8Ewftg_8CI$_$2,U8Ewftg_8CI,2,"And we'd be bad parents if we didn't offer a solution to it, and the solution is just moderation.",97,19
unaligned,train,UK_IXtJ2BqI$_$17,UK_IXtJ2BqI,17,My plan is to eventually replace my income and maybe get down to one job,72,15
unaligned,train,UK_IXtJ2BqI$_$3,UK_IXtJ2BqI,3,I have been in emergency medicine for nearly 20 years,53,10
unaligned,train,UK_IXtJ2BqI$_$7,UK_IXtJ2BqI,7,I am tired of working so hard,29,7
unaligned,train,ULtBuI6nMaY$_$10,ULtBuI6nMaY,10,"By doing this your opponent would fall, you would feel better about your self and untimely they would know which all of these objective would lead to that you are the best.",172,32
unaligned,train,ULtBuI6nMaY$_$1,ULtBuI6nMaY,1,"There are different ways to smack talk involving there your opponent significant other smack talk on there husbands, there wife, there boyfriend, there girlfriend, there crush one way to do this is to degrade them, to make fun of them.",235,40
unaligned,train,UUukBV82P9A$_$11,UUukBV82P9A,11,"When we talk about PhD students working as baristas, we’re really bringing it up in that way, because there's a status inconsistency between PhD and barista",156,26
unaligned,train,UUukBV82P9A$_$10,UUukBV82P9A,10,And a mismatch or contradiction between statuses is called a status inconsistency,81,12
unaligned,train,UUukBV82P9A$_$2,UUukBV82P9A,2,"Beyond this difference, there’s also the fact that some statuses are more important than others",95,15
unaligned,train,UXvMaHD9kmA$_$10,UXvMaHD9kmA,10,Gestures can be used together with words to emphasize a point.,62,11
unaligned,train,UXvMaHD9kmA$_$18,UXvMaHD9kmA,18,"On the contrary, stroking your chin suggests that you are contemplating something that was said and nodding shows interest in the topic.",136,22
unaligned,train,UXvMaHD9kmA$_$14,UXvMaHD9kmA,14,Relaxed posture is acceptable with close friends but may not always be acceptable with family.,94,15
unaligned,train,Ua4g9q0r-dI$_$24,Ua4g9q0r-dI,24,I've got severe pain in my back due to herniated discs; that pain radiates into my leg.,87,17
unaligned,train,Ua4g9q0r-dI$_$15,Ua4g9q0r-dI,15,"Problems with activities of daily living; getting dressed, bathing, preparing meals, taking care of personal needs.",115,16
unaligned,train,Ua4g9q0r-dI$_$31,Ua4g9q0r-dI,31,That's my thought about preparing for questions that you know you're going to get.,82,14
unaligned,train,Ua4g9q0r-dI$_$14,Ua4g9q0r-dI,14,They want to know how much you can lift frequently; how much you can lift occasionally.,87,16
unaligned,train,Uc-0G7RRxoY$_$16,Uc-0G7RRxoY,16,"But generally, you won't be staring people down with natural eye contact.",73,12
unaligned,train,Uc-0G7RRxoY$_$6,Uc-0G7RRxoY,6,"Not to your notes, not to the wall, not to anything but a person.",65,14
unaligned,train,UeOIb6s0pVM$_$6,UeOIb6s0pVM,6,""" So thanks for joining us today",32,7
unaligned,train,UeOIb6s0pVM$_$8,UeOIb6s0pVM,8,And if you have any questions or concerns about what we've been telling you please comment below and we'll make sure to get back to you,135,26
unaligned,train,UgTM9y2rD38$_$2,UgTM9y2rD38,2,Metro Arts: Featuring the best artists in the Metro Detroit area.,65,11
unaligned,train,UkqTwAuA8jI$_$7,UkqTwAuA8jI,7,just a variety of things,24,5
unaligned,train,UmB5c_QqUPs$_$11,UmB5c_QqUPs,11,"It would be able, under this deal, to break out to a nuclear weapon in a short time, And within a few years, to have the industrial capability to produce many nuclear bombs for the goal of our destruction.",205,39
unaligned,train,UtjenieM1Ak$_$6,UtjenieM1Ak,6,And if that is the case you know you are working with the very best.,68,15
unaligned,train,UtuTyW9pUN8$_$6,UtuTyW9pUN8,6,"These are all tasks, if done well, they'll make your agency stand out from the crowd and can support you in your local admin tasks",130,25
unaligned,train,Uw1nWfSuyo8$_$2,Uw1nWfSuyo8,2,What does your audience know about the topic that you're going to talk about.,77,14
unaligned,train,VAFdgtqZz4g$_$4,VAFdgtqZz4g,4,But making it relevant for the time that they’re making their decisions.,72,12
unaligned,train,VAr7gJydnys$_$13,VAr7gJydnys,13,"One such example would be ""Who owns the dog? Who's going to get the dog? The Cat?"" You can see how",98,21
unaligned,train,VAr7gJydnys$_$1,VAr7gJydnys,1,Well quite frankly it may be too late,37,8
unaligned,train,VAr7gJydnys$_$0,VAr7gJydnys,0,"Hi, this is Rocco Beatrice, Managing Director for Estate Street Partners and the subject is divorce asset protection, how to protect the assets in divorce",154,25
unaligned,train,VAr7gJydnys$_$6,VAr7gJydnys,6,That in divorce is the subject matter,37,7
unaligned,train,VDjnKdFxuBE$_$0,VDjnKdFxuBE,0,"Well, I think the PhD program is really neat because you're not only influencing, once you become a professor, not only influencing MBA's that come through your classes.",169,28
unaligned,train,VN1IPN1TL3Q$_$0,VN1IPN1TL3Q,0,&gt;&gt; There's often been a dichotomy set up or proposed that really pits morals against researchers in saying that in proposing that human embryonic stem cell creation is tantamount to murder as it involves the destruction of the blastocyst.,244,39
unaligned,train,VN1IPN1TL3Q$_$5,VN1IPN1TL3Q,5,It's not going to be used to create life; it's destined to be destroyed.,72,14
unaligned,train,VUrTT7xsrec$_$1,VUrTT7xsrec,1,"from 1996 There's never been a debate, why are you refusing to debate?",70,13
unaligned,train,VWik5oKP6IU$_$3,VWik5oKP6IU,3,""" Very few people do that",25,6
unaligned,train,VZqkWIPmH6w$_$4,VZqkWIPmH6w,4,"It seems a good time to take this step, which I have considered for several years.",82,16
unaligned,train,Va54WZgPTdY$_$6,Va54WZgPTdY,6,"AND AS I SAID, THEY WILL BE MET WITH FIRE, FURY AND, FRANKLY, POWER, THE LIKES OF WHICH THIS WORLD HAS NEVER SEEN BEFORE",120,24
unaligned,train,VbSsGRXIwjc$_$2,VbSsGRXIwjc,2,"Male Speaker:  Now last season's finale - I mean it's not a Person of Interest season finale if Root is not there, right?",121,23
unaligned,train,Ve-mmCM8TI0$_$15,Ve-mmCM8TI0,15,Check here if  you think depth first will always find that.,59,11
unaligned,train,Ve-mmCM8TI0$_$2,Ve-mmCM8TI0,2,"Second, cheapest-first search, in which we always expand first the path with the lowest total cost.",99,16
unaligned,train,Ve-mmCM8TI0$_$4,Ve-mmCM8TI0,4,"In depth-first search, we always expand first the longest path, the path with the most lengths in it.",101,18
unaligned,train,Ve-mmCM8TI0$_$7,Ve-mmCM8TI0,7,Then I want you to ask one more question or answer one more question which is are these searches optimal?,105,20
unaligned,train,Ve-mmCM8TI0$_$6,Ve-mmCM8TI0,6,"And if there are ties, put that number in and resolve the ties in left to right order.",86,18
unaligned,train,VhKJm_jiciU$_$10,VhKJm_jiciU,10,"Whatever it is that you're going out for, you need to show that you are absolutely responsible.",95,17
unaligned,train,VjAvqFXEmmk$_$3,VjAvqFXEmmk,3,That's a concept they teach in traditional marketing and it's no different here,79,13
unaligned,train,VjAvqFXEmmk$_$2,VjAvqFXEmmk,2,You know the importance of word of mouth in growing your business,65,12
unaligned,train,VjAvqFXEmmk$_$4,VjAvqFXEmmk,4,"With social media, word of mouth has gone global and it's critical that you start bringing yourself into the conversation",121,20
unaligned,train,VoETCD8fBLI$_$5,VoETCD8fBLI,5,And it's an industry that is very specific about focusing on DR goals.,70,13
unaligned,train,Vv2DTPyyw90$_$0,Vv2DTPyyw90,0,Why am I fascinated with characters like Sherlock Holmes or James Digriz or various other characters who tend to be on the outside of normal society.,149,26
unaligned,train,Vw4-ae-ucHE$_$0,Vw4-ae-ucHE,0,"it's like, seeking out online discussions with people, how much is it serving us",80,14
unaligned,train,Vw4-ae-ucHE$_$3,Vw4-ae-ucHE,3,"Sometimes, you might just be trying to gain more compassion for someone else, uh, even if they're very different than you",121,21
unaligned,train,Vw4-ae-ucHE$_$2,Vw4-ae-ucHE,2,"Sometimes you might want to learn something, sometimes you might be looking for someone to help you change your mind about something",132,22
unaligned,train,Vx8npmcFxak$_$5,Vx8npmcFxak,5,And these are DenadaDance toe stretchers and it was the best decision I have ever made for my feet.,99,19
unaligned,train,VybXjsmsjAY$_$13,VybXjsmsjAY,13,"Lastly, you will be able to recognize incidence of illegal discrimination and take appropriate action.",102,15
unaligned,train,W-pA0lOGLR0$_$5,W-pA0lOGLR0,5,"Then, you pick up the little pieces of paper by apparently trapping air inside by doing this",92,17
unaligned,train,W-ptEZFARVo$_$2,W-ptEZFARVo,2,I have a few that have been with me since they were two and a half,66,16
unaligned,train,W-q9bPlMIVI$_$14,W-q9bPlMIVI,14,"Now it's important, I think because I came from the sales side but worked with agencies, that you understand those different perspectives of this business",154,25
unaligned,train,W40BaML7mzc$_$0,W40BaML7mzc,0,"Hey, I'm Tracey Goodwin, and I am going to teach you how to write a great speech.",81,17
unaligned,train,W53uRqITk2I$_$0,W53uRqITk2I,0,"or religion, or even faith",26,5
unaligned,train,W53uRqITk2I$_$6,W53uRqITk2I,6,"Accordingly, ""we hold a particular responsibility ""for the changes that will reverse the trajectory ""of atmospheric warming, and safeguard the sanctity ""of what our God calls 'very good",185,28
unaligned,train,WAXJRnJXmOA$_$18,WAXJRnJXmOA,18,So I think that's what I'll be telling my parents moving forward that it'll give us more meaningful data with less testing overall.,131,23
unaligned,train,WAXJRnJXmOA$_$5,WAXJRnJXmOA,5,And that's what assessment does for teachers with students.,59,9
unaligned,train,WBCRTcMJZZc$_$3,WBCRTcMJZZc,3,"And of course your health is an asset too, it's hard to have a valuable life without good health.",97,19
unaligned,train,WGfGxoI05ew$_$3,WGfGxoI05ew,3,So I highly recommend E-trade - it's a really great site that will make you some money and it's super easy to use.,114,23
unaligned,train,WHUHTmtBJWU$_$14,WHUHTmtBJWU,14,This is something we see a lot of times . People are nervous so they rock back and forth.,89,19
unaligned,train,WMzvDL7b4sM$_$0,WMzvDL7b4sM,0,Antonio Cassano became most-expensive teenager when he joined Roma,66,9
unaligned,train,WTF9xgqLIvI$_$2,WTF9xgqLIvI,2,"And, he will be amazed",22,5
unaligned,train,WTF9xgqLIvI$_$7,WTF9xgqLIvI,7,"with tenderness, with loving kindness,",38,5
unaligned,train,WUeSV0Z23Kg$_$1,WUeSV0Z23Kg,1,by the way one less thing as we leave you on june the men uh,60,15
unaligned,train,WXKgBIiP8IA$_$10,WXKgBIiP8IA,10,"” And so it begins right there, some time in the 1830s, a few decades before the Civil War",90,19
unaligned,train,WXKgBIiP8IA$_$1,WXKgBIiP8IA,1,"Which it is, but it is also much less interesting",49,10
unaligned,train,WXKgBIiP8IA$_$2,WXKgBIiP8IA,2,"Right, so Huck Finn is one of those rare examples — like Aliens or The Empire Strikes Back — where the sequel outclasses the original",133,25
unaligned,train,WXKgBIiP8IA$_$5,WXKgBIiP8IA,5,"” And he did pigeonhole it for about six years, but then he returned to it in a frenzy of all-day, every day writing",116,24
unaligned,train,Wfn7XvSEwUA$_$1,Wfn7XvSEwUA,1,I don't really know what the word would be,42,9
unaligned,train,Wfn7XvSEwUA$_$3,Wfn7XvSEwUA,3,I was like okay I want to know what this woman has to say about that time period when she knew everybody,104,22
unaligned,train,Wh6sht7xwqQ$_$11,Wh6sht7xwqQ,11,"After thinking about it for a while, my daughter came back and said, ""I'd like to add to my answer",98,20
unaligned,train,Wh6sht7xwqQ$_$0,Wh6sht7xwqQ,0,and never be afraid to take that risk that might put you in over your head,74,16
unaligned,train,Wn8nz8GPKkI$_$1,Wn8nz8GPKkI,1,"Their associating gives rise to organizations, distinct from government and absent from the market.",99,14
unaligned,train,Wn8nz8GPKkI$_$0,Wn8nz8GPKkI,0,"No community of peoples can freely pursue its happiness without the chances to associate, exchange ideas, and organize.",119,18
unaligned,train,Wnw1IAEDwDM$_$0,Wnw1IAEDwDM,0,JOSEPH COWAN: What's going to define success is how we talk to the patient and how the patient responds to us.,110,21
unaligned,train,Wo1RxRjXyYw$_$3,Wo1RxRjXyYw,3,"Again, a takeaway action for us is to consolidate those resources and get them out to our networks, and that'll happen post-today, as well",138,24
unaligned,train,Wo1RxRjXyYw$_$2,Wo1RxRjXyYw,2,"And so, these sorts of resources are out there, as Stephen mentioned, but very few know about them",98,18
unaligned,train,Wo1RxRjXyYw$_$6,Wo1RxRjXyYw,6,"Peter Sherman, I'm an occupational physician in practise here",61,9
unaligned,train,Wo1RxRjXyYw$_$8,Wo1RxRjXyYw,8,But most of the patients that I see with work-related stress or stress that's affecting their work or compensation systems,122,20
unaligned,train,WtiBpLt2wuA$_$2,WtiBpLt2wuA,2,I'd like to make a special plea for you to cast your vote for Arbitrator Intelligence in the  Innovating Justice Challenge.,123,21
unaligned,train,Wx9nThz5z_Y$_$31,Wx9nThz5z_Y,31,"If you're selling golf clubs, you'll want to hear the sounds of birds chirping.",79,14
unaligned,train,WxYb2x_irTM$_$2,WxYb2x_irTM,2,"But all in all we work to have the agencies work together to come up with a formulated, integrated marketing plan that covers all the channels that are important to us as a brand.",179,34
unaligned,train,X0jMZoxUL2A$_$4,X0jMZoxUL2A,4,They provide the instructional materials,40,5
unaligned,train,X0jMZoxUL2A$_$7,X0jMZoxUL2A,7,"Best of all, the program is free",32,7
unaligned,train,X0jMZoxUL2A$_$8,X0jMZoxUL2A,8,"I mean you don’t have to worry about even paying for it, paying for books, getting financial aid, nothing",105,19
unaligned,train,X2leyjuolDM$_$8,X2leyjuolDM,8,And that's not just from a direct marketing standpoint or a typical way we've looked at it.,91,17
unaligned,train,X6-jJO00DMg$_$8,X6-jJO00DMg,8,"It's not for everyone, it's a sophisticated product and the borrower has the opportunity to pay down the accruing negative interest from larger chunks of money that comes into their life.",187,31
unaligned,train,X7-Gbk8gAD0$_$0,X7-Gbk8gAD0,0,foundations that they can take into almost any situation,56,9
unaligned,train,X7-Gbk8gAD0$_$2,X7-Gbk8gAD0,2,\ LIU: We live in the media world,33,8
unaligned,train,X7-Gbk8gAD0$_$6,X7-Gbk8gAD0,6,You are constantly involved in things that interest you because that is the path that you have taken,100,18
unaligned,train,XAT2IfFFAU0$_$3,XAT2IfFFAU0,3,"This final stage is called the venting stage, and it happens just before you wake up in the morning.",100,19
unaligned,train,XAgD-xoil40$_$16,XAgD-xoil40,16,My name is Philip Beningoso and I'm an investment professional.,63,10
unaligned,train,XAgD-xoil40$_$2,XAgD-xoil40,2,"Now there's a variety of way, and this is sort of a misnomer about voting share stock.",86,17
unaligned,train,XCyngF93SmU$_$5,XCyngF93SmU,5,But we will talk about external communication,45,7
unaligned,train,XCyngF93SmU$_$4,XCyngF93SmU,4,"First of all, there is internal communication, also called corporate communication, when you communicate ideas, messages within your organisation or initiative",159,21
unaligned,train,XDVkhOziCkg$_$1,XDVkhOziCkg,1,Please join us at the conference.,33,6
unaligned,train,XEZ7e4pf1xE$_$11,XEZ7e4pf1xE,11,I have a lot of other things I could be reading instead,55,12
unaligned,train,XEZ7e4pf1xE$_$12,XEZ7e4pf1xE,12,"Also, my time is valuable",25,5
unaligned,train,XFGHTk_3hGg$_$9,XFGHTk_3hGg,9,"But what you want is you want to have a variety of monologues, you want to have a funny one.",92,20
unaligned,train,XFGHTk_3hGg$_$5,XFGHTk_3hGg,5,"They are directly looking at this person, just like I'm directly looking at the camera right now.",97,17
unaligned,train,XFGHTk_3hGg$_$6,XFGHTk_3hGg,6,"Monologues traditionally, well they are either humorous or dramatic.",68,9
unaligned,train,XPoY4LD-A1I$_$12,XPoY4LD-A1I,12,Matthews has tried to avoid some of the difficulties,52,9
unaligned,train,XPoY4LD-A1I$_$8,XPoY4LD-A1I,8,"‬When courses are taught it is often assumed that pupils are emotionally ready to deal with what is on the curriculum, whereas they may not be",142,26
unaligned,train,XQOUZhWI1B0$_$3,XQOUZhWI1B0,3,"I'll tell you what, why don't you come back here, Take my greasy apron, and my stupid hat, and stand back here in the 128 degree temperature, and cook your own burger 'till your satisfied! Oh, and don't forget",209,39
unaligned,train,XQxnAPleuCE$_$3,XQxnAPleuCE,3,"And while the shareholder can attend the meeting that is going to discuss these general issues upon which a vote is to be held, more often than not, the shareholder votes by proxy.",180,33
unaligned,train,XVSDfgstFUQ$_$1,XVSDfgstFUQ,1,"The series follows the God, Apollo, who has been turned into a mortal 16 year old boy as punishment and you can just imagine the hijinks that happen from there",159,30
unaligned,train,XVSDfgstFUQ$_$3,XVSDfgstFUQ,3,"So yeah, I am very much looking forward to getting in on this",61,13
unaligned,train,XVSDfgstFUQ$_$4,XVSDfgstFUQ,4,"I love how many books Rick Riordan puts out like, even if I am currently behind on the Rick Riordan books, it's a good problem to have",134,27
unaligned,train,XXvSLz8QmGk$_$10,XXvSLz8QmGk,10,"I would advise that you do that, take some time and enjoy it, let me know, I would love to hear your feedback.",110,23
unaligned,train,XXvSLz8QmGk$_$7,XXvSLz8QmGk,7,"Saying that, before we get into that specifically I wanted you to know that it really doesn't matter if I am doing my best to be a top marketing blogger for small business owners, or medium sized business owners, or if I am doing my very best version to be a top small business speaker; all the advice that you'll find here at the marketing blog guranteedprofit.com  has been proven and tested.",394,72
unaligned,train,XbolrpSc0KU$_$5,XbolrpSc0KU,5,Sickles declined to attend because there was some fire along his segment of the line and he thought it best to remain with his soldiers,135,25
unaligned,train,XcHLB-qfv5M$_$0,XcHLB-qfv5M,0,Parliament signed the UK Bribery Act in 2010. The legislation was passed after Parliament reviewed decades of reports on problems related to bribery throughout the country.,172,26
unaligned,train,XcHLB-qfv5M$_$3,XcHLB-qfv5M,3,The general consensus was that companies are not highly concerned about being investigated.,91,13
unaligned,train,XgT2WWcXip4$_$7,XgT2WWcXip4,7,"But while the truncheon may be used by the army in lieu of conversation, words will always retain their Power.",110,20
unaligned,train,Xo6-V2RlWss$_$1,Xo6-V2RlWss,1,It's cash back credit card with a great plan and MBNA is a good overall lender.,79,16
unaligned,train,Xo6-V2RlWss$_$0,Xo6-V2RlWss,0,The MBNA smart cash credit card is a Canadian credit that seems to be taking the market by storm.,97,19
unaligned,train,Xq7zLxYHxd8$_$10,Xq7zLxYHxd8,10,"The actors, when they're not, I have used footage in a movie that was not even intended to be used.",99,20
unaligned,train,XsEPZydHWdo$_$4,XsEPZydHWdo,4,"We have a conversation, we have a point of view, we write it in a blog and use that to create more, or generate more interest in the kinds of services that we offer.",165,34
unaligned,train,XwOdPYlyqXA$_$12,XwOdPYlyqXA,12,It would be good to try to provide a time in the daily schedule that a teacher can do this in each classroom.,109,23
unaligned,train,Xx7Y2YIbleA$_$16,Xx7Y2YIbleA,16,"However, those that currently own stock may see this as a benefit because they are getting a return on their investment.",120,21
unaligned,train,Xx7Y2YIbleA$_$9,Xx7Y2YIbleA,9,"Preferred stockholders again, have added benefits because they are purchasing usually in advance or they are purchasing and have to hang on to stock longer than normal stockholders.",181,28
unaligned,train,Xx7Y2YIbleA$_$8,Xx7Y2YIbleA,8,Usually to preferred stockholders first and then to common stockholders.,72,10
unaligned,train,XyBU_gZtU0M$_$23,XyBU_gZtU0M,23,This is a free resource brought to you by Spark Media Solutions,63,12
unaligned,train,XyBU_gZtU0M$_$4,XyBU_gZtU0M,4,The stock IPOed up forty-four percent on its first day of trading only to drop to below it IPO price on Monday,110,22
unaligned,train,XyBU_gZtU0M$_$9,XyBU_gZtU0M,9,Two years ago Snapchat's CEO turned down a three billion dollar offer from Facebook,83,14
unaligned,train,XzhRYIeczg4$_$6,XzhRYIeczg4,6,"A community gathering space that's all about conversation, connection and community change.",91,12
unaligned,train,Y6zyM1nDhN0$_$2,Y6zyM1nDhN0,2,The same applies to nationals versus non-nationals,50,7
unaligned,train,Y6zyM1nDhN0$_$4,Y6zyM1nDhN0,4,"The status of refugee, including rights as well as some restrictions, is regulated by International Refugee Law",111,17
unaligned,train,YAYfMkxhRiQ$_$3,YAYfMkxhRiQ,3,"Usually it's the White House, the White House counsel, or the president that has to decide how they'll be enforced",114,20
unaligned,train,YB9EUgrzCCo$_$10,YB9EUgrzCCo,10,"And I love you, and I'm sorry I let you down, I'm so sorry Daddy.",65,15
unaligned,train,YB9EUgrzCCo$_$5,YB9EUgrzCCo,5,"You told me you wanted me to change the world, make it better.",62,13
unaligned,train,YGeVGXXK3ao$_$1,YGeVGXXK3ao,1,FERRIN: My name is Curtis Ferrin and my role here at Billings Clinic is Admission Discharge Transfer Nurse,106,18
unaligned,train,YGeVGXXK3ao$_$4,YGeVGXXK3ao,4,"We have to remember when we discharge people from our hospital, that we're not done",83,15
unaligned,train,YITXOmhQhYE$_$0,YITXOmhQhYE,0,"Hi I'm Tim Spransy, the pastor of worship arts here at Crosspoint Church and I'm just gonna take a couple minutes to tell you about scripture that has been speaking to me lately.",178,33
unaligned,train,YITXOmhQhYE$_$3,YITXOmhQhYE,3,"Well, what they do, around midnight the scripture says, they start praying and singing hymns.",93,15
unaligned,train,YITXOmhQhYE$_$5,YITXOmhQhYE,5,They actually stay and lead the prison guard and his whole family to the Lord.,78,15
unaligned,train,YITXOmhQhYE$_$7,YITXOmhQhYE,7,I think what we look at when we read that scripture is we look at the miracle of the earthquake in the prison opening.,118,24
unaligned,train,YITXOmhQhYE$_$6,YITXOmhQhYE,6,A lot of people get saved and they eventually do you get free.,62,13
unaligned,train,YJJoYkFPmds$_$10,YJJoYkFPmds,10,Some of them might be fully blind and can hear a little bit more,64,14
unaligned,train,YJJoYkFPmds$_$5,YJJoYkFPmds,5,Ok first I want to emphasize when I say Deaf Blind that does not mean necessarily a person is fully deaf and fully blind,120,24
unaligned,train,YJJoYkFPmds$_$7,YJJoYkFPmds,7,"Some people are Hard of Hearing, they can hear quite a bit",58,12
unaligned,train,YLA7h1RTa9w$_$4,YLA7h1RTa9w,4,They asked us to spend a lot of our time dealing with it,56,13
unaligned,train,YRmjALBdTdE$_$7,YRmjALBdTdE,7,But without feeling it it doesn't work,38,7
unaligned,train,YVBsDJtAbk4$_$7,YVBsDJtAbk4,7,The Obama administration is going to be focused almost exclusively on dealing with the domestic economy.,104,16
unaligned,train,YVHJpAROBvQ$_$2,YVHJpAROBvQ,2,the next way to do it,21,6
unaligned,train,YWjTWl0oNLk$_$11,YWjTWl0oNLk,11,"And of course, just being filthy, stinking rich will do wonders",63,11
unaligned,train,YWjTWl0oNLk$_$1,YWjTWl0oNLk,1,One option is to just bribe the bouncer,39,8
unaligned,train,YWjTWl0oNLk$_$3,YWjTWl0oNLk,3,You can flirt and seek your way in,34,8
unaligned,train,YWjTWl0oNLk$_$4,YWjTWl0oNLk,4,"But good luck getting to talk to anyone, since it will be obvious you weren't supposed to be there",98,19
unaligned,train,YWjTWl0oNLk$_$7,YWjTWl0oNLk,7,"It's one of the biggest additions, and it's just the measure of notoriety among all Sims",88,16
unaligned,train,YWjTWl0oNLk$_$9,YWjTWl0oNLk,9,"In order to gain admittance into the exclusive clubs, and especially the VIP sections, you will need to be famous",113,20
unaligned,train,YWxvIFmYnNU$_$13,YWxvIFmYnNU,13,"Well, for protection, for that legal paper work to make sure things are done and because I want maximum exposure.",113,20
unaligned,train,YWxvIFmYnNU$_$20,YWxvIFmYnNU,20,"They’re making their 3%, maybe, commission on a transaction.",60,9
unaligned,train,YWxvIFmYnNU$_$26,YWxvIFmYnNU,26,You just can’t earn more than one - using more than one license on the same deal.,81,17
unaligned,train,YcJ5RJYUr7Y$_$17,YcJ5RJYUr7Y,17,and see it evolve and grow and all that type of thing Cause that's really cool with new shows.,94,19
unaligned,train,YcJ5RJYUr7Y$_$19,YcJ5RJYUr7Y,19,"I just wanted to give you guys a little bit of an update on things Cause I figured, I mean, I'm calling this ""Adventures Backstage"" but I'm just putting up a lot of ""How-To"" videos and I like doing that and those, I wanna keep doing those But I also kind of want to give you guys kind of an insight to my actual adventures.",323,65
unaligned,train,YcJ5RJYUr7Y$_$2,YcJ5RJYUr7Y,2,So you might be wondering why I'm in front of a white curtain and not my normal black curtain.,94,19
unaligned,train,YcyHQQXGXWA$_$4,YcyHQQXGXWA,4,Ste has done a phenomenal job right,35,7
unaligned,train,YfxtwXXkCmc$_$0,YfxtwXXkCmc,0,My name's Joel Whitmore,23,4
unaligned,train,Yi6Qyn4X8is$_$16,Yi6Qyn4X8is,16,"I think It let down a lot of people and i also didn't like the auto tune like Kanye could have sang in his normal voice but he's got this horrible auto tuned because it's so obvious it's auto tone, because i sometimes have trouble listening or telling whether an artist is using auto tune but it's so blatantly obvious in this song and you know what i was really disappointed with it.",384,73
unaligned,train,Yi6Qyn4X8is$_$7,Yi6Qyn4X8is,7,And the thing I want to say is that this generation has to be the dumbest generation that I have ever seen.,107,22
unaligned,train,YmGfjU5PGyE$_$5,YmGfjU5PGyE,5,I know personally a lot of people who simply can't be taken to the doctor and will not go.,90,19
unaligned,train,Yn8vNC41UMg$_$10,Yn8vNC41UMg,10,"They can do tie ups, collaborations, offer help to people in return of money, and see if it grows organically into a business.",126,23
unaligned,train,YodtMIsjM0c$_$7,YodtMIsjM0c,7,Who was in the film or TV show,30,8
unaligned,train,Z-26eyME6Co$_$10,Z-26eyME6Co,10,The plaintiff has to prove that that it did happen as a result of this.,71,15
unaligned,train,Z3fcd1wdzr0$_$2,Z3fcd1wdzr0,2,"And to, I guess the best way to put it is, to educate yourself for different industries as well",95,19
unaligned,train,Z3fcd1wdzr0$_$5,Z3fcd1wdzr0,5,"Because, as a recruiter, we do look at that",43,9
unaligned,train,Z3fcd1wdzr0$_$4,Z3fcd1wdzr0,4,"So if anyone gets on LinkedIn, definitely have an awesome profile picture, update your contact information",106,16
unaligned,train,Z3fcd1wdzr0$_$7,Z3fcd1wdzr0,7,So how do you do that,21,6
unaligned,train,ZDz8Qr-sJ3E$_$3,ZDz8Qr-sJ3E,3,"So basically the scenario is that you have been driving and for some reason, whatever reason that might be, your car has broken down.",133,24
unaligned,train,ZDz8Qr-sJ3E$_$4,ZDz8Qr-sJ3E,4,Whether it is a flat tire or whatever might have taken place.,61,12
unaligned,train,ZJGzEeDXbyM$_$0,ZJGzEeDXbyM,0,and that's this one here,24,5
unaligned,train,ZQuGizjoCTY$_$4,ZQuGizjoCTY,4,It's a horse that was built by a committee,42,9
unaligned,train,ZQuGizjoCTY$_$8,ZQuGizjoCTY,8,"So we crossed the street, and joined a Baptist church that was going in the rapture",83,16
unaligned,train,ZSBoSJaD2tQ$_$1,ZSBoSJaD2tQ,1,"Even though it’s only a few decades old, by now the computer software industry has been one of the fastest growing industries",125,22
unaligned,train,ZSBoSJaD2tQ$_$8,ZSBoSJaD2tQ,8,"Even during the slowing down of economy, this industry has managed to stay afloat",81,14
unaligned,train,ZW4Oe_fKJM0$_$7,ZW4Oe_fKJM0,7,Our expert business consultants will assist you with finding the right accountant that is perfect for your business or personal needs.,134,21
unaligned,train,ZXHX_e6HCI0$_$0,ZXHX_e6HCI0,0,"Hi Alexandra Botyuk here once again, and today I would like to invite you to my pre-construction condos information session",123,20
unaligned,train,ZZ1IyZaMTWQ$_$0,ZZ1IyZaMTWQ,0,Being in the military was certainly great preparation for business school and for the program I‘m in.,101,17
unaligned,train,ZZ1IyZaMTWQ$_$5,ZZ1IyZaMTWQ,5,"Some of the fun parts about business school, there’s certainly a lot.",69,12
unaligned,train,Zae-zQ3VBpY$_$2,Zae-zQ3VBpY,2,"Here on the West Coast and across our nation, this agreement will help to pave the way for new opportunities to innovate, create whole new industries, and it will be a clear win for American workers, American businesses and communities.",236,40
unaligned,train,Zg9DKOHJdw8$_$3,Zg9DKOHJdw8,3,It allows them to have a more personalized interaction with those schools as opposed to the generic information that your just going to find on a schools website,161,28
unaligned,train,Zj_4YmbMWtg$_$10,Zj_4YmbMWtg,10,"It still comes up from time to time, but I'm not afraid of it anymore.",70,15
unaligned,train,Zo8jCDGMWjw$_$0,Zo8jCDGMWjw,0,"Are you looking for a way to connect with your audience, Why not use VIDEO?",75,15
unaligned,train,Zs8x712Y-CM$_$8,Zs8x712Y-CM,8,Just how powerful is this endorsement? Heineman says he won't be backing any candidates for U,93,16
unaligned,train,ZtuTCuh9C1M$_$11,ZtuTCuh9C1M,11,"So after examining the definitions of sustainability among many scholars, Vojinov determined that all of the definitions had one thing in common: an assumption about keeping something at a certain level.",203,31
unaligned,train,ZtuTCuh9C1M$_$8,ZtuTCuh9C1M,8,"But you're smart, and this is the last of the sort of sustainability stuff.",75,14
unaligned,train,ZzL2sHtTWRc$_$1,ZzL2sHtTWRc,1,We have no secret formula of being able to understand exactly what is going to work.,84,16
unaligned,train,_26JmJnPKfM$_$5,_26JmJnPKfM,5,"That's probably because we surveyed hundreds of business leaders, entrepreneurs, and independent consultants to determine the top 8 things they needed to give effective business presentations",191,26
unaligned,train,_26JmJnPKfM$_$8,_26JmJnPKfM,8,"In the first section, you'll learn how to turn any topic, no matter how boring, into one that fascinates and holds the attention of your audience",145,26
unaligned,train,_26JmJnPKfM$_$11,_26JmJnPKfM,11,"In section 2, you'll learn how to make comfortable small talk, to help you land more clients, and build rapport with your coworkers",131,23
unaligned,train,_26JmJnPKfM$_$13,_26JmJnPKfM,13,Why 45 minutes? Studies show that people's minds start to wander about every 10 minutes,87,15
unaligned,train,_26JmJnPKfM$_$12,_26JmJnPKfM,12,"This is one of the top things that business clients want to know - 'How do I talk to people 1 on 1?' Next you'll learn how to keep your audience listening, even after 45 minutes",177,36
unaligned,train,_26JmJnPKfM$_$15,_26JmJnPKfM,15,But even more importantly after 45 minutes the drifting interval starts to quickly speed up and you really risk losing your audience,132,22
unaligned,train,_26JmJnPKfM$_$14,_26JmJnPKfM,14,Its called the drifting theory,30,5
unaligned,train,_4PNh8dIILI$_$3,_4PNh8dIILI,3,"This plan is really going to touch every community, every part of our economy and we're going to always be looking for ways that we can do everything more efficiently.",167,30
unaligned,train,_8pvMpMdGM4$_$1,_8pvMpMdGM4,1,I am from a one-hundred percent Italian family,46,8
unaligned,train,_8pvMpMdGM4$_$0,_8pvMpMdGM4,0,"So my story begins with kind of my upbringing, my background",60,11
unaligned,train,_8pvMpMdGM4$_$4,_8pvMpMdGM4,4,And so I built up the courage and I went and through that opportunity I met a friend Steve Luecht,97,20
unaligned,train,_8pvMpMdGM4$_$6,_8pvMpMdGM4,6,""" You know God was working on my heart and softening it to finally, three years later, to finally decide ""Hey I'll go with you",126,25
unaligned,train,_HabvL0VnrQ$_$31,_HabvL0VnrQ,31,You can reach me at 516-487-8207 or by email at lawmed10@yahoo.com.,67,11
unaligned,train,_HabvL0VnrQ$_$0,_HabvL0VnrQ,0,"Missing witnesses at trial, are they fair game during summation?",64,10
unaligned,train,_HabvL0VnrQ$_$9,_HabvL0VnrQ,9,"Since the defense has had an opportunity to examine you with a doctor of their own choosing, if they fail to call that examining doctor there is a good possibility that we can ask the court to give the jury what's known as a missing witness charge.",248,47
unaligned,train,_HanACduNJk$_$10,_HanACduNJk,10,"A minor conviction is a warning conviction, and it does not affect the defendant but does serve as a warning.",109,20
unaligned,train,_HanACduNJk$_$12,_HanACduNJk,12,The history of convictions also shows that a minor law conviction can be prosecuted as any individuals punishment.,114,18
unaligned,train,_HanACduNJk$_$2,_HanACduNJk,2,"In Scotland and in the Netherlands, there can also be a verdict of ""not proven"", which counts as an acquittal.",110,20
unaligned,train,_JcML8u5Wes$_$3,_JcML8u5Wes,3,"In my spare time I like to hike and trying new foods and I would definitely consider myself a foodie, I also have a passion for traveling and am always planning my next trip so a lot of my content will revolve around these things, so don't forget to subscribe!",260,50
unaligned,train,_PKP676ez2c$_$4,_PKP676ez2c,4,Closure is the key to power in any means of combination because it permits us to create hierarchical structures.,112,19
unaligned,train,_PKP676ez2c$_$7,_PKP676ez2c,7,Hierarchical structures are made up of parts which themselves have parts and those have parts and those have parts and so on.,125,22
unaligned,train,_UNQDdiAbWI$_$4,_UNQDdiAbWI,4,Budget competition includes all products and services that compete for the same amount of money.,96,15
unaligned,train,_XWUKMkxa-Q$_$4,_XWUKMkxa-Q,4,"So it’s become more of an iterative process with fast results, fast iteration.",78,13
unaligned,train,_YzIvwvyIq4$_$5,_YzIvwvyIq4,5,"Secondly, using social, you know, things like Twitter or Facebook allows us to actually monitor the ongoing conversation about our brands and about the things that we’re putting out there.",188,30
unaligned,train,_bIJOxiIJFk$_$5,_bIJOxiIJFk,5,Know that we will keep your confidence... and we will appreciate and value whatever you tell us.,96,17
unaligned,train,_bIJOxiIJFk$_$4,_bIJOxiIJFk,4,"Use it as an opportunity to really demonstrate to the schools who you are... and how, as a diverse student, you will assist that student body.",142,26
unaligned,train,_iRAn6feOmw$_$25,_iRAn6feOmw,25,"And the more information that you have about your business, and you need to have your tax returns ready for the last three years, you need to have your resume prepared.",168,31
unaligned,train,_iRAn6feOmw$_$15,_iRAn6feOmw,15,"All around the country there are a variety of different non-profits that serve entrepreneurs, whether it is a non-profit that provides loans, and so they help people develop business plans.",189,30
unaligned,train,_iRAn6feOmw$_$14,_iRAn6feOmw,14,"Also, I recommend that you reach out to organizations in your community that help entrepreneurs get started and help them with their business planning.",151,24
unaligned,train,_iy7ftq27xE$_$11,_iy7ftq27xE,11,"But at the same time, understand the very important connection between stress and the gut",89,15
unaligned,train,_iy7ftq27xE$_$6,_iy7ftq27xE,6,"Well, there certainly is, and in many cases of people with yeast infections, I have found they have a condition known as Leaky Gut Syndrome, which can predispose a person to food allergies",188,33
unaligned,train,_iy7ftq27xE$_$9,_iy7ftq27xE,9,So how do you get rid of the allergic response? You get rid of the allergic response by improving the small intestine function,126,23
unaligned,train,_qVgNLJCYdA$_$0,_qVgNLJCYdA,0,"If the person is Deaf and uses Sign Language, book with iSign for a Sign Language Interpreter in advance.",105,19
unaligned,train,_qVgNLJCYdA$_$6,_qVgNLJCYdA,6,"Seven, look at the Deaf person when he or she is responding.",60,12
unaligned,train,_t8ETpf2LnM$_$0,_t8ETpf2LnM,0,No no there's no such vitamin,29,6
unaligned,train,_v8c7iWkYz0$_$4,_v8c7iWkYz0,4,"There are three major content sections on the exam, General, Administrative, and Clinical, each of which cover a wide variety of topics and concepts.",149,24
unaligned,train,_xjBqNfiEY4$_$0,_xjBqNfiEY4,0,"- University of Illinois candidates are very prepared and have a great pre-dental club, and that is something I believe that students who are interested in dentistry should engage and be part of.",195,33
unaligned,train,a4vRa-_nuJw$_$11,a4vRa-_nuJw,11,"Make SURE that you actually are someone who knows HIM and is LED by Him, not like the hypocrites who have Bible knowledge but have NEVER met God.",145,28
unaligned,train,a4vRa-_nuJw$_$10,a4vRa-_nuJw,10,"And strive after Him with ALL your heart, soul, might, THAT is eternal life, to know Jesus and to abide in HIM.",111,22
unaligned,train,a4vRa-_nuJw$_$4,a4vRa-_nuJw,4,"If you are someone who is really seeking the LORD and wants to know TRUTH, I encourage you to go directly to Jesus in prayer, ask HIM for answers and clarity and ask HIM to reveal Himself to YOU in a way that makes sense.",221,45
unaligned,train,a5CSKvCAhbs$_$11,a5CSKvCAhbs,11,""" But in normal speed, fast English: ""so ma voom"", ""so ma voom""",63,13
unaligned,train,a5CSKvCAhbs$_$7,a5CSKvCAhbs,7,Quite often we just drop it,27,6
unaligned,train,a5CSKvCAhbs$_$6,a5CSKvCAhbs,6,"Now, again, for native speakers the ""h"" is a very weak sound so we",66,14
unaligned,train,a5FKWiI90hk$_$3,a5FKWiI90hk,3,"But instead of bolting it on at the end, you need to move it much further upstream.",83,17
unaligned,train,a7HHg_JygJo$_$5,a7HHg_JygJo,5,Couples who get together as a team on this stuff tend to do better than people who work on it in isolation.,107,22
unaligned,train,a7HHg_JygJo$_$6,a7HHg_JygJo,6,So it's really important that you have all of the information at your disposal.,79,14
unaligned,train,a8WV5KEMKSw$_$1,a8WV5KEMKSw,1,"About ⅓ of these languages are in danger of extinction, most of them are spoken by fewer than 1,000 people, across one or two generations",137,25
unaligned,train,a8WV5KEMKSw$_$0,a8WV5KEMKSw,0,"But unfortunately these 7,000 languages are decreasing: languages are alive, they change, evolve, and unfortunately many disappear",130,17
unaligned,train,aCwLQrJz4Bo$_$0,aCwLQrJz4Bo,0,"I can't, I've got to go home, the cat needs-- the cat doesn't need you",70,15
unaligned,train,aDvgbBqTWWE$_$10,aDvgbBqTWWE,10,But also it's a really good opportunity to collect a lot of data about them.,76,15
unaligned,train,aDvgbBqTWWE$_$23,aDvgbBqTWWE,23,But it's definitely-- we've seen a little bit of a lag in terms of websites offering online commerce.,101,18
unaligned,train,aDvgbBqTWWE$_$30,aDvgbBqTWWE,30,"But certainly, that's a really good area for growth that could take place in the future.",88,16
unaligned,train,aE7sckIAWuw$_$4,aE7sckIAWuw,4,There are millions of things in this world beyond our control,61,11
unaligned,train,aE7sckIAWuw$_$8,aE7sckIAWuw,8,"At work, this can happen too if our company culture is overrun with negativity, finger pointing, gossip, and other things that we have to deal with",147,26
unaligned,train,aFjMWlR1QAY$_$0,aFjMWlR1QAY,0,"- Well, church today was pretty lonely without the kids and Kendra there",72,13
unaligned,train,aFjMWlR1QAY$_$3,aFjMWlR1QAY,3,"There are six kids in my family, and my parents got divorced",60,12
unaligned,train,aFjMWlR1QAY$_$2,aFjMWlR1QAY,2,I can't help but think back to when I was 12 years old,54,13
unaligned,train,aFjMWlR1QAY$_$9,aFjMWlR1QAY,9,"And I know that that was a difficult, lonely time for him",57,12
unaligned,train,aI1tdJPHz2I$_$1,aI1tdJPHz2I,1,SCHOOLS MAY BECOME AWARE OF HARASSMENT FROM A VARIETY OF SOURCES,64,11
unaligned,train,aIUF3QJJOF4$_$12,aIUF3QJJOF4,12,This testimony is my way of saying MANY THANKS to Gideon and all the family of Ceu Nossa Senhora da Conceição.,110,21
unaligned,train,aIUF3QJJOF4$_$0,aIUF3QJJOF4,0,"Testimony of Vitor Kobbaz about the Shaman Gideon of the Lakotas and the Ceu Nossa Senhora da Conceição Hello, my name is Vitor Kobbaz.",135,24
unaligned,train,aIUF3QJJOF4$_$3,aIUF3QJJOF4,3,"Today I am happily working and studying, and completely recovered from addictions.",82,12
unaligned,train,aIUF3QJJOF4$_$2,aIUF3QJJOF4,2,"I met the Shaman Gideon of the Lakotas four years ago, at the time I was addicted to drugs and depressed, resulting in many conflicts with my family.",149,28
unaligned,train,aIUF3QJJOF4$_$7,aIUF3QJJOF4,7,"When you hear somebody speaking ill of Gideon and the work that he leads here on earth, the Ceu Nossa Senhora da Conceição, try to seek information about it, try to get to know the work.",186,36
unaligned,train,aNOuoSVlunM$_$8,aNOuoSVlunM,8,That's not going to work out,28,6
unaligned,train,aNOuoSVlunM$_$0,aNOuoSVlunM,0,"[POP] [SCREAMING] Yeah, that's a little bit creepy",50,8
unaligned,train,afCsKTHteg4$_$5,afCsKTHteg4,5,"And as an NGO partner, Refugees International provides an important voice on so many critical issues and helps advance the U.S.",127,21
unaligned,train,ahcAFnY6iAY$_$1,ahcAFnY6iAY,1,I tell you: that grabs people emotionally,41,7
unaligned,train,aiUq5xksJy0$_$5,aiUq5xksJy0,5,"Normally, atoms react with each other to get a full outer shell of electrons, because that’s when they’re the most stable",121,21
unaligned,train,aiUq5xksJy0$_$7,aiUq5xksJy0,7,"Still, compounds with noble gases in them can be useful, like for removing the electrons from an atom",101,18
unaligned,train,ak7N0BqMluI$_$3,ak7N0BqMluI,3,They are not subject to detailed conduct or disclosure regulation.,66,10
unaligned,train,ak7N0BqMluI$_$2,ak7N0BqMluI,2,"Unlike consumer credit providers, commercial lenders don't have to be licensed to provide or arrange finance.",109,16
unaligned,train,amem5EmRG3s$_$2,amem5EmRG3s,2,"And so, maybe you could share a little bit with our viewers what will be, where we'll be going and what they can expect",119,24
unaligned,train,ap465Tlzf88$_$1,ap465Tlzf88,1,"In the Keynesian model, I and G are autonomous, that is, they are independent of income.",88,16
unaligned,train,aqmRPNfeOy8$_$0,aqmRPNfeOy8,0,Retirement is an important time in anyones life to make sure that they have enough money for their current needs.,113,20
unaligned,train,aqmRPNfeOy8$_$2,aqmRPNfeOy8,2,This is where money market mutual funds and money market actual funds are beneficial to the retiree.,100,17
unaligned,train,asWraTfIqq0$_$11,asWraTfIqq0,11,"Well, I live in West Texas",26,6
unaligned,train,asWraTfIqq0$_$4,asWraTfIqq0,4,"In other cases, a disease could move into a new region, where it was previously unknown, like Lyme disease in Canada",116,21
unaligned,train,asWraTfIqq0$_$6,asWraTfIqq0,6,We've divided up our land,25,5
unaligned,train,assx_NKo-L8$_$14,assx_NKo-L8,14,We will do that using modeling tools,36,7
unaligned,train,assx_NKo-L8$_$4,assx_NKo-L8,4,Multiple pieces are interacting with each other to become the blue planet that we know,86,15
unaligned,train,assx_NKo-L8$_$9,assx_NKo-L8,9,We are now tapping energy resources that took millions of years to build and in the process add greenhouse gases to the atmosphere,130,23
unaligned,train,assx_NKo-L8$_$20,assx_NKo-L8,20,"Most of my research here revolves around computer modeling of the global biosphere, and a central question my lab is trying to answer is how much greenhouse gases we emit into the atmosphere is being soaked up by vegetation and soils",233,41
unaligned,train,atxoi7pB5TM$_$2,atxoi7pB5TM,2,The first thing to know is you need to get a diagnosis from your veterinarian.,78,15
unaligned,train,avW2m6VHTyg$_$2,avW2m6VHTyg,2,And each year we bring in a special guest to work with us and help motivate our staff.,86,18
unaligned,train,b1Il3Nf6BrU$_$6,b1Il3Nf6BrU,6,"As Ted McConnell, from Procter &amp; Gamble once said, call me old fashioned, but Procter &amp; Gamble still thinks it's rather important to know what we say to consumers, to how many, and how often.",199,35
unaligned,train,b8xmgi4VV0M$_$9,b8xmgi4VV0M,9,Their branches are listed on their website at www.canaccord.com.,64,9
unaligned,train,bBJ0BxmIocQ$_$1,bBJ0BxmIocQ,1,I love being a dividend investor and I think dividend paying stocks and ETFs are an essential in every Millennial's portfolio,125,21
unaligned,train,bBJ0BxmIocQ$_$0,bBJ0BxmIocQ,0,"Hey guys, Bridget from Money After Graduation here and I wanted to answer a common question I hear all the time and that's, what are dividends and how do I get them? Dividend investing is one of my favorite ways to invest in the stock market and it's one of my strongest passive income streams that I have coming into my wealth portfolio",337,63
unaligned,train,bBJ0BxmIocQ$_$12,bBJ0BxmIocQ,12,"This means the longer you own a stock, the more you're making on your original investment",89,16
unaligned,train,bBJ0BxmIocQ$_$19,bBJ0BxmIocQ,19,"Otherwise shareholders are the most important people to a corporation so they will go to great lengths to continue to pay that dividend, pay it on time and increase it year over year",182,33
unaligned,train,bBJ0BxmIocQ$_$18,bBJ0BxmIocQ,18,"Now this is extremely rare because it makes shareholders mad if you stop paying them, so a company will only cut or eliminate its dividend is it's facing dire financial straits",176,31
unaligned,train,bCDfIJ12oqM$_$0,bCDfIJ12oqM,0,Deloitte has announced its plans to invest $750 million in strategic markets over the next three years.,103,17
unaligned,train,bQcJVJcpgAs$_$1,bQcJVJcpgAs,1,"Money really speaks too, and the fact that when you educate girls, when you help them go further in their careers that is actually very beneficial to the country, the bottom line of the country.",194,35
unaligned,train,bU6CgE_kMRY$_$5,bU6CgE_kMRY,5,So that is Dave Sullivan with the Credit Guy TV so you with a little bit of me we are going to change the credit industry!,122,26
unaligned,train,bUFAN2TgPaU$_$11,bUFAN2TgPaU,11,I brought it to Canada proudly,30,6
unaligned,train,bVhWpCvpSs4$_$1,bVhWpCvpSs4,1,"And writing just happens to be my outlet, because everybody can do it",69,13
unaligned,train,bVhWpCvpSs4$_$3,bVhWpCvpSs4,3,"The drive, the people that encouraged me to keep on going",57,11
unaligned,train,bVhWpCvpSs4$_$2,bVhWpCvpSs4,2,The family of poets that we have here in Colombia-- it's unbelievable,69,12
unaligned,train,bVhWpCvpSs4$_$6,bVhWpCvpSs4,6,"And it's one family of just amazing, creative talent",52,9
unaligned,train,bYt4wybVLRQ$_$3,bYt4wybVLRQ,3,The bottom line is that most people as it relates to the holiday season tend to want to have a good holiday for their families and-- So I do believe there will be spending.,172,34
unaligned,train,bYt4wybVLRQ$_$16,bYt4wybVLRQ,16,"The bottom line is, if your products are not there, they can't be bought.",73,14
unaligned,train,bZ2ytqPtyK4$_$14,bZ2ytqPtyK4,14,"In Vermont it's very easy to run for public office, and I urge folks to get out there and do it.",96,21
unaligned,train,b_SffSbPVJM$_$5,b_SffSbPVJM,5,"One example, I've heard the comparison between Catholics and Protestants, I've heard the statement that Catholics believe in transubstantiation, which means that when they take communion, the bread and wine actually becomes the body and blood of Christ, whereas Protestants ""don't"" believe in transubstantiation, they believe that it's more of a symbolic meaning when they take communion.",388,57
unaligned,train,babuyKl7EAw$_$5,babuyKl7EAw,5,"And without preservation it happens very very fast if you don't like preservatives at all, I would recommend you to learn how to make your own cosmetic products",160,28
unaligned,train,badtXoOJaf8$_$7,badtXoOJaf8,7,When do I ever stop beating myself up for a decision that was so final,70,15
unaligned,train,bcns0Gu66D8$_$3,bcns0Gu66D8,3,"One is, the first debate she clearly had a strategy to get under his skin and was very successful at it",103,21
unaligned,train,bdtwQxwySN0$_$15,bdtwQxwySN0,15,"THAT is why I smile, because I KNOW the devil HATES IT, and I KNOW THAT WITH JESUS I AM PROTECTED!",98,21
unaligned,train,bdtwQxwySN0$_$2,bdtwQxwySN0,2,"But let me tell you, if someone is frowning at what God approves of, they heart is NOT right with Jesus.",104,21
unaligned,train,bfy28AlY-TQ$_$3,bfy28AlY-TQ,3,"There were only seven of them in the world, and the zoo had four of them.",73,16
unaligned,train,bh4_Kd4hhd4$_$1,bh4_Kd4hhd4,1,"And understanding that when an audience member is listening our radio broadcast, or watching television, or doing something on the web, or on a mobile device, if they're interacting with the brand all at the same time, there are mechanisms to actually have that audiences interact with each other around the brand instead of just the channel of distribution.",358,59
unaligned,train,bhFK-xy76U4$_$1,bhFK-xy76U4,1,"This is a Sun Oven, it folds up it carries like a suitcase and only weighs 21 pounds",84,18
unaligned,train,bhPB19tr-JY$_$0,bhPB19tr-JY,0,"Hello folks and welcome to sociology 1, I am your professor Elizabeth Ortega.",77,13
unaligned,train,bhPB19tr-JY$_$6,bhPB19tr-JY,6,"For this online sociology course, we will engage in a variety of online learning activities, such as discussion boards, soft chalk lessons, and writing assignments.",164,25
unaligned,train,bkP-BNW4oMg$_$0,bkP-BNW4oMg,0,"For instance, another of Kubzansky's studies found that optimism is associated with lower levels of inflammation",112,16
unaligned,train,c5-L8vC6_sk$_$8,c5-L8vC6_sk,8,"So if we don't pay attention to our dreams, we're not only living a partial life, but we're only using part of our brain.",121,24
unaligned,train,c6wuh0NRG1s$_$1,c6wuh0NRG1s,1,"Rigidity and plasticity are not absolute terms, but relative, and all solids are in fact both rigid and plastic",111,19
unaligned,train,c6wuh0NRG1s$_$0,c6wuh0NRG1s,0,"""To my mind it appears that the difficulty is only imaginary and not real",73,14
unaligned,train,c6wuh0NRG1s$_$9,c6wuh0NRG1s,9,"com, a leading provider of audiobooks, with over 180,000 titles in all areas of literature, including fiction, non-fiction and periodicals",138,20
unaligned,train,c7xUcM68IFE$_$2,c7xUcM68IFE,2,"While we're on the subject of franchises that may have already peaked, we've also got the official word that a new Gran Turismo game is coming out",146,27
unaligned,train,c7xUcM68IFE$_$5,c7xUcM68IFE,5,"Polyphony and Sony announced over the weekend that Gran Turismo Sport will make its debut later this year, on November 15th, 2016",129,22
unaligned,train,c7xUcM68IFE$_$9,c7xUcM68IFE,9,The promised beta won't be coming after all,43,8
unaligned,train,c805Td8A_Ek$_$22,c805Td8A_Ek,22,"So I think with this project, this research project, we've kind of blended the two which I think really makes a nice fit because students really do appreciate technology.",170,29
unaligned,train,c805Td8A_Ek$_$17,c805Td8A_Ek,17,They go out into the community and they do nutrition education.,63,11
unaligned,train,c805Td8A_Ek$_$16,c805Td8A_Ek,16,The students still have that traditional classroom involvement where they're given assignments.,95,12
unaligned,train,c9jD33baJ60$_$1,c9jD33baJ60,1,They were found to be negligent in trader collusion around the global currency,78,13
unaligned,train,c9jD33baJ60$_$0,c9jD33baJ60,0,"The banks are--and it's worth taking this in slowly--HSBC, Royal Bank of Scotland, JPMorgan Chase, Citigroup, Royal Bank of Scotland, UBS AG, and the Bank of America",165,27
unaligned,train,cAA2mONG98w$_$2,cAA2mONG98w,2,If you would like a complete price guide you can visit our website at www.screenflex.com or call us at 800 553-0110,115,21
unaligned,train,cEXJ2zFbC9I$_$4,cEXJ2zFbC9I,4,"And when the bond prices went down, these loans were effectively called in, and these portfolios of these retail investors were wiped out.",138,23
unaligned,train,cKUPgzZu-Fk$_$4,cKUPgzZu-Fk,4,"I've been lucky enough that my business had been building over the course of a few years, so it really allowed me to compare whatever my sales were today, versus sales of the same month last year, so I could look at this August, and say last year I did X amount.",262,52
unaligned,train,cKldvZeyRDA$_$2,cKldvZeyRDA,2,"If you're not getting that cash flow to come into your business it's very hard to start, and that's where people find the most, the biggest issues because then they end up coming across cash flow issues.",203,37
unaligned,train,cKxNJY7sA8s$_$1,cKxNJY7sA8s,1,"Emerging and developing economies could account for 63% of world GDP by 2032, which will also be reflected in their increasingly dominant role in global demand for energy and other finite natural resources.",206,33
unaligned,train,cM1Zuji24dI$_$3,cM1Zuji24dI,3,GUE/NGL will carry on monitoring and checking Mr. Cañete's activity  and functions for the coming years and along the way we will put forward our positions.,156,26
unaligned,train,cM1Zuji24dI$_$2,cM1Zuji24dI,2,"The European Left and other political groups have denounced Mr. Cañete's connections to the oil industry, his past as a minister of Environment in Spain and his non clarified financial statements that make him unreliable.",221,35
unaligned,train,cOcNe3L4VAg$_$10,cOcNe3L4VAg,10,The third reason is that marketing connect the dots between marketing and operations,84,13
unaligned,train,cOcNe3L4VAg$_$13,cOcNe3L4VAg,13,"By having all of these platforms integrated, we're able to see where we can automate processes to help streamline and create efficiencies",137,22
unaligned,train,cOcNe3L4VAg$_$2,cOcNe3L4VAg,2,We want to talk through four reasons why MarTech is important,61,11
unaligned,train,cRFiXLzcCOA$_$3,cRFiXLzcCOA,3,You can do everything online and you don't have to work with a stockbroker or anything like that and it's just a really great way to get anybody to invest.,155,30
unaligned,train,cS3BDGNDu_8$_$10,cS3BDGNDu_8,10,Are they doing nothing or are they constantly talking with their hands to the point of extreme distraction?,107,18
unaligned,train,cS3BDGNDu_8$_$2,cS3BDGNDu_8,2,"I see they're traditionally behind a podium and they're leaning on the podium or maybe they're rocking on the podium, they're slumped over the podium, or maybe they're simply just standing up but they're slumping over.",218,36
unaligned,train,cUm0TN3vXRc$_$2,cUm0TN3vXRc,2,I had a difficult technical problem where my computer was not rendering the video completely before completely shutting down.,125,19
unaligned,train,cZVM4svwE90$_$25,cZVM4svwE90,25,"Thanks Andy! Yesterday’s question of the day was, how many licks does it take to get to the center of a Tootsie Pop? The answer is 364 licks",140,28
unaligned,train,cZVM4svwE90$_$26,cZVM4svwE90,26,Today’s question of the day is what do they call paper towel in England? Tune in tomorrow to find out,101,20
unaligned,train,cZVM4svwE90$_$1,cZVM4svwE90,1,These are the West Announcements,32,5
unaligned,train,cZVM4svwE90$_$3,cZVM4svwE90,3,Talent show tryouts February 26th,33,5
unaligned,train,cZVM4svwE90$_$4,cZVM4svwE90,4,Get your act together and be ready after school Friday February 26th,68,12
unaligned,train,cZVM4svwE90$_$6,cZVM4svwE90,6,"The 8th Annual West Library Read-A-Thon is coming next Friday, March 4, right after school",90,15
unaligned,train,cZVM4svwE90$_$13,cZVM4svwE90,13,"However, your 9th grade boys showed their tenacity and determination, taking a 4 point lead with less than a minute to play",123,22
unaligned,train,cZVM4svwE90$_$12,cZVM4svwE90,12,"The 2nd half started out much the same, with few points to be had",65,14
unaligned,train,cZVM4svwE90$_$15,cZVM4svwE90,15,"7 secs left on the clock, the Hornets took a desperation 3 point shot that circled inside the rim and then set on top of the rim, for just a moment, before falling harmlessly off the side",187,37
unaligned,train,c_FJuhSte8Q$_$5,c_FJuhSte8Q,5,If you click on a bad link on a website it’s like taking a wrong turn in a bad part of town.,92,22
unaligned,train,c_FJuhSte8Q$_$7,c_FJuhSte8Q,7,This Community Seminar covers the online dangers that most frequently threaten today’s students and it’ll provide you with practical tools and safety tips.,155,23
unaligned,train,c_FJuhSte8Q$_$8,c_FJuhSte8Q,8,You’ll also hear about the topics we covered in Michigan CSI student presentations and how we’ve encouraged your student to talk with you about anything and I mean anything that makes them uncomfortable.,203,33
unaligned,train,caLWajc18Y4$_$5,caLWajc18Y4,5,We'll be noticing how well you interact with your clients and noting your ability to communicate with them,106,18
unaligned,train,caLWajc18Y4$_$6,caLWajc18Y4,6,We also want to see how well you can educate them about concepts that they may not know,87,18
unaligned,train,caLWajc18Y4$_$9,caLWajc18Y4,9,Did you wrap up the meeting with an action plan that identifies the steps and the timeframes needed to implement your planning recommendations,142,23
unaligned,train,cfX_iuhCbRY$_$1,cfX_iuhCbRY,1,It helps them from the inception of the business... and throughout the entire lifetime of the business.,103,17
unaligned,train,cfX_iuhCbRY$_$5,cfX_iuhCbRY,5,"You might work with a small business that, after it's been launched... it ends up wanting to form another subsidiary entity.",124,21
unaligned,train,cjgq9d8Zn9g$_$2,cjgq9d8Zn9g,2,What can be done to secure land rights for the poor and vulnerable populations,78,14
unaligned,train,cmJW6mkspkI$_$0,cmJW6mkspkI,0,"Hi Everyone, I'm Asma, chairperson of EMRO region and i would like to wish you all a happy new year عالسلامه!",109,21
unaligned,train,cnllFPRyBFs$_$0,cnllFPRyBFs,0,"and although it sounds kind of geeky, the main way of representing those models is through representation called YANG",117,19
unaligned,train,ctMCSUT2LlQ$_$4,ctMCSUT2LlQ,4,And get him ultimately to Howard University here in Washington for dental school,80,13
unaligned,train,d0QNH2vcDgU$_$3,d0QNH2vcDgU,3,You've gotta start somewhere,28,4
unaligned,train,d0QNH2vcDgU$_$13,d0QNH2vcDgU,13,"I've had Business majors, Psychology majors, Social Work majors, just to name a few from this school and they've all been excellent staff and and I really appreciate the effort that y'all put into this and the quality of the students I get",239,43
unaligned,train,d38u9n5GOLM$_$26,d38u9n5GOLM,26,"So, I'm not exactly sure yet of the details -- where and when.",62,13
unaligned,train,d38u9n5GOLM$_$18,d38u9n5GOLM,18,"Well, as you can see, the clocks behind me are missing something: cities or towns to go with them.",98,19
unaligned,train,d38u9n5GOLM$_$28,d38u9n5GOLM,28,But I will update this video description when I have those details as well as on my Twitter and my Facebook page.,113,22
unaligned,train,d38u9n5GOLM$_$6,d38u9n5GOLM,6,"As you might have noticed behind me, we’ve got a new background with all new clocks.",84,16
unaligned,train,d3I7Ug-_3L0$_$0,d3I7Ug-_3L0,0,The start of a new academic year provides an opportune moment to reflect on where we are as a college community - where we have been and where we’re headed.,156,30
unaligned,train,d3I7Ug-_3L0$_$5,d3I7Ug-_3L0,5,These women were willing to face him directly with an independent investigator.,79,12
unaligned,train,d3I7Ug-_3L0$_$6,d3I7Ug-_3L0,6,"Rather than do so, he resigned more than a year before the end date of his contract.",84,17
unaligned,train,d89Z_olwc2Y$_$24,d89Z_olwc2Y,24,"At the same time that's happening, brands want to be retailers.",63,11
unaligned,train,d99mfGIenCo$_$15,d99mfGIenCo,15,"This indicator is gaining more and more attention with every release, providing insight into business areas that are not well covered in other indicators",153,24
unaligned,train,d99mfGIenCo$_$16,d99mfGIenCo,16,"Thanks for joining us for the market event of the week, join me for the daily news here at OptionRally TV and watch for our special market event updates weekly",159,30
unaligned,train,d99mfGIenCo$_$1,d99mfGIenCo,1,The big market event this week will be the Non-Manufacturing purchasing manager's index,87,13
unaligned,train,d99mfGIenCo$_$2,d99mfGIenCo,2,This week it's all about the ISM Non-Manufacturing PMI,54,9
unaligned,train,dCDAcBR505Q$_$14,dCDAcBR505Q,14,"Other very common symbols or archetypes would be your vehicle, the car.",71,12
unaligned,train,dJ5MXl66-UQ$_$1,dJ5MXl66-UQ,1,The Cordon Bleu gave me the fundamental skills in pastry I needed to work in the professional culinary industry.,112,19
unaligned,train,dQ56b0bqmc8$_$5,dQ56b0bqmc8,5,please let me know if you have any questions I'm happy to help any groups i do have a lot of groups out here in Colorado but anyone within the u,144,31
unaligned,train,dSax_7klbfE$_$17,dSax_7klbfE,17,And so that's the way we have to kind of work each patient is different.,72,15
unaligned,train,dSax_7klbfE$_$1,dSax_7klbfE,1,"So throughout the country, most patients who have gynecologic cancers, ovarian cancer and [inaudible] cancer, uterine sarcomas, most of those patients will see a gynecologic oncologist who is a surgeon, and then that surgeon will also administer their chemotherapy.",265,39
unaligned,train,dWfgSGnd9zM$_$6,dWfgSGnd9zM,6,"Whether you're just starting your career, or making a career change, or have many years of experience within a single industry, your resume will look slightly different.",169,27
unaligned,train,dXMAS2tIknw$_$6,dXMAS2tIknw,6,""" ""Yalla"" is a word that we heard in almost every sentence",58,12
unaligned,train,dYyg91d7zjY$_$2,dYyg91d7zjY,2,3 million under some form of Criminal Justice supervision,57,9
unaligned,train,damyXH7mBic$_$11,damyXH7mBic,11,And if they treat it accordingly it can be a good barometer to build credit going forward with the financial institution that you have your checking account with.,162,28
unaligned,train,dbpGH5iP0GE$_$2,dbpGH5iP0GE,2,It could also also be that the preiodic payments are  made in advance or  before the service is received.,105,19
unaligned,train,dbpGH5iP0GE$_$3,dbpGH5iP0GE,3,"Examples are retirement annuity payments, rent payments and insurance payments.",79,10
unaligned,train,dcUlt6zk_S0$_$5,dcUlt6zk_S0,5,I think you'll be surprised to see that many organizations are looking for people in this field of work and that you'll have no problem getting an interim license when you go looking for it.,190,35
unaligned,train,ddix4XuaUlY$_$4,ddix4XuaUlY,4,"In his new role with PwC, Buchanan serves in the restructuring services arm of PwC's Deals team, assisting clients in evaluating strategic and financial alternatives and providing structuring advice to ensure successful recapitalizations and restructurings.",257,35
unaligned,train,dqragS38hCk$_$10,dqragS38hCk,10,They have their own interest in mind,36,7
unaligned,train,dqragS38hCk$_$2,dqragS38hCk,2,"Now, we're compelled to do this sometimes because we find ourselves unworthy of the situation in which we find ourselves",120,20
unaligned,train,dqragS38hCk$_$8,dqragS38hCk,8,""" That is a terrible way to start a persuasive sentence",55,11
unaligned,train,dsob2MgUPpA$_$13,dsob2MgUPpA,13,"Every time I get to be a part of it, I am thankful",50,13
unaligned,train,dsob2MgUPpA$_$3,dsob2MgUPpA,3,Get to have dialogue,20,4
unaligned,train,dsob2MgUPpA$_$2,dsob2MgUPpA,2,I am thankful for every opportunity i'm given to be in a workshop space with people,83,16
unaligned,train,dsob2MgUPpA$_$5,dsob2MgUPpA,5,Right here i'm gearing up for - their you go look at that circle! Gearing up for a training this weekend,104,21
unaligned,train,dyZdiWNflko$_$6,dyZdiWNflko,6,Now we are cash buyers we can close quickly.,44,9
unaligned,train,e-2QlzFeyNU$_$4,e-2QlzFeyNU,4,You might want to do a quick reading scan on each play if you have selected more than one.,90,19
unaligned,train,e0hYEr848TE$_$0,e0hYEr848TE,0,a home party why aren't you doing it on Facebook party right,60,12
unaligned,train,e0ltF8zpEcw$_$9,e0ltF8zpEcw,9,"As I said before, this lesson is only an introduction",53,10
unaligned,train,e0ltF8zpEcw$_$8,e0ltF8zpEcw,8,It could be used in an affectionate or a joking way,51,11
unaligned,train,e1E5W_ZefmY$_$10,e1E5W_ZefmY,10,A debit card transaction is basically a transfer of funds   from a buyer's bank account resellers bank account.,111,18
unaligned,train,e1E5W_ZefmY$_$3,e1E5W_ZefmY,3,Let's assume the retailer pays a 3% fee in order to be able to accept Visa cards.,81,17
unaligned,train,e7_2U4lm6TE$_$38,e7_2U4lm6TE,38,"So anyway, I'm not that impressed with my first Birchbox, but I'm going to do it one more time.",95,19
unaligned,train,e7_2U4lm6TE$_$28,e7_2U4lm6TE,28,"The full size of this is $17, but it's a color I would never wear.",66,15
unaligned,train,e7_2U4lm6TE$_$7,e7_2U4lm6TE,7,"So, what you get from Birchbox is this pink box that comes in the mail.",71,15
unaligned,train,eJwZfdtlks8$_$15,eJwZfdtlks8,15,"You're looking at four to eight sentences in this paragraph, depending on the character.",88,14
unaligned,train,ePtlUYCdrNM$_$1,ePtlUYCdrNM,1,"65 billion, YouTube was losing money at a rate of $500,000 a month, despite it’s immense popularity",99,17
unaligned,train,eSHOcLD5T58$_$7,eSHOcLD5T58,7,But you also have to make sure that you aren't introducing scope creep.,71,13
unaligned,train,eSHOcLD5T58$_$9,eSHOcLD5T58,9,"In the consultation we just saw, Carl did a very good job of managing the scope creep.",86,17
unaligned,train,eTCnM472-cQ$_$0,eTCnM472-cQ,0,"Hi, my name is Jamie Wedgerfield and I'm a Master Sales Consultant here at Northland Volkswagen, your 4-year Volkswagen Consumer Choice Award winner, in Calgary, Alberta.",170,26
unaligned,train,eTn2P4wmFr4$_$12,eTn2P4wmFr4,12,"But again, for the rest of the world, I don't think this hurts the European Union that much, outside of Britain, and I think it has got negligible impacts on the United States.",176,33
unaligned,train,eTn2P4wmFr4$_$15,eTn2P4wmFr4,15,"And then finally, for financial markets, you know, this was a shock.",68,12
unaligned,train,eTn2P4wmFr4$_$3,eTn2P4wmFr4,3,"From a political perspective, we've got disarray in the Conservative Party in Britain, and in the Labor Party.",110,18
unaligned,train,eTn2P4wmFr4$_$7,eTn2P4wmFr4,7,I don't see another country that will want to follow Britain's lead because I think what Britain is doing to itself will be pretty damaging.,140,25
unaligned,train,eTn2P4wmFr4$_$9,eTn2P4wmFr4,9,"From an economic perspective, I think also, the big problem is for Britain.",75,13
unaligned,train,eW1vgHE6FRM$_$14,eW1vgHE6FRM,14,"If you're in contact with US citizens in Egypt, thank you for passing along updates from our website, and be sure to let them know that their safety and security is our top priority at the Department of State.",209,39
unaligned,train,eW1vgHE6FRM$_$3,eW1vgHE6FRM,3,"Upon arrival, US Consular officers are assisting them in making lodging and onward travel plans.",96,15
unaligned,train,eY64P27khzk$_$0,eY64P27khzk,0,"at present, which is separate from the state, the regime, all the classes inside, the government has commitments to a kind of national development model, which is slightly contradictory",185,29
unaligned,train,eY64P27khzk$_$3,eY64P27khzk,3,"So in the conflict, spaces opened up",36,7
unaligned,train,eeN7l4R3nPc$_$10,eeN7l4R3nPc,10,"And you put those up to a pole, usually at the top of your house, and they're stronger antenna made for outdoor and made to receive signals that come from further distances.",173,32
unaligned,train,efLrpnuLwyU$_$1,efLrpnuLwyU,1,So it's no surprise that it's also succeeded in drawing the ire of conservative Christians.,91,15
unaligned,train,emtvrtk-jsU$_$7,emtvrtk-jsU,7,"The unfortunate part about it is Americans are very poor at saving money, and this is something that we have a challenge as, as a society.",138,26
unaligned,train,ep3IasggD3k$_$10,ep3IasggD3k,10,"You have the scapula, which is your shoulder blade",50,9
unaligned,train,esR-tOjT6KM$_$0,esR-tOjT6KM,0,We must never repeat the horrors of war again,45,9
unaligned,train,esR-tOjT6KM$_$3,esR-tOjT6KM,3,Ours is an alliance of hope that will lead us to the future,59,13
unaligned,train,esR-tOjT6KM$_$6,esR-tOjT6KM,6,"Japan and the United States, which have eradicated hatred, and cultivated friendship and trust on the basis of common values are now, and especially now, taking responsibility for appealing to the world about the importance of tolerance and the power of reconciliation",268,42
unaligned,train,esnOE1LefKA$_$1,esnOE1LefKA,1,Did you know that banks are no longer the only ones lending money?,66,13
unaligned,train,f49boM5fb8U$_$6,f49boM5fb8U,6,"And what a resolution is, is what happens after this conflict?",62,11
unaligned,train,f5k5cF80aUE$_$4,f5k5cF80aUE,4,Regular investors have always been locked out of early-stage company investments until now.,91,13
unaligned,train,f5k5cF80aUE$_$6,f5k5cF80aUE,6,Visit the Crowd101 blog and check out the most recommended articles or the categories for your own crowdfunding need.,117,19
unaligned,train,f6S2XNPIiFk$_$19,f6S2XNPIiFk,19,"And as we mark National Adoption Month this November, the Department of State commits to doing our part to find loving homes for thousands and thousands of more children.",170,29
unaligned,train,f6S2XNPIiFk$_$2,f6S2XNPIiFk,2,"And every time I'm with her, I am grateful that my sister Peggy was able to adopt her from China years ago.",107,22
unaligned,train,f6S2XNPIiFk$_$5,f6S2XNPIiFk,5,"When parents or relatives aren't able to care for children, adoption can help give kids the permanent families that they deserve.",129,21
unaligned,train,fB816aeHRFk$_$0,fB816aeHRFk,0,"I make it happen by often visiting my clients  trying to find out what their needs are,  and providing them with important information  for their business",154,26
unaligned,train,fGYbbP8RDLQ$_$5,fGYbbP8RDLQ,5,In states the elections often deal with similar issues but on a national or excuse me on a state scale.,103,20
unaligned,train,fOxg1NstCHA$_$4,fOxg1NstCHA,4,He has also served as the Head of Corporate Communications for Business Software Incorporated.,94,14
unaligned,train,fTNOAssiTYk$_$3,fTNOAssiTYk,3,"If there are no such investors around you that are aligned with your business or you feel you can reach out to, I think putting yourself in a position where you can find ways.",175,34
unaligned,train,fTNOAssiTYk$_$6,fTNOAssiTYk,6,I think those are some of the things you should be thinking about in order to get close to the investors.,105,21
unaligned,train,fW1pK2L6RgM$_$3,fW1pK2L6RgM,3,"When someone goes to see a neurologist, they usually have a pretty good idea what they're in for, they often are very scared what the neurologist is going to say.",162,30
unaligned,train,faXGVcVcVsE$_$14,faXGVcVcVsE,14,"Another thing I would suggest is, elimination",45,7
unaligned,train,faXGVcVcVsE$_$9,faXGVcVcVsE,9,I also think it's very important that when you're studying the diseases that you understand the top drugs that treat that disease,129,22
unaligned,train,faXGVcVcVsE$_$8,faXGVcVcVsE,8,"if you can understand the top side effects or the overall side effects of a particular classification of drug then you'll be able to you know, answer that question with ease because you'll be able to eliminate those that definitely don't belong in that classification",267,45
unaligned,train,fbHlBmq7Ipo$_$10,fbHlBmq7Ipo,10,We want money out of politics,29,6
unaligned,train,fbHlBmq7Ipo$_$8,fbHlBmq7Ipo,8,"I and the Green Party, unlike everyone else in this race, refuse to take corporate donations",92,16
unaligned,train,fbSxct2JcKU$_$5,fbSxct2JcKU,5,"So your friends may say ""Oh who is talking about you?"" This is also true for the Japanese culture, which you might have seen from various Japanese anime.",153,28
unaligned,train,fdK_tsvBXJ8$_$5,fdK_tsvBXJ8,5,"So what are you waiting for, visit us at www.bajajcapital.com and file your ITR free of cost in few simple and easy steps?",122,23
unaligned,train,fi7g4GoK-z4$_$4,fi7g4GoK-z4,4,"I've also designed courses that have been taught both here in the southwest, in Arizona, as well as on the east coast, in states there.",135,25
unaligned,train,fjE2EZKgQm8$_$5,fjE2EZKgQm8,5,"Not only in terms of being a dispatcher, I love what I do",57,13
unaligned,train,fjE2EZKgQm8$_$4,fjE2EZKgQm8,4,The City of Lenexa is been a pretty outstanding place to be employed,68,13
unaligned,train,flBtk736di4$_$8,flBtk736di4,8,And we're making it easier for Americans to contribute to civil society groups around the world.,96,16
unaligned,train,frNJdG0GkYw$_$1,frNJdG0GkYw,1,"Some of the things we've done that have I think helped this is a friend of mine and our company president, Jeff, is really good about asking questions",150,28
unaligned,train,fzuTEKwNS94$_$8,fzuTEKwNS94,8,This is something anyone can learn to do,40,8
unaligned,train,fzuTEKwNS94$_$16,fzuTEKwNS94,16,"When I wanted guidance about what career path would make me feel happy and fulfilled, I found guidance in a tarot reading",121,22
unaligned,train,g99kISQbyuI$_$11,g99kISQbyuI,11,"You know, our children and our children's children are depending on what we do at this moment",93,17
unaligned,train,g99kISQbyuI$_$0,g99kISQbyuI,0,have caught the attention of the political establishment,56,8
unaligned,train,g99kISQbyuI$_$3,g99kISQbyuI,3,[Call] Show me what democracy looks like,40,7
unaligned,train,g99kISQbyuI$_$5,g99kISQbyuI,5,KRISTEN PERRY: I think it's really hard to see sometimes when our leaders aren't standing up and taking the leadership that they need to on climate,147,26
unaligned,train,g9rNhtFG9aU$_$12,g9rNhtFG9aU,12,"And, always, remember, that one hand is better than the two hand that usually some people do.",93,17
unaligned,train,gAMbkJk6gnE$_$2,gAMbkJk6gnE,2,"In the 1960s, American psychologist Stanley Schachter and Jerome Singer interpreted this idea that cognition can define emotion, into what they called their ""two-factor theory""",176,25
unaligned,train,gAMbkJk6gnE$_$4,gAMbkJk6gnE,4,"And again, please remember that in psychology, arousal is different from how you're used to using it",100,17
unaligned,train,gC_wF3uKFW0$_$2,gC_wF3uKFW0,2,But we have a few of the 2011 models left,41,10
unaligned,train,gC_wF3uKFW0$_$5,gC_wF3uKFW0,5,Remember the name – Hearing Aid Company of Texas,48,9
unaligned,train,gC_wF3uKFW0$_$4,gC_wF3uKFW0,4,So call us now (361) 814-3487 and see just how wonderful they are,65,13
unaligned,train,gEgcpVY8WK4$_$27,gEgcpVY8WK4,27,And Equality Kansas has requested the introduction of two bills to repeal that state's marriage ban,99,16
unaligned,train,gEgcpVY8WK4$_$21,gEgcpVY8WK4,21,"If they rule promptly, both cases could go to the US Supreme Court in its next session",86,17
unaligned,train,gEgcpVY8WK4$_$22,gEgcpVY8WK4,22,Last week we reported that a Nevada case will be significantly impacted by a ruling in the Ninth Circuit that extended heightened scrutiny to LGBTs,147,25
unaligned,train,gEgcpVY8WK4$_$28,gEgcpVY8WK4,28,"It's still too early to evaluate the bills' chances of success, but we'll be keeping a close eye on the situation in Kansas",123,23
unaligned,train,gEgcpVY8WK4$_$8,gEgcpVY8WK4,8,Stay tuned for further announcements about our day in court,59,10
unaligned,train,gEgcpVY8WK4$_$14,gEgcpVY8WK4,14,"But it's possible that the Senate could restore the language and refer the bill to a conference committee, in which case it could pass and head to voters this year",163,30
unaligned,train,gEgcpVY8WK4$_$17,gEgcpVY8WK4,17,We have a date for hearings in the Utah and Oklahoma cases,58,12
unaligned,train,gEgcpVY8WK4$_$30,gEgcpVY8WK4,30,Subscribe here on YouTube to stay up to date on all these stories,65,13
unaligned,train,gFAOKuqpUq4$_$0,gFAOKuqpUq4,0,"As you’ve been meeting people these first few weeks on campus, I’m sure you’ve heard a lot of “What’s your major?” For those of you who know, this may be a fun question to answer.",179,35
unaligned,train,gPWyANEm0eE$_$10,gPWyANEm0eE,10,"Studies show that average savings by beginning Early Intervention services closer to birth instead of at age five or older might be over $10,000 PER CHILD2. If educational discrepancies are not addressed early, these cognitive gaps will persist, if not widen, as children age.",276,44
unaligned,train,gPWyANEm0eE$_$2,gPWyANEm0eE,2,My husband and I live in Rochester NY and raise two children.,61,12
unaligned,train,gPWyANEm0eE$_$4,gPWyANEm0eE,4,"We have hands-on experience with the benefits of Early Intervention: through EI, my son achieved physical and intellectual mile stones.",135,20
unaligned,train,gRAmIaSlm80$_$0,gRAmIaSlm80,0,"luke Skywalker's wardrobe has the visual aesthetic of martial Arts gear, implying he's undergoing training Obi-Wan Kenobi is dressed like a monk because he's doing the teaching",176,27
unaligned,train,gU7McujYYPY$_$1,gU7McujYYPY,1,"And for that teeny-tiny small percentage, you really need to grab them and speak to in a way that they understand and that they connect with",140,26
unaligned,train,gU7McujYYPY$_$3,gU7McujYYPY,3,An Elevator Pitch is a message that is short and sweet enough that you could deliver it in a short elevator ride,112,22
unaligned,train,gU7McujYYPY$_$8,gU7McujYYPY,8,The second lesson is to be VISUAL,33,7
unaligned,train,gXDRWhJbfFU$_$1,gXDRWhJbfFU,1,In addition the book also serves as a great innovation primer and is being used by universities like Creighton and acquired in quantity by companies including Microsoft and AB InBev to help establish a common language for innovation in their organizations.,256,41
unaligned,train,gXDRWhJbfFU$_$4,gXDRWhJbfFU,4,And in a group workshop environment you can really investigate and delve into how to best structure your teams for achieving that success that you want to have in innovation.,174,30
unaligned,train,gXDRWhJbfFU$_$9,gXDRWhJbfFU,9,"And this has been Braden Kelley, author of Stoking Innovation Bonfire.",70,11
unaligned,train,gXDRWhJbfFU$_$8,gXDRWhJbfFU,8,"But if you do want to hire me for a workshop you can find all the details on NineRoles.com and you can find all of these free downloads also on NineRoles.com including the card deck, the presentation, and the video so I hope you'll check it out.",245,47
unaligned,train,gXuiIWRxrw4$_$19,gXuiIWRxrw4,19,We're filming content like this all the time and we really hope to see you soon,79,16
unaligned,train,gXuiIWRxrw4$_$18,gXuiIWRxrw4,18,So I hope you found this helpful and go ahead and subscribe to our YouTube channel,82,16
unaligned,train,gXuiIWRxrw4$_$0,gXuiIWRxrw4,0,"Hey guys, this is Richard with Short Term Rental Secrets",56,10
unaligned,train,gXuiIWRxrw4$_$6,gXuiIWRxrw4,6,"People that are looking to stay at your home or your bedroom, they're looking for an experienced they're not looking for a minimum criteria",139,24
unaligned,train,gZDyk95Xob4$_$11,gZDyk95Xob4,11,"So if I ever have a need or a question   about a certain item that I'm reviewing, I can count on NARPRO other car repair shop members, including the great guys   and gals over at NARPRO, to kind of help me out, so that, for us, is a very good benefit.",251,51
unaligned,train,gZDyk95Xob4$_$12,gZDyk95Xob4,12,There's no doubt that marketing that NARPRO does online is really awesome.,74,12
unaligned,train,gZDyk95Xob4$_$9,gZDyk95Xob4,9,"Not only do we get the benefit of key consumers checking our auto shops out and going online, and ultimately coming in the auto shops to do business with us, but we get a family of other car repair shop owners that we can network with - hashing out new auto repair advertising ideas and marketing ideas.",303,57
unaligned,train,gZF-YNQHqwI$_$13,gZF-YNQHqwI,13,Does it hit all of these marks,30,7
unaligned,train,gZF-YNQHqwI$_$1,gZF-YNQHqwI,1,But here's the shape of three act story structure,49,9
unaligned,train,gZF-YNQHqwI$_$9,gZF-YNQHqwI,9,I think this is incredibly cool,31,6
unaligned,train,gcpsSao7kHM$_$10,gcpsSao7kHM,10,"If the Phen375 were so wrong, why so many people would buy them?",64,13
unaligned,train,gcpsSao7kHM$_$1,gcpsSao7kHM,1,Maybe you feel insecure reading others' testimonial wondering if all of them come from real users.,98,16
unaligned,train,ge071m9bGeY$_$1,ge071m9bGeY,1,Strauss initiates a new way of looking at religion: It isn't a true description of how the world actually is,108,20
unaligned,train,ge071m9bGeY$_$0,ge071m9bGeY,0,His humility: he lived as a carpenter had a simple life lived amongst the poor,78,15
unaligned,train,ge071m9bGeY$_$5,ge071m9bGeY,5,The building is quickly dubbed a new cathedral devoted to art with it's stained glass and ecclesiastical solemnity,114,18
unaligned,train,ge071m9bGeY$_$4,ge071m9bGeY,4,The architect Pierre Kuiper has spent his career designing and restoring churches and it shows,94,15
unaligned,train,gjEYmdWrBLM$_$24,gjEYmdWrBLM,24,"It's a short video but I get to the point pretty quick also I have a new song for you for those of you who like to learn songs and it's a pretty easy song it's called House of the Rising Sun, originally Eric Burdon I'm recognized mostly but it is an old tune that I don't know the original author of it, old blues tune but it's very fun to play because of the chord progression and I'm sure if you check some tips make it interesting",433,88
unaligned,train,gjEYmdWrBLM$_$26,gjEYmdWrBLM,26,I've put links below to everything we talked about here in this video also I would love to read your comments this week,119,23
unaligned,train,gjEYmdWrBLM$_$0,gjEYmdWrBLM,0,Weekly Update 7 Hey there,25,5
unaligned,train,gjEYmdWrBLM$_$3,gjEYmdWrBLM,3,The first I want to start off with I've had a few people asked me about my new course and what's the difference from the course that I have up now Real Guitar Awesomeness so let me go ahead and explain to everybody in case some other people are wondering as well,262,52
unaligned,train,gjEYmdWrBLM$_$9,gjEYmdWrBLM,9,"I wanna show you the techniques and give you the tools to play the kind of music that's the real thing not just some watered down version so you know, I'm balancing sticking to things that are accessible but at the same time our real stuff",239,46
unaligned,train,gjEYmdWrBLM$_$18,gjEYmdWrBLM,18,"My New Flamenco Spanish Guitar Course, I'm trying to get it done in time for Christmas, we'll see",97,18
unaligned,train,gjGL6YY6oMs$_$2,gjGL6YY6oMs,2,"So people just said like, ""If the Taliban are doing it, ""why don't we support them",82,16
unaligned,train,gjSyl6evrWk$_$12,gjSyl6evrWk,12,You can find it at Nizoralshop.com under the shampoo section for less than $9. Hope you liked the video.,104,19
unaligned,train,gr9YU-UTJzQ$_$15,gr9YU-UTJzQ,15,So much of it is dependent upon what you're actually attempting to sell.,72,13
unaligned,train,grePRQ8zonA$_$2,grePRQ8zonA,2,She put that together in a book that tells his story and then went on to write other books telling other autistic childrens' stories through art.,145,26
unaligned,train,guRD0zQC6Q0$_$7,guRD0zQC6Q0,7,"You can find links to these resources in the description below, or by doing a simple Google search for “Mometrix CFP.” Thanks for watching, and best of luck to you on the CFP exam!",180,34
unaligned,train,gv43BPYYxKQ$_$2,gv43BPYYxKQ,2,"It's essential that a girl is not married early, pregnant early, HIV positive, out of the education system.",107,18
unaligned,train,gvrfI9e5xHQ$_$9,gvrfI9e5xHQ,9,So there's no other medium out there that allows you all of the information at your fingertips right away that you can target down at a regional or audience level and have all of that data back to inform either online or offline campaigns.,239,44
unaligned,train,gzZ8NTeTzRs$_$1,gzZ8NTeTzRs,1,"And inspiration internally, there’s been a fair amount of talk over the last several days about talent.",103,17
unaligned,train,h4LrwMn94ss$_$9,h4LrwMn94ss,9,Try to give your customers a more update on how your business is done.,70,14
unaligned,train,h7p5URoookk$_$27,h7p5URoookk,27,if I'm speaking to a political leader,37,7
unaligned,train,h7p5URoookk$_$2,h7p5URoookk,2,I'll agree that theologically the matter of like who build the earth is sort of important,89,16
unaligned,train,hASTLbFHrEs$_$0,hASTLbFHrEs,0,have this feeling inside that I'm not enough,44,8
unaligned,train,hASTLbFHrEs$_$7,hASTLbFHrEs,7,"That's really really important because when you judge the emotion that you're feeling the negative emotion that you're feeling, it anchors it in",144,23
unaligned,train,hCFV5VLgS0A$_$8,hCFV5VLgS0A,8,"People will believe old people like that but if you're younger, no you're too young to do this",94,18
unaligned,train,hF6kFQPdBjY$_$13,hF6kFQPdBjY,13,"So, again, income and employment - you need to be able to prove it.",67,14
unaligned,train,hF6kFQPdBjY$_$2,hF6kFQPdBjY,2,These days you are required to provide proof of income and employment in order to obtain home financing.,104,18
unaligned,train,hF6kFQPdBjY$_$9,hF6kFQPdBjY,9,Every loan program and product today has a maximum debt-to-income ratio that's allowed.,87,13
unaligned,train,hGRRlXfH0BY$_$11,hGRRlXfH0BY,11,"The championship is not over yet, but this sanction cut me off by the legs and made Marquez win.",96,19
unaligned,train,hGRRlXfH0BY$_$1,hGRRlXfH0BY,1,"It's very clear from the helicopter footage that I didn't want to make him crash, I just wanted to make him lose time, go outside of the line and slow down, because he was playing his dirty game, even worse than in Australia.",225,43
unaligned,train,hGRRlXfH0BY$_$8,hGRRlXfH0BY,8,"The sanction is not good, especially for me, because I didn't purposefully want to make him crash, I just reacted to his behaviour, but I didn't kick him.",154,28
unaligned,train,hIQhkTjNaQc$_$11,hIQhkTjNaQc,11,"At least the overview and the summary, try to go through the books and look at the boxes of specialized information, and then if you've done nothing more than that before class, then you're ahead of the game.",208,38
unaligned,train,hOp6I4jGvu4$_$1,hOp6I4jGvu4,1,"As it defines the next chapter in its relationship with the EU, I know that the United Kingdom's position in NATO will remain unchanged.",136,24
unaligned,train,hOp6I4jGvu4$_$4,hOp6I4jGvu4,4,"A strong, united and determined NATO remains an essential pillar of stability in a turbulent world, and a key contributor to international peace and security.",158,25
unaligned,train,hSgKOKK3L8M$_$0,hSgKOKK3L8M,0,but don't get discouraged yet because they actually don't know what kind of number in that test are great or bad,112,21
unaligned,train,hSgKOKK3L8M$_$5,hSgKOKK3L8M,5,But we all know the struggle of getting that kind of grades in India,68,14
unaligned,train,hawztAtYHCE$_$9,hawztAtYHCE,9,"So what's happening is when you're at a normal stretch its sending a message to the brain saying ""Hey don't do that it hurts"". And so what we do is, Jones came up with a great technique that resets the stretch receptor.",219,42
unaligned,train,he475nnmMi0$_$14,he475nnmMi0,14,"So if you take out a $4,000 loan on the car using the car as collateral, then we end up with a $5,000 car, minus the $4,000 that’s owed, leaving $1,000 of equity and $1,000 of automobile exemption so there is no non-exempt equity in the car.",241,47
unaligned,train,he475nnmMi0$_$9,he475nnmMi0,9,"Another scenario that we follow that we do quite often, is the best way to describe it is to use an example.",108,22
unaligned,train,hfVXx8hfKak$_$16,hfVXx8hfKak,16,Or are you just distracted with the technology and stuck in SIN?,64,12
unaligned,train,hfVXx8hfKak$_$0,hfVXx8hfKak,0,As disciples of Jesus we are called to be SALT and LIGHT to be ambassadors for HIM and to bring MORE people to JESUS that they would be led by Jesus and obey HIM FULLY!,168,35
unaligned,train,hfvmQuhqMmY$_$8,hfvmQuhqMmY,8,"This program packs hudnreds of pages of exercises, motivational guides, nutritional information.",96,12
unaligned,train,hh04W3xXa5s$_$0,hh04W3xXa5s,0,This is another of my favorite albums,37,7
unaligned,train,hh04W3xXa5s$_$2,hh04W3xXa5s,2,I have multiple copies of albums like this that I always misplace or that I burned onto one system and then lost the CD,119,24
unaligned,train,hj1ph17-0jE$_$2,hj1ph17-0jE,2,"And I think a mistake that many automobile manufactures have made is changing name plates, is changing campaigns, is changing their message.",140,22
unaligned,train,hjBQmIWiWgw$_$2,hjBQmIWiWgw,2,"So in my world, I know it's called recruiting in everybody's world but we need guys that are great football players",115,21
unaligned,train,hlBOP5NskhM$_$10,hlBOP5NskhM,10,And we put that practice into our own relationships,51,9
unaligned,train,hlBOP5NskhM$_$12,hlBOP5NskhM,12,That it's not okay to not be perfect and positive all the time,62,13
unaligned,train,hlBOP5NskhM$_$2,hlBOP5NskhM,2,How come you didn't sweep,25,5
unaligned,train,hlBOP5NskhM$_$8,hlBOP5NskhM,8,Children don't that children done don't break things because they want of a children bite each other because they want to buy each other,136,24
unaligned,train,hlYDicOj2m0$_$2,hlYDicOj2m0,2,I guess you could say it's an occupational hazard,49,9
unaligned,train,hlYDicOj2m0$_$6,hlYDicOj2m0,6,And will help them release what they might not be able to release on their own,78,16
unaligned,train,hmjfBZGGZR8$_$1,hmjfBZGGZR8,1,"Thankfully, CashCourse has a way for me to make sure that I'm banking my money correctly, and they teach me how to save my money and choose the correct checking account.",169,31
unaligned,train,hntnelpiyl8$_$13,hntnelpiyl8,13,I think that they're just part of how we all experience our lives around media and communication.,97,17
unaligned,train,hp3nsb_eIc0$_$18,hp3nsb_eIc0,18,"You're just magnifying the image on a standard def player to a HD TV So if you get a HD TV you decide not to go HD DVD, or Blu-ray, you might want to consider the DVD sets that up convert the image for an HD set.",212,47
unaligned,train,hp3nsb_eIc0$_$1,hp3nsb_eIc0,1,In this title I want to talk a little bit about up conversion of DVDs and what that kind of is.,95,21
unaligned,train,hyazktfsZew$_$26,hyazktfsZew,26,My Pa-Paw was the one man I looked up to,40,10
unaligned,train,hyazktfsZew$_$22,hyazktfsZew,22,"Anyone who knew my grandfather knows of his generosity, work ethic, humility, and selflessness",94,14
unaligned,train,hyazktfsZew$_$28,hyazktfsZew,28,"Everything I learned, I learned from my Pa-Paw",46,8
unaligned,train,hyazktfsZew$_$9,hyazktfsZew,9,"It wasn't until 1996, that I first met my Pa-Paw",48,10
unaligned,train,hyazktfsZew$_$11,hyazktfsZew,11,Mainly because I would be his only grandson,43,8
unaligned,train,hyazktfsZew$_$30,hyazktfsZew,30,Someday I hope to become half the man you were,46,10
unaligned,train,i5bmKlHv-SA$_$3,i5bmKlHv-SA,3,And of course you are able to take that out of your home by way of a home equity line of credit.,96,22
unaligned,train,iEOBNT0HFtU$_$12,iEOBNT0HFtU,12,And I'm delighted that Britain has announced that this week we're implementing the EITI ourselves because every country should have to play by exactly the same rules.,166,27
unaligned,train,iEOBNT0HFtU$_$17,iEOBNT0HFtU,17,"Across the world, the EITI is making sure that principle is kept.&nbsp;So every best wish for a successful event.",113,19
unaligned,train,iEOBNT0HFtU$_$0,iEOBNT0HFtU,0,I'm very pleased to have this opportunity to speak to your global conference.,77,13
unaligned,train,iEOBNT0HFtU$_$2,iEOBNT0HFtU,2,Greater transparency&nbsp;in both how governments and businesses operate.,73,8
unaligned,train,iH04VOkbof0$_$1,iH04VOkbof0,1,"Simpson, Jr., Esquire, and next semester I will have the privilege of teaching Political Science 355, a course entitled African-American Political Thought.",155,22
unaligned,train,iH04VOkbof0$_$4,iH04VOkbof0,4,I believe it was Plato Socrates who once opined that the youth are ill-suited to study political science.,105,18
unaligned,train,iM3wSwoAtwk$_$3,iM3wSwoAtwk,3,"In fact, as we look ahead this year, we will see how governments and also businesses are looking to solve the economic issue, come up with an international agreement on economic.",178,31
unaligned,train,iMss8xBhFiI$_$12,iMss8xBhFiI,12,What we have is a world in which there is a transparency of actions.,68,14
unaligned,train,iO34hER47xA$_$3,iO34hER47xA,3,"We understand the needs of high risk, high volume merchants such as credit repair companies and debt collection companies and we will not waste your time.",154,26
unaligned,train,iR1Os7FVGHs$_$6,iR1Os7FVGHs,6,"Well, I could be thinking in my head, 'Well, she's probably is thinking this about me'. You don't want to go there as a communicator, you want to put it right out on the table.",176,35
unaligned,train,iREkcXde5ds$_$0,iREkcXde5ds,0,The production hiatus lasted about a week,41,7
unaligned,train,iS91daVpH2E$_$10,iS91daVpH2E,10,Trading those stocks on the binary option market can lead you to great profits if done right.,93,17
unaligned,train,iS91daVpH2E$_$7,iS91daVpH2E,7,"Apple's own size also leads to it being very highly traded, giving you plenty of chances to profit.",99,18
unaligned,train,iYtD_ArCdKw$_$3,iYtD_ArCdKw,3,Why it's necessary in your video and basically ways that you can do it,70,14
unaligned,train,iYtD_ArCdKw$_$9,iYtD_ArCdKw,9,You can also see that I've got my Clockwork Eye logo in there and because I've actually made these videos tailored for the Trades Hub members I've actually got a nudge there towards the Trades Hub by putting my certificate on the wall behind me,244,45
unaligned,train,icIS9VfbzMw$_$25,icIS9VfbzMw,25,"So unless you really love to drink, or are Cookie Monster, there is no way that it's worth it.",94,19
unaligned,train,icIS9VfbzMw$_$17,icIS9VfbzMw,17,"And the producers of both Fault In Our Stars and Paper Towns have joined in as well, so that is very exciting.",110,22
unaligned,train,icIS9VfbzMw$_$1,icIS9VfbzMw,1,"As you can tell from the gray speckled walls behind me, I am in an airport, and as you can tell from my cold dead eyes, it's 5:42 in the morning.",145,31
unaligned,train,icIS9VfbzMw$_$3,icIS9VfbzMw,3,"I have a bunch of things to tell you, but I also wanna give you some travel tips, so I'm gonna intersperse them.",112,23
unaligned,train,icehEYAiimM$_$0,icehEYAiimM,0,"&gt;&gt; Our special interest group is SIG 6 and it's hearing and hearing disorders research and diagnostics and basically we look at the whole realm of hearing disorders, what causes them, how we test them, test for them, how we rehabilitate people who have hearing loss so pretty much the full gamut of working with hearing impaired people.",342,58
unaligned,train,iex7I7iVnLk$_$3,iex7I7iVnLk,3,The first focuses on changing a situation or solving a problem.,63,11
unaligned,train,ihuGFUrzD30$_$8,ihuGFUrzD30,8,"So, you're listening to what the speaker is saying but watch their body languages as well.",90,16
unaligned,train,ipLoS44xfO4$_$1,ipLoS44xfO4,1,His job is to sell you something,32,7
unaligned,train,ipLoS44xfO4$_$0,ipLoS44xfO4,0,His job is very simple,22,5
unaligned,train,ipLoS44xfO4$_$3,ipLoS44xfO4,3,The salesman and the debater in terms of the communicator,57,10
unaligned,train,ixQbCXLUUj8$_$1,ixQbCXLUUj8,1,A good kiss can be biological evidence that your kisser might be a good mate,76,15
unaligned,train,ixZAEncExWI$_$1,ixZAEncExWI,1,"Access to education as we know it is no longer sufficient or valid, only access to education but education that has no quality does not produce any tangible results.",165,29
unaligned,train,izFBeXMTgds$_$1,izFBeXMTgds,1,I have some very interesting news for you and that is that YouTube has unblocked my response video to Stephen Colbert and for me this is really amazing!,152,28
unaligned,train,j6R1NTrosuM$_$0,j6R1NTrosuM,0,you will see the best of them in this video directly from employers,67,13
unaligned,train,j7fRIGphgtk$_$1,j7fRIGphgtk,1,"Now, open spaces in cities are opportunities",44,7
unaligned,train,j7fRIGphgtk$_$0,j7fRIGphgtk,0,"where public space has to be fought for to begin with, and then for them to be successful, somebody has to think very hard about every detail",141,27
unaligned,train,jEQoBvc7V1o$_$12,jEQoBvc7V1o,12,"And I think this is, again, some clever ideas that came out of the conference today.",84,16
unaligned,train,jFNgOznarMo$_$9,jFNgOznarMo,9,So what we have to address is the challenge of poverty that still plagues us since Independence.,96,17
unaligned,train,jFNgOznarMo$_$10,jFNgOznarMo,10,"If we can address the needs of education and health care of 215 million people in India, and many of them don't get two square meals a day, I think India's well on its way to becoming a leading nation of the world in many different ways.",237,47
unaligned,train,jFpRdhl3fgw$_$2,jFpRdhl3fgw,2,*sings Baby baby baby NOOO i actually thought she was just messing with him or something,88,16
unaligned,train,jNdvceZ4etc$_$2,jNdvceZ4etc,2,"If you want to sit in a reclined position, that’s fine",54,11
unaligned,train,jNdvceZ4etc$_$7,jNdvceZ4etc,7,So let’s keep our hands downturned on our knees or our thighs,61,12
unaligned,train,jPf0LjZAS14$_$0,jPf0LjZAS14,0,"they often shared apartments, survival tactics, child care -- always knew how to fill one more belly, no matter how small the food available",140,24
unaligned,train,jQ3EmbRIe58$_$14,jQ3EmbRIe58,14,Tune in and learn about the exciting things happening at UC IT.,63,12
unaligned,train,jT3FSTBA8Us$_$2,jT3FSTBA8Us,2,"Douglas was born on the cusp of the Baby Boom in the '40s while Zeta-Jones was more of a flower child, born nearly three decades later in 1969",142,28
unaligned,train,jV6qzF2YROc$_$0,jV6qzF2YROc,0,the Firebird was composed by Stravinsky in 1910 for a ballet of the same name.,78,15
unaligned,train,jVayR0VClxQ$_$12,jVayR0VClxQ,12,He will lead you and he will speak to you if you remove the block.,66,15
unaligned,train,jVayR0VClxQ$_$0,jVayR0VClxQ,0,A lot of Christians don't understand why it is that Jesus does not speak to them.,81,16
unaligned,train,jVayR0VClxQ$_$9,jVayR0VClxQ,9,"With me you will be able to do much in my kingdom, but in sin you are not with me and will not achieve the righteousness of God.",128,28
unaligned,train,jYT3-RQFy1U$_$10,jYT3-RQFy1U,10,"The court was founded to prevent a repeat of history's worst crimes, foremost among them the genocide of six million Jews.",122,21
unaligned,train,jYT3-RQFy1U$_$1,jYT3-RQFy1U,1,"It’s absurd for the ICC to ignore international law and agreements, Under which the Palestinians don't have a state and can only get one through direct negotiations with Israel.",177,29
unaligned,train,jakiZQd4boM$_$3,jakiZQd4boM,3,"And finally it's the chief investor relations officer, the one who really relates to the board if he or she has one or to investors, the owners of the company, so that they understand what the company's about and can support it and allow it to happen.",251,47
unaligned,train,jbKDW9URnvM$_$0,jbKDW9URnvM,0,Hi this is Rhett Reiger White Caspian studios on behalf of Expert Village.,74,13
unaligned,train,jcQi90n008o$_$20,jcQi90n008o,20,A lot of great activities -- we are wrapping up our fall sports season,70,14
unaligned,train,jcQi90n008o$_$23,jcQi90n008o,23,We offer so many things for so many kids,40,9
unaligned,train,jcQi90n008o$_$2,jcQi90n008o,2,At this point in time our students are going to begin the registration process,78,14
unaligned,train,jcQi90n008o$_$5,jcQi90n008o,5,Come November our current sophomores will start selecting their courses for next year including their elective courses and teachers are making recommendations for core classes for next year,189,28
unaligned,train,jcQi90n008o$_$18,jcQi90n008o,18,We need to finish the semester as well as we can,48,11
unaligned,train,jgNu58Da9cs$_$2,jgNu58Da9cs,2,And I think the way to go about doing that is trying to make some of our foreign policy research actually practical for foreign policy practitioners.,149,26
unaligned,train,jgNu58Da9cs$_$6,jgNu58Da9cs,6,I mean it's no secret that our federal infrastructure and federal public service is suffering from resourcing issues and analytical capacity issues.,148,22
unaligned,train,jjb1cWmkhI8$_$2,jjb1cWmkhI8,2,If you are interested in helping the speech traditionally maybe you've seen the movies stuttering is a very serviceable area for speech pathologists,148,23
unaligned,train,jjbOD6u7V34$_$3,jjbOD6u7V34,3,"And it was after, like I said, two to three hours, that all of a sudden, here comes a little double-cab Toyota pickup with seven gendarmes in the back, in their little red berets.",179,34
unaligned,train,jlCFLG6rKKY$_$2,jlCFLG6rKKY,2,All it is is no one told him it was inappropriate,49,11
unaligned,train,jnG9zog4NCs$_$2,jnG9zog4NCs,2,"Now, in here, in these brackets, we see the number of observations in each group",80,15
unaligned,train,jnG9zog4NCs$_$4,jnG9zog4NCs,4,"So those numbers are pretty small, so that's why we might be worried that this number here is just statistical noise and is not an actual effect",144,27
unaligned,train,jqKzaEniiKo$_$13,jqKzaEniiKo,13,"You can also go with the S or the C, but you also have the disregarded or partnership option for an LLC, which is a very powerful option and you should consult with your tax advisor to decide which of those elections is right for you.",234,46
unaligned,train,jqKzaEniiKo$_$8,jqKzaEniiKo,8,"So even though you still have an LLC, you can file a tax return with all the advantages of an S-Corp or a C-Corp, and it's amazing the flexibility you have with an LLC.",168,34
unaligned,train,juI9KoLA87A$_$5,juI9KoLA87A,5,"He said, well, you know, I just wrote the first letter I've written my granddaughter in 10 years.",97,18
unaligned,train,jzNIU-w0MVo$_$15,jzNIU-w0MVo,15,"Which is interesting to think about, but maybe beside the point that during a scary and dangerous event I was able to stay in touch with my friends and experience the storm with them.",183,34
unaligned,train,jzNIU-w0MVo$_$16,jzNIU-w0MVo,16,"I mean, if I had been only watching the news I probably would have been worried sick, and that for me the best news is the most personal news.",142,29
unaligned,train,jzNIU-w0MVo$_$7,jzNIU-w0MVo,7,I saw a really interesting Twitter posted this morning from someone who's saying that they thought reading a trustworthy Twitter feed for five minutes is more informative than watching CNN for a whole half an hour.,214,36
unaligned,train,k1ca_xbhohk$_$13,k1ca_xbhohk,13,"Maybe more like, how to prevent a heart attack, how to take care of your heart to prevent a heart attack.",105,21
unaligned,train,k4T6GaDrcjs$_$2,k4T6GaDrcjs,2,"Fortunately however, this disastrous prom does have its heartfelt moments",73,10
unaligned,train,k4T6GaDrcjs$_$4,k4T6GaDrcjs,4,"""McKinley Titans, bow down to your new leaders",46,8
unaligned,train,k4T6GaDrcjs$_$7,k4T6GaDrcjs,7,""" ""I'm pregnant"" Season one introduced us to the squeaky-clean Quinn Fabray",75,12
unaligned,train,k4T6GaDrcjs$_$9,k4T6GaDrcjs,9,"So it came as a shock to viewers, and especially Finn, when Quinn got pregnant",78,15
unaligned,train,k5-3KuvCFms$_$0,k5-3KuvCFms,0,"So, OK, like right now, for example, the Haitians need to come to America.",74,14
unaligned,train,k8NgVOCDYKM$_$10,k8NgVOCDYKM,10,"In a few years, the deal would remove the restrictions on Iran's nuclear program, Enabling Iran to have a massive enrichment capacity that it could use to produce many nuclear bombs within a matter of months The deal would greatly bolster Iran's economy.",254,43
unaligned,train,k8NgVOCDYKM$_$19,k8NgVOCDYKM,19,Iran is a regime that openly calls for Israel's destruction and openly and actively works towards that end.,107,18
unaligned,train,k8NgVOCDYKM$_$2,k8NgVOCDYKM,2,The cabinet is united in strongly opposing the proposed deal.,61,10
unaligned,train,kCQqLNiO0mk$_$11,kCQqLNiO0mk,11,"That means in most school districts, the local areas -- the local taxpayers -- have to come up with the lion's share of support and in poorer areas they just don't get the support they need.",190,36
unaligned,train,kCQqLNiO0mk$_$12,kCQqLNiO0mk,12,We need to have an education system that works all of us in Pennsylvania.,73,14
unaligned,train,kCQqLNiO0mk$_$15,kCQqLNiO0mk,15,"I was in Hazleton, I was up in Easton -- all school districts, every school has to deliver a high class education to all of our children in Pennsylvania if we want to have a strong economy and a strong future.",209,41
unaligned,train,kCQqLNiO0mk$_$17,kCQqLNiO0mk,17,"The other, the state keeps doing what it's doing and the responsibility for education -- and so many other things --gets to the lower the local level and property taxes go through the roof.",189,34
unaligned,train,kCQqLNiO0mk$_$6,kCQqLNiO0mk,6,"Once we balance our budget, we have to make sure that we're investing the dollars we raised wisely.",99,18
unaligned,train,kCQqLNiO0mk$_$8,kCQqLNiO0mk,8,"Now, there might thirty percent or so of the school districts in Pennsylvania who are wealthy enough that they don't have to worry about making ends meet.",154,27
unaligned,train,kKMfsWrigTE$_$1,kKMfsWrigTE,1,"So not even just in this, we're a startup, therefore we're entrepreneurial.",75,12
unaligned,train,kKkZihSbxF4$_$2,kKkZihSbxF4,2,I'm betting that men across this country will have no problem voting for the more qualified candidate who happens to be a woman,127,23
unaligned,train,kPn-t6NSxfQ$_$11,kPn-t6NSxfQ,11,We’ll use the highlighted total assets to determine the debt ratio.,67,11
unaligned,train,kPn-t6NSxfQ$_$14,kPn-t6NSxfQ,14,"So for 2015,  total liabilities divided by total assets gives us a debt ratio of 38.6%. In 2016, total liabilities divided by total assets  gives us a debt ratio of 17.2%.  These ratios are low, which is safe, because it means the company should be able to make its debt payments, even during economic downturns.",312,55
unaligned,train,kPn-t6NSxfQ$_$0,kPn-t6NSxfQ,0,The debt ratio tells us the proportion of assets financed with debt.,68,12
unaligned,train,kPn-t6NSxfQ$_$4,kPn-t6NSxfQ,4,"In general, a debt ratio of less than 30%  suggest a company isn’t as efficient as it could be,  whereas a ratio more than 75% , let's say,  suggests possible bankruptcy, if a company experiences a downturn in business.",219,39
unaligned,train,kRs39SO-neY$_$17,kRs39SO-neY,17,"If you kill them with kindness, if you take their challenge as a valid point and have a short conversation with it, and I'll talk about this more later in another series, then you will seem like you've taken the high road.",222,42
unaligned,train,kU6YY2z7z0I$_$10,kU6YY2z7z0I,10,There's a lot of ways that you can reduce health care costs,59,12
unaligned,train,kU6YY2z7z0I$_$5,kU6YY2z7z0I,5,"On entitlement reform, we have already started down that path with the Affordable Care Act, Obamacare",101,16
unaligned,train,kU6YY2z7z0I$_$4,kU6YY2z7z0I,4,And I also think we need to take a look at rates,48,12
unaligned,train,kU6YY2z7z0I$_$9,kU6YY2z7z0I,9,We reduce hospital infection rates,34,5
unaligned,train,kU6YY2z7z0I$_$8,kU6YY2z7z0I,8,We manage the more complicated medical interventions,52,7
unaligned,train,kY64gXOapYk$_$0,kY64gXOapYk,0,"These three bins and color-coded dot stickers, which I'll provide a link below in the description on where you can get these in like 25 different colors",152,27
unaligned,train,kZfcQ4a0kx4$_$21,kZfcQ4a0kx4,21,"And if you get it right, if you can diagnose the problem correctly, then you can lead to some good solutions.",109,21
unaligned,train,kZfcQ4a0kx4$_$0,kZfcQ4a0kx4,0,"VICTOR, FOREIGN SERVICE OFFICER, ECONOMIC CAREER TRACK: My name is Victor, I'm a Foreign Service Officer in the Economic career track.",134,21
unaligned,train,kZfcQ4a0kx4$_$3,kZfcQ4a0kx4,3,"So you get to be sort of like the Secretary of State's own ""Financial Times"" reporter, or something like that, which is really exciting to me, to be the eyes and ears of U.S.",174,34
unaligned,train,kZfcQ4a0kx4$_$8,kZfcQ4a0kx4,8,"And then overseas, I worked in Ghana, a very exciting summer during the World Cup, and got a chance to cover economic issues related to arms smuggling.",151,27
unaligned,train,kZfcQ4a0kx4$_$15,kZfcQ4a0kx4,15,"The most important skill that I've gained from the job has been communication skills; being able to stand up in front of foreign audiences, in a language I did not speak before I came to the Department of State.",211,39
unaligned,train,kcIGTPHEsNo$_$20,kcIGTPHEsNo,20,And then another friend of mine from the workshop at Columbia recommended me for the job at Scholastic.,103,18
unaligned,train,kcIGTPHEsNo$_$17,kcIGTPHEsNo,17,And then one of my friends from the Lish workshop called and said that there was an opportunity at Golden Books and would I like to go there and be a part-time assistant editor?,177,34
unaligned,train,kcIGTPHEsNo$_$10,kcIGTPHEsNo,10,"I love children's writing and if they'll let me, it'll be an opportunity to move to New York.",93,18
unaligned,train,kddCewAsxfA$_$5,kddCewAsxfA,5,So a creative way to do that is by using your premium pricing option.,69,14
unaligned,train,kf3fZcx8nIo$_$2,kf3fZcx8nIo,2,"Things used to be very secure for longer periods of time, but nowadays with geopolitical concerns and various other uneasiness in the world, we have what's called ""volatility"", therefore rates tend to go down in times of volatility.",232,38
unaligned,train,kh6eynD9OIk$_$10,kh6eynD9OIk,10,"Yeah, that we had to give it",28,7
unaligned,train,kh6eynD9OIk$_$5,kh6eynD9OIk,5,His stomach started to hurt and then he started to throw up,59,12
unaligned,train,kh6eynD9OIk$_$6,kh6eynD9OIk,6,And we could hear her throat starting to close,46,9
unaligned,train,kiR5zVo2zvU$_$24,kiR5zVo2zvU,24,^So get started and please do subscribe as well ^so you can check in with these videos every single week and I can give you advice and we can do this,149,31
unaligned,train,kiR5zVo2zvU$_$14,kiR5zVo2zvU,14,Set a schedule that seems reasonable for you and then just do it,64,13
unaligned,train,kiR5zVo2zvU$_$17,kiR5zVo2zvU,17,"But if you don't have that, you could also just create that with other members of your ensemble, maybe you delegate who works on which things and you have a weekly check in meeting amongst all of you to see if everybody's doing what they need to be doing and how you can do better the next week",294,58
unaligned,train,kj63uF0RhW8$_$7,kj63uF0RhW8,7,"So that's a great place to start if you don't have your own money, and friends and family aren't willing to lend or gift you money.",131,26
unaligned,train,kjQAkrdbREk$_$1,kjQAkrdbREk,1,"As a Brisbane girl, it was extremely devastating watching the recent Queensland floods and it’s also hard to know just how you can help out.",140,25
unaligned,train,kjQAkrdbREk$_$2,kjQAkrdbREk,2,"As a swimmer I’ve travelled the world through my swimming career which I’m extremely fortunate for, but there’s nothing better than coming back to your local cafes and restaurants.",180,29
unaligned,train,kqXpf26EL-s$_$11,kqXpf26EL-s,11,It took me years to create a self-fulfilling prophecy,53,9
unaligned,train,kqXpf26EL-s$_$3,kqXpf26EL-s,3,So I want to be the one up front,32,9
unaligned,train,kqXpf26EL-s$_$5,kqXpf26EL-s,5,I did it in my early 20s,24,7
unaligned,train,krHZuqfXrPU$_$22,krHZuqfXrPU,22,"If that sounds like too much work, then the roboadvisor or the mutual funds are probably a better option for you, but if you want to be more in control of your money and pay the least amount of fees possible, then a brokerage account is the right fit",250,49
unaligned,train,krHZuqfXrPU$_$28,krHZuqfXrPU,28,I hope you guys found this video helpful and are feeling a little more confident about looking at your investing options,120,21
unaligned,train,krHZuqfXrPU$_$11,krHZuqfXrPU,11,A lot of mutual funds will have these fees as high as 3% or 4%,62,15
unaligned,train,krHZuqfXrPU$_$13,krHZuqfXrPU,13,"If you have a little bit more money to invest, and want to pay less fees, your next choice is a roboadvisor",107,22
unaligned,train,ku-dtUqCm2o$_$1,ku-dtUqCm2o,1,"If it's your first outing, it's going to be very hard to get financial backing.",79,15
unaligned,train,kuQWPuhnlHs$_$5,kuQWPuhnlHs,5,First is finding a model which will drive inclusive growth without which the shining India story and India becoming a superpower which we talk about is unlikely to have a fairytale ending because there will be far too many people who will -- who will not be part of this wonderful economic growth story that we're talking about.,328,58
unaligned,train,kuQWPuhnlHs$_$6,kuQWPuhnlHs,6,"So to me, India can become a superpower provided it embraces the criticality of developing a model which will drive inclusive growth and which will get a billion-plus people fully integrated into the growth story that we have.",226,38
unaligned,train,kwkhYpCHWPw$_$6,kwkhYpCHWPw,6,The link is listed just below this video in the description area.,65,12
unaligned,train,kx544gnOZB0$_$0,kx544gnOZB0,0,"This morning, the water in the tank was coloured dark blue.",59,11
unaligned,train,kxcCxbsKx3w$_$2,kxcCxbsKx3w,2,"We're seeking $18 million in the budget this year to help this program be replenished, first of all, the $15 million dollars from the health and foods fund",155,28
unaligned,train,kxcCxbsKx3w$_$8,kxcCxbsKx3w,8,"It's very important, it's critical",34,5
unaligned,train,ky7Q5onqxGw$_$7,ky7Q5onqxGw,7,I think the important thing is we have to hold executives accountable for living those ethics more and those policies.,118,20
unaligned,train,kyPepNmxaj8$_$2,kyPepNmxaj8,2,This can be because not enough fat was removed from a certain area.,67,13
unaligned,train,kz7ahNfXFsk$_$9,kz7ahNfXFsk,9,"I know it's going to be hard, but I think you should wait as long as possible.",78,17
unaligned,train,kzmaKnujN64$_$1,kzmaKnujN64,1,"To fix that, you need to go back to this essential exercise which is your customer profile",90,17
unaligned,train,kzmaKnujN64$_$6,kzmaKnujN64,6,"People can't touch and can't actually see your products, and they're buying according to what they see on the pictures",118,20
unaligned,train,l-nM_U1qpko$_$2,l-nM_U1qpko,2,BUT I'M EXTREMELY PROUD OF THEIR COURAGE AND DEDICATION,55,9
unaligned,train,l-nM_U1qpko$_$5,l-nM_U1qpko,5,"AND REALLY LIKE TO THANK THE WHOLE YOKOSUKA COMMUNITY AND ALSO OUR JAPANESE PARTNERS, THEY'VE BEEN TREMENDOUS THROUGHOUT THIS",125,19
unaligned,train,l5_DDqck4Rs$_$0,l5_DDqck4Rs,0,"Since we're talking about sets and subsets, let's see how these words apply to the number groupings we've been talking about.",125,21
unaligned,train,l8LTcZJ-_8k$_$17,l8LTcZJ-_8k,17,This concept really hit all of them,35,7
unaligned,train,l8LTcZJ-_8k$_$19,l8LTcZJ-_8k,19,"Then about 6:30 to 7:30 we have that middle age group comes in and then, or I’m sorry the elderly come in and then come around 8:00 you get all the college come in that want to have a beer and dinner",199,42
unaligned,train,lEsFI5YJGDo$_$5,lEsFI5YJGDo,5,When I was young my mother told me that the only way to achieve the impossible Is first to believe it is possible,113,23
unaligned,train,lEsFI5YJGDo$_$7,lEsFI5YJGDo,7,I believe that with the technology we have today we can find a way to live among nature and not instead of it,109,23
unaligned,train,lEsFI5YJGDo$_$6,lEsFI5YJGDo,6,"from this moment forward, I have been dreaming to change the world",66,12
unaligned,train,lTfsqoo-jKg$_$4,lTfsqoo-jKg,4,"Listen, we're here to help you",30,6
unaligned,train,lTfsqoo-jKg$_$7,lTfsqoo-jKg,7,"- Cops have a tendency to look at everything through the eyes of security, not through the eyes of freedom",106,20
unaligned,train,lUNNDDsm7R8$_$3,lUNNDDsm7R8,3,"But I also got the chance to do a lot of  administration work, a lot of daily office jobs and there I was using French on a daily basis, not only having to talk to my colleagues but also to my flatmates, who were French and to other staff at Total, so it was really, really good experience for that.",299,60
unaligned,train,lWvaIexY2WU$_$0,lWvaIexY2WU,0,"[Transit timing variations in Kepler data] [100 Year Starship Symposium - Sept 2013, Houston] [Jill Tarter] [SETI Institute, Bernard M.",135,20
unaligned,train,laxadgca3Fo$_$0,laxadgca3Fo,0,Australia's mining industry has become one of the largest sectors of the nation's economy.,90,14
unaligned,train,lbx3eu8LUl8$_$4,lbx3eu8LUl8,4,You put a down payment down under the guide lines of the bank.,62,13
unaligned,train,ll10nEjTvGE$_$9,ll10nEjTvGE,9,And I feel like today we've kind of cleared ourselves to go back to what we were when we began.,95,20
unaligned,train,ll10nEjTvGE$_$8,ll10nEjTvGE,8,And it's trials and travails recently have been particularly painful for us.,76,12
unaligned,train,lp9vkkimXqg$_$12,lp9vkkimXqg,12,And the skin just feels smooth and hydrated and silky,53,10
unaligned,train,lp9vkkimXqg$_$15,lp9vkkimXqg,15,It has both Vitamin C and Hyaluronic Acid in it by the way,58,13
unaligned,train,lp9vkkimXqg$_$6,lp9vkkimXqg,6,And than I've encountered this serum,36,6
unaligned,train,lpF-yBYou0s$_$5,lpF-yBYou0s,5,"IF THEY DO NOT FEEL COMFORTABLE COMING HERE, OUR COMPANIES CANNOT RECRUIT THEM.",79,13
unaligned,train,lpF-yBYou0s$_$6,lpF-yBYou0s,6,"IF OUR COMPANIES CANNOT GET THE BEST TALENT, THEY WILL NOT SUCCEED.",67,12
unaligned,train,luQfWSfb1s0$_$13,luQfWSfb1s0,13,One of the most exciting things for us is to see people from around the world use Course Builder to create and deliver their own courses,136,26
unaligned,train,luQfWSfb1s0$_$16,luQfWSfb1s0,16,You can find more examples in the list of courses on this site,62,13
unaligned,train,luQfWSfb1s0$_$4,luQfWSfb1s0,4,"Each of these MOOCs has helped us gain valuable insights into online learning, which we share with you on this website",118,21
unaligned,train,luQfWSfb1s0$_$6,luQfWSfb1s0,6,"All of our MOOCs were created using Course Builder, our open source online education platform",93,15
unaligned,train,lzVA--tIse0$_$0,lzVA--tIse0,0,in making our new direction possible for we are all here because of the support of management,93,17
unaligned,train,lzyVWNrkgbQ$_$9,lzyVWNrkgbQ,9,"box at a post office because you don't want to, you know, have it go to your home necessarily, because you're going to be getting a lot of mail.",144,29
unaligned,train,m7SJs73SF8w$_$4,m7SJs73SF8w,4,One of the opportunities you can do is to have a hallway conversation area.,75,14
unaligned,train,m8tzdtrgFUA$_$12,m8tzdtrgFUA,12,You need to know whether it's a good company,44,9
unaligned,train,m8tzdtrgFUA$_$0,m8tzdtrgFUA,0,You don't job interview very often,34,6
unaligned,train,m8tzdtrgFUA$_$2,m8tzdtrgFUA,2,"So, I'm going to give you my five home runs",43,10
unaligned,train,m8tzdtrgFUA$_$5,m8tzdtrgFUA,5,The attendees get a fantastic ebook called How to Interview the Employer: 75 Great Questions to Ask Before You Take Any Job,123,22
unaligned,train,m8tzdtrgFUA$_$7,m8tzdtrgFUA,7,You can check that out,22,5
unaligned,train,mHIvH6Nnrls$_$1,mHIvH6Nnrls,1,"However, it was far simple",26,5
unaligned,train,mI50zj8cTNw$_$1,mI50zj8cTNw,1,And I think what we're realizing today is that there is no typical health consumer online.,90,16
unaligned,train,mKP6TVuixWg$_$11,mKP6TVuixWg,11,"I think, thirdly, one of the trends that quite astonishingly ought to be blatantly obvious, but I think has been in the backdrop when you looked at some of the more traditional marketing paradigms like TV and print, is the fact that more of this is measurable, right?",267,48
unaligned,train,mKP6TVuixWg$_$18,mKP6TVuixWg,18,I think there's great sensitivities in the marketplace now.,59,9
unaligned,train,mL2v-sODUZ8$_$11,mL2v-sODUZ8,11,"So, one of the things are credit unions that lend money for people who start businesses, and there's also nonprofits that make what are called micro loans, or small loans from a thousand dollars up to thirty five thousand dollars, to people that are just getting started in business.",283,49
unaligned,train,mMeGgB9-hSE$_$10,mMeGgB9-hSE,10,Not only are these three companies’ active in and outplacement business world.,78,12
unaligned,train,mMeGgB9-hSE$_$13,mMeGgB9-hSE,13,They can always find independent consultants who have their own independent consulting firm and they can team with those people in order to deliver top quality services to the separated employees.,196,31
unaligned,train,mN1Z5xEOy10$_$4,mN1Z5xEOy10,4,HAWAII DEMOCRATS AND REPUBLICANS representing the Republican party,66,8
unaligned,train,mQTaEIrNxnQ$_$11,mQTaEIrNxnQ,11,But sometimes the digital curriculums can actually provide more things for the teacher to pick and choose from as they go through each subject.,143,24
unaligned,train,mRPIse3OO74$_$1,mRPIse3OO74,1,"But the Latino audience in the United States has very high rates of obesity, diabetes, HIV, and asthma",102,18
unaligned,train,mRnEJOLkhp8$_$2,mRnEJOLkhp8,2,"Direct taxes are those which are assessed against income and property, both real and personal, and are paid straight to the government.",135,22
unaligned,train,mSWwz7dXUP8$_$6,mSWwz7dXUP8,6,I approve this message  because this is about the greatest country in the world -- and acting like it.&nbsp;,108,19
unaligned,train,mW8eL4e7Wrg$_$14,mW8eL4e7Wrg,14,"Five, there's no need to capitalize medical conditions when they're spelled out.",80,12
unaligned,train,mW8eL4e7Wrg$_$3,mW8eL4e7Wrg,3,You can save yourself a lot of time and present a polished work product by using these tips when you're preparing reports.,122,22
unaligned,train,mW8eL4e7Wrg$_$2,mW8eL4e7Wrg,2,Here are some common issues that I fix when I proofread the reports other legal nurse consultants.,98,17
unaligned,train,mW8eL4e7Wrg$_$6,mW8eL4e7Wrg,6,"For example, the day could be written as or 3/4/10. Both are correct but be consistent.",87,16
unaligned,train,mW8eL4e7Wrg$_$15,mW8eL4e7Wrg,15,"Six, I suggest that you avoid using military time such as 0100, which tends to confuse people.",94,17
unaligned,train,maO6KmmgcB8$_$4,maO6KmmgcB8,4,"Yes, binding arbitration is less expensive, less time-consuming, but there are some pitfalls to binding arbitration.",116,16
unaligned,train,mgovo8VYtvk$_$24,mgovo8VYtvk,24,"And according to the Chicago Manual of Style, ""With the exception of proper nouns and compounds formed by an adverb ending in ly plus and adjective, it is never incorrect to hyphenate adjectival compounds before a noun",218,37
unaligned,train,mgovo8VYtvk$_$20,mgovo8VYtvk,20,Here are a couple things I learned while earning my certification in copyediting,80,13
unaligned,train,mgovo8VYtvk$_$22,mgovo8VYtvk,22,"Got that, Siri? And 'irregardless?' Not a word at all",53,10
unaligned,train,mgovo8VYtvk$_$23,mgovo8VYtvk,23,The en dash exists—it has very specific uses and it is not the same as a hyphen or dash,87,19
unaligned,train,mgovo8VYtvk$_$29,mgovo8VYtvk,29,"I do have an inherent aptitude for reading, and an acquired one as well",71,14
unaligned,train,mgovo8VYtvk$_$3,mgovo8VYtvk,3,"And just to make things really clear, there is some overlap between proofreading, editing, and copyediting",106,16
unaligned,train,mgovo8VYtvk$_$8,mgovo8VYtvk,8,"While proofreaders are expected to catch typos, they also scrutinize formatting, including line and word breaks, and the type specifications, such as font for headings versus subheadings",186,27
unaligned,train,mgovo8VYtvk$_$13,mgovo8VYtvk,13,"This means that copyeditors perform mechanical editing, making sure that a manuscript conforms to a specific editorial style, or, if you work for a publishing house, a house style",179,29
unaligned,train,mgovo8VYtvk$_$12,mgovo8VYtvk,12,"According to The Copyeditor’s Handbook author Amy Einsohn, the goal of the copyeditor is to ensure clarity, coherency, consistency, and correctness, all in service of communication",180,26
unaligned,train,mgovo8VYtvk$_$30,mgovo8VYtvk,30,"I majored in English and history in college, and both those majors taught me to read critically, with purpose and focus, and a questioning mind",143,25
unaligned,train,mgovo8VYtvk$_$37,mgovo8VYtvk,37,"When the editing is good, the mechanics go unnoticed",52,9
unaligned,train,mgovo8VYtvk$_$34,mgovo8VYtvk,34,Of course the language and descriptions are clear to the author—they come from the author’s own mind,100,17
unaligned,train,mgpoY1-110U$_$1,mgpoY1-110U,1,"This is memorized which means you have no notes, you have no cue cards, you have no nothing.",92,18
unaligned,train,mgpoY1-110U$_$14,mgpoY1-110U,14,Because the movement will actually help you remember the words.,63,10
unaligned,train,mkkoJ2iVbGs$_$0,mkkoJ2iVbGs,0,"you are welcoming different points of view, different understandings, differing language",88,11
unaligned,train,mkkoJ2iVbGs$_$5,mkkoJ2iVbGs,5,"So I've written a chapter for book edited by Kathleen Mckinney, and the chapter, I think the chapter is called ""Square One: What Is Research",140,25
unaligned,train,mkkoJ2iVbGs$_$4,mkkoJ2iVbGs,4,That is a wonderfully contentious issue within the Scholarship of Teaching and Learning,87,13
unaligned,train,mn8_HvzbN5c$_$5,mn8_HvzbN5c,5,"in the form of a 45-min talk, perhaps 1 hour with questions included, so I've prepared this vidoe to give you an idea of how I present, what I look like... Don't hesitate to contact me if you want to talk more about it, and I'm hoping that you'll select me for the TEDx Tours event!",282,56
unaligned,train,mpfSRGHFY0g$_$3,mpfSRGHFY0g,3,"And so there was different expertise, they didn’t necessarily talk to each other.",81,13
unaligned,train,mrQIrm6hYMQ$_$1,mrQIrm6hYMQ,1,I really encourage you to come to the Finance and Sustainability Conference this year.,86,14
unaligned,train,mrQIrm6hYMQ$_$2,mrQIrm6hYMQ,2,"There’s a lot of different ways that you can learn how not to just make it through these tough financial times, but really how we can thrive and learn from our peers together.",175,33
unaligned,train,muOYAxkG-Zo$_$15,muOYAxkG-Zo,15,"Some states will also require their own tax exemption application, but many states simply apply a federal exemption to state taxes as well.",139,23
unaligned,train,muOYAxkG-Zo$_$6,muOYAxkG-Zo,6,"When it comes time to incorporate, most non-profit organizations incorporate in the state they operate in.",106,16
unaligned,train,mud6tEqFiEM$_$2,mud6tEqFiEM,2,And we can use our investment tools to do that,46,10
unaligned,train,mud6tEqFiEM$_$5,mud6tEqFiEM,5,The other thing that’s really important is getting people to talk to each other,79,14
unaligned,train,mw_ZwML0SbY$_$0,mw_ZwML0SbY,0,"The last thing you want to do is take all of this information that you have learned about your audience, all of their environmental factors, you have hopefully learned about their attitudes, their beliefs, their values, and you want to turn that into something that's empathetic.",279,46
unaligned,train,mw_ZwML0SbY$_$2,mw_ZwML0SbY,2,"If I were the audience, with these particular makeups, this certain age, this certain gender, this certain socio-economic background, how would I respond to this speech?",169,26
unaligned,train,mxFU6TrHChY$_$11,mxFU6TrHChY,11,"You know, they are people of the Book, they know and they believe the Bible, but they are hypocrites because they do NOT know JESUS, and they don't even practice the things written in their Book.",195,36
unaligned,train,mxFU6TrHChY$_$0,mxFU6TrHChY,0,You know people will think you have gone MAD if you say you hear from JESUS.,76,16
unaligned,train,mxFU6TrHChY$_$8,mxFU6TrHChY,8,You know other Christians may encourage you to go to church.,60,11
unaligned,train,mxa4KXSz9rw$_$0,mxa4KXSz9rw,0,That's the science of immunizations,35,5
unaligned,train,mxa4KXSz9rw$_$6,mxa4KXSz9rw,6,Susan Love is the co-director of the Pennsylvania Medical Freedom Alliance,74,11
unaligned,train,mzTHW2dtbs4$_$8,mzTHW2dtbs4,8,"A five year track record is fine, but a ten year track record is going to give you, a chance to take a look at how the mutual fund has performed in up markets, and also in down markets.",185,39
unaligned,train,mziQcFSsdRI$_$4,mziQcFSsdRI,4,"All Absorb Health products come with free shipping, a money back guarantee, and one day handling.",97,16
unaligned,train,n-sgVVTE9Io$_$0,n-sgVVTE9Io,0,Hi this is Jessica Smith and this is how a household budget works.,66,13
unaligned,train,n4xRx0J3rYQ$_$10,n4xRx0J3rYQ,10,Mushrooms need to be very dry before they are vacuum sealed and stored away.,76,14
unaligned,train,n4xRx0J3rYQ$_$0,n4xRx0J3rYQ,0,Hello and welcome to Easy Food Dehydrating's Video Newsletters!,63,9
unaligned,train,n4xRx0J3rYQ$_$4,n4xRx0J3rYQ,4,"If you live in an extremely warm climate like I do, please be on the safe side and put your bags in refrigerator overnight.",123,24
unaligned,train,n5MU2-GFjo8$_$1,n5MU2-GFjo8,1,They're overly concerned about being judged and they develop physical and psychological manifestations of their anxiety that are so extreme that they avoid social situations.,174,25
unaligned,train,n7K5SpMrQt0$_$17,n7K5SpMrQt0,17,"After all, if we're both working on the same service, why should we have two incompatible views of it?",102,19
unaligned,train,nD1R4UedEDo$_$10,nD1R4UedEDo,10,So how do you deal with this situation? The best way to handle this problem is to never have a problem,102,21
unaligned,train,nD1R4UedEDo$_$1,nD1R4UedEDo,1,"Sometimes this causes the insurance company, through the risk-control process, to penalize your rate, weaken coverage, or force you to spend money on facility improvements",171,25
unaligned,train,nD1R4UedEDo$_$2,nD1R4UedEDo,2,"So let me explain a few things about the risk control process, and then I’ll offer a key solution",97,19
unaligned,train,nD1R4UedEDo$_$4,nD1R4UedEDo,4,They’re looking for anything in your property that could increase the chance for a claim,88,15
unaligned,train,nDXKvarLEOM$_$3,nDXKvarLEOM,3,So it creates an environment of overall dissatisfaction,55,8
unaligned,train,nErOMpqvcRg$_$7,nErOMpqvcRg,7,"So in summary, the benefits of investing in CDs are, you build a great relationship with the bank, it's a wonderful form of insurance if you get laid off or anything of that nature, but you do have to pay taxes on it unless it's in an IRA or a 401K, and then it's deferred until retirement.",290,57
unaligned,train,nHP7l5zAwGA$_$0,nHP7l5zAwGA,0,"Hi, I am Frank and today’s topic is “SAP C_TPLM30_66 exam and its preparation” first of all I will discuss about C_TPLM30_66 exam related skills and technologies.",162,27
unaligned,train,nHP7l5zAwGA$_$8,nHP7l5zAwGA,8,The answer is “no”. Most candidates fail to pass the certification exam because they think they have completed related material and course now they are ready to win the title.,175,30
unaligned,train,nISNBD3I95A$_$0,nISNBD3I95A,0,The United States lacks the comprehensive policies needed to develop the most valued American commodity of all: good jobs.,122,19
unaligned,train,nKiC9sEP2vM$_$5,nKiC9sEP2vM,5,------Next up – Russia made some headlines in seafood sustainability this month: The World Wildlife Fund - and Fisheries Holding Karat have agreed to develop educational programs on sustainable fisheries.,204,30
unaligned,train,nM5S3xxNOlQ$_$10,nM5S3xxNOlQ,10,And I think that's appropriate because religious freedom is really the foundation of all other rights that we have as human beings,130,22
unaligned,train,nM5S3xxNOlQ$_$0,nM5S3xxNOlQ,0,"I went to the University of Texas, a law school which is one of the top ten law schools in the nation",101,22
unaligned,train,nM5S3xxNOlQ$_$3,nM5S3xxNOlQ,3,"I only mention this to say, I have more than a passing interest, and more than a passing knowledge, of constitutional law",121,22
unaligned,train,nM5S3xxNOlQ$_$7,nM5S3xxNOlQ,7,Religious freedom is established in the U,41,7
unaligned,train,nM5S3xxNOlQ$_$9,nM5S3xxNOlQ,9,Constitution in the First Amendment,35,5
unaligned,train,nTBKtwqPIYw$_$7,nTBKtwqPIYw,7,We're adding actually that capability to our mobile application.,64,9
unaligned,train,ngp7s5Wvde0$_$11,ngp7s5Wvde0,11,"They are both extremely capable and very, very respected public servants, and strong foreign policy hands.",106,16
unaligned,train,ngp7s5Wvde0$_$3,ngp7s5Wvde0,3,I also want to thank for them for the selection and the appointment of Ambassador Ortega to come to Washington to serve as the charge d'affaires.,145,26
unaligned,train,ngp7s5Wvde0$_$8,ngp7s5Wvde0,8,"So we are proceeding, I think, in an effective and thoughtful way, and we are very appreciative of the French contribution to that effort.",138,24
unaligned,train,npIVLL_fTf0$_$13,npIVLL_fTf0,13,"But what you don't seem to realise is I don't want you to care because I don't want you to know I mean really, lets all be the star of your freak show.",151,33
unaligned,train,npIVLL_fTf0$_$12,npIVLL_fTf0,12,"""Attention seeking"", it's the new biggest craze, because NOBODY can be sad from a disorder these days I may cut my wrists, and I pull out my hair.",146,28
unaligned,train,npIVLL_fTf0$_$17,npIVLL_fTf0,17,Because I get the blame for not being grateful for the life I have or those that surround.,90,18
unaligned,train,nsLACXjD4KU$_$3,nsLACXjD4KU,3,"Studies show that, for anyone, being the victim of a microaggression can lead to immediate distress, worry, anger and confusion",127,20
unaligned,train,nsLACXjD4KU$_$2,nsLACXjD4KU,2,I felt out of place before I could turn these experiences into funny stories,76,14
unaligned,train,nw6Kf3AtCz4$_$21,nw6Kf3AtCz4,21,"And we're going to be airing them every single week, Wednesday at noon",70,13
unaligned,train,nw6Kf3AtCz4$_$23,nw6Kf3AtCz4,23,"Gabe asked, is your refrigerator running? Oh, well, joke's on you, Gabe",71,12
unaligned,train,nw6Kf3AtCz4$_$28,nw6Kf3AtCz4,28,"Or if you're on G Plus, you can also use hashtag Ask Firebase",61,13
unaligned,train,nw6Kf3AtCz4$_$4,nw6Kf3AtCz4,4,"One, I was born in a country that no longer exists",50,11
unaligned,train,nw6Kf3AtCz4$_$8,nw6Kf3AtCz4,8,And what is Ask Firebase? I'm glad you asked,44,9
unaligned,train,nw6Kf3AtCz4$_$15,nw6Kf3AtCz4,15,"And puf asks, how many questions will you answer every week? Well, that's a good question, puf",94,17
unaligned,train,nw6Kf3AtCz4$_$18,nw6Kf3AtCz4,18,So let's check out another question,35,6
unaligned,train,nw6Kf3AtCz4$_$33,nw6Kf3AtCz4,33,"And don't forget to subscribe, because we're going to be releasing tons of new content",86,15
unaligned,train,nz2vkMyqfeE$_$15,nz2vkMyqfeE,15,"So I think, you know, some of it is traditional technique still and that you want to be in front of customers-- you want to be in front of your end user sometimes and just have that face to face or have those robust questionnaires that kind of get in-depth, right?",264,51
unaligned,train,nz2vkMyqfeE$_$4,nz2vkMyqfeE,4,"And I think there’s many, many low cost ways now, many more than there ever were available to get that voice of customer to the organization.",141,26
unaligned,train,o2miCpS7Hwo$_$6,o2miCpS7Hwo,6,"Anyone who is not sure this is what I give them instantly so they can go home and try a little bit of Biofreeze and if they like more, they know exactly how to get a hold of me, where to find me, and how to purchase some more.",226,49
unaligned,train,o4b7hjQwpv0$_$5,o4b7hjQwpv0,5,"If you finish the whole province, you will unlock a higher difficulty level and also expand the tournament to another, more distant province",140,23
unaligned,train,o4b7hjQwpv0$_$6,o4b7hjQwpv0,6,"So, the difficulty rises not only with the distance of the province, but also with its level",92,17
unaligned,train,o4b7hjQwpv0$_$8,o4b7hjQwpv0,8,We also implemented an exciting new multiplayer feature,55,8
unaligned,train,o63doZKEIds$_$1,o63doZKEIds,1,I have done that before it's not good,37,8
unaligned,train,o63doZKEIds$_$3,o63doZKEIds,3,and number four: don't use insider language,43,7
unaligned,train,o63doZKEIds$_$9,o63doZKEIds,9,or they may be new to faith in general,38,9
unaligned,train,oANUXY3xXKM$_$2,oANUXY3xXKM,2,"Everyone's been talking about virtual reality, augmented reality, and whatever hellish reality we're stuck in now",113,16
unaligned,train,oCsrnIomHos$_$11,oCsrnIomHos,11,"as an outsourced billing provider, some of the things that i see that are kind of a setback to the provider is that they don't really know what's going on.",155,30
unaligned,train,oDznO5w3v0U$_$3,oDznO5w3v0U,3,"Now, it's never full, because we know that word of mouth leaks between brands.",78,14
unaligned,train,oDznO5w3v0U$_$6,oDznO5w3v0U,6,"And this leakage is very, very interesting and is also one of the topics we explore.",84,16
unaligned,train,oGnKsroR0R0$_$13,oGnKsroR0R0,13,I hate math and physics … and chemistry,39,8
unaligned,train,oGnKsroR0R0$_$14,oGnKsroR0R0,14,I also have a Persian friend who teaches me a lot of bad stuff in Farsi because I totally need all the bad words,112,24
unaligned,train,oHV99Y_EWfI$_$12,oHV99Y_EWfI,12,I often wonder what would have happened had I not allowed for that amount of time to rehearse.,94,18
unaligned,train,oHV99Y_EWfI$_$19,oHV99Y_EWfI,19,You probably require several test drives before you are ready to go public.,75,13
unaligned,train,oK951Y2N_k0$_$1,oK951Y2N_k0,1,That may sound easy but there as many considerations to think about.,68,12
unaligned,train,oNCvb0F-c88$_$6,oNCvb0F-c88,6,There would be no more suicide bombers because you wouldn't be able to hide any of those things in your clothing.,113,21
unaligned,train,oOhxCwkZsUI$_$0,oOhxCwkZsUI,0,"This is financial advisor, Patrick Munro, talking about what is the formula for an annuity.",91,15
unaligned,train,oPvUDLhTrjI$_$11,oPvUDLhTrjI,11,"I’ve never met someone before, Who completely epitomises what love looks like, When it’s intrinsically linked to the way you live your life.",140,23
unaligned,train,oPvUDLhTrjI$_$13,oPvUDLhTrjI,13,"So here in our multicultural society, These are some of the incredible cultures that we bring to the multi.",107,19
unaligned,train,oVqBUyKvgdU$_$7,oVqBUyKvgdU,7,"Information is important in terms of making the right decisions in this area and so far there is very limited information, there is limited macro data, and there is a real need, we believe, for both businesses and regulators to get better data and this lack of data just makes it harder and increases the risk that this won't happen.",333,60
unaligned,train,oW1OEsP7Dds$_$8,oW1OEsP7Dds,8,You're also going to want to think about if you're going to want to employ a passive strategy.,94,18
unaligned,train,oW1OEsP7Dds$_$12,oW1OEsP7Dds,12,"And a target date fund can either be in conjunction with your retirement or the target date of your investment goal, for example, saving to buy a car in five years or a house in ten years.",188,37
unaligned,train,oWAyEzyp2xQ$_$15,oWAyEzyp2xQ,15,"If I don’t have the freedom to work in the profession that I choose, then it doesn’t not make sense to say that I have the right to choose a profession.",152,31
unaligned,train,obnOnuzb-Xw$_$1,obnOnuzb-Xw,1,Especially when what you really want to do is fight back,56,11
unaligned,train,ogGweZUAVtU$_$51,ogGweZUAVtU,51,"So, we would take that cost, or whatever it was to acquire that patent",70,14
unaligned,train,ogGweZUAVtU$_$20,ogGweZUAVtU,20,"Obviously, you're not using it until you get all the way through the year",73,14
unaligned,train,ogGweZUAVtU$_$49,ogGweZUAVtU,49,"For example, patents last 20 years",34,6
unaligned,train,ogGweZUAVtU$_$46,ogGweZUAVtU,46,Even though there may be paper that represent the contract involved,67,11
unaligned,train,ogGweZUAVtU$_$40,ogGweZUAVtU,40,"Intangibles, by definition, are things that we can't touch",58,9
unaligned,train,ogGweZUAVtU$_$7,ogGweZUAVtU,7,"We always hear the saying, ""cash is king""",41,8
unaligned,train,ogGweZUAVtU$_$9,ogGweZUAVtU,9,"But, we also have times where, for example, we may not require customers to pay us right away",93,18
unaligned,train,ogGweZUAVtU$_$38,ogGweZUAVtU,38,"Accumulated depreciation, by the way, is a contra asset, which we will cover in another video",93,16
unaligned,train,ogGweZUAVtU$_$10,ogGweZUAVtU,10,"So, we have these things called accounts receivable",51,8
unaligned,train,ogGweZUAVtU$_$17,ogGweZUAVtU,17,"Pre-paid accounts are, basically, where we pay things in advance",64,10
unaligned,train,ogGweZUAVtU$_$37,ogGweZUAVtU,37,So we have to do a thing called depreciation expense and accumulated depreciation,81,13
unaligned,train,ogGweZUAVtU$_$36,ogGweZUAVtU,36,"That is, they become less and less valuable",43,8
unaligned,train,ogGweZUAVtU$_$32,ogGweZUAVtU,32,We also have things that are called fixed assets,48,9
unaligned,train,oj7A8mpuBeQ$_$11,oj7A8mpuBeQ,11,It turns out that pitches that rhyme are often more effective than pitches that don't,85,15
unaligned,train,oj7A8mpuBeQ$_$5,oj7A8mpuBeQ,5,"Because of that, their lives improved",37,6
unaligned,train,olcPEN9x5VY$_$2,olcPEN9x5VY,2,"So, this is the overview of the changes we made in the game",59,13
unaligned,train,olcPEN9x5VY$_$7,olcPEN9x5VY,7,"Thankfully for you guys, we're not the only ones making videos",62,11
unaligned,train,olcPEN9x5VY$_$9,olcPEN9x5VY,9,And we thank you guys SO much for that,38,9
unaligned,train,olcPEN9x5VY$_$8,olcPEN9x5VY,8,Actually some of you guys took part in The West's video contest last month,74,14
unaligned,train,omBcvw7izuM$_$10,omBcvw7izuM,10,We must protect the crushable elements at the base of our present industrial structure.,87,14
unaligned,train,omBcvw7izuM$_$17,omBcvw7izuM,17,"We hold that the seven-day working week is abnormal, and we hold that one day of rest in seven should be provided by law.",121,24
unaligned,train,omBcvw7izuM$_$2,omBcvw7izuM,2,"The people themselves must be the ultimate makers of their own Constitution, and where their agents differ  in their interpretations of the Constitution the people themselves should be given the chance, after full and deliberate judgment, authoritatively to settle what interpretation it is that their representatives shall thereafter adopt as binding.",352,51
unaligned,train,omBcvw7izuM$_$6,omBcvw7izuM,6,"And to emancipate the people, in an orderly way, from the iniquity of enforced submission to a doctrine which would turn constitutional provisions which were intended  to favor social justice and advancement into prohibitions against such justice and advancement.",263,39
unaligned,train,omHQ68k50XY$_$8,omHQ68k50XY,8,"And those are very bad things, because often that does allow somebody some very detailed access to some very sensitive data.",124,21
unaligned,train,ouhCx4TgHlE$_$1,ouhCx4TgHlE,1,"In certain circumstances, you may be entitled to file a claim if you feel you were wrongfully terminated or did not receive a promotion because of your protected class.",168,29
unaligned,train,ouhCx4TgHlE$_$0,ouhCx4TgHlE,0,A company doesn't have to give you a reason for not promoting you or when they fire you.,88,18
unaligned,train,ouhCx4TgHlE$_$2,ouhCx4TgHlE,2,I recommend you seek an attorney or advice from an employment lawyer if you feel you were discriminated against.,112,19
unaligned,train,owT0_Xfu8a0$_$0,owT0_Xfu8a0,0,"This letter is from Mary Louise and she writes, ""Thank you for upholding Christian, family values in your family and in your business world.",140,24
unaligned,train,oyHKiX5YGDE$_$10,oyHKiX5YGDE,10,There is a misconception about what it means to have an open or closed mind.,76,15
unaligned,train,oyHKiX5YGDE$_$15,oyHKiX5YGDE,15,But that misconception comes from an even deeper misconception about how to measure the value of an opinion.,108,18
unaligned,train,p18PVgfxook$_$3,p18PVgfxook,3,"You can place money in up to a limit, and receive a tax deduction based on the amount of money, that you place into that investment.",132,26
unaligned,train,p19Hsjx2xgI$_$8,p19Hsjx2xgI,8,But we must not underestimate the importance of practice exams.,63,10
unaligned,train,p5LEk2u8tXk$_$13,p5LEk2u8tXk,13,That's really incredible craftsmanship that goes into these collars.,68,9
unaligned,train,p5LEk2u8tXk$_$4,p5LEk2u8tXk,4,A lot of people are really looking for that homemade touch.,59,11
unaligned,train,pAclBdj20ZU$_$10,pAclBdj20ZU,10,So let me give you an example of what one tapping round may look like,69,15
unaligned,train,pAclBdj20ZU$_$0,pAclBdj20ZU,0,"They say, ""Why would I ever say I accept something that I want to get rid of",76,17
unaligned,train,pAclBdj20ZU$_$6,pAclBdj20ZU,6,It's not about the fancy language,33,6
unaligned,train,pAclBdj20ZU$_$8,pAclBdj20ZU,8,"Again, sending that calming signal to the brain",47,8
unaligned,train,pFh-SLxltms$_$14,pFh-SLxltms,14,This means that you cannot skip ahead to material or content that has not been viewed or completed.,99,18
unaligned,train,pFh-SLxltms$_$23,pFh-SLxltms,23,"And again, I'm Johnny Anderson and welcome to Sociology 1.",58,10
unaligned,train,pFh-SLxltms$_$16,pFh-SLxltms,16,This is done so that you have a better grasp of expectations and are truly engaging in the course material.,107,20
unaligned,train,pFh-SLxltms$_$1,pFh-SLxltms,1,I'm John Anderson and I'm your instructor for this online Sociology 1 (or Introductory Sociology) class.,104,16
unaligned,train,pFh-SLxltms$_$9,pFh-SLxltms,9,You will find my contact information and preferences in both the welcome letter and the course syllabus.,104,17
unaligned,train,pIMByitigYI$_$10,pIMByitigYI,10,"Story is mining things like you're defining moments as a leader, you're driving values, some of the primary strenths that you have that got you where you are.",158,28
unaligned,train,pU-MjERGTUk$_$6,pU-MjERGTUk,6,"And for those who do, long term, the best part is they actually become wealthy and have the life that they deserve and want, and on the maybe not so good side, maybe they didn't save quite enough, and then they have to work a little longer.",240,47
unaligned,train,pVzHaakhKAw$_$0,pVzHaakhKAw,0,"This is financial advisor Patrick Munro discussing a very important term, teaching children about the importance of personal finance.",133,19
unaligned,train,pVzHaakhKAw$_$5,pVzHaakhKAw,5,"On the other hand, if you are conspicuous consumption person and involve in excess expense and of course do not handle your credit affairs in a responsible manner, there's a very good chance that you will have children just like you.",233,41
unaligned,train,pbFwuNCQlH8$_$3,pbFwuNCQlH8,3,"Zecora slowly let her mind reel back to her tribes temple, a Lion and a Snake-Like Creature riding it",101,19
unaligned,train,pbFwuNCQlH8$_$7,pbFwuNCQlH8,7,"The Lion collapsed, letting out soft moans of ""I yield",54,10
unaligned,train,pf-78LF4ORE$_$22,pf-78LF4ORE,22,So I want you to really think about how does it feel to wear the garment and how easy is it to take care of the garment?,120,27
unaligned,train,pfCPogxnUfw$_$26,pfCPogxnUfw,26,It was just like...this peace just started to come over me and God just let me know that everything was okay.,109,21
unaligned,train,pfCPogxnUfw$_$8,pfCPogxnUfw,8,I'll say I kind of tampered with that for quite a few years.,60,13
unaligned,train,pjWLxORDDP4$_$2,pjWLxORDDP4,2,I love it very much and I want everyone to read it,50,12
unaligned,train,pqAGD3ijMPw$_$9,pqAGD3ijMPw,9,"We can't probably make the banks and companies responsible for everything now that's gone wrong, but If they don't take any responsibility, how are we going to trust you again.",176,30
unaligned,train,pu1C7tmYHxI$_$2,pu1C7tmYHxI,2,"Then we try to ground these priorities with good science and data to assist local communities formulate recovery plans and projects that are resilient, cost effective, and inclusive.",182,28
unaligned,train,puum3vabpb4$_$15,puum3vabpb4,15,"It seems with every update to Facebook, the balance swings more and more in favor of the companies with the biggest budgets.",124,22
unaligned,train,pvlmYjQdRmA$_$0,pvlmYjQdRmA,0,ROB BROSNAN: So the way that we tap into the consumer is truly different.,73,14
unaligned,train,pwj9YeMJC08$_$15,pwj9YeMJC08,15,"If you need to keep using these creams, there's something not right here.",73,13
unaligned,train,q-0gu48ClF4$_$2,q-0gu48ClF4,2,I don't know probably in the tens Tens of Grams Maybe maybe maybe hundreds if I'm lucky what is your favorite video you done with Elijah my favorite video,154,29
unaligned,train,q1_knonj0Lw$_$17,q1_knonj0Lw,17,"However, what makes things difficult, the father says, is that the good guys are mixed in among the bad guys.",109,20
unaligned,train,q1_knonj0Lw$_$16,q1_knonj0Lw,16,"As always a lot can be said about this story, but what draws my interest and attention is the idea of our perception of ourselves and others as a “good guy” or a “bad guy”. Throughout their journey, the man tells his son that they are good guys and that they are searching for other good guys.",293,57
unaligned,train,q1_knonj0Lw$_$4,q1_knonj0Lw,4,Supplies are limited since most of civilization has been destroyed.,67,10
unaligned,train,q1_knonj0Lw$_$7,q1_knonj0Lw,7,"Along their journey, they find supplies of food and blankets, but the man insists that they keep moving.",104,18
unaligned,train,q3QUybiOYeU$_$0,q3QUybiOYeU,0,I am Dr. Charles Grimes and I'm speaking on behalf of Expert Village about how to deal with the day of your theatrical audition.,128,24
unaligned,train,q4hP2j7oewo$_$1,q4hP2j7oewo,1,Ernst and Young said 42 percent of businesses surveyed were putting capital aside for takeover activity rather than paying down debts.,134,21
unaligned,train,q7BxnIM2_z0$_$5,q7BxnIM2_z0,5,"So we’ll have lower taxes, easier access to growing markets, rising exports – all good news for our factories, farmers, ranchers, and service providers.",152,24
unaligned,train,qEkFReBuwxc$_$20,qEkFReBuwxc,20,"We believe that tax payers and individuals, and employees in companies who understand and disclose fraud should be awarded for their efforts handsomely.",152,23
unaligned,train,qFppeQvdfxI$_$5,qFppeQvdfxI,5,One of the other great features about this app is the ability to communicate with a student one-on-one in a safe way,116,22
unaligned,train,qFppeQvdfxI$_$7,qFppeQvdfxI,7,Another great thing about remind is to be able to have group conversations,74,13
unaligned,train,qFppeQvdfxI$_$8,qFppeQvdfxI,8,So I can add a group of people to a conversation,48,11
unaligned,train,qJBQH14qtHc$_$26,qJBQH14qtHc,26,You as a nerdfighter are constantly inventing and evolving the definition of that word.,87,14
unaligned,train,qJZlp9uxoTU$_$10,qJZlp9uxoTU,10,we hear it all the time,23,6
unaligned,train,qJZlp9uxoTU$_$17,qJZlp9uxoTU,17,Just a few years before the 2015 deadline we have 60 million children who are going without the primary education and at least three times more without access to secondary,171,30
unaligned,train,qJZlp9uxoTU$_$18,qJZlp9uxoTU,18,Millions more new teachers and needed so that these children aren't just warehoused and babysat,95,15
unaligned,train,qJh6x4wmmh8$_$0,qJh6x4wmmh8,0,"&gt;&gt; Felicia Boyle: At this point, there are things that I am a little nervous about.",89,16
unaligned,train,qP4uuMI-JSk$_$3,qP4uuMI-JSk,3,"So in eighth grade a friend of mine gave me a book called �Teach Yourself C in 21 days.� I read this book, I was in my math class and I said why not just write some software to solve my math problems� make sure that I got the answers correct.",242,51
unaligned,train,qP4uuMI-JSk$_$4,qP4uuMI-JSk,4,That�s really what got me hooked on using software to solve different problems.,79,13
unaligned,train,qYJtbgLqizk$_$1,qYJtbgLqizk,1,"The Revision Vitamin C Lotion 30% is a lightweight, water-based, oil-free lotion that assists in firming and brightening the skin.",130,20
unaligned,train,qd6YuFGcBGk$_$12,qd6YuFGcBGk,12,They can think about all sorts of things when they prepare their product review.,80,14
unaligned,train,qd6YuFGcBGk$_$0,qd6YuFGcBGk,0,"This is Lily Iatridis of Fortuigence with another summer writing activity for you to do with your kids or for your kids to do on their own, depending on their age level and independence with writing.",199,36
unaligned,train,qjMyjLSORY4$_$20,qjMyjLSORY4,20,Allowing brands to upload their existing email list was one of the best things Facebook has done for us marketers ... Hopefully we'll see similar results from Twitter.,167,28
unaligned,train,qjMyjLSORY4$_$29,qjMyjLSORY4,29,"So, what do you think about these updates to tailored audiences?",64,11
unaligned,train,qjMyjLSORY4$_$1,qjMyjLSORY4,1,"BJ Smith from The Busy Marketer coming to you from inside my podcast studio, Studio B, with another edition of Digital Marketing News for The Busy Marketer.",156,27
unaligned,train,qjMyjLSORY4$_$33,qjMyjLSORY4,33,Be sure to subscribe to this channel to get up-to-date digital marketing news.,78,13
unaligned,train,qjMyjLSORY4$_$2,qjMyjLSORY4,2,Hashtag TBMnews - The latest information on Digital Marketing that you need to know right now.,94,16
unaligned,train,qjMyjLSORY4$_$5,qjMyjLSORY4,5,"The other one is from Facebook, so if you haven't seen that video yet, go check out The Busy Marketer YouTube channel and you will find it right next to this video ... About Twitter tailored audiences.",201,37
unaligned,train,qkWdc-E6jGI$_$21,qkWdc-E6jGI,21,"On the other hand, if, as a company, I understand that and I kind of know that look, one of the things that is making a customer stay with me longer is the fact that if he or she's more certain about that consumption, while I might make less money in the short run, because this person is going to stay with me longer over the lifetime, I'll end up making more.",361,72
unaligned,train,qkWdc-E6jGI$_$6,qkWdc-E6jGI,6,And about 50% or so of the revenue comes from this overage and underage.,72,14
unaligned,train,qlDT-bmIzQI$_$4,qlDT-bmIzQI,4,The staff was great all the time helped me with everything I needed.,68,13
unaligned,train,qlDiE1d45Bc$_$5,qlDiE1d45Bc,5,"We can do two less, two less degrees of heat, two less degrees of cooling.",74,15
unaligned,train,qpht9L3s9G4$_$3,qpht9L3s9G4,3,"Another sign is that you need to request repetition more frequently than others, particularly in back ground noise.",115,18
unaligned,train,qrI7XCKRFNk$_$3,qrI7XCKRFNk,3,"One example of a “moderator”-type was Secretary General Kofi Annan, who prioritized human rights and the spread of HIV while in office from 1997 to 2006",152,26
unaligned,train,qrI7XCKRFNk$_$5,qrI7XCKRFNk,5,"Not only is the job of the Secretary General open to interpretation, but so is the appointment process",102,18
unaligned,train,qrI7XCKRFNk$_$4,qrI7XCKRFNk,4,"By comparison, Annan’s successor, Ban Ki Moon, has been more of an administrator-type, overseeing the UN but with little input about what its moral obligations should be",169,27
unaligned,train,qszy_WSRFUM$_$10,qszy_WSRFUM,10,Being able to manipulate the image this way can make a good shot even better.,77,15
unaligned,train,qvIhzmujTi8$_$14,qvIhzmujTi8,14,"I know sometimes it's very interesting and sometimes it's enlightening to do that, but keep your discussion on the book, and leave time at the end for discussing things that don't have anything to do with the book.",214,38
unaligned,train,qyJiDgtj6YE$_$4,qyJiDgtj6YE,4,"Schweitzer: Well, to start with, if you look at my record in Montana, I was elected without taking a penny of special interest money.",133,24
unaligned,train,r1erb5PSm1A$_$2,r1erb5PSm1A,2,In news this week American consumers are showing signs of optimism.,67,11
unaligned,train,r4ul1wl_1T8$_$9,r4ul1wl_1T8,9,"And in fact, there's a great case history, this company called Symphony that is good at this listening stuff.",109,19
unaligned,train,r8OPmbZZlpE$_$3,r8OPmbZZlpE,3,"All respondents surveyed in Europe are using EC modeling, while North American and South African insurers are adopting it to some extent.",137,22
unaligned,train,r917wP1qsL4$_$6,r917wP1qsL4,6,So it's almost a little bit like the old P&amp;G branding strategy.,67,12
unaligned,train,rApOTQgFW6Y$_$6,rApOTQgFW6Y,6,"Once all those things have happened, then that person or those persons can consider themselves television producers.",116,17
unaligned,train,rB6WmWvvyxg$_$1,rB6WmWvvyxg,1,You would think people are bullied for their looks or their sexual orientation,78,13
unaligned,train,rB6WmWvvyxg$_$3,rB6WmWvvyxg,3,"A kid in my grade got into my spacemaker case looking for a pencil, and he found this tampon inside",99,20
unaligned,train,rB6WmWvvyxg$_$2,rB6WmWvvyxg,2,"However, I was bullied because of a small, tiny piece of cotton, also known as a tampon",87,17
unaligned,train,rB6WmWvvyxg$_$8,rB6WmWvvyxg,8,"They finally saw how depressed I was, and they open enrolled me in a country school",83,16
unaligned,train,rBWeo_rEdcU$_$6,rBWeo_rEdcU,6,Please insert your device id (serial number). You will find it   as a sticker on the backside of your tablet.,109,20
unaligned,train,rBWeo_rEdcU$_$8,rBWeo_rEdcU,8,The app itself does already recognize the correct model of your tablet.,71,12
unaligned,train,rC7qKZMKa0U$_$0,rC7qKZMKa0U,0,"According to Deloitte's ""Mid-Market Perspectives: mid-market executives are adapting to managing uncertainty in these economic times.",133,16
unaligned,train,rCQYq4T8SEI$_$7,rCQYq4T8SEI,7,"I had to give myself to you-- even though I knew you hardly cared-- I had to, for my heart was no longer in my own breast, it was in your hands, to do what you liked with.",171,38
unaligned,train,rCQYq4T8SEI$_$0,rCQYq4T8SEI,0,"Hi, I'm Audrey Wagstaffe, and I'll be doing a monologue from Enigma by Floyd Dell.",82,15
unaligned,train,rEWQW_ibDwg$_$7,rEWQW_ibDwg,7,"Tell me who I have made disciples, You know who they are by name.” You know He didn’t tell me.",94,20
unaligned,train,rFHIApgUtoI$_$1,rFHIApgUtoI,1,It's two pages you're probably write a half a page on each one out those four.,78,16
unaligned,train,rFHIApgUtoI$_$5,rFHIApgUtoI,5,These journals are based on quotes you find a quote there that really kinda speaks to you and so you can just tear right into that and write up one of those four journals in an evening during commercial breaks and then upload it into the Moodle course.,252,48
unaligned,train,rLHJ_ebXCHQ$_$3,rLHJ_ebXCHQ,3,We are often doing reconstructions that take multiple stages.,61,9
unaligned,train,raQ9Pcgo-II$_$3,raQ9Pcgo-II,3,"Not so much for lack of technology or money, but for the lack of effective governance.",86,16
unaligned,train,rexJoy4RMdY$_$4,rexJoy4RMdY,4,Simmel was basically raising the question of exactly how stable institutions are,80,12
unaligned,train,rsQRiALH5FU$_$11,rsQRiALH5FU,11,"If you can be at home and you can look at all the reviews and the great content on this particular widget that you're interested in, but then you get into the store and you can't get to that.",191,39
unaligned,train,rsQRiALH5FU$_$10,rsQRiALH5FU,10,"So if you walk into a store and you're checking-- you're trying to get access to the information that's online associated with the products in their aisles, it's really important that be easy to do.",198,35
unaligned,train,rsQRiALH5FU$_$4,rsQRiALH5FU,4,An example of this is we saw one particular retailer run an amazing commercial on TV for a new video game that they were then featuring in their stores with abundant quantity.,175,32
unaligned,train,rvQ2cRnroOU$_$20,rvQ2cRnroOU,20,I hope this information is helpful to you when you think about applying for a  commercial property mortgage.,108,18
unaligned,train,rvQ2cRnroOU$_$2,rvQ2cRnroOU,2,"Now, many people believe that getting a loan for commercial property depends solely on the strength of the commercial property.",127,20
unaligned,train,rvQ2cRnroOU$_$9,rvQ2cRnroOU,9,Some lenders do not want to lend to borrowers that do not too much real estate and not enough liquid assets.,108,21
unaligned,train,rwe-hBNpzH8$_$1,rwe-hBNpzH8,1,Donald Trump now represents the Republican party whether they want him to or not,80,14
unaligned,train,rz4Ax6xfZHQ$_$8,rz4Ax6xfZHQ,8,"Those two answers, those two bright, shining lines, are your strategy.",70,11
unaligned,train,s1Yo_MCiMPc$_$12,s1Yo_MCiMPc,12,"For me, I think we need to look carefully at the funding that is being given to our families to build their houses.",115,23
unaligned,train,s1Yo_MCiMPc$_$5,s1Yo_MCiMPc,5,It's good to go overseas to listen and take a look at what other governments are doing to help their indigenous people.,119,22
unaligned,train,s53UAEi7JEY$_$9,s53UAEi7JEY,9,So for more tips like this and to find out about our monthly coaching program visit vexxt.com.,94,17
unaligned,train,sC1NvtirijU$_$22,sC1NvtirijU,22,Have a great day and thanks for learning a little more about us.,64,13
unaligned,train,sC1NvtirijU$_$3,sC1NvtirijU,3,"That means you're going to be talking to key media members, interviewing for features, TV, segments, national news, whatever caters to your target audience, we promise that you will get coverage within the first 30 days.",220,36
unaligned,train,sC1NvtirijU$_$16,sC1NvtirijU,16,"Weekly, monthly, quarterly we will adjust sales as we go.",57,10
unaligned,train,sC1NvtirijU$_$19,sC1NvtirijU,19,"As we partner together and really treat your brand like our own brand and have you as a partner in our client family a lot of times things will change wether its within your company, within the competitive environment looking at tactics like social media and looking at Facebook and perhaps Facebook changes its terms and the way that you could function with it.",362,64
unaligned,train,sFLTjqVS7AE$_$0,sFLTjqVS7AE,0,"these leases is done at the highest standards possible, with requirements specifically tailored to the risks of drilling off Alaska",131,20
unaligned,train,sFLTjqVS7AE$_$5,sFLTjqVS7AE,5,And we're going to offer unique and engaging ways for you to join me on this trip all week at WhiteHouse,104,21
unaligned,train,sFxUNO2HOKY$_$5,sFxUNO2HOKY,5,"But it does make life so much easier, so I just want to reiterate that that it's great they are so supportive.",110,22
unaligned,train,sIGAq2J4KKI$_$1,sIGAq2J4KKI,1,So everyone knows how important it is to get your credit report.,64,12
unaligned,train,sKwPCpFtUUI$_$6,sKwPCpFtUUI,6,"If the body becomes dehydrated, that will be the first spot you'll see it, is in your eyes.",91,18
unaligned,train,sLaTZtL0ZIk$_$5,sLaTZtL0ZIk,5,Tell everybody your name; tell everybody what your relationship is to the couple and why you were asked to give this speech.,124,22
unaligned,train,sMnbpyFqrlE$_$15,sMnbpyFqrlE,15,"That is-- that’s, you know, an amazing tool, an amazing advantage.",66,11
unaligned,train,sMnbpyFqrlE$_$0,sMnbpyFqrlE,0,"Well, the biggest difference between traditional media, television and new media is that traditional media is very invasive, which viewers might not like, but advertisers like very well.",186,28
unaligned,train,sPxoGNvnVzg$_$5,sPxoGNvnVzg,5,Now we’re gonna be making Bubblegum Princess,44,7
unaligned,train,sPxoGNvnVzg$_$7,sPxoGNvnVzg,7,"And then, blue candy pearls",27,5
unaligned,train,sWsDAG6x9n0$_$3,sWsDAG6x9n0,3,"They are human grade quality, they're easy to feed, and, in fact, they're so good, you can use them to make your garlic bread.",126,24
unaligned,train,skp_SpnIOCM$_$2,skp_SpnIOCM,2,"They’re interacting with mobile at an even higher degree than non-Hispanics when it comes to downloading cell phone ring tones, for example.",140,22
unaligned,train,soqnBdPOwoo$_$4,soqnBdPOwoo,4,"For example, if a spaceship just landed on the Moon and it had air in it, would it still behave the same",104,22
unaligned,train,srbrWyZRMCI$_$11,srbrWyZRMCI,11,So go ahead and head on over to GLMRegistration,47,9
unaligned,train,srbrWyZRMCI$_$1,srbrWyZRMCI,1,We've put together an exclusive membership site just for you,60,10
unaligned,train,srbrWyZRMCI$_$0,srbrWyZRMCI,0,"Hi everyone! This is Charley Mann over at Great Legal Marketing, and I want to tell you about a new benefit for our members",123,24
unaligned,train,srbrWyZRMCI$_$5,srbrWyZRMCI,5,"You'll get to view raw footage from some of our video shoots, listen in to audio from some of our marketing meetings, and view the raw print ads that we plan on publishing before they even hit newsstands, so that way you can start using these ideas in your own marketing",270,51
unaligned,train,srbrWyZRMCI$_$8,srbrWyZRMCI,8,Our system will take care of the rest for you,45,10
unaligned,train,sw-smuVRByI$_$7,sw-smuVRByI,7,"I mean, that is a crazy amount of advertisements",48,9
unaligned,train,sw-smuVRByI$_$6,sw-smuVRByI,6,"I read somewhere, I can't remember where but I read somewhere that the avarage person is exposed to about five thousand advertisements a day",140,24
unaligned,train,t0Wi5Nb6kbI$_$10,t0Wi5Nb6kbI,10,"Since the entrepreneur business owner is usually the number one finder in a company this dilution of the critical Finder's role can lead to a downward cycle where growth declines, expenses increase, and cash runs out.",217,36
unaligned,train,t4-ZulW5np4$_$1,t4-ZulW5np4,1,"[Loyalty360:] And your company prides itself as the customer engagement experts - why is customer engagement important, and just as importantly, is it profitable",161,24
unaligned,train,t4-ZulW5np4$_$5,t4-ZulW5np4,5,[BH:] Your most engaged customers are also your most profitable and your most influential,89,14
unaligned,train,t7a3zECpT4k$_$17,t7a3zECpT4k,17,So if we can take that big question and turn it into lots of small soundbites and check off the list as we're moving forward in 6 to 12 months we can make a lot of progress.,173,37
unaligned,train,tL8RzwWSmAE$_$0,tL8RzwWSmAE,0,"If you are looking for some REAL user reviews of the fantastic slimming supplement called ""phen375"" then you are totally out of luck!",133,23
unaligned,train,tL8RzwWSmAE$_$2,tL8RzwWSmAE,2,If you would like some honest testimonials just check out the video reviews on the proper website.,98,17
unaligned,train,tQk-eoA7JyE$_$5,tQk-eoA7JyE,5,"But I think that we see it as partially coming from campaigns, partially coming from platforms, partially coming from mobile.",125,20
unaligned,train,tXxf6-CilNI$_$20,tXxf6-CilNI,20,"There's about--so far about 4,000 articles that we're sifting through, abstracting, and then really creating a map of what concussion looks like,  and from that map, associations and a definition will come out of that.",218,35
unaligned,train,tXxf6-CilNI$_$21,tXxf6-CilNI,21,We don't believe that this is going to be a static definition.,62,12
unaligned,train,tXxf6-CilNI$_$9,tXxf6-CilNI,9,"We need to look at all those associations, and even imaging, MRIs, CT scan, biomarkers and so on, how do they relate to these signs, symptoms, neurocognitive deficits?",167,28
unaligned,train,ta26Z2YEVMQ$_$0,ta26Z2YEVMQ,0,The way to do it is to use every muscle on your body including your voice,73,16
unaligned,train,ta26Z2YEVMQ$_$2,ta26Z2YEVMQ,2,You get your Wiffle ball bat and you yell and you scream and you go and push yourself and take everything out,109,22
unaligned,train,taCchyi5h68$_$3,taCchyi5h68,3,Well usually on the college level your persuasive speech will not involve your audience.,88,14
unaligned,train,taGs3-SMoYM$_$3,taGs3-SMoYM,3,I don't like to be told when to do things and what to do when those time frames come,84,19
unaligned,train,taGs3-SMoYM$_$4,taGs3-SMoYM,4,"But what she's showing me and the big revelation for me is, by being organized and by learning a system and managing a system, I'm actually finally getting to do the things and begin the journey of doing what I've wanted to do for so long",238,46
unaligned,train,tdIZZ9v0IGA$_$6,tdIZZ9v0IGA,6,"Again, I'm just commenting on who won from a charisma perspective which isn't what you should base your vote on even though some people may",139,25
unaligned,train,tdIZZ9v0IGA$_$8,tdIZZ9v0IGA,8,"Yes, Trump won on zingers but those were far less impactful in these quieter debate styles",90,16
unaligned,train,tgrxA3CiBv0$_$7,tgrxA3CiBv0,7,"Also, when you're transplanting them and putting them in, you have to keep in mind that they can curl a little bit easier.",122,23
unaligned,train,tgrxA3CiBv0$_$8,tgrxA3CiBv0,8,"So while one of the benefits is you get more coverage with less number of grafts, you've got to be more particular and more skilled at how you cut the grafts.",158,31
unaligned,train,tv8IhQZQuJI$_$12,tv8IhQZQuJI,12,The issue there is that the danger is that you may be open to what’s called a margin call.,90,19
unaligned,train,tv8IhQZQuJI$_$5,tv8IhQZQuJI,5,I think most people are aware of the pro’s of getting a cheap interest rate.,76,15
unaligned,train,tvE_DucE0_k$_$7,tvE_DucE0_k,7,"When the patient goes home for those three days, we encourage them to get out and do normal activities.",103,19
unaligned,train,tw2xFbfgV4U$_$18,tw2xFbfgV4U,18,These designs would look horrible when viewed in a device with different proportions.,85,13
unaligned,train,tw2xFbfgV4U$_$3,tw2xFbfgV4U,3,That your designs must work on a lot of often very different devices.,69,13
unaligned,train,tw2xFbfgV4U$_$2,tw2xFbfgV4U,2,"But before we get into all those really fun things, we'll first need to learn about one of the core aspects of Android design.",126,24
unaligned,train,tw2xFbfgV4U$_$6,tw2xFbfgV4U,6,The good news is that Android has been designed to handle this variety in device types from day one.,100,19
unaligned,train,txjqbr6FoZs$_$7,txjqbr6FoZs,7,"The types of resources I found available and helpful at Kingston University is definitely the Library; it’s open 24/7, so if you are a night owl like me and like to study in the evenings you can go by and spend the whole night working in the Library.",250,48
unaligned,train,u94VPxEIJPg$_$3,u94VPxEIJPg,3,And they'll try to detract you,30,6
unaligned,train,uAExKaLeOl8$_$13,uAExKaLeOl8,13,So speak to a professional when seeking any unsecured loan advice to ensure you get the best possible unsecured loan solution for your personal circumstances.,158,25
unaligned,train,uAExKaLeOl8$_$9,uAExKaLeOl8,9,"In simple terms these unsecured loans are payable back to the government once the student has started employment or self employment and they start earning a gross income in excess of £15,000 per annum, the amount they pay back will be determined by actually how much they earn.",277,48
unaligned,train,uAExKaLeOl8$_$8,uAExKaLeOl8,8,When are these unsecured loans payable back to the government?,62,10
unaligned,train,uBgRo9tnv-I$_$0,uBgRo9tnv-I,0,"Everybody is invited, we will create it together",48,8
unaligned,train,uBgRo9tnv-I$_$6,uBgRo9tnv-I,6,"So wages and all other incomes do no longer have the task to [fund] livelihood, they no longer have this task to ensure existence",129,24
unaligned,train,uTWeng4h5eM$_$8,uTWeng4h5eM,8,Don't say that was an awful performance or a good performance.,62,11
unaligned,train,uU_3tbZ1zG8$_$14,uU_3tbZ1zG8,14,"So, if you are on iZone energy, watch how miraculously Grace is supporting your growth process.",95,16
unaligned,train,uU_3tbZ1zG8$_$23,uU_3tbZ1zG8,23,"Let me repeat that Grace’s intention is not to zap you into healing, but rather help you grow into your own self so that you can create miracles on your own.",157,31
unaligned,train,uU_3tbZ1zG8$_$1,uU_3tbZ1zG8,1,"It is a long story, but in short, this distorted environment caused me to lose myself.",86,16
unaligned,train,uU_3tbZ1zG8$_$21,uU_3tbZ1zG8,21,"In due time, you will be able to create miracles on your own.",61,13
unaligned,train,uXYAfpQUYVE$_$22,uXYAfpQUYVE,22,"Together we must act because given the nature of our adversary, we have no other option but to prevail.",103,19
unaligned,train,uXYAfpQUYVE$_$5,uXYAfpQUYVE,5,It does mean that the forces that drive terrorism today are not sustainable over time.,86,15
unaligned,train,uXYAfpQUYVE$_$4,uXYAfpQUYVE,4,That doesn’t mean we’re going to eliminate it completely or overnight.,70,11
unaligned,train,uYzZB4ccG1Q$_$24,uYzZB4ccG1Q,24,"So, I'd love to hear from you",29,7
unaligned,train,uYzZB4ccG1Q$_$27,uYzZB4ccG1Q,27,I will read through them personally and see if I can contribute back in any positive way,88,17
unaligned,train,uYzZB4ccG1Q$_$5,uYzZB4ccG1Q,5,"First, let's start with some context",36,6
unaligned,train,uYzZB4ccG1Q$_$10,uYzZB4ccG1Q,10,"Most of the time, when it comes to you investing in what you need, people look for deals",88,18
unaligned,train,uYzZB4ccG1Q$_$15,uYzZB4ccG1Q,15,Now here's where this starts to connect the dots,48,9
unaligned,train,uYzZB4ccG1Q$_$19,uYzZB4ccG1Q,19,"So, all of a sudden, there's a fundamental disconnect; a misalignment at the core of everything you are doing and that's often why people wonder: ""Why aren't people investing in a way that I want them to?"" So, here's two things you can do to change this dynamic not only so that it shifts energetically but so that you really become the kind of person that's walking your talk",376,69
unaligned,train,uYzZB4ccG1Q$_$30,uYzZB4ccG1Q,30,So head on over there; enter your name and email address to get all sorts of amazing training just for being a part of the tribe,128,26
unaligned,train,ueCWy7aTmyo$_$14,ueCWy7aTmyo,14,So if you've woven in key words on your website in a way that's not contextual accurate that's actually going to hurt you as well,129,25
unaligned,train,ueCWy7aTmyo$_$3,ueCWy7aTmyo,3,There has been three major updates of the 71 updates that have made the biggest impact on the way that websites rank,116,22
unaligned,train,ueCWy7aTmyo$_$5,ueCWy7aTmyo,5,You may have heard of these updates in the past and you may have noticed that your rankings have fluctuated a lot over the last little while,140,27
unaligned,train,uxHBEfIhY-E$_$2,uxHBEfIhY-E,2,", state law is pre-empted",25,5
unaligned,train,uy9MGhVqCp8$_$5,uy9MGhVqCp8,5,"Have you ever been to a website and you think, 'I am not doing business with these people.",90,18
unaligned,train,uyOrVTq8Tjk$_$3,uyOrVTq8Tjk,3,Social entrepreneurs have been out there working at the grassroots levels developing innovative approaches to do this.,118,17
unaligned,train,v1GKBjohgHc$_$2,v1GKBjohgHc,2,"Our thoughts are with our  LGBTQ family there in Orlando, and our entire community worldwide…. struggling to make sense of this terrible act of violence.",153,25
unaligned,train,v2DFe9X-jCY$_$22,v2DFe9X-jCY,22,"That's strange - all of a sudden my mind is cleared...' The Lord continued,""There is a Truth, My Love.",102,19
unaligned,train,v3l56fl6aJM$_$4,v3l56fl6aJM,4,"So go ahead and click on the link on the right, and you'll be taken directly to a page where you can schedule a one-on-one call with me to determine if and how I may be able to help you out.",190,41
unaligned,train,v5AAvrZuR2U$_$6,v5AAvrZuR2U,6,"7 and 21. If you want be meet with me on those dates, please let me know as soon as possible.",93,21
unaligned,train,vCWpKubBbcw$_$1,vCWpKubBbcw,1,And we also know that overall performance improvement requires a careful balance between improving one aspect of the design and not messing up on the other aspects of that design.,179,30
unaligned,train,vM3YB7LmMq4$_$28,vM3YB7LmMq4,28,"Bob: Well, welcome back everyone to Velocity Selling TV",55,9
unaligned,train,vM3YB7LmMq4$_$41,vM3YB7LmMq4,41,"And you know, I get lots of good answers",40,9
unaligned,train,vM3YB7LmMq4$_$8,vM3YB7LmMq4,8,"Matthew, how do you engage buyers? Matthew: Well Bob, that’s a great question and that’s exactly how you engage buyers, by asking really questions",146,24
unaligned,train,vM3YB7LmMq4$_$38,vM3YB7LmMq4,38,"Now, when I run workshops, and I know that you’ve run, you’ve run tens of thousands of workshops in your time Bob, but in our time of running workshops, what we always do is we ask people why they ask questions",210,41
unaligned,train,vM3YB7LmMq4$_$13,vM3YB7LmMq4,13,"And you know, I get lots of good answers",40,9
unaligned,train,vM3YB7LmMq4$_$33,vM3YB7LmMq4,33,And that was the first step of the three competencies that you have to master in order to get this whole buyer focused system,125,24
unaligned,train,vM3YB7LmMq4$_$37,vM3YB7LmMq4,37,"Actually this is my very favourite part of the system because this has been the difference between me seeming like a normal sales person, or even anybody that follows our system, seeming like a normal sales person, being actually somebody who is actually buyer focused",268,45
unaligned,train,vM3YB7LmMq4$_$50,vM3YB7LmMq4,50,Bob: You got it,15,4
unaligned,train,vM7m581tHn0$_$3,vM7m581tHn0,3,That’s the pheromones being set out by the dead ant,51,10
unaligned,train,vM7m581tHn0$_$4,vM7m581tHn0,4,This lets the others know that there is danger happening,56,10
unaligned,train,vM9AH4EqCaA$_$2,vM9AH4EqCaA,2,"Inside our bodies we have over 75 trillions of cells, blood cells, heart cells, hair cells, skin cells, stomach cells, you name it.",131,23
unaligned,train,vM9AH4EqCaA$_$6,vM9AH4EqCaA,6,I'm Isabelle Simon your personal work place wellness consultant and today we just learned how the Herbalife products work.,122,19
unaligned,train,vRhj2bLo1ho$_$5,vRhj2bLo1ho,5,""" Well, time management on simulations is critical, and it's a common pitfall that people run into",98,17
unaligned,train,vRhj2bLo1ho$_$8,vRhj2bLo1ho,8,My recommendation for studying simulations is not to actually study practice simulations,88,12
unaligned,train,vYOr36tdcpc$_$1,vYOr36tdcpc,1,"as we will see in this video Ruby is a language reminiscent of Johan Cruyff, is lightweight, fast, smart, very creative, one enjoys programming in ruby Do you know Johan Cruyff demanded to be recognized as the best player in the world?",235,42
unaligned,train,vYOr36tdcpc$_$0,vYOr36tdcpc,0,"the fifth most popular programming language this year was ruby, yet it is the highest paid, Do you want to know what are their characteristics, salary, it does and where it is used?",181,33
unaligned,train,vbVLgaP5IYU$_$0,vbVLgaP5IYU,0,A new study from Accenture has found that citizens across the world are concerned about their prospects for retiring.,117,19
unaligned,train,vlnKSMw5v1o$_$6,vlnKSMw5v1o,6,"He was the last white Jewish president of the NAACP, And also a member of our board of the Reform Jewish Movement",113,22
unaligned,train,vop7tN_K64I$_$14,vop7tN_K64I,14,"I make the student, give them a deadline and they have to email their assignments to me.",88,17
unaligned,train,vop7tN_K64I$_$17,vop7tN_K64I,17,"But again, you want to be careful about that because that can be a little time consuming when you're talking about a hundred or more students in a class.",153,29
unaligned,train,vop7tN_K64I$_$1,vop7tN_K64I,1,"You obviously have to have students do assignments and do work, but you've got all these hundreds of papers that you have to deal with.",135,25
unaligned,train,vttEPA6Xffk$_$2,vttEPA6Xffk,2,This has value because I can go to our supply chain and procurement people but I can also go to organisations like the Global Business Coalition against trafficking and saying this study validates why we have to work very hard on this.,235,42
unaligned,train,vwUBtNvjrU4$_$26,vwUBtNvjrU4,26,"Are you transferring them, and putting them in a network location as a backup?",78,14
unaligned,train,vwUBtNvjrU4$_$16,vwUBtNvjrU4,16,You want to communicate to this device in an encrypted form.,60,11
unaligned,train,vwUBtNvjrU4$_$23,vwUBtNvjrU4,23,"If you got your hands on a firewall, or a router log, or a router configuration, there's a lot of good information in there, that bad guys would be able to use.",160,32
unaligned,train,vwUBtNvjrU4$_$25,vwUBtNvjrU4,25,"Are they stored on the device, are they stored in an encrypted form?",68,13
unaligned,train,w-PFjo89Dpw$_$14,w-PFjo89Dpw,14,I enjoyed knowing a completely different culture to know the people from the  Mayan community.,94,15
unaligned,train,w-PFjo89Dpw$_$2,w-PFjo89Dpw,2,The Merida Summer Program consists  in a Spanish course  and a Mayan  community program.,88,14
unaligned,train,w-PFjo89Dpw$_$7,w-PFjo89Dpw,7,I decided to sign up to this program because  I wanted to learn Spanish and have a month  to get used to Mexico and the culture  before I started  the academic semester at Tec.,176,34
unaligned,train,w1MxXu5D7ho$_$0,w1MxXu5D7ho,0,[music] I love the option of PrEP because it makes me feel like I'm protected from something that has stigmatized my community,126,22
unaligned,train,wCtZdAdoIm8$_$0,wCtZdAdoIm8,0,happens and it asks the question what would happen then and the best comedies then develop that premise through character,121,20
unaligned,train,wEs7pJH2mqQ$_$1,wEs7pJH2mqQ,1,"” A beloved performer and comedic genius, Letterman sure sounds like Mr",71,12
unaligned,train,wEs7pJH2mqQ$_$3,wEs7pJH2mqQ,3,Maybe he was just frustrated he wasn’t allowed to grow his beard,64,12
unaligned,train,wEs7pJH2mqQ$_$7,wEs7pJH2mqQ,7,I have three kids with my first wife and I don’t see any of them,64,15
unaligned,train,wHQYmMZzyJY$_$24,wHQYmMZzyJY,24,I wish you a great learning experience in our online classroom.,63,11
unaligned,train,wHQYmMZzyJY$_$10,wHQYmMZzyJY,10,"I love teaching, because I appreciate the fact that students are absolutely eager to learn and they are also energetic.",119,20
unaligned,train,wHQYmMZzyJY$_$20,wHQYmMZzyJY,20,"Tip number three,  complete your assignments as early as possible.",66,10
unaligned,train,wHQYmMZzyJY$_$18,wHQYmMZzyJY,18,It's just for your practice and it's going to help you to familiarize yourself with the course.,95,17
unaligned,train,wI7DDCRh4Nw$_$1,wI7DDCRh4Nw,1,"Most the time I sometimes lie and I say that it's a mix between marketing and communications because that's the easiest way how to explain it but, overall it's a very broad major and I'm excited to see what's going to happen in the next few years with it For my fun fact I'm going to tell you about when I was in the third grade, I was featured in the film We are Marshall Which is a movie based on a true story about how the football team from Marshall was coming back from a game in Florida It was rainy and really dark that night and the plane crashed into the mountainside in Huntington, which was only a few miles from the airport",635,125
unaligned,train,wI7DDCRh4Nw$_$2,wI7DDCRh4Nw,2,In 2006 producers and directors came to Marshall and filmed about how the school recovered from the plane crash and how the football team was rebuilt,149,26
unaligned,train,wLj_gnNON7A$_$10,wLj_gnNON7A,10,The establishment Wing and their neocon allies are already exiting the Republican tent,86,13
unaligned,train,wLj_gnNON7A$_$12,wLj_gnNON7A,12,"The wings of the Republican coalition are so deeply divided on entitlements, trade, immigration, when and where to fight wars that even a Trump victory will not again unite them",177,30
unaligned,train,wLj_gnNON7A$_$14,wLj_gnNON7A,14,A change and a realignment is inevitable,40,7
unaligned,train,wLj_gnNON7A$_$5,wLj_gnNON7A,5,"They are a populist bunch, hell bent on massive redistribution of wealth, and not interested in fighting new wars in the middle east, or another cold war with Russia",165,29
unaligned,train,wLj_gnNON7A$_$4,wLj_gnNON7A,4,Clinton to make them happy,26,5
unaligned,train,wMggOhhVouA$_$6,wMggOhhVouA,6,"Keep listening for scoop on Sully, the new movie hitting theaters this weekend starring Tom Hanks.",98,16
unaligned,train,wNx1ZnQ0MDQ$_$9,wNx1ZnQ0MDQ,9,And so that’s the example of me having a very satisfying experience.,68,12
unaligned,train,wNx1ZnQ0MDQ$_$8,wNx1ZnQ0MDQ,8,And I could even pay for them and it would take an hour for me to get it to them.,81,20
unaligned,train,wNx1ZnQ0MDQ$_$4,wNx1ZnQ0MDQ,4,"But for the 4x6s and the 5x7s I went out seeking, okay, what’s the best solution for me.",88,18
unaligned,train,wOKWTFYYMuk$_$9,wOKWTFYYMuk,9,"So agencies that now present at P &amp; G have to start their big-- showing how their big idea works at retail, and then how that would be translated into on line or circulars or other places that we might go to get information when we’re getting ready to shop, all the way back up to radio, print, television.",310,59
unaligned,train,wOjnqud5GBA$_$4,wOjnqud5GBA,4,"Aristotle, in his Poetics, tried to refute Plato's argument",59,9
unaligned,train,wR3zalLV_6c$_$5,wR3zalLV_6c,5,"Another distinct group of young people in developing economies, here we have a very different situation because very few young people can afford to be unemployed.",162,26
unaligned,train,wR3zalLV_6c$_$14,wR3zalLV_6c,14,Long-term investment in the education and training system for example; Creative fiscal policy that will subsidize youth employment; these are some of the examples of the solutions that are being called for.,206,32
unaligned,train,wRKVNiABc0w$_$12,wRKVNiABc0w,12,What's the dollar amount that you're going to be responsible for?,65,11
unaligned,train,wRKVNiABc0w$_$14,wRKVNiABc0w,14,What does that mean in terms of what will your lifestyle need to be when you graduate.,86,17
unaligned,train,wRKVNiABc0w$_$1,wRKVNiABc0w,1,"The average for a student going to a public school is about $26,000 of debt.",76,15
unaligned,train,w_qYZSVx2dM$_$13,w_qYZSVx2dM,13,"• Walmart is the world’s largest retailer in the world with over 8,500 stores and 2.1 million employees.",104,18
unaligned,train,w_qYZSVx2dM$_$12,w_qYZSVx2dM,12,"• A few of the key benefits you will qualify for are health insurance, store discounts, profit sharing and a 401k plan.",119,22
unaligned,train,w_qYZSVx2dM$_$9,w_qYZSVx2dM,9,• There is lots of flexibility regarding part time or full time positions.,74,13
unaligned,train,wb7CfuiIZFQ$_$5,wb7CfuiIZFQ,5,And that is the best way to get experience and you're on your way to being a film producer.,91,19
unaligned,train,wd-LTpCtAzw$_$14,wd-LTpCtAzw,14,I just binge watch non-stop,27,5
unaligned,train,wd-LTpCtAzw$_$1,wd-LTpCtAzw,1,And it's so romantic and adorable and funny And I'm always tempted,66,12
unaligned,train,wd-LTpCtAzw$_$9,wd-LTpCtAzw,9,I'm addicted to watching Potato star What the hell is a potato star,67,13
unaligned,train,wdU-0bttAkc$_$3,wdU-0bttAkc,3,"The money is safer than money in the bank, because it's tied by the Federal Reserve safety system, as opposed to the FDIC, which has come under challenge lately.",161,29
unaligned,train,werKCgZ5dFE$_$14,werKCgZ5dFE,14,"Who else would save us for such an awful cost Great has been lost before So greater is the loss Of Him, that man.",113,24
unaligned,train,wfLrS6CdFs4$_$0,wfLrS6CdFs4,0,"Hello my name is Igor Krupnik and I'll be telling you something very, very different",84,15
unaligned,train,wgCSuviySwg$_$0,wgCSuviySwg,0,"Hi, I’m Julia Maasen,  I earned my associates degree in high school  and now I am taking on new challenges at the Haworth College of Business.",142,26
unaligned,train,wj3ur4fsiN4$_$24,wj3ur4fsiN4,24,"If you hire us, fantastic",25,5
unaligned,train,wj3ur4fsiN4$_$3,wj3ur4fsiN4,3,"At that consultation or case evaluation, you'll either be meeting with myself or a trusted member of my team",108,19
unaligned,train,wj3ur4fsiN4$_$2,wj3ur4fsiN4,2,At this point you've likely reached out to my office and you may very well have your first consultation set up with my firm,123,24
unaligned,train,wj3ur4fsiN4$_$13,wj3ur4fsiN4,13,"If you've been arrested, you should have a bail slip, which will show your bail amount, the charges you were booked into jail at, as well as any future court dates",163,31
unaligned,train,wj3ur4fsiN4$_$17,wj3ur4fsiN4,17,"And what you'll find is when you meet with either myself or a staff member, is that we may not be the cheapest",110,23
unaligned,train,wrQVnClcNPM$_$11,wrQVnClcNPM,11,It's really amazing the commitment that I've seen,49,8
unaligned,train,wrQVnClcNPM$_$12,wrQVnClcNPM,12,So it's really cool to have that kind of support,48,10
unaligned,train,wrQVnClcNPM$_$16,wrQVnClcNPM,16,"But once you do get yourself acclimated, it's an amazing experience",67,11
unaligned,train,wrQVnClcNPM$_$2,wrQVnClcNPM,2,And I just graduated from the MSW Program,41,8
unaligned,train,wrQVnClcNPM$_$5,wrQVnClcNPM,5,"And prior to going to USC, I spent time in the District Attorney's Office in San Francisco",90,17
unaligned,train,wxxqXK9x-64$_$2,wxxqXK9x-64,2,"I would say that the next decade in  this industry, will show that the products  need to become simpler, easier to understand,  and that they need to become cheaper.",165,29
unaligned,train,wz3nVBPVgIA$_$6,wz3nVBPVgIA,6,"For those of you who know, I can barely drive a car if you've ever driven behind me",83,18
unaligned,train,x92920ole0w$_$18,x92920ole0w,18,"How it's executed may change, and how it's leveraged may change, but I think it's absolutely critical for any firm to succeed, that they do marketing very, very well.",166,29
unaligned,train,x9E8yaFCX0Y$_$5,x9E8yaFCX0Y,5,"I shared with you an experience, which is true by the way, but itís one that you can relate to because youíve locked up",119,24
unaligned,train,x9E8yaFCX0Y$_$4,x9E8yaFCX0Y,4,Thatís because I grabbed your attention,39,6
unaligned,train,x9E8yaFCX0Y$_$7,x9E8yaFCX0Y,7,So donít be afraid to find a way to bring the audience in,57,13
unaligned,train,xNYsfeSgDCQ$_$1,xNYsfeSgDCQ,1,"In the client-freelancer relationship, just like in any relationship, communication is key",90,12
unaligned,train,xNYsfeSgDCQ$_$4,xNYsfeSgDCQ,4,"I mentioned in the last video about invoicing that when you send an invoice to a client you should spell out the important details in an email, too",147,28
unaligned,train,xP81rX2ATLI$_$2,xP81rX2ATLI,2,"The maximum? Well, you may not be very sure",43,9
unaligned,train,xP81rX2ATLI$_$6,xP81rX2ATLI,6,"And where is the difference between the price and cost the most? So, it's here where it's the mark we have aligned",114,22
unaligned,train,xPhlDO-2Foc$_$2,xPhlDO-2Foc,2,"And I knew that if I decided to go to the UK, that my term would be cut short so I would have to find an alternate route",120,28
unaligned,train,xRJXYUZVdas$_$1,xRJXYUZVdas,1,I am here to recommend to you Hale Dwoskin and The Sedona Method.,65,13
unaligned,train,xTBBDx3DkXQ$_$10,xTBBDx3DkXQ,10,These innovative products and services will not only supercharge our economy but may even change the way we live.,113,19
unaligned,train,xUz5cCA-oTo$_$14,xUz5cCA-oTo,14,"GRANDPRE: Well, the opening statement started off pretty technical, explaining some of the nuances of the Baltimore Police Department.",134,19
unaligned,train,xXIq7YPkdUQ$_$1,xXIq7YPkdUQ,1,"And, the cash is important, right, because it's what allows students to pay back their student loans that they had to take out for degree completion to begin with",162,29
unaligned,train,xXIq7YPkdUQ$_$2,xXIq7YPkdUQ,2,This is a definition of success that the media often is telling to students,75,14
unaligned,train,xXIq7YPkdUQ$_$4,xXIq7YPkdUQ,4,"It included being holistic, academic components, personal components, life-skills, competencies",95,10
unaligned,train,xYtNgq9eTlg$_$6,xYtNgq9eTlg,6,Now if you are new to foam rolling I would suggest starting with something more soft and progressing your way up to something more firm,135,25
unaligned,train,xZ1FrxU6hcg$_$23,xZ1FrxU6hcg,23,So there's got to be a fine balance between telling them what to do and letting them have some creative freedom.,112,21
unaligned,train,xZ1FrxU6hcg$_$6,xZ1FrxU6hcg,6,Often times the director gets most of the glory too so it's a give and take.,76,16
unaligned,train,xaSf1d13WoY$_$13,xaSf1d13WoY,13,There are a lot of options available to you when you need a little relief.,74,15
unaligned,train,xaSf1d13WoY$_$1,xaSf1d13WoY,1,"A lot of us have, and all I can say is if it weren't for loans, I wouldn't be here.",83,20
unaligned,train,xaSf1d13WoY$_$4,xaSf1d13WoY,4,"With some of these options, you pay a fixed amount every month.",63,12
unaligned,train,xbl7bU5PGBs$_$0,xbl7bU5PGBs,0,coming up when we go on our trip and the van cannot smell like it does now for that 18-hour trip,96,21
unaligned,train,xfP0bm6Z-7E$_$2,xfP0bm6Z-7E,2,Non-profit organization are connecting their communities together,65,7
unaligned,train,xge9aYTxxOA$_$0,xge9aYTxxOA,0,"FEMALE SPEAKER: Bad advertising isn't memorable, isn't meaningful.",66,8
unaligned,train,xiRUWSUrGSg$_$0,xiRUWSUrGSg,0,"Hi My name is Desiree Dorsey and I'm going to read a monologue from--a quote from Tom Robbins So you think that you're a failure, do you?",137,27
unaligned,train,xiRUWSUrGSg$_$4,xiRUWSUrGSg,4,A mediocre failure is as insufferable as a mediocre success embrace failure!,76,12
unaligned,train,xk4C4p5vHDk$_$12,xk4C4p5vHDk,12,"So you’re gonna take your white cheese, I’m using provolone, take your #2A Tip and we’re gonna cut out a bunch of circles, every bird will need 2",145,28
unaligned,train,xk4C4p5vHDk$_$1,xk4C4p5vHDk,1,"This is so funny, we’re gonna cut out the meat of the olive, by keeping the knife nice and flat and sliding it through",118,24
unaligned,train,xn9_4n4NpEw$_$10,xn9_4n4NpEw,10,We're working around the clock to make sure to smooth transition.,65,11
unaligned,train,xn9_4n4NpEw$_$5,xn9_4n4NpEw,5,Now your company will have to register with Jobs4TN.gov in order to use this new system.,88,16
unaligned,train,xn9_4n4NpEw$_$7,xn9_4n4NpEw,7,Another change will impact companies who have employees on partial layoff.,74,11
unaligned,train,xnNZyfhusAk$_$2,xnNZyfhusAk,2,"That was really no decision at all for me, I think I was maybe born a democrat.",79,17
unaligned,train,xomMHflvVDw$_$1,xomMHflvVDw,1,"- Citizens National Bank has always offered Farm Service Agency guaranteed lending, but recently we became a preferred lender with them, which allows us to speed up the approval process",185,30
unaligned,train,xomMHflvVDw$_$0,xomMHflvVDw,0,"- [Announcer] And now, a Citizens National Bank Newsletter Extra",64,10
unaligned,train,xomMHflvVDw$_$3,xomMHflvVDw,3,What we're required to submit now is a one page application and a narrative,75,14
unaligned,train,xomMHflvVDw$_$6,xomMHflvVDw,6,"And the different types of loans that we can offer with this are Farm Ownership loans, Operating lines of credit, or Equipment and Capital Improvement needs loans",162,27
unaligned,train,xu53lk4dhSc$_$13,xu53lk4dhSc,13,"What was the main media message yesterday, the day before our biggest event of the year of the National Convention?",115,20
unaligned,train,xu53lk4dhSc$_$20,xu53lk4dhSc,20,"So we need the umbrella bodies, the membership bodies to take action?",69,12
unaligned,train,xu53lk4dhSc$_$14,xu53lk4dhSc,14,There was a cooked-up news story that was about fundraising complaints on the rise.,83,14
unaligned,train,xu53lk4dhSc$_$17,xu53lk4dhSc,17,"Half way through the interview the BBC asked why there are more complaints and Alistair said, oh, it's good, it's because more charities have joined the FRSB.",158,27
unaligned,train,xu53lk4dhSc$_$9,xu53lk4dhSc,9,There's loads of good news about fundraising and there's absolutely nobody applying any budget to get that out into the media.,126,21
unaligned,train,xvnFF0FiyS4$_$6,xvnFF0FiyS4,6,It aids in my mobility,22,5
unaligned,train,xvnFF0FiyS4$_$8,xvnFF0FiyS4,8,I'd be all for that,19,5
unaligned,train,xwNQ7QuXaps$_$5,xwNQ7QuXaps,5,"I mean, the attendance was so much better throughout the year, and in fact because the attendance was higher and we were asking students to go to twice as many classes, what we found was that over the year students had attended something like three times more classes, of this small problem classes, than they used to.",318,57
unaligned,train,xyOa9ivNrg4$_$0,xyOa9ivNrg4,0,Western Red Cedar siding has centuries of proven performance.,61,9
unaligned,train,y-nEcwAyQos$_$11,y-nEcwAyQos,11,It's important that your elected representatives hear from you now.,67,10
unaligned,train,y-nEcwAyQos$_$4,y-nEcwAyQos,4,&gt;&gt; DEANNE: Some say there is no longer a need for federal support for public broadcasting.,96,16
unaligned,train,yBGuxyO-ElM$_$2,yBGuxyO-ElM,2,"I don't think I'd really made a purchase online up until about five years ago, or something.",92,17
unaligned,train,yDIFWzOBjXc$_$22,yDIFWzOBjXc,22,We also set the default calendar options to Enabled so your attempted tasks will automatically appear in your calendar.,119,19
unaligned,train,yDIFWzOBjXc$_$23,yDIFWzOBjXc,23,"In addition, your pre- and post- fatigue level will also appear in the calendar.",80,14
unaligned,train,yDIFWzOBjXc$_$40,yDIFWzOBjXc,40,Our goal is to listen and to implement as many new features as possible to the ManageMyFatigue app.,99,18
unaligned,train,yDIFWzOBjXc$_$13,yDIFWzOBjXc,13,This information is available to you in the Prescription Meds screen and also in the Bedtime Questionnaire.,107,17
unaligned,train,yDIFWzOBjXc$_$15,yDIFWzOBjXc,15,Since we're on the Bedtime Questionnaire I should mention that we've added a question about napping- How long did you spend napping today in total?,147,25
unaligned,train,yDIFWzOBjXc$_$19,yDIFWzOBjXc,19,You'll note we've included a Soft reminder sound option and you can now tap each sound option to hear it before you choose it.,126,24
unaligned,train,yDIFWzOBjXc$_$30,yDIFWzOBjXc,30,We also changed the functionality of the  cancel option when in the middle of a task.,85,16
unaligned,train,yEtfjJOMMCs$_$21,yEtfjJOMMCs,21,You want to give the judge your best testimony on the date of your hearing,74,15
unaligned,train,yEtfjJOMMCs$_$3,yEtfjJOMMCs,3,That's what you should wear to the hearing,42,8
unaligned,train,yEtfjJOMMCs$_$4,yEtfjJOMMCs,4,"This isn't a job interview, you don't need to dress up, go as you do everyday",77,16
unaligned,train,yEtfjJOMMCs$_$7,yEtfjJOMMCs,7,Other than that you should be fine,34,7
unaligned,train,yEtfjJOMMCs$_$11,yEtfjJOMMCs,11,"If you arrive an hour before that lets you be familiar with the hearing office itself, it lets you calm down, usually people are anxious the day of hearing and you'll be prepared to testify",189,35
unaligned,train,yEtfjJOMMCs$_$15,yEtfjJOMMCs,15,"If you need to stand because you're in a lot of pain all you do is ask the judge respectfully, ""Your Honor, do you mind if I stand?"" If you need to stretch your legs or prop your legs on a chair they will allow you to do that",225,49
unaligned,train,yEtfjJOMMCs$_$14,yEtfjJOMMCs,14,Another thing you should do is do not be afraid to ask the judge to change positions if you are uncomfortable,109,21
unaligned,train,yHtR71rx16I$_$3,yHtR71rx16I,3,"When you're lying in bed and the alarm's just gone off, do not move.",68,14
unaligned,train,yKdIZR5xfcc$_$11,yKdIZR5xfcc,11,"We've done the hard engineering necessary to put all this technology into the watch that you're backing, but we're not stopping there",133,22
unaligned,train,yKdIZR5xfcc$_$12,yKdIZR5xfcc,12,"We're working on the most advanced earth-abundant materials, even better thermal designs, and boost converter circuits that are even more efficient than what's available today",175,25
unaligned,train,yKdIZR5xfcc$_$4,yKdIZR5xfcc,4,"For the last 50 years, not much progress in thermoelectrics has been made",73,13
unaligned,train,yKdIZR5xfcc$_$7,yKdIZR5xfcc,7,We decided to take a systems approach,37,7
unaligned,train,yKdIZR5xfcc$_$9,yKdIZR5xfcc,9,We've paired that up with a thermal design that efficiently moves heat from your body to the environment,104,18
unaligned,train,yKdIZR5xfcc$_$8,yKdIZR5xfcc,8,We're using the most efficient thermoelectric materials available today that have the unique combination of low thermal conductivity and high electrical conductivity typically not found in nature,195,27
unaligned,train,yOQHOiswVjc$_$13,yOQHOiswVjc,13,So you have to play really good to win those people over and failing out of those songs would much easier than in front of an audience who already likes your music.,164,32
unaligned,train,yOQHOiswVjc$_$15,yOQHOiswVjc,15,"Stage presence can be activated when you play a really cool drum fill, when you interact with the audience a lot or when you activate overdrive together as a band at the same time and these kinds of score multiplier will help you get more fans you can get in the career mode but that was basically all that was announced today.",327,62
unaligned,train,yOQHOiswVjc$_$1,yOQHOiswVjc,1,IGN did a featureette Now if you've played the past Rock Band and Guitar Hero games then you'll know that the career mode was really more of an afterthought.,157,29
unaligned,train,ySfHPyaDbqY$_$7,ySfHPyaDbqY,7,I think dealing with a complex human problem like this requires increasing sophistication and I think the protocol and the website take us a long way here.,155,27
unaligned,train,ygb8Cfxghbs$_$15,ygb8Cfxghbs,15,"I'm Megan Edwards for InvestmentPitch.com For more video news, and to view our disclaimer, be sure to visit our website www.investmentpitch.com.",144,21
unaligned,train,ygb8Cfxghbs$_$14,ygb8Cfxghbs,14,Their branches are listed on their website at www.pifinancialcorp.com.,70,9
unaligned,train,ygb8Cfxghbs$_$0,ygb8Cfxghbs,0,"I'm Megan Edwards for InvestmentPitch.com PI Financial has initiated coverage on Macro Enterprises, symbol MCR on the TSX Venture Exchange.",139,20
unaligned,train,ygb8Cfxghbs$_$7,ygb8Cfxghbs,7,"The company's clients include, Enbridge, Talisman, TransCanada, Cenovus, Nexen, Spectra, AltaGas and Pembina.",109,13
unaligned,train,ymPQOY2O_nw$_$0,ymPQOY2O_nw,0,Well now that we've got the exercise part out of the way let's return to the details of property three and see what it means to faithfully represent that have the refinement faithfully represent the specification.,213,36
unaligned,train,yp6Gd2NPwOU$_$6,yp6Gd2NPwOU,6,"Now as an owner or manager, it's important that you're conscious of how staff are travelling, and understand the signs and symptoms that could indicate that they're doing things a bit tough.",190,32
unaligned,train,yp6Gd2NPwOU$_$9,yp6Gd2NPwOU,9,"Now for information on how to look after you and your staff's mental health, go to headsup.org.au.",98,17
unaligned,train,yrIXBklJ5YQ$_$1,yrIXBklJ5YQ,1,""" ( APPLAUSE ) <i>( CHEERS )</i> COMEY REPLIED: ""I UNDERSTAND, MR",65,12
unaligned,train,yrIXBklJ5YQ$_$0,yrIXBklJ5YQ,0,"WRITES THAT TRUMP SAID, ""HE HAD NOTHING TO DO WITH RUSSIA, HAD NOT BEEN INVOLVED WITH HOOKERS IN RUSSIA",103,19
unaligned,train,yrIXBklJ5YQ$_$3,yrIXBklJ5YQ,3,""" ( LAUGHTER ) ""NEVER PAID FOR BREAKFAST IN MY LIFE",51,11
unaligned,train,yyToAEoUuek$_$3,yyToAEoUuek,3,"Moving up we move into a bigger world of risk, perhaps mutual funds and stocks.",79,15
unaligned,train,z6E-ocntPo4$_$2,z6E-ocntPo4,2,We love it to death,19,5
unaligned,train,z6E-ocntPo4$_$4,z6E-ocntPo4,4,Why does the support team love it? Kevin: Support loves it because it is a seamless product,91,17
unaligned,train,z6E-ocntPo4$_$9,z6E-ocntPo4,9,Get it now! Kevin: It's time,28,6
unaligned,train,z6E-ocntPo4$_$8,z6E-ocntPo4,8,You got to go get it,20,6
unaligned,train,z7FicxE_pMU$_$18,z7FicxE_pMU,18,"They will think that this is going to cost them a lot more, and in fact it will not.",84,19
unaligned,train,z7FicxE_pMU$_$7,z7FicxE_pMU,7,"They may think that it is absolutely not possible, and you will want to start to give them evidence not only for how it is possible in the state, but how it is being done in other states, and what the difference will make to your program and to those who want the services you provide.",285,56
unaligned,train,z8bWG2z-bMM$_$1,z8bWG2z-bMM,1,So why do you need one? Well the answer is simple,49,11
unaligned,train,z8bWG2z-bMM$_$5,z8bWG2z-bMM,5,At Derma Clinics we look at the holistic health of your skin,60,12
unaligned,train,zFTuwjr3xq0$_$4,zFTuwjr3xq0,4,"The individual who submitted the complaint receives information about the conclusion of the process, however, that individual doesn't receive the specific disciplinary outcome, if any, of the investigation",205,28
unaligned,train,zFuRNvfC4So$_$14,zFuRNvfC4So,14,"To dial up those perceptions of warmth, and then hopefully sort of get that admiration which I was talking about before.",120,21
unaligned,train,zFuRNvfC4So$_$7,zFuRNvfC4So,7,"So we found, for instance, if you receive an endorsement from The Wallstreet Journal and another credible source, that by boosting perceptions of competence for nonprofits, making them on par with their perceptions of warmth, that you actually elicit admiration.",262,40
unaligned,train,zJWmmDk9fCE$_$0,zJWmmDk9fCE,0,"Alright, now that we have found some job openings, the next thing we're going to do we're going to respond to them.",115,22
unaligned,train,zJWmmDk9fCE$_$10,zJWmmDk9fCE,10,They will also probably want your resume and sometimes your transcripts.,72,11
unaligned,train,zOHZDq2BvGo$_$0,zOHZDq2BvGo,0,"I think what you’re seeing in the technology space today is if you look back 20 years, there tended to be dominant players in certain categories and the product was so differentiated and there was such a huge wide gap from the bottom of the category to the top of the category in terms of performance, speeds, screen sizes, memory, does it have a DVD player, reader or not?",373,69
unaligned,train,zPskvGHHQtE$_$0,zPskvGHHQtE,0,And you want to set the tone that you have confidence in that person's ability to improve,89,17
unaligned,train,zR62DCEMWgs$_$0,zR62DCEMWgs,0,"Hi, I'm Stephanie I am a senior at Greenfield High School I didn't use FM because for many reasons, but one of them is every time I put in my FM in the back, it bothers me it like touches my skin.",196,42
unaligned,train,zU2_X9lIcUM$_$2,zU2_X9lIcUM,2,Let's say body part 1 was about cheap hotels and hostels in Europe.,67,13
unaligned,train,zU2_X9lIcUM$_$5,zU2_X9lIcUM,5,"Now let's take a look at inexpensive airfare."" Transitional statements are simply the tour guide -this is where we've been, this is where we're going.",150,25
unaligned,train,zU2_X9lIcUM$_$4,zU2_X9lIcUM,4,"In between those two body parts a good speaker will say, ""Okay, we've just finished talking about great hostels and inexpensive hotels.",135,22
unaligned,train,zaTyjiyrHnk$_$6,zaTyjiyrHnk,6,"It helps your audience, it keeps things fresh and helps them remember.",70,12
unaligned,train,zeQKU2L173M$_$5,zeQKU2L173M,5,"Security Management Architects, Security Gateway Inspection Engineers and Security Managers usually hold or pursue this certification and you can expect same job role after completion of this certification.",206,28
unaligned,train,zeQKU2L173M$_$9,zeQKU2L173M,9,"If you try practice via exam questions before attempting actual exam you reduce your chances of failure by more than 90% Justcerts has made practice exams by the help of subject matter experts, you can try free demo before to ensure quality of products.",253,44
unaligned,train,zg-ZIxVsBbQ$_$0,zg-ZIxVsBbQ,0,Give people a second to try and explain why they aren't following your directions or why they can't follow your directions,122,21
unaligned,train,zj4PzGtFwJM$_$1,zj4PzGtFwJM,1,"I have Asperger syndrome So it is very difficult for me to read non-analytical forms of information, particularly body language.",128,20
unaligned,train,zqkawTdHN5s$_$1,zqkawTdHN5s,1,Not only because it offered them efficiencies but because it allowed them to communicate some relevance and usefulness to consumers.,132,20
unaligned,train,zrFZAofNGi4$_$10,zrFZAofNGi4,10,The Holocaust happened and we are so ashamed and no one did anything — we are talking about Bosnia.,99,19
unaligned,train,zwTrXwi54us$_$12,zwTrXwi54us,12,"Join around 10,000 other people which are already in this newsletter and yeah, let's build this community and make this newsletter the best fitness newsletter on the internet",174,28
unaligned,train,zwTrXwi54us$_$0,zwTrXwi54us,0,"Hey guys, my name is Marc Dressen and you're watching MD TV",59,12
unaligned,train,zwTrXwi54us$_$9,zwTrXwi54us,9,"Now, if this sounds like something you're interested in, all you need to do, down there in the description, type in your email, hit the send button, and then you're going to get a little roundup of all of this straight into your inbox",234,44
unaligned,valid,-UacrmKiTn4$_$7,-UacrmKiTn4,7,"You want your lectures to be different than your textbook material, but it's important that you test the students on the textbook.",130,22
unaligned,valid,-qDkUB0GgYY$_$5,-qDkUB0GgYY,5,"One finished still within buy range, another hit profit-taking zone after breaking out a little while back, so to find out what all of those are, keep an eye out for the link in the description I'll have all of the analysis for you and make sure to share your comments with us.",277,53
unaligned,valid,0utROiKxejc$_$1,0utROiKxejc,1,Business was good initially but companies has a tend to launch new products every month.,88,15
unaligned,valid,0utROiKxejc$_$4,0utROiKxejc,4,"When I approached the wholesalers regarding this, they didn't helped me and they will not accept returns and because of these conditions, I went into huge losses.",162,27
unaligned,valid,0y022OlZ3W0$_$3,0y022OlZ3W0,3,"God's not just an add on, He is the center of everything you do",63,14
unaligned,valid,0y022OlZ3W0$_$5,0y022OlZ3W0,5,"""But I don't want to shove it down my kid's throat and then they will reject it",79,17
unaligned,valid,0y022OlZ3W0$_$8,0y022OlZ3W0,8,"Based on my experience, here's what I've seen",45,8
unaligned,valid,101787$_$11,101787,11,"(uhh) His character hates tourist, so of course he has to spend a week with Anne Heche, a tourist, and they have some romantic involvement",138,25
unaligned,valid,101787$_$13,101787,13,"It's kind of (uhh) Castaway like, except Castaway is really good",64,11
unaligned,valid,101787$_$1,101787,1,"Which is a nineties Harrison Ford, semi-action, more romantic comedy flick",74,11
unaligned,valid,101787$_$5,101787,5,"(umm) pretty funny but all in all, not not worth the price of admission",71,14
unaligned,valid,101787$_$7,101787,7,It was actually some good scenery in this,41,8
unaligned,valid,101787$_$9,101787,9,"But (umm) Harrison Ford plays his (stutter) normal character, a gruff cargo pilot",81,13
unaligned,valid,102408$_$2,102408,2,(umm) not necessarily by choice,31,5
unaligned,valid,102408$_$5,102408,5,"I couldn't wait til it was over, but you know if you have little boys then, you know, they probably would like this movie",121,24
unaligned,valid,102408$_$9,102408,9,Maybe it's just because I don't have little boys so I'm not really into the little (uhh) characters like that,109,20
unaligned,valid,102858$_$20,102858,20,"This thing, if you guys don't have it, you're going to need it for your holiday DVD list",88,18
unaligned,valid,102858$_$21,102858,21,"I'm giving this beast a four out of, (stutter) I mean, (uhh) wait, four, no",75,15
unaligned,valid,102858$_$1,102858,1,"This is Helsing920 (stutter), and I've got a DVD review for everybody",69,12
unaligned,valid,102858$_$0,102858,0,"Hello, everybody",16,2
unaligned,valid,102858$_$4,102858,4,"This one disc contains not only Garfield, not only Garfield's Halloween, Halloween (stutter) Adventure, a special I've I've (stutter) watched almost every year since I was about four, but it also has Garfield's (stutter) Thanksgiving, which is a pretty funny little short, funny little special, and A Garfield's Christmas, which is just absolutely awesome",355,54
unaligned,valid,102858$_$6,102858,6,It's probably three of the best (stutter) holiday specials made in the last (uhh) let's see,91,16
unaligned,valid,102858$_$10,102858,10,Regardless (umm) all three specials are just awesome,52,8
unaligned,valid,102858$_$17,102858,17,I watched this thing three times in three months,48,9
unaligned,valid,102858$_$19,102858,19,"So, yeah, Garfield's Halloween, or Holiday Celebrations",55,7
unaligned,valid,112433$_$10,112433,10,Okay,4,1
unaligned,valid,112433$_$3,112433,3,Half the movie was not fighting was you know backstabbing and underhand dealings and you never know who was on who's team and what was going on,143,27
unaligned,valid,112433$_$7,112433,7,You're really not missing out on anything,41,7
unaligned,valid,112433$_$6,112433,6,"(umm) Really, (uhh) unless you're a die hard fan, I would not recommend this one",80,15
unaligned,valid,117tQqLjza4$_$6,117tQqLjza4,6,"Dell has dell.com, one of the largest sites on the internet.",60,11
unaligned,valid,11j7EfglCAs$_$2,11j7EfglCAs,2,It secures the fact that the creditor is going to be repaid for the service that they're giving.,96,18
unaligned,valid,121128$_$10,121128,10,(umm) But I still think that kids would enjoy it equally as well,64,13
unaligned,valid,121128$_$1,121128,1,(uhh) It's a movie about a rat who lives in the French countryside but (umm) he dreams of becoming a famous chef,112,22
unaligned,valid,121128$_$0,121128,0,This is a review of the movie Ratatouille,41,8
unaligned,valid,121128$_$5,121128,5,(umm) This movie was excellent,30,5
unaligned,valid,125344$_$0,125344,0,"Harry Potter and the Order of the Phoenix yes Harry Potter's back and I think he's forty seven in this one no no he's not that old but (stutter) he's starting to look old in the movies they're all starting to look all grown up, and (umm) I'll admit it that I'm I'm (stutter) a dork and I enjoy the Harry Potter movies not saying everybody that enjoys Harry Potter movie is necessarily a dork, but (umm) I'm an older gentleman and I enjoy the kid movies but (umm) it's a very good movie (stutter) I mean the the the (stutter) movies in general are very good they the first one was really good the second one was still pretty good, and they just went on downhill from down there, this one wasn't very good I mean I didn't think it was that good (umm) Harry's back in school yet again and I think this is his fifth year, and (umm) this time new people are taking over Hogwart the school, see I told you I'm a dork I know the names of the school, and (umm) they're trying to discredit Harry saying that Lord the the (stutter) bad guys coming back I don't know his name Valdemort, Valdemont (stutter) I know it begins with a V I know that much but they're trying to discredit him and (umm) to me it just seems I don't know maybe i'm growing up whenever the first one came out I was a little younger than I am now but (umm) I didn't enjoy this one and I'm sure kids will enjoy it, I I (stutter) mean there was a lot of magic and the acting in it was really good, and (umm) the scenes were really good the (umm) the magic scenes looked awesome, but (umm) I just didn't enjoy it",1570,309
unaligned,valid,125676$_$0,125676,0,Hi today I'm gonna review this DVD Ten Items or Less,52,11
unaligned,valid,125676$_$4,125676,4,The character {cough} the characters (umm) you really learn to enjoy their (umm) their bond that they build between each other,126,21
unaligned,valid,128059$_$11,128059,11,"It's not even, unfortunately it's not even that great of a popcorn flick but you know, if you like this kind of movie you know, you probably wanna pick it up",157,31
unaligned,valid,128059$_$12,128059,12,(uhh) Special features is not so bad (uhh) you know,51,10
unaligned,valid,128059$_$2,128059,2,I wasn't I'm not a huge fan of Fantastic Four,45,10
unaligned,valid,128059$_$7,128059,7,"(uhh) You know, if you don't know what it's about (uhh) you know it's a team of scientists that go up into space to explore this kind of radiation field that's going by earth and you know it ends up you know destroying their station and when they get back they all develop super powers you know",294,57
unaligned,valid,128059$_$6,128059,6,"You know, the people the people (stutter) who get this you know, Jessica Alba's a good actress too but (uhh) he just you know, gives a pretty decent performance or worthwhile performance you know, a bunch",204,36
unaligned,valid,128059$_$9,128059,9,"(umm) You know like I said, it's it's (stutter) an alright movie",64,12
unaligned,valid,128763$_$12,128763,12,I mean if you're into that kind of stuff then I mean I would suggest it,71,16
unaligned,valid,128763$_$3,128763,3,"(umm) There was Jeepers Creepers one, and (umm) I mean I didn't like this movie",79,15
unaligned,valid,128763$_$2,128763,2,(umm) This is the (uhh) second movie,36,7
unaligned,valid,128763$_$5,128763,5,It was about this (umm) high school team,40,8
unaligned,valid,128763$_$7,128763,7,They're just trying to survive (umm) I mean like anyone would do,64,12
unaligned,valid,128763$_$8,128763,8,They're definitely just trying to survive,41,6
unaligned,valid,130456$_$11,130456,11,"It it (stutter) involves like, (uhh) theoretical physics and just so much stuff and Donnie Darko no matter how weird he is is still really funny",144,26
unaligned,valid,130456$_$3,130456,3,"(uhh) It's, out of five stars, I would give it a five",53,12
unaligned,valid,130456$_$5,130456,5,And He's he's a very weird kid,30,7
unaligned,valid,130456$_$4,130456,4,"(umm) It follows this boy Donnie Darko, played by (uhh) Jake Gyllenhaal",71,12
unaligned,valid,130456$_$7,130456,7,(umm) It's definitely dark,26,4
unaligned,valid,130456$_$6,130456,6,(umm) He sees this this (stutter) like demented bunny who tells him when the world is going to end and Donnie just has to figure everything out,143,27
unaligned,valid,188343$_$13,188343,13,(uhh) But (uhh) like I said it might be (uhh) good for a laugh (umm) if you really like monster movies or if you (uhh) like Japanese films,138,28
unaligned,valid,188343$_$12,188343,12,(uhh) But all in all it's it's (stutter) not a very good movie and so I would not recommend it,94,20
unaligned,valid,188343$_$5,188343,5,(umm) Where it's about to drop in the water and (uhh) mayhem begins,67,13
unaligned,valid,188343$_$9,188343,9,(uhh) But (uhh) if you enjoy seeing foreign films (umm) you might (uhh) have a little fun with it,97,19
unaligned,valid,188343$_$8,188343,8,(uhh) We actually had to skip through some of the movie because it just got so drawn out,88,18
unaligned,valid,1HK7Nea0PFo$_$1,1HK7Nea0PFo,1,But now I think our . . . our hardest work is . . . legitimacy.,63,16
unaligned,valid,216097$_$1,216097,1,(umm) There are really no known actors are in this movie,56,11
unaligned,valid,216097$_$2,216097,2,(umm) It's directed by George Pal who did many other (uhh) science fiction movies during the fifties,100,17
unaligned,valid,216097$_$5,216097,5,So he goes to private invest investors (stutter) and a few millionaires (uhh) decide yes (uhh) the human population is worth saving,131,22
unaligned,valid,216097$_$4,216097,4,He goes to the world governments who think he's a crackpot and really have no interest in building a rocket ship to try to (uhh) save a few people kind of like a Noah's arc to another planet,190,38
unaligned,valid,216097$_$7,216097,7,"He's able to save forty people (uhh) on his rocket ship, which I found pretty interesting since he has thousands working for him to build his rocket ship and most of them know that hey, the only chance is for forty people getting out so why am I wasting all this time and energy to helping forty people get away when the astronomer, his daughter and her two boyfriends are already guaranteed four of the forty spots on the rocket ship",434,81
unaligned,valid,216097$_$8,216097,8,(umm) The special effects aren't all that good,46,8
unaligned,valid,223431$_$11,223431,11,"Don't expect much in in (stutter) acting or anything like that, it's pretty much just classic Alien Versus Predators",116,19
unaligned,valid,223431$_$10,223431,10,(umm) Definitely gets tireless after a while {laugh},52,8
unaligned,valid,223431$_$13,223431,13,(uhh) I don't think you should go see this in theater or even pay matinee for this,82,17
unaligned,valid,223431$_$0,223431,0,Hello expo,10,2
unaligned,valid,223431$_$5,223431,5,Crashes on earth in a small town and aliens get loose and start killing all the inhabitants,91,17
unaligned,valid,225770$_$3,225770,3,(umm) I expected something more along the lines of an The (stutter) Exorcist (umm) where it actually shows the story of the girl and the priest coming in and and performing the exorcism and going through it step by step like that and that just doesn't happen in this movie,272,50
unaligned,valid,225770$_$5,225770,5,And it starts at his trial,26,6
unaligned,valid,225770$_$4,225770,4,(umm) This is actually told (uhh) from the point of view of a priest who (umm) performed the exorcism on Emily Rose,115,22
unaligned,valid,225770$_$6,225770,6,He's on trial for (umm) completing that exorcism and the only time you get to see Emily Rose is actually through flashbacks or through his storytelling,151,26
unaligned,valid,236021$_$12,236021,12,"(uhh) Go check it out, if you want",34,8
unaligned,valid,236021$_$1,236021,1,(umm) It's currently out in theaters and it's about this guy named Fred and he is Santa Claus's brother,103,19
unaligned,valid,236021$_$3,236021,3,He thinks the whole situation is silly,38,7
unaligned,valid,236021$_$2,236021,2,And it's around the holiday times when everyone's getting ready for Christmas and they're getting all their toys set and (umm) so they have their little family get togethers and (umm) Fred doesn't really get along with anybody really,233,39
unaligned,valid,236021$_$5,236021,5,It's (uhh) it's kind of a kid movie,35,8
unaligned,valid,236021$_$4,236021,4,"So he kind of (uhh) steps in one day and looks after things at the North Pole and then it turns into this big party and everything goes kind of crazy havocy and so, Santa Claus's brother doesn't really like that too much and so I don't know",240,48
unaligned,valid,237009$_$11,237009,11,"(umm), it should be rated junk",30,6
unaligned,valid,237009$_$12,237009,12,"(umm), so if (uhh) you really want to (umm) yeah, don't don't (stutter) waste your time, it's it's (stutter) really terrible",124,21
unaligned,valid,237009$_$4,237009,4,"(umm), I think since they had (umm) such a good one the first time",66,14
unaligned,valid,237009$_$7,237009,7,(umm) I was just greatly disappointed,37,6
unaligned,valid,237009$_$9,237009,9,(umm) it's (uhh) not rated,26,5
unaligned,valid,241629$_$10,241629,10,So overall I would not recommend seeing this movie I would give it two out of five stars,88,18
unaligned,valid,241629$_$0,241629,0,Hello and welcome to my review of the movie Twenty-Seven Dresses,64,11
unaligned,valid,241629$_$3,241629,3,(uhh) Knocked Up was a hilarious movie that I really enjoyed and (uhh) was expecting something along that lines for this movie,126,22
unaligned,valid,241629$_$5,241629,5,(uhh) She's been in twenty-seven different weddings and has twenty-seven hideous bridesmaid dresses to prove it,111,16
unaligned,valid,241629$_$8,241629,8,"(uhh) It's just you know, I had a few laughs and that sort of thing but nothing you know just, compared to Knocked Up which was just absolutely fall on the floor laughs I didn't think it was nearly as good",205,41
unaligned,valid,243646$_$11,243646,11,"Like, like (stutter) I am saying, you know, I don't know",56,11
unaligned,valid,243646$_$12,243646,12,"I just, I didn't (stutter) think the movie was that good and (umm) without ruining anything just I mean, think about your morals {laughs} so that's my (uhh) opinion on this and what will he do you know Is he going to be a man What's he going to do But Alright this is The Heartbreak Kid",286,57
unaligned,valid,243646$_$9,243646,9,Case,4,1
unaligned,valid,243646$_$8,243646,8,(umm) There's the movie as you can see,38,8
unaligned,valid,247318$_$12,247318,12,(umm) It just didn't do it for me though,40,9
unaligned,valid,247318$_$1,247318,1,Today I have for you a review of a movie currently in theaters the Bee Movie,76,16
unaligned,valid,247318$_$3,247318,3,B here standing for bad,23,5
unaligned,valid,247318$_$2,247318,2,"(uhh) In my opinion the Bee Movie is exactly that, a B movie",60,13
unaligned,valid,247318$_$5,247318,5,"It was supposed to be a comedy, an animation and perhaps a kids movie and it was that",85,18
unaligned,valid,247318$_$7,247318,7,It wasn't very funny,20,4
unaligned,valid,247318$_$6,247318,6,It was a kids movie,19,5
unaligned,valid,252998$_$1,252998,1,"Starring Parker Posey, Josh Hamilton, (umm) Tori Spelling, Freddie Prinz Junior",79,11
unaligned,valid,252998$_$0,252998,0,"Hi, I'm here to review the movie The House of Yes",49,11
unaligned,valid,252998$_$5,252998,5,"(uhh) The movie is billed as a dark comedy but (uhh) I didn't really find it all that funny, I found it kind of ridiculous and (uhh) maybe bizarre",146,29
unaligned,valid,252998$_$4,252998,4,"(umm) His his (stutter) mother tries to buy her off (uhh) but it's his sister Parker Posey who is (umm) completely obscene, {laughs} or not obscene, insane and obsessed (umm) by her brother who probably most frightens us (uhh) in this movie",240,42
unaligned,valid,252998$_$7,252998,7,(uhh) I think the best line in the movie comes from Tori Spelling when she looks at Parker Posey and says no you're not insane you're just incredibly spoiled,157,29
unaligned,valid,252998$_$8,252998,8,(uhh) The House of Yes a rounding no,36,8
unaligned,valid,257247$_$10,257247,10,Some of it's kind of bad,24,6
unaligned,valid,257247$_$12,257247,12,"Wasn't well executed, pretty formulaic, bad ending, wouldn't recommend watching it",82,11
unaligned,valid,257247$_$2,257247,2,It's (uhh) from the director of Independence Day and the Day After Tomorrow,75,13
unaligned,valid,258654$_$1,258654,1,"It really has no plot, just an excuse for Will Ferrell to do crazy dumb things and (uhh) basically I think Will Ferrell might be out of schtick (uhh) all of his movies have been kind of dropping off into being repetitive and dumber and dumber and this one is probably the worst movie he's ever made",298,57
unaligned,valid,258654$_$3,258654,3,"This is a really bad movie, it has no plot whatsoever and I really had high hopes for it because at his best Will Ferrell can be (uhh) apparently zany and funny, but spent a lot of money advertising (uhh) this movie, had multiple spots during the superbowl",256,48
unaligned,valid,258654$_$4,258654,4,They even put the semi-pro character into the sports illustrated swimsuit edition,81,12
unaligned,valid,266791$_$24,266791,24,And it doesn't help that the words they're delivering are just dumb,67,12
unaligned,valid,266791$_$20,266791,20,"(uhh) With Bruce Willis or Mel Gibson, (umm) Paul Giamatti, (uhh) Bryce Dallas Howard, they're all decent actors in his movies",126,21
unaligned,valid,266791$_$21,266791,21,"(umm) I don't know if it was teaming up with Mark Wahlberg, who has is notori notoriously (stutter) wooden actor I don't know if that hurt the film, or not, but he also did not get anything out of John Leguizamo or Zooey Deschanel, who are usually pretty fine actors themselves",277,51
unaligned,valid,266791$_$23,266791,23,"As you're watching the movie it looks like they're actually looking at cue cards and reading these words for the first time, that's how the delivery is",151,27
unaligned,valid,266791$_$29,266791,29,Obviously CG,12,2
unaligned,valid,266791$_$3,266791,3,"Night Shyamalan, who previously directed the good movies Sixth Sense, Unbreakable and Signs",91,13
unaligned,valid,266791$_$5,266791,5,"(umm) Unfortunately, this one can't even fit into the not so good movies category (umm) I'll get to that in a little bit",120,23
unaligned,valid,266791$_$4,266791,4,And the not so good movies The Village and Lady in the Water,60,13
unaligned,valid,266791$_$6,266791,6,(umm) The movie stars Mark Wahlberg as a science teacher and Zooey Deschanel as his wife (umm) and also stars John Leguizamo as his friend,138,25
unaligned,valid,266791$_$8,266791,8,(umm) The cause of this is never fully explained,48,9
unaligned,valid,266791$_$11,266791,11,(umm) It was probably a good idea when M,40,9
unaligned,valid,266791$_$14,266791,14,"(umm) If that sounds exciting to you then maybe you can go check this movie out, but otherwise, don't bother",108,20
unaligned,valid,270254$_$23,270254,23,"Wait to rent it if you're really desperate, buy it if you want to",65,14
unaligned,valid,270254$_$0,270254,0,"Hey everybody, this is Tom and today I'm going to be reviewing the movie Hancock",80,15
unaligned,valid,270254$_$6,270254,6,"Okay, as you can tell I'm doing this a little bit past the point when Hancock came out, but you see where I'm going with this",125,26
unaligned,valid,270254$_$8,270254,8,"One, no one has ever heard of this, two, I hope nobody will remember this cause this was a bad movie",100,21
unaligned,valid,270254$_$11,270254,11,That is the story of this,25,6
unaligned,valid,270254$_$14,270254,14,Half the time the camera was doing three-sixties,48,8
unaligned,valid,270254$_$16,270254,16,"(uhh) Maybe I was the only one who noticed, who knows",53,11
unaligned,valid,272624$_$10,272624,10,"(uhh) There's some CGI in, CGI in (stutter) here that isn't very good and (uhh) usually there shouldn't be a problem but (uhh) it just detracts from the experience I think",171,31
unaligned,valid,272624$_$13,272624,13,"It's a lot like the other Mummies, if you've seen those and you like them you'll probably want to just see this cause you'll like it too",136,27
unaligned,valid,272624$_$12,272624,12,(uhh) There's also just not that much (stutter) stuff in terms of originality,77,13
unaligned,valid,272624$_$16,272624,16,"(umm) Unfortunately this one isn't in three D though, so it's not as entertaining but (stutter) I think this is strictly for Mummy fans and people that just want (uhh) some kind of escapist movie to forget about their worries for ninety minutes",244,43
unaligned,valid,272624$_$18,272624,18,"(uhh) In this movie they actually go to China and that's the whole dragon thing and that's why Jet Li is in it, in case you were wondering",138,28
unaligned,valid,272624$_$2,272624,2,"Now (uhh) this is a new movie (uhh) starring (stutter) Brendan Fraser, Jet Li, and Maria Bello and it's the third (uhh) movie in the, The Mummy series",150,28
unaligned,valid,272624$_$6,272624,6,"(umm) This movie as as (stutter) the other ones were is is (stutter) not to be taken too seriously, it's pretty much popcorn entertainment",138,24
unaligned,valid,272624$_$9,272624,9,"(uhh) The movie has Jet Li in it, which is a nice surprise, but I feel that if they (uhh) could have used him more in it (uhh) it would have been movie if they did",163,36
unaligned,valid,272624$_$8,272624,8,"(umm) As as (stutter) popcorn entertainment it doesn't really (uhh) (uhh) fail necessarily, but it doesn't do its job as great as say even the first Mummy",154,27
unaligned,valid,273539$_$3,273539,3,(umm) xxx seen this with a few of my friends and I was much more soft having done so (umm) this film has little substance,121,25
unaligned,valid,273539$_$2,273539,2,Vicky Cristina Barcelona,24,3
unaligned,valid,273539$_$9,273539,9,"That I think worked with the film (umm) but originality wise, this movie is nothing that hasn't been made before It's just kinda sleezy (umm) waste of time completes your mind type of thing",189,34
unaligned,valid,290546$_$3,290546,3,Some of the faces looked familiar but (umm) not so much that I would be able to name them for you,97,21
unaligned,valid,290546$_$5,290546,5,(umm) Apparently her mother tries to (uhh) kill her when she's younger and (umm) it really haunts her in terms of psychologically,129,22
unaligned,valid,290546$_$7,290546,7,"I think it's more of a a (stutter) teen flick more than anything because it revolves a lot of the, the (stutter) things are based in the high school where (uhh) Molly goes to school at",184,36
unaligned,valid,290546$_$6,290546,6,She has to see doctors and so forth,35,8
unaligned,valid,2S00zYaVrtc$_$10,2S00zYaVrtc,10,The pepper spray incident was one that I will deeply regret for the rest of my life.,84,17
unaligned,valid,2S00zYaVrtc$_$12,2S00zYaVrtc,12,We learned from it and we now do a better job protecting you and our campus.,76,16
unaligned,valid,2S00zYaVrtc$_$20,2S00zYaVrtc,20,Thank you for listening to this message and I look forward to our next talk.,76,15
unaligned,valid,2S00zYaVrtc$_$17,2S00zYaVrtc,17,"Learning from these mistakes, we are moving forward to increase transparency and accountability for my administration.",118,16
unaligned,valid,2S00zYaVrtc$_$5,2S00zYaVrtc,5,This is why I have worked tirelessly for everyone to have a chance at a free or affordable education to transform their lives.,126,23
unaligned,valid,2S00zYaVrtc$_$4,2S00zYaVrtc,4,This is why I have always worked hard to improve opportunities for women and other under-represented groups.,108,17
unaligned,valid,2Xt31_d0XEE$_$2,2Xt31_d0XEE,2,"Now Xenca has hundreds of dedicated Associates who all love selling our products, that all tried and tested to really work",122,21
unaligned,valid,31474$_$11,31474,11,Almost like they were reading cue cards,39,7
unaligned,valid,31474$_$14,31474,14,So she ended up killing about four of them because she was such a bad shot,74,16
unaligned,valid,31474$_$0,31474,0,"Hello, I'm Matthew and I'm here to give you my review on this DVD movie called The Feeding",90,18
unaligned,valid,31474$_$3,31474,3,(umm) The storyline is a bunch of college students go camping in the woods and there is a werewolf which is chasing them,120,23
unaligned,valid,31474$_$6,31474,6,This movie was quite possibly the worst movie I've ever seen in my life,71,14
unaligned,valid,31474$_$9,31474,9,It was shot really kind of grainy,33,7
unaligned,valid,31474$_$8,31474,8,It was shot on a very low budget,32,8
unaligned,valid,32681$_$1,32681,1,"(umm) I saw that over the weekend, did did (stutter) good in the box office",75,15
unaligned,valid,32681$_$3,32681,3,"So (umm) I decided to pay ten dollars, you know, go to the movie theater and see it and (uhh) gotta tell you that I'm extremely disappointed in the movie",153,30
unaligned,valid,32681$_$5,32681,5,"(umm) The only time I did laugh was at the the (stutter) pretty dirty stuff which they usually don't put in movies but, I mean that was pretty funny to me",154,31
unaligned,valid,32681$_$6,32681,6,"(umm) there are a couple of rap music scenes from from BET, that were trying to make fun of, wasn't really funny",112,22
unaligned,valid,33170$_$1,33170,1,"It's basically a movie (uhh) comedy satire (uhh) it's it (stutter) mocks movies such as the (uhh) Da Vinci Code, Nacho Libre, X-Men, (umm) Land of Narnia, (uhh) Chocolate Factory, and some other movies I can't really think of right now",235,41
unaligned,valid,33170$_$3,33170,3,"It's a lot of toilet humor and cheap laughs, and if you are really really really desperate for that kind of a comedy, I highly recommend this movie for you",155,30
unaligned,valid,33170$_$4,33170,4,"(umm) I mean if you are expecting (uhh) a lot more, I mean with this type of movie I don't think you will enjoy it",114,25
unaligned,valid,3MFNIag0wNE$_$12,3MFNIag0wNE,12,"Perhaps not Rob Talbert, but people at Machinima, writers and workers of that show before Chris Lockey came on -mind you, Chris Lockey was doing this by himself: very little support- and we still didn't cut him a break.",219,39
unaligned,valid,3MFNIag0wNE$_$14,3MFNIag0wNE,14,"It's also sad that in the final episode, Chris Lockey didn't even show up; [he] probably didn't feel good about it.",115,21
unaligned,valid,3MFNIag0wNE$_$16,3MFNIag0wNE,16,I guess this is a good time to mention that there's a person called the Nostalgic Gamer.,88,17
unaligned,valid,3MFNIag0wNE$_$7,3MFNIag0wNE,7,"Flawed, yes, but he would've gotten better if we had given him a chance.",72,14
unaligned,valid,3V2qm0rw920$_$11,3V2qm0rw920,11,"Students hear from the activists directly, a bridging of theory and practice that is distinctly Smith.",102,16
unaligned,valid,3V2qm0rw920$_$13,3V2qm0rw920,13,"I'm proud to present this dynamic online experience of Smith college, and proud to feature the remarkable stories of women who are transforming our world.",154,25
unaligned,valid,3V2qm0rw920$_$3,3V2qm0rw920,3,The course offers the same rigorous content that students find in traditional Smith classrooms.,95,14
unaligned,valid,3j94B0pzSVs$_$12,3j94B0pzSVs,12,I will work toward making this effort historic in my tenure.,60,11
unaligned,valid,3j94B0pzSVs$_$17,3j94B0pzSVs,17,I will furthermore address the proliferation of hate crimes and the emergence of homegrown terrorism in the United States.,122,19
unaligned,valid,3j94B0pzSVs$_$1,3j94B0pzSVs,1,"I've been a member of the APA for 35 years, but have never held elective office and have not been part of APA politics or governing activities.",143,27
unaligned,valid,3j94B0pzSVs$_$0,3j94B0pzSVs,0,&gt;&gt;JACK KITAEFF: The time is right to elect a president of the American Psychological Association from outside of traditional governance.,142,20
unaligned,valid,4cFeG2ydm9A$_$8,4cFeG2ydm9A,8,The only way to be remembered is to be enthusiastic and conversation in your style.,83,15
unaligned,valid,4dV3slGSc60$_$10,4dV3slGSc60,10,We're one of the few universities that are 100 percent holding online that have a dedicated entrepreneurship degree program.,124,19
unaligned,valid,4dV3slGSc60$_$12,4dV3slGSc60,12,We have a bachelor's that's completely entrepreneurship based and master's completely entrepreneurship based.,109,13
unaligned,valid,4dV3slGSc60$_$22,4dV3slGSc60,22,"We want to make sure that when students come through the Entrepreneurship Program whether it's the bachelor's and master's that we don't graduate a student that just has the degree in hand, but we graduate an entrepreneur, and that they can continue on with their venture in that we've helped them to succeed with the dreams that they have.",340,59
unaligned,valid,4dV3slGSc60$_$9,4dV3slGSc60,9,It seemed to encompass everything about Business Administration I needed and professor you know was right on the ball.,118,19
unaligned,valid,4dV3slGSc60$_$8,4dV3slGSc60,8,I remember takin a course on enterpreneurship and that seemed like the entire reason why I was here.,100,18
unaligned,valid,50103$_$3,50103,3,So (uhh) I didn't watch the whole show but if you are afraid of snakes or anything you'd probably have your eyes closed the whole movie so I I (stutter) didn't like it,167,33
unaligned,valid,5B0PQx3Ep3k$_$5,5B0PQx3Ep3k,5,"And I know that if we truly want to help all our young people reach their college dreams, we need to support our school counselors.",131,25
unaligned,valid,5O1W39o56gg$_$1,5O1W39o56gg,1,"And today we're talking about your major assignment, the literature review",74,11
unaligned,valid,5O1W39o56gg$_$2,5O1W39o56gg,2,There's a reason we have your literature review due at end of Week 4,68,14
unaligned,valid,5O1W39o56gg$_$9,5O1W39o56gg,9,"Larry, Moe and Curly did a great study in 1997 about involving the community",76,14
unaligned,valid,5i6AgQSjXO4$_$3,5i6AgQSjXO4,3,And that is exactly one of the key area of the report that we ourselves will be looking at,90,19
unaligned,valid,5i6AgQSjXO4$_$2,5i6AgQSjXO4,2,The motion before us today is: This House considers that environmental protection of the Arctic is more important than the need for economic development and job creation,169,27
unaligned,valid,5i6AgQSjXO4$_$6,5i6AgQSjXO4,6,Further knowledge of any change can rapidly be known,52,9
unaligned,valid,5kaCGzjYukM$_$0,5kaCGzjYukM,0,"MR KIRBY: A quick note on this airstrike, which I know many of you have covered or have asked about, in Aleppo on a Doctors Without Borders hospital.",149,28
unaligned,valid,5kaCGzjYukM$_$3,5kaCGzjYukM,3,"We’re looking at dozens, if not several dozens, of casualties in this strike on what was clear that was a medical facility.",123,22
unaligned,valid,5kaCGzjYukM$_$2,5kaCGzjYukM,2,But I didn’t want to relinquish the podium at the outset without mentioning that we’re obviously – find this attack reprehensible in every possible way.,152,25
unaligned,valid,5kaCGzjYukM$_$5,5kaCGzjYukM,5,"So once again, we call on the regime to cease these absolutely senseless attacks, which are, of course, violations of the cessation of hostilities.",147,24
unaligned,valid,5kaCGzjYukM$_$7,5kaCGzjYukM,7,"But again, you’re going to hear more from the Secretary on this very shortly, but I did want to just put that out there right at the top since I know you’ve all been interested in it and it just happened.",204,41
unaligned,valid,6KvG5VbLalY$_$9,6KvG5VbLalY,9,"And sometimes you want to branch out and reach the active seeker plus the general consumer who may not necessarily think they have an issue, but have had a few red flags raised over time.",187,35
unaligned,valid,6ZA8I83x-oY$_$0,6ZA8I83x-oY,0,"Legion M, the world's first fan-owned entertainment company, is hoping to break the Hollywood studio mold.",106,16
unaligned,valid,6ZA8I83x-oY$_$2,6ZA8I83x-oY,2,"[Annison] ""It's the first time in history that regular people like you and I can actually invest in film and television and content projects."" [Scanlan] ""We love Hollywood, we love pop culture, this is why we're doing this.",223,38
unaligned,valid,6hFiTU77Sm0$_$1,6hFiTU77Sm0,1,There are tons of different financial aid; each college does it differently.,76,12
unaligned,valid,6hFiTU77Sm0$_$2,6hFiTU77Sm0,2,Sometimes you might have to learn about how one school does it and how another.,79,15
unaligned,valid,6uPGcKTpC4I$_$1,6uPGcKTpC4I,1,"Little heads-up for you -- that sometime on February 12th at block 630,720, we will have our annual decrease of inflation",121,21
unaligned,valid,6uPGcKTpC4I$_$2,6uPGcKTpC4I,2,"This means that Dash's block reward -- that is the reward to miners, masternodes, and the available treasury -- will decrease by 7",130,23
unaligned,valid,6uPGcKTpC4I$_$6,6uPGcKTpC4I,6,"And finally, in Social Happenings, there are three new ""What is Dash",68,12
unaligned,valid,70280$_$11,70280,11,"I would rather buy that movie, (uhh) the Rear Window I mean, than to see this one again",87,18
unaligned,valid,70280$_$3,70280,3,He thinks his neighbor is actually a murderer but there is really nothing that he can do about it because he is under house arrest,130,25
unaligned,valid,70280$_$4,70280,4,(uhh) If this plot sounds very familiar I think I saw this movie (uhh) many years ago,85,17
unaligned,valid,70280$_$6,70280,6,(uhh) I kind of felt a little bit cheated because (uhh) the plot is (uhh) very similar,86,17
unaligned,valid,75RGHaxmUK8$_$3,75RGHaxmUK8,3,As an Enrolled Agent we can help you with your individual tax preparation and business tax preparation needs.,109,18
unaligned,valid,75RGHaxmUK8$_$5,75RGHaxmUK8,5,An EA or Enrolled Agent is an accountant that specializes in taxation.,70,12
unaligned,valid,7_K3F-lAv1k$_$2,7_K3F-lAv1k,2,"I applied for Kingston University 2 years ago,  but I took a gap year,  as I felt like I want to travel around and experience new things,  and Kingston allowed me to defer my entry for a year.",192,38
unaligned,valid,7r4vRxKLFCA$_$6,7r4vRxKLFCA,6,"They go back there, they come back to Nationwide, and we're going back and forth with each other, all three of us; the fan, Nationwide and nascar.com.",150,27
unaligned,valid,80566$_$1,80566,1,"A New Hope, The Empire Strikes Back, Return of the Jedi",55,11
unaligned,valid,80566$_$0,80566,0,This is a box set of the original three Star Wars movies,56,12
unaligned,valid,80566$_$3,80566,3,You see references you know Luke I am your father but with somebody else's name,79,15
unaligned,valid,80566$_$2,80566,2,"They are referenced countlessly in you know, modern culture, modern cinema",74,11
unaligned,valid,80566$_$4,80566,4,And they are almost an American icon,36,7
unaligned,valid,80566$_$6,80566,6,"I I (stutter) mean in the original Star Wars, people actually acted it",70,13
unaligned,valid,80855$_$11,80855,11,"Ben Stiller, and Ben Stiller's boy are in some episodes",55,10
unaligned,valid,80855$_$10,80855,10,"He's (uhh) in the, he's in a couple episodes",44,9
unaligned,valid,80855$_$12,80855,12,David Schwimmer and some guy playing David Schwimmer's dad is in this too,73,13
unaligned,valid,80855$_$15,80855,15,"As you see, it keeps to the same packaging which is amazing (uhh) you know",74,15
unaligned,valid,80855$_$17,80855,17,"I like to just sit around, when I can get it to okay, maybe this one doesn't work, but that's not the point",107,23
unaligned,valid,80855$_$0,80855,0,Alright,7,1
unaligned,valid,80855$_$3,80855,3,The acclaimed series,20,3
unaligned,valid,80855$_$2,80855,2,Season four Curb Your Enthusiasm,32,5
unaligned,valid,80855$_$7,80855,7,That's my fingers being crossed,31,5
unaligned,valid,80855$_$20,80855,20,Larry David's a (uhh) curmudgeon and a genius,45,8
unaligned,valid,830KzUc6CbU$_$0,830KzUc6CbU,0,"Hi, this is Rhett Reiger from White Caspian Studios on behalf of Expert Village.",80,14
unaligned,valid,830KzUc6CbU$_$13,830KzUc6CbU,13,"You have to look for many different issues, like pay scale, what do they expect to be paid, or do they not, or will they defer their payment until the end of the shoot, or until the movie makes money.",200,40
unaligned,valid,84140$_$0,84140,0,"Hey ExpoTV, I'm Dea, and I generally love sort of these bad teen comedy sort of movies",86,17
unaligned,valid,84140$_$5,84140,5,"You know, to sort of fake a relationship to make those two jealous, Melissa Joan Hart gives him a makeover, and it's all, it all (stutter) feels very like, it's not, it's not, (stutter) it doesn't have the sort of undercurrent of satire that a lot of high school comedies have, that sort of make them funny",306,57
unaligned,valid,89835$_$1,89835,1,"At the same time, Jackie Chan is known for his martial arts special effects action flicks",89,16
unaligned,valid,89835$_$0,89835,0,Chris Tucker is known for his off the wall slapstick comedic performances,73,12
unaligned,valid,89835$_$4,89835,4,"(umm) {clears throat} The acting in this one is not really acting so much as one person fights and beats the crap out of others, (umm) the other star of the movie makes loud-mouth, (uhh) off-color remarks through the entire thing",229,41
unaligned,valid,89835$_$7,89835,7,"(uhh) There are a few (uhh) good moments in there, (umm) however I really didn't, (uhh) really didn't enjoy the film all that much",130,24
unaligned,valid,8eaYvALnJ0o$_$1,8eaYvALnJ0o,1,"It's available in a wide range of patterns, a wide range of grades, a wide range of thicknesses.",96,18
unaligned,valid,8eaYvALnJ0o$_$0,8eaYvALnJ0o,0,One of the great advantages a cedar siding is its great versatility.,68,12
unaligned,valid,8x_nCOh6Wmc$_$6,8x_nCOh6Wmc,6,"And if you follow this, you won't have to be practicing a whole lot, just a couple of times to work out the bugs, work out the kinks, and you'll be ready to give a great speech.",177,37
unaligned,valid,96642$_$1,96642,1,"xxx I am reviewing today is the movie Team America World Police, specifically this is the censored and unrated version",118,20
unaligned,valid,96642$_$3,96642,3,"(uhh) They were the mind behind South Park, a very popular television show",74,13
unaligned,valid,96642$_$2,96642,2,(umm) The team who made this is the team (uhh) xxx parker,57,12
unaligned,valid,96642$_$4,96642,4,"And also (umm) the movie xxx, not so good but (umm) I guess they should really stick to TV because this isn't that good of a movie",130,27
unaligned,valid,99501$_$10,99501,10,"(uhh) The special effects are nice, but not enough to warrant any kind of purchase or rental",92,17
unaligned,valid,99501$_$13,99501,13,"It's, it's not as bad as, as (stutter) a one but like I said there's very, very little here to reclaim it and make it valuable",126,26
unaligned,valid,99501$_$1,99501,1,Today I'm going to be reviewing the two disc special edition of The Hulk widescreen,83,15
unaligned,valid,99501$_$0,99501,0,Hey,3,1
unaligned,valid,99501$_$5,99501,5,The movie kind of glosses over a lot of the (uhh) (stutter) a lot of the things that you could say with a story like that in favor of just pure action,150,32
unaligned,valid,99501$_$7,99501,7,"I think you could have done a little bit more with this movie, with the subject matter",86,17
unaligned,valid,9QI-9w_VdB4$_$0,9QI-9w_VdB4,0,"Now, something else you want to be aware of is evaluating each particular situation, every time you're in it.",109,19
unaligned,valid,AG5EY8ZaFj4$_$3,AG5EY8ZaFj4,3,I'm a photographer and digital retouching artist here in New York City.,71,12
unaligned,valid,AG5EY8ZaFj4$_$15,AG5EY8ZaFj4,15,"Now, use your move tool to move around the marquee until you get just the part of the picture that you want.",108,22
unaligned,valid,Arh2TKRi_mg$_$15,Arh2TKRi_mg,15,So provide the space in your booth where you can be comfortable and talk about the features and benefits of your product.,121,22
unaligned,valid,Arh2TKRi_mg$_$14,Arh2TKRi_mg,14,Only face to face can you distinguish your product and make connections that could become fruitful relationships down the road.,127,20
unaligned,valid,Arh2TKRi_mg$_$16,Arh2TKRi_mg,16,"Remember, those guys with the checkbooks still like to do business across the table or at the bar, not everything is best sold on the world wide web.",149,28
unaligned,valid,Arh2TKRi_mg$_$19,Arh2TKRi_mg,19,Unless you closed the deal and came back with a signed contract what you really have is a warm lead.,100,20
unaligned,valid,Arh2TKRi_mg$_$32,Arh2TKRi_mg,32,"Good luck, and good business, I'm Peggy Collins, and that's how to make your next trade show a huge success.",108,20
unaligned,valid,Arh2TKRi_mg$_$28,Arh2TKRi_mg,28,"Rule number four, don't try this with a bad product or service.",63,12
unaligned,valid,Arh2TKRi_mg$_$3,Arh2TKRi_mg,3,"I'm a firm believer in top down selling, and the people who either write the checks or tell other people to write the checks attend the big shows.",146,28
unaligned,valid,AxNy9TeTLq8$_$0,AxNy9TeTLq8,0,"CHUCK DAVIS: Advertising, when used correctly, is content, and it helps lead people to make good business decisions, find great conversions, and there's great data on all of this.",179,29
unaligned,valid,BSKAHXFYF_I$_$1,BSKAHXFYF_I,1,But did you know that businesses also have an unofficial organization chart?,76,12
unaligned,valid,BSKAHXFYF_I$_$3,BSKAHXFYF_I,3,"Here's what I mean, every company's unofficial org chart is comprised of just three types of employees; Finders, Minders and Grinders.",134,21
unaligned,valid,BSKAHXFYF_I$_$7,BSKAHXFYF_I,7,Grinders are the employees that do the actual work of the company.,66,12
unaligned,valid,BSKAHXFYF_I$_$8,BSKAHXFYF_I,8,They're the ones who build and ship the products or deliver the services.,73,13
unaligned,valid,Baz0VVQ-E9E$_$10,Baz0VVQ-E9E,10,Someone’s going to make a bad choice,36,7
unaligned,valid,Baz0VVQ-E9E$_$1,Baz0VVQ-E9E,1,"In 1774, America had always been the possession of Great Britain",64,11
unaligned,valid,Baz0VVQ-E9E$_$5,Baz0VVQ-E9E,5,"In 1918, women could not vote",29,6
unaligned,valid,Baz0VVQ-E9E$_$7,Baz0VVQ-E9E,7,"We fundamentally changed those things and we became a better, smarter, stronger nation because of it",100,16
unaligned,valid,CJGuudyvA0Y$_$4,CJGuudyvA0Y,4,Don't end up in this situation track all of your human resources and make sure everyone who works for you is under contract from the beginning and keep it all organized and loaded in IncMind.,191,35
unaligned,valid,CPjbogfLHR4$_$2,CPjbogfLHR4,2,"Fuels, prescription writing, and treating the forest really to prevent these catastrophic fires.",96,13
unaligned,valid,CPjbogfLHR4$_$5,CPjbogfLHR4,5,While a student at the NAU School of Forestry I heard about the Hooper Sustainability Award which is a grant for either research study or community sustainability.,163,27
unaligned,valid,DdUJojoFU_c$_$11,DdUJojoFU_c,11,Management expects throughput to achieve 300 tonnes per day by the end of the year as both main veins contribute to production.,127,22
unaligned,valid,DdUJojoFU_c$_$15,DdUJojoFU_c,15,Their branches are listed on their website at www.jenningscapital.com.,70,9
unaligned,valid,DdUJojoFU_c$_$14,DdUJojoFU_c,14,"For more information about Jennings Capital or to obtain a copy of their research report, contact your nearest Jennings Capital office.",135,21
unaligned,valid,DdUJojoFU_c$_$17,DdUJojoFU_c,17,This video is for information purposes only and it is not a recommendation to buy or sell any securities.,105,19
unaligned,valid,DdUJojoFU_c$_$16,DdUJojoFU_c,16,"I'm Samantha Deutscher for InvestmentPitch.com For more video news, and to view our disclaimer, be sure to visit our website www.investmentpitch.com.",149,21
unaligned,valid,DdUJojoFU_c$_$2,DdUJojoFU_c,2,"The company, which is focused in Mexico, has the producing Rosario project, two advanced-stage projects, the San Filipe and Gavilanes, and an early-stage exploration project, El Gachi.",184,27
unaligned,valid,DdUJojoFU_c$_$6,DdUJojoFU_c,6,"(map in release) Of the 11 drill holes reported, hole SCVT-02 reported 11.8 metres of 116 grams per tonne silver equivalent.",124,21
unaligned,valid,DdUJojoFU_c$_$8,DdUJojoFU_c,8,Drilling has traced the strike at transversales to 200 metres and a depth of 240 metres and it remains open along strike and at depth.,134,25
unaligned,valid,DlbYiwOnTyk$_$1,DlbYiwOnTyk,1,I attended Alan's course around late July but only got time to build the website around October.,96,17
unaligned,valid,E8MuzHUhUHk$_$15,E8MuzHUhUHk,15,Thank you for listening from my tips  for professional buyers for the NY NOW Market.,84,15
unaligned,valid,E8MuzHUhUHk$_$14,E8MuzHUhUHk,14,You may even get in a quick workout so you are prepared for the long day ahead.,79,17
unaligned,valid,E8MuzHUhUHk$_$16,E8MuzHUhUHk,16,And after the trade show be sure  to visit Bonagora.com to learn how to enhance your  professional buying experience in between the trade show seasons.,151,25
unaligned,valid,E8MuzHUhUHk$_$2,E8MuzHUhUHk,2,"So Handmade opens on Saturday  and closes on Tuesday, but Home, Gift and New  all open on Sunday and close on Wednesday.",120,22
unaligned,valid,E8MuzHUhUHk$_$9,E8MuzHUhUHk,9,"If you go to the show looking to add only your most profitable and best-selling categories, it would avoid impulse buying.",122,21
unaligned,valid,EEjCkc82oyk$_$7,EEjCkc82oyk,7,They don't want to have to explain a bad night when they're filling out a job application.,90,17
unaligned,valid,EEjCkc82oyk$_$9,EEjCkc82oyk,9,So we can keep their record clean so it doesn't come back to haunt them in the future.,86,18
unaligned,valid,EQxkXiWAm08$_$8,EQxkXiWAm08,8,A real estate attorney needs to be involved in writing the contract.,68,12
unaligned,valid,ET1cU5_A2YM$_$1,ET1cU5_A2YM,1,No country on earth would remain passive in the face of hundreds of rockets fired on its cities and Israel is no exception.,123,23
unaligned,valid,ET1cU5_A2YM$_$3,ET1cU5_A2YM,3,We will continue to protect our civilians against Hamas attacks on them.,72,12
unaligned,valid,ET1cU5_A2YM$_$6,ET1cU5_A2YM,6,"Hamas is thus committing a double war crime: It targets Israeli civilians, while hiding behind Palestinian civilians.",117,17
unaligned,valid,EmmuWoCUgXs$_$22,EmmuWoCUgXs,22,So those are just some ways that I would start a small photography business.,76,14
unaligned,valid,EmmuWoCUgXs$_$7,EmmuWoCUgXs,7,"Where as they started out doing something they love and ended up actually hating it and just doing it for money, and in the end, I think sometimes that really shows.",165,31
unaligned,valid,Es9MkKsMsjU$_$10,Es9MkKsMsjU,10,like what should be the determining factor in whether or not someone is or is not my friend?,92,18
unaligned,valid,Es9MkKsMsjU$_$12,Es9MkKsMsjU,12,Because apparently not being friends with Craig because he's voting for people who are running their entire campaigns off the promises of committing war crimes is too superficial of a reason for you.,199,33
unaligned,valid,Es9MkKsMsjU$_$2,Es9MkKsMsjU,2,But the idea that there is absolutely no legitimate reason for someone like me to not be friends with someone who is voting for people like Donald Trump or Ted Cruz is really disconnected from the way that the world actually works.,231,42
unaligned,valid,Es9MkKsMsjU$_$7,Es9MkKsMsjU,7,"I just- I really hate, that the people who say this act as if like political beliefs is like the dumbest, most superficial thing to stop being friends with someone over.",169,31
unaligned,valid,Ezn3p5FWF_U$_$4,Ezn3p5FWF_U,4,"More and more we have to have transparency, collaboration and the lessons learned from the crisis help us to understand that the real next step after the crisis will be a much more committed economy to ethics and values that can support trust.",243,43
unaligned,valid,F1U26PLiXjM$_$1,F1U26PLiXjM,1,"Every day, we try to bring ourselves to the boundary between the known and the unknown and face the cloud",105,20
unaligned,valid,F6JV-K840EY$_$2,F6JV-K840EY,2,You first want to start by deciding whether if you're going to attend or not attend to.,87,17
unaligned,valid,FB_b1dm0SRY$_$10,FB_b1dm0SRY,10,A lot of human drama happens that would not happen in a grownup life where there’s no legal obligation to show up anywhere,122,23
unaligned,valid,FB_b1dm0SRY$_$0,FB_b1dm0SRY,0,"Well, one reason that I write for teenagers is that when I went to high school, I actually went to two different high schools",125,24
unaligned,valid,FB_b1dm0SRY$_$6,FB_b1dm0SRY,6,And I don’t think that very many people get that chance,55,11
unaligned,valid,FB_b1dm0SRY$_$9,FB_b1dm0SRY,9,"I think when you have a place like high school where you’re legally obligated to show up every day, you cannot walk away",120,23
unaligned,valid,FB_b1dm0SRY$_$8,FB_b1dm0SRY,8,"And high school is a fascinating setting, especially boarding school or summer camp where you really are stuck there",116,19
unaligned,valid,FxxJB8hBpyQ$_$1,FxxJB8hBpyQ,1,One of the challenges that we've had is that the word advertising doesn't even work anymore.,92,16
unaligned,valid,Fy0Uid9afM8$_$0,Fy0Uid9afM8,0,There is also this stuff about how’re your not supposed to show you’re religion,79,14
unaligned,valid,Fy0Uid9afM8$_$3,Fy0Uid9afM8,3,"Islamaphobia in France, it is supposed to protect women from a religion that abuses them",88,15
unaligned,valid,Fy0Uid9afM8$_$5,Fy0Uid9afM8,5,Because since these policies there have been a lot of attacks against women who wear the hijabs by men,102,19
unaligned,valid,Fy0Uid9afM8$_$4,Fy0Uid9afM8,4,But they are the first victims of these policies,48,9
unaligned,valid,H1DpVwktfDQ$_$0,H1DpVwktfDQ,0,going to head back to my room and start watching some YouTube videos,68,13
unaligned,valid,HGicRLwgtkM$_$1,HGicRLwgtkM,1,"So, as you might guess, animals detecting different human facial expressions isn’t something new… According to research, other animals like dogs and pigeonscan distinguish between faces and expressions",201,28
unaligned,valid,HGicRLwgtkM$_$3,HGicRLwgtkM,3,"Essentially, the pigeons could tell when the photographs they were shown were of the same person and when the emotions of different people were similar",151,25
unaligned,valid,HGicRLwgtkM$_$2,HGicRLwgtkM,2,"Researchers at the University of Iowa, found that pigeons can see similarities among human faces when it comes to identity and emotion",134,22
unaligned,valid,HGicRLwgtkM$_$6,HGicRLwgtkM,6,And researchers from Kyoto University showed that dogs can match their owner’s face to their owner’s voice,106,17
unaligned,valid,HmXXW45eZL4$_$1,HmXXW45eZL4,1,"And in addition to this possible retort or comment that you have prepared, in case your joke or story fails, I want to tell you something else that you don't want to do if your humor doesn't work.",196,38
unaligned,valid,HmXXW45eZL4$_$4,HmXXW45eZL4,4,"Never ever look hurt, look sad, look angry, start crying, run off stage.",72,13
unaligned,valid,IM6HW1HwHhM$_$11,IM6HW1HwHhM,11,"Because, just because you haven't met your goals yet, doesn't mean that you won't going forward.",96,16
unaligned,valid,IM6HW1HwHhM$_$15,IM6HW1HwHhM,15,So that you can start shifting your business to where it is that you want it to be.,83,18
unaligned,valid,IM6HW1HwHhM$_$17,IM6HW1HwHhM,17,And if that's the case then we need you to carve out some time every single week to move you forward.,101,21
unaligned,valid,IUmxJNs2zaY$_$3,IUmxJNs2zaY,3,"To understand and predict the flow characteristics of these snowmelt dominated rivers, it is important to have a basic understanding of snow and its influence on hydrology.",172,27
unaligned,valid,IUmxJNs2zaY$_$2,IUmxJNs2zaY,2,"In such mountainous terrain, snow and snowmelt are important components of the hydrologic regime.",97,14
unaligned,valid,JAnRCQ9A0vI$_$1,JAnRCQ9A0vI,1,"When we initially launched the system we decided that we were going to our BIS team and find all of our users that have already been logged on customers to our Internet site, and take those user names and push them into the Widen system and then market to those specific users, letting them know what kind of new system we were creating, what were the advantages of it, and push that out to them",395,75
unaligned,valid,JAnRCQ9A0vI$_$0,JAnRCQ9A0vI,0,We did sort of push-pull kind of strategy,41,8
unaligned,valid,JAnRCQ9A0vI$_$3,JAnRCQ9A0vI,3,"And we highlighted it on that catalog that gets distributed out to about 10,000 addresses, which is a very large audience, to see how many would actually log on to our website, and come in and see the toolbox",208,39
unaligned,valid,JAnRCQ9A0vI$_$2,JAnRCQ9A0vI,2,"We did a full back cover spread on our very first catalog when we launched the marketing toolbox, identifying what it was, how easy it was to use, and we came up with a quick little slogan to use to try to get them to understand that it was fast, easy and simple, which was basically our slogan that we used",307,61
unaligned,valid,JAnRCQ9A0vI$_$5,JAnRCQ9A0vI,5,Then we followed up with an email blast to identify that this new system was here and what were the advantages of using the system,130,25
unaligned,valid,JAnRCQ9A0vI$_$4,JAnRCQ9A0vI,4,We gave that roughly about a couple months to see how that settled in,69,14
unaligned,valid,JAnRCQ9A0vI$_$8,JAnRCQ9A0vI,8,"From that we felt like there was a good enough number of customers who had seen it in the few places that we had put it out, and we moved into our training phase, which was launching WebExes a couple times a week for a few consecutive weeks in a row, and putting out open lines to all of our customers saying that they could attend a particular WebEx",350,69
unaligned,valid,JOK1SSmPtFw$_$10,JOK1SSmPtFw,10,Make sure you are on a device where the Respondus Lock-down browser will work,77,14
unaligned,valid,JOK1SSmPtFw$_$13,JOK1SSmPtFw,13,"You can’t stop it and return, so make sure you are ready when you begin",71,15
unaligned,valid,JOK1SSmPtFw$_$14,JOK1SSmPtFw,14,The exam itself will be 40 multiple choice questions and one short-answer question,82,13
unaligned,valid,JOK1SSmPtFw$_$16,JOK1SSmPtFw,16,There is a study guide posted that has possible short-answer questions on it,76,13
unaligned,valid,JOK1SSmPtFw$_$0,JOK1SSmPtFw,0,"It is Monday, September 4, and it is Labor Day! I hope you are able to enjoy this beautiful day outside at the lake or a golf course or somewhere, but I also know that some of you may be using this day to get ahead",214,46
unaligned,valid,JOK1SSmPtFw$_$5,JOK1SSmPtFw,5,"First off, during weeks when we have exams, the quizzes close on THURSDAY at midnight, so don’t miss that deadline",114,20
unaligned,valid,JOK1SSmPtFw$_$4,JOK1SSmPtFw,4,There are several important things to know about exams and exam week,68,12
unaligned,valid,JOK1SSmPtFw$_$8,JOK1SSmPtFw,8,"The exam will be available for 24 hours, beginning at midnight on Thursday",74,13
unaligned,valid,JPT38CA3sGI$_$1,JPT38CA3sGI,1,"Because with men, it's very straightforward With the guy, it's very straightforward",83,12
unaligned,valid,JPT38CA3sGI$_$0,JPT38CA3sGI,0,That's what it is I think we are better at masking our emotion,62,13
unaligned,valid,JPT38CA3sGI$_$5,JPT38CA3sGI,5,"Some guys, if you are a guy and you're watching, tell me",56,12
unaligned,valid,JVpF99zuQhA$_$0,JVpF99zuQhA,0,"Hi, my name is Julie Asti, I'm a Certified Financial Planner with Asti Financial Management.",92,15
unaligned,valid,JVpF99zuQhA$_$2,JVpF99zuQhA,2,There are two main type of life insurance policies that you're going to want to consider when deciding to buy a life insurance policy.,134,24
unaligned,valid,JVpF99zuQhA$_$4,JVpF99zuQhA,4,The second type of policy is either a permanent or a whole life policy.,71,14
unaligned,valid,K0m1tO3Ybyc$_$15,K0m1tO3Ybyc,15,Remember when we read about Marie Antoinette we used to talk of love.,69,13
unaligned,valid,K0m1tO3Ybyc$_$8,K0m1tO3Ybyc,8,We had John Thain redecorating his office to the tune of a million dollars while getting money from the tax payers to bail out his company.,139,26
unaligned,valid,K8gp7ncdUl8$_$5,K8gp7ncdUl8,5,"If the price of Oil is on the decline for example, you can open simultaneous positions on oil &amp; gold and double your odds of profiting from a single action.",160,30
unaligned,valid,KDjl2exStlI$_$10,KDjl2exStlI,10,And whether it's a light weight approach or a heavy weight approach.,68,12
unaligned,valid,KDjl2exStlI$_$13,KDjl2exStlI,13,"And whether the arbitrator supports reads, writes, or both.",59,9
unaligned,valid,KDjl2exStlI$_$5,KDjl2exStlI,5,Some of the variations for arbitrator connectors include how they handle faults.,80,12
unaligned,valid,KDjl2exStlI$_$4,KDjl2exStlI,4,"Hence they support reliability and atomicity, scheduling and load balancing, trapping of faults and even synchronization.",121,16
unaligned,valid,KkKWFZZmmCM$_$1,KkKWFZZmmCM,1,"The whole infrastructure, the whole culture, the whole development we've seen in India predestines India to become a superpower.",128,19
unaligned,valid,KpMCvUyQCXg$_$1,KpMCvUyQCXg,1,"Last year, the Big Four auditing firms discovered that a number of financial irregularities regarding a series of U.S.",118,19
unaligned,valid,KpMCvUyQCXg$_$3,KpMCvUyQCXg,3,Auditing firms become aware of problems towards the end of April.,65,11
unaligned,valid,KpMCvUyQCXg$_$5,KpMCvUyQCXg,5,Deloitte feels it is crucial that any firms they do business with do so with full transparency.,95,17
unaligned,valid,L1eFHRQGFeg$_$2,L1eFHRQGFeg,2,"Unfortunately, I don't remember everything, and I'm sure a lot   of my literacy development happened when I was born... before I went to school, which my mind didn't retain.",173,29
unaligned,valid,MCsvw5-7lVE$_$1,MCsvw5-7lVE,1,"And so as we look at Teespring, the people who do really well on our platform are people who've been able to build a brand with our buyers on Teespring.",152,30
unaligned,valid,MCsvw5-7lVE$_$2,MCsvw5-7lVE,2,And been able to bring them back over and over and over again to be able to purchase more and more products.,108,22
unaligned,valid,MCsvw5-7lVE$_$4,MCsvw5-7lVE,4,And really invest in sort of answering any questions that your customers have.,78,13
unaligned,valid,MMpo2bDk-DU$_$10,MMpo2bDk-DU,10,It's easy for you to lose some objectivity about what you've written.,69,12
unaligned,valid,MMpo2bDk-DU$_$17,MMpo2bDk-DU,17,"""Spell check will not catch errors such as words that are spelled correctly but are used incorrectly, such as form and from or sue and use and so on.",149,29
unaligned,valid,MMpo2bDk-DU$_$16,MMpo2bDk-DU,16,"I use spell check."" Don't rely on spell check for grammar checking or catch errors.",83,15
unaligned,valid,MMpo2bDk-DU$_$19,MMpo2bDk-DU,19,"For more great tips about proofreading and preparing reports, get  my book, ""Honing Your Legal Nurse Consulting Skills.",119,18
unaligned,valid,MjaaudUc5-4$_$1,MjaaudUc5-4,1,To write an angry letter of protest is not as effective as to write a love letter,81,17
unaligned,valid,MjaaudUc5-4$_$0,MjaaudUc5-4,0,And you try to help them,24,6
unaligned,valid,MjaaudUc5-4$_$3,MjaaudUc5-4,3,"You may wake them up and the may change their course, their idea of happiness",77,15
unaligned,valid,MjaaudUc5-4$_$6,MjaaudUc5-4,6,Even a Buddha without a Sangha cannot do much,45,9
unaligned,valid,MoQmPA7Q07Q$_$1,MoQmPA7Q07Q,1,It's about the courage to be honest about where I'm at who am I and who am I becoming in the process,100,22
unaligned,valid,MoQmPA7Q07Q$_$2,MoQmPA7Q07Q,2,"And as a result my finances are well, and I can make really great decisions about what's important to my life, my lifestyle and my legacy",137,26
unaligned,valid,N1X63d_jgmw$_$5,N1X63d_jgmw,5,"We tend to go a little bit faster when we're nervous, so you want to be very aware that you're speaking in a moderate pace: not too slow, not to fast, where people can understand.",179,35
unaligned,valid,N5xfBtD6rLY$_$7,N5xfBtD6rLY,7,Cross-branded promotions are now ubiquitous in Hollywood,56,7
unaligned,valid,NoZsdSGnNpI$_$7,NoZsdSGnNpI,7,"If you're wearing fancy shoes, know how they feel, if you're a woman, and you have high heels, make sure you rehearse with your high heels on.",142,27
unaligned,valid,Nrurc5sMUOE$_$5,Nrurc5sMUOE,5,"If you're watching a play that is done in the style of Theater of the absurd this could be the point of the play; that dialogue is meaningless, but if you're not you're probably watching a bad play.",198,38
unaligned,valid,Nrurc5sMUOE$_$7,Nrurc5sMUOE,7,If a character is talking about themselves and nothing is really happening on stage.,84,14
unaligned,valid,Nrurc5sMUOE$_$8,Nrurc5sMUOE,8,"Next, dialogue written to seem like a dialect, so dialog that is written to seem like a southern drawl, as though the playwright did not know what the dialect really was.",170,31
unaligned,valid,NzvNW7vP-Co$_$5,NzvNW7vP-Co,5,I'm definitely seeing early signs of recovery in terms of planning over the last three or four weeks and feel very confident that as we see the next six months to one year we'll see much more positive environments for doing business.,233,42
unaligned,valid,NzvNW7vP-Co$_$4,NzvNW7vP-Co,4,"But half the bridge only, the other half of the bridge is the US.",65,14
unaligned,valid,NzvNW7vP-Co$_$7,NzvNW7vP-Co,7,I know their dollar is finding lower pressure at the moment same as-- situation so let's pray to pass in the world economy and I think we can look forward to better times.,171,33
unaligned,valid,OLP0nCKwU6k$_$6,OLP0nCKwU6k,6,"You have to make sure that you pay your insurance quarterly payments as they come due, because insurance company's are now reporting to the credit bureaus, and if you are late on your insurance premium it could effect your credit score.",236,41
unaligned,valid,OrYBtyO0aPI$_$1,OrYBtyO0aPI,1,What's surprising is how Apple is undercutting the competition in 4K pricing,76,12
unaligned,valid,OrYBtyO0aPI$_$4,OrYBtyO0aPI,4,So there you have it guys,25,6
unaligned,valid,PboaYD5hlG8$_$10,PboaYD5hlG8,10,As those intelligent enough to use this open source information to build their own self driving car modification,112,18
unaligned,valid,PboaYD5hlG8$_$3,PboaYD5hlG8,3,ai saying quote “I believe in being as open as possible without killing the host organism,89,16
unaligned,valid,PboaYD5hlG8$_$2,PboaYD5hlG8,2,The data is 6 months behind where he is now with his startup company comma,74,15
unaligned,valid,PboaYD5hlG8$_$7,PboaYD5hlG8,7,Most likely the people playing with this open source information are going to start using it in a safe closed course then build up to regular driving but will allow for immediate manual override,194,34
unaligned,valid,PboaYD5hlG8$_$9,PboaYD5hlG8,9,Autonomous driving still requires a driver’s full attention so they can override control of the car in the case of making a mistake like not seeing a tractor trailer,165,29
unaligned,valid,PboaYD5hlG8$_$8,PboaYD5hlG8,8,"As far as the man who died from a fault in Tesla’s most recent autonomous driving iteration, it’s sad and it weighs heavy on Tesla’s conscious",142,26
unaligned,valid,Pt-D0LUHDSc$_$2,Pt-D0LUHDSc,2,"This film is about two outlaws and a bounty hunter and their journey in finding a treasure, and the hilarious moments that occur throughout",139,24
unaligned,valid,PwapK9d8IGk$_$4,PwapK9d8IGk,4,"For example, if you take a hundred thousand dollars based on your age, you want to receive an income stream for ten years, twenty years, or for your entire life, that's what the insurance company will do.",204,37
unaligned,valid,PyQrAYl1bFs$_$0,PyQrAYl1bFs,0,The name my project is Triangle Dance Marathon.,47,8
unaligned,valid,PyQrAYl1bFs$_$3,PyQrAYl1bFs,3,"All and all we raise a $145,000 for the hospitals.",50,10
unaligned,valid,PyQrAYl1bFs$_$4,PyQrAYl1bFs,4,"It's last year it was 6 hours of dancing, basketball, eating, photo booths.",75,13
unaligned,valid,Q4WzApjaCNI$_$0,Q4WzApjaCNI,0,So Wagner talked him into building a special theater just for these productions,79,13
unaligned,valid,Q7S0tX4FUNA$_$4,Q7S0tX4FUNA,4,Studies from the University of California Santa Barbara found inducing anger in participants helped them be more analytical,123,18
unaligned,valid,Q7S0tX4FUNA$_$7,Q7S0tX4FUNA,7,This is the problem we have when studying our emotions,54,10
unaligned,valid,Q7S0tX4FUNA$_$8,Q7S0tX4FUNA,8,They're so fleeting and deep-seated they're difficult to measure,64,9
unaligned,valid,Qa6Yz62V-Yc$_$0,Qa6Yz62V-Yc,0,The President will soon propose that Congress enact baseline privacy legislation that will guard against companies collecting and keeping data that they don't need for their business models.,190,28
unaligned,valid,QjcQx8_PQfw$_$10,QjcQx8_PQfw,10,"I'm Cherie Ashwood, I'm a guidance counselor, and I hope this works out for you.",80,15
unaligned,valid,QjcQx8_PQfw$_$7,QjcQx8_PQfw,7,"They give you a dollar amount, for example, two thousand dollars, you cannot send them two thousand dollars.",108,18
unaligned,valid,QpchvHpGFc8$_$3,QpchvHpGFc8,3,"They made it very easy for gentlemen to approach the prostitutes on the street, without being hauled away by the police.",120,21
unaligned,valid,RArhIHk4Qs4$_$13,RArhIHk4Qs4,13,"Yet, there's nothing wrong with searching for that information",62,9
unaligned,valid,RArhIHk4Qs4$_$17,RArhIHk4Qs4,17,There is nothing wrong with that,32,6
unaligned,valid,RArhIHk4Qs4$_$16,RArhIHk4Qs4,16,"In and of itself, searching this information, and looking at information that is not indexed is not illegal",107,18
unaligned,valid,RArhIHk4Qs4$_$19,RArhIHk4Qs4,19,So the answer depends on what the actual behavior is,52,10
unaligned,valid,RArhIHk4Qs4$_$1,RArhIHk4Qs4,1,"Today I am going to be answering the question, ""Is it legal to surf the deep web?"" To answer that questions let's first get an understand what deep web is",154,30
unaligned,valid,RArhIHk4Qs4$_$2,RArhIHk4Qs4,2,"Because, when you get on Google on run a research and you're looking for information you're actually surfing the shallow web, if you will",137,24
unaligned,valid,RArhIHk4Qs4$_$7,RArhIHk4Qs4,7,"In fact, the vast majority of information online is in the deep web",67,13
unaligned,valid,RArhIHk4Qs4$_$6,RArhIHk4Qs4,6,It's all that information that people put online that doesn't run through Google or that Google or other search engines cannot see,130,22
unaligned,valid,RArhIHk4Qs4$_$8,RArhIHk4Qs4,8,And a lot of it is pretty benign,32,8
unaligned,valid,RArhIHk4Qs4$_$21,RArhIHk4Qs4,21,"Lawyers Plus, We Earn Your Trust",32,6
unaligned,valid,ROcTx5VEn7o$_$11,ROcTx5VEn7o,11,"So from contribution margin we subtract fixed costs and that equals our operating income this is the same operating income, that we have when we use the Multi-Step format.",171,29
unaligned,valid,ROcTx5VEn7o$_$1,ROcTx5VEn7o,1,There are two approved ways of reporting income to external users.,66,11
unaligned,valid,ROcTx5VEn7o$_$5,ROcTx5VEn7o,5,"This format is not acceptable for external reporting, but it is used almost exclusively for internal reporting and decision-making purposes.",140,20
unaligned,valid,ROcTx5VEn7o$_$9,ROcTx5VEn7o,9,Thus contribution margin is the incremental profit earned on each unit sold.,76,12
unaligned,valid,RrGpzInAwCg$_$0,RrGpzInAwCg,0,"The Georgetown Institute for Consumer Research, Sponsored by KPMG, has been created.",84,12
unaligned,valid,RzOFxDk26p0$_$1,RzOFxDk26p0,1,"Vital Voices is co-sponsoring this event, The Courage to Lead, with The Eleanor Roosevelt Project at George Washington University, and it has been such an amazing experience, not only to plan the event, but to attend the event.",227,38
unaligned,valid,RzOFxDk26p0$_$0,RzOFxDk26p0,0,"CINDY DYER: My name is Cindy Dyer, and I am the Senior Director for Human Rights at Vital Voices Global Partnership.",116,21
unaligned,valid,SHa756SwGJQ$_$0,SHa756SwGJQ,0,example of why you need a Hegemonic structure to actually foster human rights,77,13
unaligned,valid,SHa756SwGJQ$_$2,SHa756SwGJQ,2,"After over an hour of competitive debating, constructing and deconstructing points of argument it was time for the judges and the audience to pick the winner",157,26
unaligned,valid,SHa756SwGJQ$_$4,SHa756SwGJQ,4,"And in response to the notion ""This House welcomes the decline of U",67,13
unaligned,valid,SHa756SwGJQ$_$7,SHa756SwGJQ,7,""" However, even though the judges agreed that Ryerson has successfully defended the notion",90,14
unaligned,valid,SHa756SwGJQ$_$6,SHa756SwGJQ,6,"Hegemony"" we believe Ryerson has successfully defended the notion",65,9
unaligned,valid,TH32jop4FiI$_$15,TH32jop4FiI,15,Former Republican Florida Governor Charlie Crist has apologized for his past support for a ban on marriage and civil unions.,124,20
unaligned,valid,TH32jop4FiI$_$17,TH32jop4FiI,17,"And officials in Maine have announced that in the first year of marriage equality, over 1,500 gay and lesbian couples got married in the state.",143,25
unaligned,valid,TWszOxkOV0w$_$1,TWszOxkOV0w,1,And I think I reflect the outrage of the ordinary citizen who feels very strongly about the notion that we were told that CEOs require those kinds of pay packages because they are tied to performance.,200,36
unaligned,valid,TXCXFYIc3Yo$_$16,TXCXFYIc3Yo,16,"If you need knowledge, if you need understanding... I'm telling you, go to Jesus, ask of Him.",93,17
unaligned,valid,TXCXFYIc3Yo$_$2,TXCXFYIc3Yo,2,"And the Lord reminded me of this recently when my wife, daughter, and I went out shopping.",90,17
unaligned,valid,TXCXFYIc3Yo$_$7,TXCXFYIc3Yo,7,"And immediately she grabbed my hand and all the fear and all the worry, the sound of her voice changed, and she was just totally confident walking into the house because she had her dad's hand.",193,36
unaligned,valid,TXCXFYIc3Yo$_$6,TXCXFYIc3Yo,6,"And I said, honey don't be afraid, just grab a hold of daddy's hand.",68,14
unaligned,valid,TYJzg5IJN8o$_$11,TYJzg5IJN8o,11,"Also if you are a lobbyist,  you may not lobby during the course of the transition,  nor may you come back after President-elect Obama takes office for one year and lobby on an issue that you worked on in the course of the transition.",234,44
unaligned,valid,TYJzg5IJN8o$_$10,TYJzg5IJN8o,10,What we will prohibit is anyone who has lobbied on an issue  in the last year from working on that issue during the course of the transition.,141,27
unaligned,valid,TYJzg5IJN8o$_$14,TYJzg5IJN8o,14,"We are looking for people who have the best interests of you,  the American people, in mind  as they help us prepare to govern going forward.",141,26
unaligned,valid,TYJzg5IJN8o$_$0,TYJzg5IJN8o,0,"Hello everyone, my name is Valerie Jarrett,  and I’m one of the three co-chairs  of President-elect Obama’s Transition committee.",129,19
unaligned,valid,TYJzg5IJN8o$_$4,TYJzg5IJN8o,4,President-elect Obama also announced that Rahm Emmanuel  will be his Chief of Staff  and this week we announced several of the key people who are leading the agency reviews.,173,29
unaligned,valid,TYJzg5IJN8o$_$7,TYJzg5IJN8o,7,"President-elect Obama is committed to having an efficient, competent,  well organized, transparent and bi-partisan Transition Team.",131,16
unaligned,valid,Uc_6d-fkZEc$_$3,Uc_6d-fkZEc,3,Different cultures getting closer Many thanks to the pupils that participated in this project.,94,14
unaligned,valid,UlTJmndbGHM$_$1,UlTJmndbGHM,1,And I make this announcement today with a smile on my face because we know this,79,16
unaligned,valid,UlTJmndbGHM$_$4,UlTJmndbGHM,4,why do we keep failing to take notice of the pressure put on girls too young to understand this,95,19
unaligned,valid,VbV9S4svrTg$_$13,VbV9S4svrTg,13,We already have a time and a place,34,8
unaligned,valid,VbV9S4svrTg$_$3,VbV9S4svrTg,3,And that's why we want to partner with the On The Table community,65,13
unaligned,valid,VbV9S4svrTg$_$7,VbV9S4svrTg,7,These kids are the future of our city,37,8
unaligned,valid,VbV9S4svrTg$_$8,VbV9S4svrTg,8,It's our responsibility to make sure that their voices are heard,64,11
unaligned,valid,VinxKpWioTo$_$1,VinxKpWioTo,1,"Welcome to the National Institute for School Leadership’s Executive Development Program E-D-P is a tool that aligns with the work the Department of Education has been doing on a broader scale, and I thank you for participating and further developing your skills, whether you’ve been in the field for a week or a decade",318,54
unaligned,valid,VinxKpWioTo$_$0,VinxKpWioTo,0,"Hi, I’m Secretary of Education Pedro Rivera",43,7
unaligned,valid,VinxKpWioTo$_$3,VinxKpWioTo,3,"Whether their plans are to further their education or go on to an industry-based career, students under your leadership will be up to the task",142,25
unaligned,valid,VinxKpWioTo$_$5,VinxKpWioTo,5,There’s a place in our commonwealth’s landscape for all students to find their niche and succeed,96,16
unaligned,valid,ViyQVpGW05w$_$1,ViyQVpGW05w,1,I'm a faculty member in the School of Education at Sonoma State University.,75,13
unaligned,valid,ViyQVpGW05w$_$4,ViyQVpGW05w,4,This legal session will focus on illegal discrimination in schools and classrooms.,82,12
unaligned,valid,ViyQVpGW05w$_$6,ViyQVpGW05w,6,Noncompliance with these laws can result in legal liability to you and to the school districts in which you are employed.,121,21
unaligned,valid,Vuay0mVKkik$_$3,Vuay0mVKkik,3,And when I was going to school it was really difficult for me to find avenues and resources to be able to reach higher education.,129,25
unaligned,valid,WmQF5RmbsVQ$_$6,WmQF5RmbsVQ,6,"Now, there are specialty lenders out there, that do these construction or permanent loans, so my suggestion is to go to your local bank, or perhaps search online, for construction loans, and you will find lenders that do these loans for the construction period, and also find lenders that will do the loans on the lot.",318,56
unaligned,valid,Wrcf2xtqbkQ$_$9,Wrcf2xtqbkQ,9,"The Mladic trial is in its pre-trial phase, so they're debating how exactly the trial will take place, exchanging evidence.",123,20
unaligned,valid,Wrcf2xtqbkQ$_$8,Wrcf2xtqbkQ,8,"Of course, I'm going to, to be present at some of the trials.",61,13
unaligned,valid,WxajvjGKz7Y$_$0,WxajvjGKz7Y,0,"The second suggestion is to use a ""strategies approach""",55,9
unaligned,valid,WxajvjGKz7Y$_$3,WxajvjGKz7Y,3,So if they were facing a number fact like 8+3 we would say we will count on 3 from 8,84,20
unaligned,valid,WxajvjGKz7Y$_$6,WxajvjGKz7Y,6,Once the students have recalled and the number fact then of course they don't need the strategy and so that's the ultimate goal that they just recall it,152,28
unaligned,valid,XIGpuL-Kkyk$_$12,XIGpuL-Kkyk,12,So what we actually have been preparing for companies is to let them know that they're medical products are actually competitive and viable in this market,154,26
unaligned,valid,XIGpuL-Kkyk$_$0,XIGpuL-Kkyk,0,to a poor transaction using these mechanisms that are freely available to us,76,13
unaligned,valid,XIGpuL-Kkyk$_$4,XIGpuL-Kkyk,4,"And for those companies that need export help in any regard, Export Express is an excellent tool to get there",109,20
unaligned,valid,XIGpuL-Kkyk$_$7,XIGpuL-Kkyk,7,One of the things that the U,28,7
unaligned,valid,XaVYxIW0FDg$_$2,XaVYxIW0FDg,2,"This proves a prophecy in the Bible, Here, ""one piece was rained on"" refers to churches who accept and obey God's work of judgment in the last days",147,28
unaligned,valid,XyP8bVmGX6M$_$4,XyP8bVmGX6M,4,"""Thought leadership from the institute will be particularly relevant."" she said in a statement.",95,14
unaligned,valid,XzVapdEr_GY$_$3,XzVapdEr_GY,3,In fact the nice thing about coming into med school with a major that’s not necessarily in the sciences is that you bring a level of diversity to the class.,156,30
unaligned,valid,XzVapdEr_GY$_$4,XzVapdEr_GY,4,If you have a major in humanities you have had critical thinking and creativity as part of your curriculum and those are skills which will be wonderful to have as part of a med school class.,190,36
unaligned,valid,Y7h-S3cJ52o$_$0,Y7h-S3cJ52o,0,Baltimore Link is a completely redesigned transit system for Baltimore.,71,10
unaligned,valid,Y7qkyMyanjU$_$2,Y7qkyMyanjU,2,To solve the problem I'm gonna start by modeling,48,9
unaligned,valid,Y7qkyMyanjU$_$4,Y7qkyMyanjU,4,In order to add I know I've got a combine these,47,11
unaligned,valid,YbuG8xyUO-o$_$3,YbuG8xyUO-o,3,Our underwriters have the final say on your mortgage application.,65,10
unaligned,valid,YbuG8xyUO-o$_$2,YbuG8xyUO-o,2,Your loan is out of processing and is now with our underwriters.,64,12
unaligned,valid,Z7L3V5bwzI0$_$2,Z7L3V5bwzI0,2,"&gt;&gt; I want to get rid of the federal government monopoly on student loans, and give our students more options.",115,20
unaligned,valid,ZaoFHcbRM9g$_$3,ZaoFHcbRM9g,3,"I MEAN BECAUSE -- BECAUSE TO BE A GAY MAN OR WOMAN, THANK GOD IT IS A MIRACLE, THANK GOD IT IS NOT A SIN ANYMORE",112,26
unaligned,valid,ZaoFHcbRM9g$_$2,ZaoFHcbRM9g,2,"WELL, THAT'S NOT A SECRET ANYMORE",33,6
unaligned,valid,ZaoFHcbRM9g$_$5,ZaoFHcbRM9g,5,AND YOU WERE MARRIED 25 YEARS BEFORE YOU FOUND OUT YOUR HUSBAND WAS GAY,71,14
unaligned,valid,ZaoFHcbRM9g$_$9,ZaoFHcbRM9g,9,I FELT LESS THAN A WOMAN,24,6
unaligned,valid,ZaoFHcbRM9g$_$8,ZaoFHcbRM9g,8,I NEVER THOUGHT I WOULD BE SO DEVASTATED,40,8
unaligned,valid,Zvisaa77Cng$_$1,Zvisaa77Cng,1,And I think in Davos the whole issue about regulation ethics has been a big issue.,82,16
unaligned,valid,Zvisaa77Cng$_$5,Zvisaa77Cng,5,"And the best CEOs have that anyway, they don't need boards.",59,11
unaligned,valid,_7HVhnSYX1Y$_$26,_7HVhnSYX1Y,26,"Coordinate everything, all the details with the venue where your event will take place.",87,14
unaligned,valid,_7HVhnSYX1Y$_$12,_7HVhnSYX1Y,12,"If you're hosting a fashion show, team up with local clothing retailers and shoe stores.",88,15
unaligned,valid,_7HVhnSYX1Y$_$14,_7HVhnSYX1Y,14,Do not overlook internet advertising and reciprocal partnership opportunities.,78,9
unaligned,valid,_7HVhnSYX1Y$_$19,_7HVhnSYX1Y,19,You can pull off an elaborate stunt to generate news media attention.,69,12
unaligned,valid,_7HVhnSYX1Y$_$31,_7HVhnSYX1Y,31,"The better prepared you are, the better the experience and results.",67,11
unaligned,valid,_7HVhnSYX1Y$_$3,_7HVhnSYX1Y,3,"Look for the synergies such as media partnerships with local radio stations, TV stations, newspapers and cable companies.",121,18
unaligned,valid,_BvNNdEkhZA$_$14,_BvNNdEkhZA,14,And a lot of people thought it was a new guitar hero being announced.,69,14
unaligned,valid,_BvNNdEkhZA$_$19,_BvNNdEkhZA,19,I'm going to have all the information tomorrow probably in the afternoon or evening about when Guitar Hero is actually revealed and all the information we know about it.,169,29
unaligned,valid,_BvNNdEkhZA$_$7,_BvNNdEkhZA,7,Maybe it could be something similar with what we've seen with Rocksmith with allowing people to play real guitars.,114,19
unaligned,valid,_BvNNdEkhZA$_$6,_BvNNdEkhZA,6,And we've heard rumours in the past that the new guitar hero would be much more realistic in it's approach to the series.,121,23
unaligned,valid,_BvNNdEkhZA$_$9,_BvNNdEkhZA,9,We also see a drum kit in the trailer too and towards the very end.,67,15
unaligned,valid,_aZDaIfGfPo$_$1,_aZDaIfGfPo,1,"The Affordable Care Act provides new options for affordable health coverage that covers a range of benefits, including important preventive services with no out-of-pocket costs for millions of Americans, including the Asian American and Pacific Islander communities.",266,37
unaligned,valid,_aZDaIfGfPo$_$0,_aZDaIfGfPo,0,"Hi, I'm Rebecca Lee, Advisor at the White House Initiative on Asian Americans and Pacific Islanders.",100,16
unaligned,valid,_gr7o5ynhnw$_$13,_gr7o5ynhnw,13,"On occasion, we'll also talk about applications, like for example, how the graph primitives that we learn are useful for reasoning about the web and social networks.",165,27
unaligned,valid,_gr7o5ynhnw$_$12,_gr7o5ynhnw,12,While the emphasis of the course is on timeless ideas and key principles.,73,13
unaligned,valid,_gr7o5ynhnw$_$15,_gr7o5ynhnw,15,"So in summary, when you study algorithms, it's a ton of fun because you wind up learning a lot of the greatest hits of from the last 50 years of computer science and I very much hope I'll see you in January.",207,42
unaligned,valid,_gzYkdjNvPc$_$12,_gzYkdjNvPc,12,The third thing is that social media celebrates diversity,57,9
unaligned,valid,_gzYkdjNvPc$_$17,_gzYkdjNvPc,17,And these troubled brands they just really didn't utilize this at least not fast enough,87,15
unaligned,valid,_gzYkdjNvPc$_$1,_gzYkdjNvPc,1,"One very notable one is American Apparel, especially since they've filed bankruptcy twice within the period of a little bit over a year",135,23
unaligned,valid,_gzYkdjNvPc$_$3,_gzYkdjNvPc,3,"Other brands include Pacific Sunwear, Cache, Wet Seal, and Quicksilver",70,10
unaligned,valid,_gzYkdjNvPc$_$2,_gzYkdjNvPc,2,That's kind of crazy,20,4
unaligned,valid,_gzYkdjNvPc$_$5,_gzYkdjNvPc,5,A lot of these are very teen specific or sort of focus on a younger customer,76,16
unaligned,valid,_gzYkdjNvPc$_$4,_gzYkdjNvPc,4,And if you kind of listen to the names of these brands you might figure out that there's a pattern,98,20
unaligned,valid,_gzYkdjNvPc$_$6,_gzYkdjNvPc,6,I think there's sort of three big reasons why these types of companies are having trouble,89,16
unaligned,valid,_gzYkdjNvPc$_$9,_gzYkdjNvPc,9,The second thing is that teen trends used to be a much more segregated niche,76,15
unaligned,valid,a-WihYDk6vc$_$8,a-WihYDk6vc,8,Whatever it is you want to take this time in the speech to talk about what it is they do specifically any achievements that they have in relation to their work.,160,31
unaligned,valid,a-WihYDk6vc$_$0,a-WihYDk6vc,0,Okay we have talked about the person and the family in this birthday speech.,76,14
unaligned,valid,aFhc2ddipoM$_$14,aFhc2ddipoM,14,"And after two years of that experience, I decided to come to the USA, get a PhD, and I decided to do it in the area of entrepreneurship.",136,28
unaligned,valid,aK5tRCXjUvU$_$0,aK5tRCXjUvU,0,"Hello, so today I'm going to speak to you about this product.",61,12
unaligned,valid,b-FX9NOVQOM$_$1,b-FX9NOVQOM,1,"But we can't because we -- you know, the system wants to divide and conquer so they find a way to do that",105,23
unaligned,valid,b-FX9NOVQOM$_$4,b-FX9NOVQOM,4,"It's us against them, it's not us, us, us, them, them, them, and the big man -- no",82,18
unaligned,valid,b1LEcg6z66g$_$0,b1LEcg6z66g,0,"For far too long, the greatest predictor of how well you will do at school has been your parents' income.",105,20
unaligned,valid,b1LEcg6z66g$_$4,b1LEcg6z66g,4,"Not only is it  increasing to £600 per pupil but also taking in many more students, reaching many more disadvantaged students who deserve that extra chance.",156,26
unaligned,valid,b1LEcg6z66g$_$8,b1LEcg6z66g,8,It's simply not good enough that how well you should do at school is so dependent on your parents' background.,110,20
unaligned,valid,bAkUEnPoucg$_$3,bAkUEnPoucg,3,"Um, in this case you don't have to invest too much you can start with just a small amount and then end up with double that which is great!",138,29
unaligned,valid,bNQkb4K5DX0$_$3,bNQkb4K5DX0,3,"Most of the certification exams last about 10 hours, including scheduled breaks, except for the Cardiovascular Disease exam which lasts about 14 hours.",151,23
unaligned,valid,bNQkb4K5DX0$_$7,bNQkb4K5DX0,7,"Their website provides the best study guides, flash cards and practice tests around, so go check it out.",104,18
unaligned,valid,bWunvAd96zI$_$1,bWunvAd96zI,1,"We enter the story when Callie kisses her crush on the cheek, making their relationship super awkward",101,17
unaligned,valid,bWunvAd96zI$_$2,bWunvAd96zI,2,"She decides to distract herself by focusing on theater, but her focus is interrupted by the introduction of two fraternal twins, low ticket sales, and off stage drama",166,28
unaligned,valid,bWunvAd96zI$_$5,bWunvAd96zI,5,The other characters overcome obstacles as well,47,7
unaligned,valid,bWunvAd96zI$_$4,bWunvAd96zI,4,"Through the process, Callie becomes a better friend who is less consumed by her love life",89,16
unaligned,valid,bj9e8w4vNxo$_$12,bj9e8w4vNxo,12,"Now breathing can help you slow down, and calm down, and relax, but it's just a fact that you talk faster when you're nervous, and you're probably going to be nervous.",167,31
unaligned,valid,bpvYdXVlgvc$_$1,bpvYdXVlgvc,1,Now we are starting to see the Democrats fight back,51,10
unaligned,valid,bpvYdXVlgvc$_$3,bpvYdXVlgvc,3,"They wouldn't be able to run his business, but that is Donald Trump's plan right now",84,16
unaligned,valid,bpvYdXVlgvc$_$4,bpvYdXVlgvc,4,Making him in direct violation of this law if it were to ever pass,66,14
unaligned,valid,bpvYdXVlgvc$_$6,bpvYdXVlgvc,6,They're not going to give this thing any floor time at all because they know that Donald Trump is not going to divest from his corporations,139,26
unaligned,valid,c1a1y9ytHH0$_$0,c1a1y9ytHH0,0,"There are four exchanges used in the  counting method, and these exchanges  are similar, as I was saying earlier, to  borrowing in print.",137,23
unaligned,valid,c1a1y9ytHH0$_$3,c1a1y9ytHH0,3,If possible the exchanges of  the beads needs to occur in one movement as you count and move  the beads toward or away from the  horizontal counting bar.,153,28
unaligned,valid,c1a1y9ytHH0$_$7,c1a1y9ytHH0,7,"So  that’s really important for you to also  remember, that they can occur anywhere  on the abacus.",99,17
unaligned,valid,c5cB7AfVgcE$_$12,c5cB7AfVgcE,12,"It's important that where you're sitting, you're in a commanding position; you face what is going on, and you feel comfortable.",127,21
unaligned,valid,c5cB7AfVgcE$_$5,c5cB7AfVgcE,5,"The desk is never against the wall, with their back to the door, and having your back to the door in general; wherever you're sitting, is not a great thing.",156,30
unaligned,valid,d8BR6hsvzoY$_$1,d8BR6hsvzoY,1,""" If the shop has the clothing you're looking for, you will want to try it on before you buy it",95,21
unaligned,valid,d8BR6hsvzoY$_$0,d8BR6hsvzoY,0,"""Do you have jeans in stock",27,6
unaligned,valid,d8BR6hsvzoY$_$2,d8BR6hsvzoY,2,"You can try on the clothing in the changing room, a room for trying on clothing",79,16
unaligned,valid,d8BR6hsvzoY$_$5,d8BR6hsvzoY,5,""" ""Do you have this in a size eight",35,9
unaligned,valid,d8BR6hsvzoY$_$6,d8BR6hsvzoY,6,""" ""Do you have this is another colour",37,8
unaligned,valid,d8BR6hsvzoY$_$9,d8BR6hsvzoY,9,"If you're buying one item, you can ask, ""How much is this",57,12
unaligned,valid,d8BR6hsvzoY$_$8,d8BR6hsvzoY,8,""" You've tried on the clothing, it's the right size and the right colour, now you want to know how much it costs",112,23
unaligned,valid,dBWvtPeHpWM$_$4,dBWvtPeHpWM,4,Some of them are ok,19,5
unaligned,valid,dEDbm2ubVRQ$_$0,dEDbm2ubVRQ,0,Here are a few thoughts on dealing with late paying clients.,60,11
unaligned,valid,dEDbm2ubVRQ$_$3,dEDbm2ubVRQ,3,"Heck, I'm sure it's the bane of most businesses existence, especially those that deal with people who provide services and then pay at a later date.",148,26
unaligned,valid,dEDbm2ubVRQ$_$8,dEDbm2ubVRQ,8,Also provide them with the contact information for the person who originally secured your services.,99,15
unaligned,valid,dt641WxonBI$_$1,dt641WxonBI,1,I attended Morton College from 2009 until currently actually.,61,9
unaligned,valid,dt641WxonBI$_$3,dt641WxonBI,3,The classes are mostly for people who just got out of high school and they need to do a two-year program.,105,21
unaligned,valid,eOiC1kb17P4$_$0,eOiC1kb17P4,0,"Hey Guys, its Donny And no I'm not in Toronto I'm in Italy! But I want to tell you a little bit about the story of what I just went through Yes, many of you know I bought a house recently And I've been telling everyone I know",225,48
unaligned,valid,erNDEjQeox8$_$12,erNDEjQeox8,12,"And when people that you appreciate say something like that and actually put their money where their mouth is, it's something very special, something very special happens when when they do it for some people, for most people even if.",233,40
unaligned,valid,ewBrNsyY82Q$_$4,ewBrNsyY82Q,4,"You might have people, and when I talk about culture, I'm talking about culture within the United States like Texas vs New York, California vs Florida.",151,26
unaligned,valid,fWOIAxzBQFY$_$12,fWOIAxzBQFY,12,"We will cover topics like listening for incoming connections requests  Receiving data from a client, and sending data back to a client.",135,22
unaligned,valid,fWOIAxzBQFY$_$5,fWOIAxzBQFY,5,I am a programmer who's spent a lot of time in the trenches.,60,13
unaligned,valid,fWOIAxzBQFY$_$7,fWOIAxzBQFY,7,Of course you'll have to watch it :p My course is divided in several sections.,78,15
unaligned,valid,f_ZJ7L14oYQ$_$11,f_ZJ7L14oYQ,11,"And you could see I've worn them with boots, I've worn them with tennis shoes, I've actually worn them with nicer shoes when I'm going in to work.",146,28
unaligned,valid,f_ZJ7L14oYQ$_$27,f_ZJ7L14oYQ,27,So what I found is that I just pop these over my tennis shoes and I don't have to worry about it anymore.,105,23
unaligned,valid,f_ZJ7L14oYQ$_$21,f_ZJ7L14oYQ,21,They just so much more convenient than stupid boots that take forever to put on and just aren't comfortable!,108,19
unaligned,valid,f_ZJ7L14oYQ$_$17,f_ZJ7L14oYQ,17,"You could come in and take this off, and throw them in the sink and rinse it off.",81,18
unaligned,valid,f_ZJ7L14oYQ$_$9,f_ZJ7L14oYQ,9,"And all you do, you kind of take it, and it stretches out, and you stretch it over any shoes you're already wearing.",116,23
unaligned,valid,f_ZJ7L14oYQ$_$8,f_ZJ7L14oYQ,8,"I think you can see all the little ridges in there, that's what keeps you from slipping.",88,17
unaligned,valid,ffrJ91swyq0$_$1,ffrJ91swyq0,1,"So you've got now 250 monitoring companies who are out there monitoring the web and, oh, we can give you sentiment analysis and all these wonderful terms that they really can tell you what's being said.",202,36
unaligned,valid,g8Cl74tS3oY$_$2,g8Cl74tS3oY,2,"While this is not the first time this has been considered, the threat of defunding the Corporation for Public Broadcasting has never been more real than it is now.",163,29
unaligned,valid,g8Cl74tS3oY$_$6,g8Cl74tS3oY,6,"The very essence of public broadcasting—programming for you, your family, and your community, uninterrupted and with the uncompromising expectation of quality and respect for the viewer's intellect.",198,27
unaligned,valid,gR4gM_WXesQ$_$10,gR4gM_WXesQ,10,"Their relationship begins to get more physical, but Eleanor’s step-father discovers her relationship with Park and is upset.",124,18
unaligned,valid,gR4gM_WXesQ$_$26,gR4gM_WXesQ,26,Eleanor for her size and lack of femininity; Park for his low self-esteem.,74,13
unaligned,valid,gR4gM_WXesQ$_$20,gR4gM_WXesQ,20,"And while there have been Asian men who have been action heroes, like Bruce Lee and Jackie Chan, they’re more viewed as weapons or comic relief, not necessarily as romantic love interests.",188,32
unaligned,valid,gR4gM_WXesQ$_$24,gR4gM_WXesQ,24,There are two imperfect people trying to make a relationship work.,66,11
unaligned,valid,gR4gM_WXesQ$_$18,gR4gM_WXesQ,18,"He feels undesirable, in a way, because he identifies himself as Asian and he sees a lack of Asian men in the media as desirable.",129,25
unaligned,valid,gR4gM_WXesQ$_$3,gR4gM_WXesQ,3,"Since she is the new girl, Eleanor has no place to sit on the bus, but Park eventually lets her sit next to him.",112,24
unaligned,valid,gR4gM_WXesQ$_$4,gR4gM_WXesQ,4,"As weeks go by, Park and Eleanor develop a friendship based on their love of music and comics.",94,18
unaligned,valid,gR4gM_WXesQ$_$8,gR4gM_WXesQ,8,"During the holiday break, Eleanor spends more time with Park and his family, nearly going to his house every day.",113,20
unaligned,valid,gVqs4TzqySw$_$1,gVqs4TzqySw,1,"If you said ""anata to aitakatta"", you'd be saying something more, I think, like ""I've been wanting us to get together, I've been wanting us to meet together",156,28
unaligned,valid,gVqs4TzqySw$_$3,gVqs4TzqySw,3,"In the causative form, as we discussed in the causative lesson, you can't use to at all",87,17
unaligned,valid,gVqs4TzqySw$_$2,gVqs4TzqySw,2,""" There it's much more of a mutual idea, the idea that is there is activity going on on both sides of the interaction",117,24
unaligned,valid,gVqs4TzqySw$_$4,gVqs4TzqySw,4,You can only use either wo or ni,32,8
unaligned,valid,goMtnNHQ_z4$_$1,goMtnNHQ_z4,1,Today I'd like to talk to you about how to get construction financing.,70,13
unaligned,valid,goMtnNHQ_z4$_$2,goMtnNHQ_z4,2,You found your perfect piece of property and now you want to build your dream home on it.,89,18
unaligned,valid,goMtnNHQ_z4$_$13,goMtnNHQ_z4,13,"A good contractor will help you through that, a good mortgage broker will be, help you even more.",97,18
unaligned,valid,goMtnNHQ_z4$_$12,goMtnNHQ_z4,12,There's also building inspections that will help to indicate how far along that construction job is.,100,16
unaligned,valid,hqzF4IDaIYE$_$0,hqzF4IDaIYE,0,"It’s the bedrock of all rights, because if you don’t have legal capacity, then your rights are taken away",105,19
unaligned,valid,hqzF4IDaIYE$_$3,hqzF4IDaIYE,3,"So, we are now in a—let’s say—new phase where we are in a possibility to use both CRPD and the Agenda 2030 to move the rights of people with disabilities forward",161,31
unaligned,valid,hqzF4IDaIYE$_$2,hqzF4IDaIYE,2,"The fact that persons from the movement are more and more involved into politics, policy, and working internationally, that will at some point bring better results",163,26
unaligned,valid,hqzF4IDaIYE$_$4,hqzF4IDaIYE,4,"Because of the convention, governments have much more awareness about disability issues",87,12
unaligned,valid,hqzF4IDaIYE$_$6,hqzF4IDaIYE,6,They don’t always know what to do,33,7
unaligned,valid,hvfaYsv7p8E$_$0,hvfaYsv7p8E,0,The next thing I want to talk about is something that you actually don't want to do.,84,17
unaligned,valid,iUXqlrui25c$_$10,iUXqlrui25c,10,"And the kind of investors that could become a liability on the company, are those that are either very bad in the way they manage the relationship with the founders.",165,30
unaligned,valid,iUXqlrui25c$_$21,iUXqlrui25c,21,"And these are the ones you need to insist on, on removing the ones that slow you down.",86,18
unaligned,valid,iUXqlrui25c$_$23,iUXqlrui25c,23,"Just like the investor due diligence is you, you need to due diligence them because that's marriage.",100,17
unaligned,valid,icbUzboLcDQ$_$0,icbUzboLcDQ,0,"RM: I LOVE YOU~ Jin: Are you say ''Hyung-nim, thank you",55,11
unaligned,valid,ioupaiAuRr0$_$5,ioupaiAuRr0,5,"If you find an insurance professional and he's licensed, he should be able to provide all the ratings from the best insurance companies for you.",144,25
unaligned,valid,ioupaiAuRr0$_$4,ioupaiAuRr0,4,"There's also the Best Rating Agency, just like it sounds, Best, there's Moody's, and there's also Fitch, F-i-t-c-h.",115,18
unaligned,valid,jICmfLeFymA$_$16,jICmfLeFymA,16,"Our friendly and knowledgeable staff is waiting to answer all your questions, including evenings and weekends.",110,16
unaligned,valid,jPrEKz1rAno$_$11,jPrEKz1rAno,11,How they use the rest of those components will vary greatly by school.,70,13
unaligned,valid,jPrEKz1rAno$_$7,jPrEKz1rAno,7,"If the school requires any kind of standardized testing, from SAT, ACT, potentially AP or IB scores, those sorts of things, they could be in your file as well.",159,29
unaligned,valid,jPrEKz1rAno$_$6,jPrEKz1rAno,6,"A lot of schools also require one or potentially two letters of recommendation from teachers, so that could possibly be in the file as well.",140,25
unaligned,valid,k5ZOshC2LP4$_$1,k5ZOshC2LP4,1,"Like Colbert, Kleppers host is a pompous know-it-all who isnt just conservative, but has alt-right leanings",107,16
unaligned,valid,kbGhEJ4W44o$_$0,kbGhEJ4W44o,0,"Innovation is social, not the preserve of lone geniuses; anarchic and anti-organisational, as well as needing failure and risk to succeed according to Professional Services firm Deloitte.",187,27
unaligned,valid,kfsO4c0Ekes$_$7,kfsO4c0Ekes,7,"And so my message to Tony is, stay strong; a lot of people love you and care for you and will pray for you.",107,24
unaligned,valid,kvUb78Rdzdc$_$3,kvUb78Rdzdc,3,"I got it looking and working exactly how I needed it for $80. So anybody considering using this: amazing support, amazing extension, works exactly as it should If you need any help they will make sure That everything works out the way you need it.",247,45
unaligned,valid,lO87-4Kf0cQ$_$2,lO87-4Kf0cQ,2,The selection is usually made by the Board Chair for committee chair leaders.,77,13
unaligned,valid,lO87-4Kf0cQ$_$5,lO87-4Kf0cQ,5,Some Boards have a tradition of having Vice Chairs for the Board as well as for committees.,91,17
unaligned,valid,lWf5hHRHIDs$_$11,lWf5hHRHIDs,11,What is your main values that you can bring into your business?,63,12
unaligned,valid,lawHYX5eB20$_$1,lawHYX5eB20,1,""" And that's why they close down and go quiet",45,10
unaligned,valid,lawHYX5eB20$_$2,lawHYX5eB20,2,"So, the next time you're around a native speaker, speak to the native speaker on a level with them",98,19
unaligned,valid,mHGaQ_nv9UY$_$13,mHGaQ_nv9UY,13,"By opening up the RAM from thirty-two bits to  sixty-four bits, the RAM goes from four gigabytes into the petabyte range, I mean it's just vast beyond words to describe, which means probably by next week we'll figure out a way to fill it up     but the fact is, Final Cut needs to have it's software actually recoded, rewritten to be able to support   the additional RAM that you've got.",387,70
unaligned,valid,mHGaQ_nv9UY$_$14,mHGaQ_nv9UY,14,"So the reason you're getting an ""out of memory"" is that you're filling that four gigabyte limit.",96,17
unaligned,valid,mHGaQ_nv9UY$_$17,mHGaQ_nv9UY,17,The way you solve this problem is to get rid of clips in the Browser and get rid of sequences in the Browser that you no longer  need.,134,28
unaligned,valid,mHGaQ_nv9UY$_$22,mHGaQ_nv9UY,22,"As your project file goes over a hundred megabytes, I'm not exactly sure why that's true, but it is, it starts to become unstable and when it becomes unstable, it starts to corrupt and when it corrupts,  suddenly you're going to lose everything.",245,43
unaligned,valid,mHGaQ_nv9UY$_$5,mHGaQ_nv9UY,5,"My life is over, I'm going to start walking in front of large moving buses."" Phew, wow, that's a lot of responsibility.",119,22
unaligned,valid,mHGaQ_nv9UY$_$4,mHGaQ_nv9UY,4,This is especially frustrating when I have sent the project to compressor and I've already spent an hour processing I  get the failed response.,143,24
unaligned,valid,mLW-jn67gRE$_$20,mLW-jn67gRE,20,"Stay tuned to our next video where I'll be giving an in-depth description of the ad preview tool and the keyword preview tool, so you too can view your ads like a pro.",167,33
unaligned,valid,mLW-jn67gRE$_$17,mLW-jn67gRE,17,"If you select an accelerated delivery you can see your ad every single time you search your query, but do be aware that this is incredibly budget intensive and especially if you are in a large search volume industry.",216,39
unaligned,valid,mLW-jn67gRE$_$1,mLW-jn67gRE,1,There are three distinct reasons why you may not be seeing your ads.,68,13
unaligned,valid,mLW-jn67gRE$_$3,mLW-jn67gRE,3,"The second is a budgetary and billing concern, and the third is your actual selection of delivery methods.",106,18
unaligned,valid,mLW-jn67gRE$_$5,mLW-jn67gRE,5,"In AdWords, daily and monthly budgets are set to reflect what you would like to see from your campaign spend.",109,20
unaligned,valid,mLW-jn67gRE$_$6,mLW-jn67gRE,6,If your daily or monthly budget has been depleted your ads will no longer show as it's simply a factor of the click costs you can accrue within your budget.,156,30
unaligned,valid,mLW-jn67gRE$_$9,mLW-jn67gRE,9,This is a definite reason why your ads will not be showing.,59,12
unaligned,valid,mjpCK2Edsv8$_$0,mjpCK2Edsv8,0,hey everybody my name is Harper Jones and I want to just do a quick testimonial of for the 67 steps to finding the good life with Tai Lopez I am going through this program right now and it's absolutely phenomenal.,213,41
unaligned,valid,nUZYqTRSGDw$_$4,nUZYqTRSGDw,4,Now the alternative to that is to spend all your money and have debt and have the government look at you as a burden.,117,24
unaligned,valid,nyzIL6YAonY$_$5,nyzIL6YAonY,5,Then download and review your free copy of our Guide to Better Hearing.,71,13
unaligned,valid,nyzIL6YAonY$_$6,nyzIL6YAonY,6,"Once you have all the information you need, I recommend that you schedule a no-obligation appointment with us to discuss your unique needs and help you find a solution that meets your budget.",191,33
unaligned,valid,ooAF6I-fmTg$_$3,ooAF6I-fmTg,3,It is NOT just an imaginary voice in their head; it is NOT just their gut feeling.,82,17
unaligned,valid,ooAF6I-fmTg$_$5,ooAF6I-fmTg,5,Can YOU honestly say that you hear the voice of Jesus OUTSIDE OF THE BIBLE?,75,15
unaligned,valid,ooAF6I-fmTg$_$7,ooAF6I-fmTg,7,OR are you one of these Christians who is an utter hypocrite because you believe God is dead?,93,18
unaligned,valid,pOrk7fl1AYo$_$1,pOrk7fl1AYo,1,What a viewer doesn't realize is that what's in focus is actually the mirrored image of the woman,97,18
unaligned,valid,pOrk7fl1AYo$_$3,pOrk7fl1AYo,3,"And that's the most important thing, is that through the eye of the video, you cannot tell real from mirror any longer",118,22
unaligned,valid,pOrk7fl1AYo$_$2,pOrk7fl1AYo,2,It's not the actual image of the woman,38,8
unaligned,valid,pOrk7fl1AYo$_$4,pOrk7fl1AYo,4,"Each time I go toward the mirror, I'm the one who's out of focus",64,14
unaligned,valid,q9yDL81QppI$_$1,q9yDL81QppI,1,"In this lesson you will learn about latency and throughput, which we use as a measure of computer performance.",110,19
unaligned,valid,q9yDL81QppI$_$0,q9yDL81QppI,0,Before we learn how to make better computers we need to learn what better means for computers and how do we measure that.,121,23
unaligned,valid,q9yDL81QppI$_$2,q9yDL81QppI,2,Then we will look at how to measure performance of real computers using benchmarks and a few general ways to get good performance.,130,23
unaligned,valid,qK77ZmbqmOM$_$9,qK77ZmbqmOM,9,"And then they host them on websites that utilize flash, that is not even indexable or searchable.",97,17
unaligned,valid,qK77ZmbqmOM$_$0,qK77ZmbqmOM,0,"The City of LA is engaged in a debate over it's current email system provided by Novell, it's the Novell Groupwide email system.",128,23
unaligned,valid,qY1sXq-YCHs$_$8,qY1sXq-YCHs,8,"If you refuse the breath test, it will also be for two years.",61,13
unaligned,valid,qmMSumMloAs$_$1,qmMSumMloAs,1,"And I am here to tell you that we are up to, over 50% funded with the Kickstarter!!! That's amazing!",100,20
unaligned,valid,qmMSumMloAs$_$3,qmMSumMloAs,3,I'm very hopeful and very confident that we will make this goal!,64,12
unaligned,valid,qmMSumMloAs$_$2,qmMSumMloAs,2,So Thank you to everyone who has donated it has been an amazing journey so far and I can't wait... there's 18 days left and... It's gonna rock!,143,28
unaligned,valid,r13W4H8ZhqI$_$12,r13W4H8ZhqI,12,"And, you know, we sort of knock them down and pick them back up along the way.",78,17
unaligned,valid,r13W4H8ZhqI$_$1,r13W4H8ZhqI,1,"And as you can imagine, you know, in the head and neck region there's a lot of very important structures, their eyes, swallowing muscles, nerves, brain, spinal cord, salivary glands.",182,30
unaligned,valid,r13W4H8ZhqI$_$5,r13W4H8ZhqI,5,We feel that we're precise to within a couple of millimeters.,61,11
unaligned,valid,r13W4H8ZhqI$_$8,r13W4H8ZhqI,8,"I think the most important thing with patients is to be honest and to, you know, be up front about what they should expect.",123,24
unaligned,valid,r5ijC2W9ddk$_$8,r5ijC2W9ddk,8,"To learn more about our temporary buildings and shelters, call us at 1-800-330-9294 or visit our website at ShelterStructures.com.",130,19
unaligned,valid,r5ijC2W9ddk$_$0,r5ijC2W9ddk,0,Have a construction or manufacturing project that requires weather protection from snow or wind?,96,14
unaligned,valid,r9tgDqXEcuc$_$4,r9tgDqXEcuc,4,As a matter of fact you are going to want to build three fires in fairly close proximity to one another.,104,21
unaligned,valid,rf0yDSeVEUA$_$1,rf0yDSeVEUA,1,"So if you are ready to get unstuck, optimize your profile and position yourself as a credible source then this Over the next 30 days, my goal is to pour myself into you and your business and set you up for success!",214,42
unaligned,valid,rf0yDSeVEUA$_$0,rf0yDSeVEUA,0,hey hey hey Sherri Brown here with a super sweet and awesome promotion for anybody looking to take their business to the next level.,132,24
unaligned,valid,rf0yDSeVEUA$_$3,rf0yDSeVEUA,3,"August ninth is the last day this will only be offered and it's to the first What's going to take place is you will be brought into the same marketing system that took me from struggling, overwhelmed, and honestly just failing in the industry, to actually generating leads daily into my business.",296,52
unaligned,valid,rojyUp4FPSg$_$26,rojyUp4FPSg,26,"With that code, you'll be able to go to a special website and the link is going to be at the bottom of this YouTube video, and it'll also be on malestandard.com, and you enter the code.",185,37
unaligned,valid,rojyUp4FPSg$_$20,rojyUp4FPSg,20,"I'm not an overly sweaty person, but I did feel dry, and when I wore this product I did not wear any other fragrances with it.",126,26
unaligned,valid,rojyUp4FPSg$_$21,rojyUp4FPSg,21,And I got a lot of good compliments actually from it.,53,11
unaligned,valid,rojyUp4FPSg$_$23,rojyUp4FPSg,23,So this is definitely something good.,37,6
unaligned,valid,rojyUp4FPSg$_$5,rojyUp4FPSg,5,"So in Male Standard fashion, the first thing we did was we looked at the shampoo and conditioner and we examined the scent.",123,23
unaligned,valid,rojyUp4FPSg$_$7,rojyUp4FPSg,7,"And if you've seen reviews in the past or read the reviews on our website, you'll see that we are big fans of subtle scents when it comes to shampoos and conditioners or body washes.",182,35
unaligned,valid,rojyUp4FPSg$_$9,rojyUp4FPSg,9,"So if you have a really overpowering scent, it will clash and just create something that's really not what we wanted.",117,21
unaligned,valid,rojyUp4FPSg$_$10,rojyUp4FPSg,10,"So what we liked is it definitely has that fresh, light scent.",62,12
unaligned,valid,rojyUp4FPSg$_$12,rojyUp4FPSg,12,And it cleans very well.,24,5
unaligned,valid,rojyUp4FPSg$_$16,rojyUp4FPSg,16,"It's the Fresh, but it is noticeably stronger.",46,8
unaligned,valid,rojyUp4FPSg$_$18,rojyUp4FPSg,18,This could be your primary scent to wear after you go to the gym or something.,78,16
unaligned,valid,rojyUp4FPSg$_$37,rojyUp4FPSg,37,Please remember to leave a comment and subscribe to our channel and visit Malestandard.com.,91,14
unaligned,valid,rojyUp4FPSg$_$36,rojyUp4FPSg,36,So thanks again for watching.,29,5
unaligned,valid,rojyUp4FPSg$_$34,rojyUp4FPSg,34,So we will be posting this video on Malestandard.com with a more in-depth written review and the link to sign up for the Apollo space camp.,139,26
unaligned,valid,rojyUp4FPSg$_$32,rojyUp4FPSg,32,The Fresh scent is really good.,31,6
unaligned,valid,rwNlqh0k1j4$_$15,rwNlqh0k1j4,15,"And over the last month, he has directed every member of his national security team to pick up the pace and move forward with ideas for degrading and defeating Daesh more rapidly, more completely, and permanently.",213,36
unaligned,valid,rwNlqh0k1j4$_$3,rwNlqh0k1j4,3,Loathing towards Assad drove thousands of Syrians into the arms of Daesh.,73,12
unaligned,valid,rwNlqh0k1j4$_$2,rwNlqh0k1j4,2,"This is a case, and there are many in history, in which two supposed enemies are in fact symbolic.",98,19
unaligned,valid,rwNlqh0k1j4$_$7,rwNlqh0k1j4,7,The relationship between Assad and Daesh clarifies one of the apparent peculiarities of this conflict – that the two extremes have only rarely targeted one another.,164,26
unaligned,valid,sC16n1k66io$_$2,sC16n1k66io,2,I think one of the best ways to talk about what it means to be a republican is to take people that republicans best identify as the leaders who are republicans.,160,31
unaligned,valid,sC16n1k66io$_$16,sC16n1k66io,16,Republicans have been at the heart and soul of environmental issues.,68,11
unaligned,valid,sPremsknoLM$_$1,sPremsknoLM,1,Now why do I say that,21,6
unaligned,valid,ssqiwP19JhM$_$10,ssqiwP19JhM,10,"Work study is set at a maximum of 2100 dollars, so it is not a vehicle that should be used to manage the family contribution really nor is it meant for students to be sending home.",180,36
unaligned,valid,ssqiwP19JhM$_$2,ssqiwP19JhM,2,And we do want all financial aid forms to be submitted at the same time that the admission application is submitted.,116,21
unaligned,valid,szic2IB9HB4$_$5,szic2IB9HB4,5,Retail earnings did very little for consumer discretionary exchange traded funds.,81,11
unaligned,valid,tQ-CIfgj-Js$_$3,tQ-CIfgj-Js,3,"And my group is basically doing it on natural water filters using plants to purify water, which is basically a natural way to get rid of carcinogens in the water supply for people and underdeveloped countries can get access to clean water more efficiently than  paying so much money for all the devices or just like... not having water at all.",343,61
unaligned,valid,tXQpm-nKxNA$_$5,tXQpm-nKxNA,5,For those of you already pursuing an education abroad I'm very grateful and wish you well.,90,16
unaligned,valid,tXQpm-nKxNA$_$7,tXQpm-nKxNA,7,And to those students who have yet to study abroad I urge you to stretch your boundaries and your imaginations and set off on your own adventures.,146,27
unaligned,valid,uacdDoBtT1k$_$0,uacdDoBtT1k,0,"In developed economies the youth unemployment rate will decline in the next 5 years, from the current 17.5% to 15.6% in 2017. This decline is mainly related to the fact that increasingly young people are dropping out of the labour market, as they find it more and more difficult to find a job.",293,53
unaligned,valid,uacdDoBtT1k$_$6,uacdDoBtT1k,6,"But so far, from a statistical point of view, we are basically not counting them anymore as job seekers, because they have dropped out.",135,24
unaligned,valid,unNY4zIk8MM$_$1,unNY4zIk8MM,1,"Barber could offer, and how responsive her girls are to her and the needs of the team, it’s been an incredible fit the last couple years",136,26
unaligned,valid,unNY4zIk8MM$_$3,unNY4zIk8MM,3,"Whenever the team reports we’re here 30 minutes prior to them, getting things ready",83,14
unaligned,valid,unNY4zIk8MM$_$5,unNY4zIk8MM,5,"” The Rockets certified athletic trainer is Victoria Simonetti, and she also relies on the help of the managers",111,19
unaligned,valid,unNY4zIk8MM$_$8,unNY4zIk8MM,8,What do you want me to do to get the process started,52,12
unaligned,valid,uooIiW6dEyg$_$1,uooIiW6dEyg,1,And this waste we throw away for good,37,8
unaligned,valid,uooIiW6dEyg$_$5,uooIiW6dEyg,5,"If it is an economic asset, it means that we will pay more attention to it, both when we recycle at home and and also when companies begin their manufacturing process",166,31
unaligned,valid,v2Rr-EsJda8$_$0,v2Rr-EsJda8,0,"PROTESTING, THE BIGGER PROBLEM IS ACTUALLY THE UNDERLYING ONE",61,9
unaligned,valid,v2Rr-EsJda8$_$6,v2Rr-EsJda8,6,THE SECOND PART IS WHY THIS IS A REALLY ADJUSTING STORY TODAY,61,12
unaligned,valid,v9gjg7TDlTA$_$0,v9gjg7TDlTA,0,"Our recipients of those microloans, they do not use those loans efficiently.",76,12
unaligned,valid,v9gjg7TDlTA$_$4,v9gjg7TDlTA,4,"It seems that programs do more bad than good, which is really counterintuitive and surprising.",94,15
unaligned,valid,vHzbn_YW76s$_$3,vHzbn_YW76s,3,We don't like to be rude with people but if we have to we will be.,66,16
unaligned,valid,vU0a4F36Ksw$_$13,vU0a4F36Ksw,13,"And finally, I also look at high technology or information technology and how that impacts how we manage companies, how we manage information, and how we manage people",167,28
unaligned,valid,vU0a4F36Ksw$_$12,vU0a4F36Ksw,12,"I also deal in the field of managing organizations and managing projects, so I look at that intersection with social entrepreneurship",133,21
unaligned,valid,vU0a4F36Ksw$_$17,vU0a4F36Ksw,17,My last two papers actually resulted from having participated in research that originated at the University,107,16
unaligned,valid,vU0a4F36Ksw$_$0,vU0a4F36Ksw,0,"[music] Jamie Gruman: I think the main strength of the program is that it can be completed in a reasonable amount of time, and you finish the program with very solid, strong research skills that allow into you to take those skills either into industry or into an academic job",275,50
unaligned,valid,vU0a4F36Ksw$_$3,vU0a4F36Ksw,3,So the culture is very supportive,33,6
unaligned,valid,vU0a4F36Ksw$_$5,vU0a4F36Ksw,5,"People are interested when you actually publish something, or when you present something, and it's always questioning the big why are you doing this",148,24
unaligned,valid,vU0a4F36Ksw$_$7,vU0a4F36Ksw,7,"Jamie Gruman: We've had students investigate a wide variety of issues, in the program",85,14
unaligned,valid,vU0a4F36Ksw$_$20,vU0a4F36Ksw,20,They want to learn,18,4
unaligned,valid,vbr3EA8cJTI$_$0,vbr3EA8cJTI,0,Thank you so much for joining me today on our healthy version of how to do snacks right.,88,18
unaligned,valid,vbr3EA8cJTI$_$2,vbr3EA8cJTI,2,"I have my yam chips, and you'll see it's a very small amount because I keep eating them.",88,18
unaligned,valid,vbr3EA8cJTI$_$7,vbr3EA8cJTI,7,"But, even if it means you are not making your own nut/trailmix, go buy some.",76,15
unaligned,valid,vbr3EA8cJTI$_$6,vbr3EA8cJTI,6,"Again, the two tips that I really encourage you to invest some time in: plan and prepare, that may mean some cooking at home.",125,24
unaligned,valid,wF8980oGklk$_$24,wF8980oGklk,24,The children when they are sent off to use the iPads or the computers know that they are going to work,102,21
unaligned,valid,wF8980oGklk$_$25,wF8980oGklk,25,And that's what makes teaching so much easier,45,8
unaligned,valid,wF8980oGklk$_$1,wF8980oGklk,1,Same gentleman most of the time came,36,7
unaligned,valid,wF8980oGklk$_$0,wF8980oGklk,0,Before we started working with CENTORRINO Technologies we had a local firm that worked with us,94,16
unaligned,valid,wF8980oGklk$_$3,wF8980oGklk,3,He didn't have a knowledge of how the CEO worked and what the requirements were,79,15
unaligned,valid,wF8980oGklk$_$2,wF8980oGklk,2,It was a little limiting,24,5
unaligned,valid,wF8980oGklk$_$6,wF8980oGklk,6,They were using CENTORRINO as well and had good reports back about those so we thought we'd have a chat,103,20
unaligned,valid,wF8980oGklk$_$17,wF8980oGklk,17,We are leaning towards more of a Mac school and that's been something that has been a real bonus for us,103,21
unaligned,valid,wosolsrH3sM$_$6,wosolsrH3sM,6,"Of course, we extend our deepest condolences to all the families and all those affected by this senseless violence, and we reaffirm our commitment to support the Iraqi people and the Government of Iraq as they work to defeat Daesh.",231,40
unaligned,valid,x-zGBp7axao$_$3,x-zGBp7axao,3,"I grew up Republican, but I think it is a big day in history today and I don't think it matters what party the president is and I think we need change, we need the economy to pick up, we need the world to be a better place and if Obama is going to be the one to do it, then I'm all for it.",289,65
unaligned,valid,x2lOwQaAn4g$_$4,x2lOwQaAn4g,4,All of these exercises are jean friendly and guarantee getting in some fitness time even on work hours,102,18
unaligned,valid,xUgAP84vsg4$_$15,xUgAP84vsg4,15,I'm sure you will make great friends with the   fellow students just as you would on-campus.,92,16
unaligned,valid,xUgAP84vsg4$_$4,xUgAP84vsg4,4,"You are joining the over 25,000 students that participate   in one of Gateway's over 65 degree programs.",104,17
unaligned,valid,xUgAP84vsg4$_$8,xUgAP84vsg4,8,There are many student engagement programs that take place.,59,9
unaligned,valid,xivYoEUQ5sk$_$5,xivYoEUQ5sk,5,"One of the best things about it is that while Philisophy doesn't seem like it's applicable to real life situations, everything that you learn in this program, you use on a day-to-day basis",188,33
unaligned,valid,xivYoEUQ5sk$_$4,xivYoEUQ5sk,4,"They want this program to succeed, they want you to succeed so it's, it's been a fantastic experience so far",108,20
unaligned,valid,xjsaS-LeZ14$_$20,xjsaS-LeZ14,20,"So if it's a floral company, you would file the card under F for flowers.",73,15
unaligned,valid,xjsaS-LeZ14$_$14,xjsaS-LeZ14,14,"And I'm going to use these business card sheets that are again, available at Staples.",85,15
unaligned,valid,xjsaS-LeZ14$_$6,xjsaS-LeZ14,6,"So it's time to gather all those cards that don't belong in the places where they're currently at and put them in a system that is going to be easy to put away, easy to find, and easy to grab when it's time to look for that card to contact that person that you've been meaning to contact for months.",299,60
unaligned,valid,y8HXGm1-Ecw$_$7,y8HXGm1-Ecw,7,"Also when your face absorbs it, your body absorbs it and it can be dangerous for your whole body.",97,19
unaligned,valid,y9FyTEyGy5Y$_$1,y9FyTEyGy5Y,1,THE NUMBER OF STUDENTS -- FOREIGN EXCHANGE -- GROWS EVERY YEAR,62,11
unaligned,valid,zhE_68GMJIk$_$8,zhE_68GMJIk,8,"From having been the 4th richest country in the world in 1970, 25 years later we were only the 14th richest.",108,21
unaligned,valid,zhE_68GMJIk$_$5,zhE_68GMJIk,5,"In 1950, Sweden was already one of the world's richest countries, and back then taxes were lower in Sweden than in the United States.",133,24
unaligned,valid,zjYEBwXGD8I$_$13,zjYEBwXGD8I,13,So we've actually done quite a few phone calls that were mystery shopping Frontpoint - making sure that we understood how they treat their customers when it comes to tough issues or complaints or sales,201,35
unaligned,valid,zjYEBwXGD8I$_$15,zjYEBwXGD8I,15,It was focused around answering questions instead of trying to up-sell us home automation or an extra camera,108,18
unaligned,valid,zjYEBwXGD8I$_$0,zjYEBwXGD8I,0,"Hey guys, this is David over at A Secure Life",45,10
unaligned,valid,zjYEBwXGD8I$_$2,zjYEBwXGD8I,2,Frontpoint is actually been our #1 pick for 9 years running,59,11
unaligned,valid,zjYEBwXGD8I$_$4,zjYEBwXGD8I,4,We're going to do a deep dive and go into what really sets Frontpoint apart from it's competitors and what you're going to get if you do decide to go with Frontpoint,165,32
unaligned,valid,zjYEBwXGD8I$_$9,zjYEBwXGD8I,9,They also offer a 30-day money-back guarantee which will allow you to test out the sensors and the system in your home,118,22
unaligned,valid,zk2jTlAtvSU$_$3,zk2jTlAtvSU,3,They differ from the articles of incorporation generally in that they are not filed with the secretary of state's office in the state in which the corporation is incorporated.,175,29
unaligned,test,-AUZQgSxyPQ$_$2,-AUZQgSxyPQ,2,"The perfect soul mate to the Clarisonic Spot Therapy Brush, this gentle, Ph balanced and hydrating exfoliant containing jojoba and acai fruit oils and bamboo and prickly bear extracts deliver intense healing, while smooth granules buff away dead, dry skin cells.",262,41
unaligned,test,-HeZS2-Prhc$_$2,-HeZS2-Prhc,2,The August jobs report is out and it was seen overall as solid but not great.,77,16
unaligned,test,-MeTTeMJBNc$_$0,-MeTTeMJBNc,0,"Okay, what happens at this point after we've taken this brief walk down memory lane, is the presentation of the gift.",117,21
unaligned,test,-RfYyzHpjk4$_$2,-RfYyzHpjk4,2,"You can make a conference call but it takes quite a bit of planning, well not a lot of planning it's pretty easy to do.",119,25
unaligned,test,-s9qJ7ATP7w$_$2,-s9qJ7ATP7w,2,"Winning's easy, you win, you're happy, you get a high five, your friends are happy",82,15
unaligned,test,-s9qJ7ATP7w$_$5,-s9qJ7ATP7w,5,"I have been beat up and put down and everything that can go wrong, has gone wrong for me",88,19
unaligned,test,-s9qJ7ATP7w$_$6,-s9qJ7ATP7w,6,But I just kept going,21,5
unaligned,test,-yRb-Jum7EQ$_$1,-yRb-Jum7EQ,1,"it comes with the assistance and agitation of states and regimes, Yesterday Iran announced that it will finance the families of the terrorists and murderers this shows that Iran, even after the nuclear agreement, is continuing to aid terrorism, including Palestinian terrorism, Hezbollah terrorism and its assistance to Hamas.",326,49
unaligned,test,0K7dCp80n9c$_$6,0K7dCp80n9c,6,"But what happens is, the softener resin does not want to fully let go of all of the iron that it captures, and the resin becomes fouled.",136,27
unaligned,test,0YiAKqU36KE$_$1,0YiAKqU36KE,1,"So every nook and corner, every commons--and the Ganga is the ultimate commons-- becomes a place to throw your garbage into",123,21
unaligned,test,0YiAKqU36KE$_$0,0YiAKqU36KE,0,The filth that you see in India with this throw away culture is a result of the fact that there is no industrially organized system to pick it up,145,29
unaligned,test,0bxhZ-LIfZY$_$4,0bxhZ-LIfZY,4,"Education, health care, all these critical if not dealt with and kept to the last, will turn India into less of a superpower than it can be.",140,27
unaligned,test,100178$_$15,100178,15,(umm) It's only PG,18,4
unaligned,test,10219$_$10,10219,10,Overall I would give it a five out of five stars because I have the previous two DVDs,85,18
unaligned,test,10219$_$1,10219,1,"This is the third DVD in the series and it contains (uhh) four episodes episodes eleven, twelve, thirteen and fourteen",118,20
unaligned,test,10219$_$5,10219,5,And (uhh) it introduces (umm) a couple new characters (umm) new situations and it really adds a lot to the story,112,21
unaligned,test,102213$_$2,102213,2,"Like Jim Carey, Morgan Freeman and I like Steve Carell too so I figured okay you know the sequel will be pretty good",116,23
unaligned,test,102213$_$5,102213,5,And I'm afraid it wasn't,24,5
unaligned,test,102213$_$7,102213,7,"There seems to be a ton of CG but there also seems to be a ton of real animals and I'm not sure why they would have blown all that money when they could have just you know CG's it all, because the animals really weren't that impressive",235,48
unaligned,test,102389$_$5,102389,5,It did not hold the attention of my five year old,49,11
unaligned,test,104741$_$0,104741,0,"Hi, (umm) today the product that I'm going to review is a DVD",61,13
unaligned,test,104741$_$5,104741,5,"And it's about the four boys trying to save (umm), some sort of Armageddon between us and Canada",96,18
unaligned,test,107585$_$12,107585,12,And It felt like the you know there's like just a little bit just way too typical of a boring film that tries really hard to be funny but it's just not funny at all and it's not it's not (stutter) witty,202,42
unaligned,test,107585$_$18,107585,18,"It's just really boring, bland film that even the plot it didn't really have anything going on for that",103,19
unaligned,test,107585$_$1,107585,1,"(umm) This is a movie I though was going to be pretty funny because the trailer looked pretty funny and it's got you know Robin Williams, which I personally like and thought you know he's gonna bring some entertainment to this movie",232,42
unaligned,test,108146$_$3,108146,3,Ocean's Thirteen not good at all,32,6
unaligned,test,110565$_$1,110565,1,"I expected more, I'd seen the previews and I thought it looked like a pretty good story",87,17
unaligned,test,110565$_$5,110565,5,"You know, I love the fact of what the story about, in fact in even made me cry in the end",89,21
unaligned,test,111881$_$11,111881,11,It didn't,9,2
unaligned,test,111881$_$10,111881,10,"So I was left watching this by myself, and I went ahead and watched it all the way through to the end so I could do this review and I was hoping that it would get better in the end",180,40
unaligned,test,111881$_$15,111881,15,I'm glad I didn't pay money to go see this at the movies,56,13
unaligned,test,111881$_$4,111881,4,"I mean there was a few funny parts and I expected more from you know, considering all the stars it has in it",108,23
unaligned,test,111881$_$7,111881,7,"So I guess I just expected a few more, a a (stutter) better movie from these (umm) actors",89,18
unaligned,test,111881$_$6,111881,6,", Andy Dick, George Carlin and Sigourney Weaver just to name a few",66,13
unaligned,test,112425$_$10,112425,10,"(umm) I think that (uhh) a lot of the more recent videos from Disney such as The Emperor's New Groove, (umm) Over the Hedge, and stuff like that, they've had a lot of real high brow (umm) you know adult comedy but, I think Ratatouille does a very good job in (umm) sticking to it's target audience which is kids and you know, hyping that to how Disney movies used to be, you know, with with kids jokes and not these kinds of inane sexual references so I would highly recommend Ratatouille",488,92
unaligned,test,112425$_$1,112425,1,My name is Jordan and today I will be reviewing the movie Ratatouille,69,13
unaligned,test,112425$_$7,112425,7,"(umm) I I (stutter) love the storyline, it's so incredible, it's like anyone can cook",85,15
unaligned,test,112509$_$4,112509,4,(umm) Felt pretty rehashed,26,4
unaligned,test,116213$_$3,116213,3,"But, word of caution",20,4
unaligned,test,121400$_$0,121400,0,"Hi I'm Caroline, today I'd like to review The League of Extraordinary Gentlemen",79,13
unaligned,test,126872$_$11,126872,11,One out of five,15,4
unaligned,test,130366$_$11,130366,11,"But it felt (uhh) at least like three hours and the fact that they kept rewinding the story where she keeps reliving the same week over and over, (uhh) it felt extremely long (uhh) and (uhh) it just really went on a long time",225,44
unaligned,test,130366$_$2,130366,2,And this is a psychological thriller,36,6
unaligned,test,130366$_$4,130366,4,(uhh) {clears throat} And so we keep seeing a lot of same events over and over again,84,17
unaligned,test,132028$_$7,132028,7,"(uhh) Trailers, DVD-rom features, (umm) great audio and video quality so it's got a lot of features and it's generally a great DVD set but the movie's not really that good so I (stutter) don't think I'll recommend it",216,39
unaligned,test,135623$_$5,135623,5,"I don't know, I'm not really into that, and the action in it was really not that exciting",89,18
unaligned,test,135623$_$8,135623,8,I think that they could have done a much better job on that movie,65,14
unaligned,test,136196$_$0,136196,0,"Hi, this is my review of Jurassic Park Three",44,9
unaligned,test,136196$_$9,136196,9,(uhh) the story's just kind of a rehash of the previous movie and it overall just feels very forced,99,19
unaligned,test,136196$_$8,136196,8,There's really not a whole lot original original (stutter) concept left in it,77,13
unaligned,test,167521$_$17,167521,17,You (uhh) you won't be disappointed,35,6
unaligned,test,167521$_$16,167521,16,I definitely recommend you guys watching that movie,51,8
unaligned,test,167521$_$5,167521,5,But basically this movie it was more xxx than your average action movie,71,13
unaligned,test,190743$_$13,190743,13,When I'm watching a movie of something you know with with (stutter) actors of this caliber I expect to watch something that's new and unique and I didn't find that with this movie,179,33
unaligned,test,190743$_$17,190743,17,I don't think Samuel L Jackson should have been in it and I think that Julianna Moore lowered herself to play the person in this movie,134,26
unaligned,test,190743$_$5,190743,5,I do not like this movie,24,6
unaligned,test,194299$_$14,194299,14,So that's what the storyline is about,37,7
unaligned,test,194299$_$4,194299,4,(umm) And I have to say that I was not overly impressed with this movie,71,15
unaligned,test,194299$_$9,194299,9,So (umm) the story is about (uhh) Tim Allen's character (umm) now has lost all his powers,89,17
unaligned,test,198112$_$12,198112,12,"(uhh) But it's really good, I really enjoy it",45,9
unaligned,test,198112$_$0,198112,0,"{movie} Hey what's up Expo videos, I'm here to talk about Napoleon Dynamite",75,13
unaligned,test,198112$_$5,198112,5,(uhh) Napoleon Dynamite is definitely a classic comedy of our age I guess you could say,87,16
unaligned,test,198112$_$9,198112,9,"One of the best comedies out there of our age as opposed to like, those other comedies that are actually really stupid with just bad bad (stutter) jokes and what not",165,31
unaligned,test,198112$_$8,198112,8,And it's (stutters) intelligently made I think,46,7
unaligned,test,1HS2HcN2LDo$_$1,1HS2HcN2LDo,1,"1) Be ready early - We’ve heard from employers who call job seekers during their scheduled time, only to be met with a voice mail",129,25
unaligned,test,1HS2HcN2LDo$_$9,1HS2HcN2LDo,9,"You may be thinking, “Kim, seriously",36,6
unaligned,test,1S6ji_d4OLI$_$9,1S6ji_d4OLI,9,So we dug a little bit deeper into this and again developed a very sound economics OR type of model.,100,20
unaligned,test,1jogeKX0wGw$_$4,1jogeKX0wGw,4,Over 10 million business owners have already selected GoodAccountants.com.,74,9
unaligned,test,1pl2FVdQWj0$_$2,1pl2FVdQWj0,2,"Where are they from, where do they go to school, what was their life like growing up, what was their career like, what were the highs of their career, what were the lows of their career, do they have a family, do they like basketball, do they eat pizza with pepperonis?",269,51
unaligned,test,200941$_$10,200941,10,"(stutter) I guess I didn't like the plot so once the plot got ruined, I really didn't care",90,18
unaligned,test,202826$_$10,202826,10,So (uhh) I give the movie two out of five stars,47,11
unaligned,test,202826$_$7,202826,7,"(uhh) The movie stars John Grisham, I mean {laughter} the movie stars George Clooney as Michael Clayton and (uhh) he actually, he does a pretty decent job and (uhh) anyways, Michael Clayton is (uhh) the fixer of the law firm, (uhh) takes care of all the messy messy (stutter) corporate cases",291,51
unaligned,test,206585$_$3,206585,3,(umm) He's looking for some some (stutter) extra sizzle to add into his life and he meets up with a dance instructor who is played by Jennifer Lopez and basically she convinces him to sign up for some ballroom lessons,217,40
unaligned,test,208322$_$12,208322,12,(uhh) Save your money and rent (uhh) the classic Willy Wonka and you'll enjoy (uhh) the experience a whole lot better,117,21
unaligned,test,208592$_$2,208592,2,(umm) Now about Saawariya,25,4
unaligned,test,208592$_$9,208592,9,"(uhh) Was bad, bad (stutter) part of New York actually, you know, going to the movies",85,16
unaligned,test,209758$_$15,209758,15,So again I really think you should pick it up,45,10
unaligned,test,209758$_$3,209758,3,Of course he was the tallest kid,32,7
unaligned,test,209758$_$5,209758,5,So he finds out that he (umm) has a dad somewhere else (uhh) and he travels to New York City,92,20
unaligned,test,20LfN8ENbhM$_$1,20LfN8ENbhM,1,Therefore he can add value and be a great fit for this organization,67,13
unaligned,test,210259$_$11,210259,11,"It's it's (stutter) not at all good, I'm sorry for the words but that's what the movie is",89,18
unaligned,test,210259$_$16,210259,16,"Do not go in theaters to watch this movie, this (uhh) movie's no good",69,14
unaligned,test,210259$_$0,210259,0,"Hi, my name is Anaj and today I'm reviewing the movie Lions for Lambs which is currently playing in theaters nationwide",119,21
unaligned,test,210259$_$8,210259,8,Everyone I talks to said that it did not make any sense,55,12
unaligned,test,210433$_$0,210433,0,"Hey guys, today we've got Men In Black Two which is the sequel to the first Men In Black based on the (uhh) I believe it was a Dark Horse comic starring Will Smith and Tommy Lee Jones",183,38
unaligned,test,210433$_$7,210433,7,"It just wasn't as funny, wasn't as entertaining",47,8
unaligned,test,211875$_$4,211875,4,Well if you've seen the previews you've seen the best parts of the movie,72,14
unaligned,test,211875$_$8,211875,8,"(umm) Just, it (stutter) oh my gosh it's so (stutter) my eleven year old son did, about halfway through he was ready to go home",127,25
unaligned,test,213327$_$6,213327,6,I (umm) like I said definitely do not waste your eighty-eight minutes (umm) xxx (umm) watching this,99,17
unaligned,test,213327$_$8,213327,8,"If you're looking for comedy, then {laughter} rent or buy a comedy and if you're looking for something that's going to scare you, then I would definitely just rent or buy a horror movie because this movie just didn't do it for me",229,43
unaligned,test,215318$_$12,215318,12,"(umm) Two of em, for ""Overprotective"" and ""I'm Not A Girl, I'm Not Yet A Woman""",79,16
unaligned,test,221137$_$2,221137,2,"And Smiley face is (umm) kind of the same (uhh) genre of movies as (umm) you know the Cheech and Chong movies, and (uhh) Half Baked, Grandma's Boy, that kind of like stoner movie",178,34
unaligned,test,221137$_$5,221137,5,"But (umm) it's not funny (umm) it's really really just a bad movie and (uhh) if you want to see a good stoner movie see Half Baked, it's really funny",149,30
unaligned,test,221153$_$14,221153,14,I'd probably only give it a two out of five stars,49,11
unaligned,test,221153$_$16,221153,16,But two out of five stars,25,6
unaligned,test,221153$_$6,221153,6,And so (umm) that's exactly what they do,40,8
unaligned,test,221153$_$20,221153,20,"(uhh) three thousand Miles to Graceland, Kurt Russell and Kevin Costner",71,11
unaligned,test,22373$_$10,22373,10,"(umm) It's, it (stutter), I wouldn't suggest this, it's (uhh) not a, not a very great movie, not all very well put together",123,23
unaligned,test,22373$_$1,22373,1,It has Michael Douglas and Val Kilmer in it,43,9
unaligned,test,22373$_$2,22373,2,"(umm) I don't think is one of the best movies (uhh) ever it's about (umm) is about (uhh) two guys who go to Africa because they've been called upon because (uhh) a village over there in East Africa, this is set in 1996, has a problem because there's two man-eating lion, lions (stutter) who are (uhh) killing a lot of the people there",334,63
unaligned,test,22373$_$7,22373,7,"But (uhh) (uhh) this is (uhh) I wouldn't, it's not really a action movie I'd classify more as like a, it's like a story",119,24
unaligned,test,224263$_$13,224263,13,Those are all great movies,26,5
unaligned,test,224263$_$14,224263,14,This movie just jumped on the superhero bandwagon and just did not do a good job at retelling the true story of the Fantastic Four group,136,26
unaligned,test,224263$_$3,224263,3,The movie is just really not that great,39,8
unaligned,test,224370$_$3,224370,3,Do not go out there and watch it,32,8
unaligned,test,224370$_$5,224370,5,Usually I'm a big Nicholas Cage fan but this time he completely missed his mark,79,15
unaligned,test,224370$_$11,224370,11,Running across the room is very dramatic when everyone is shooting at you,73,13
unaligned,test,224370$_$15,224370,15,"(umm) There's a scene where they mix actual real life cannon firing video with filmed video, and it's just very awkward to watch",128,23
unaligned,test,224631$_$5,224631,5,"You have behind-the-scenes documentaries, cast and crew commentary, music only audio track, follow the white rabbit and take the red pills for more mysteries, mind bending extras",178,27
unaligned,test,226601$_$11,226601,11,(uhh) Didn't get it,19,4
unaligned,test,226601$_$18,226601,18,"So I would not recommend this one, (uhh) even with all the bonus footage",72,14
unaligned,test,226601$_$0,226601,0,"Hello, I'm reviewing the movie The Missing starring Tommy Lee Jones and Cate Blanchett",86,14
unaligned,test,226640$_$9,226640,9,(uhh) I again recommend it with two of five stars,49,10
unaligned,test,22689$_$1,22689,1,"But unfortunately, I don't think an all-star cast really makes up or really makes the film",90,16
unaligned,test,22689$_$0,22689,0,"Hi, this is Jack and I'm reviewing the new movie out (umm) The Good Shepherd, (umm) starring Matt Damon, Angelina Jolie, William Hurt, Alec Baldwin, Robert De Niro, so I mean, obviously you can tell it's got an all-star cast",224,40
unaligned,test,234046$_$1,234046,1,(umm) In this movie Keanu Reeves plays a sort of (umm) exorcist kind of a character where he performs exorcisms and he is (uhh) in touch with the demon world,157,30
unaligned,test,236442$_$3,236442,3,It seemed like there was a lot of drag time in this movie,57,13
unaligned,test,23656$_$1,23656,1,It is in theaters almost everywhere,35,6
unaligned,test,23656$_$0,23656,0,"Hello, I'm doing a movie review of the movie Eragon",51,10
unaligned,test,23656$_$2,23656,2,"Now I'm a fan of Harry Potter, I've seen all the Harry Potter movies",68,14
unaligned,test,23656$_$7,23656,7,"And actually, while I was at Eragon I wanted to be Eragone out of the theater and away from that movie",102,21
unaligned,test,23656$_$9,23656,9,"It wanted me to go to, go to (stutter) sleep to be honest",57,13
unaligned,test,23656$_$15,23656,15,It's for younger boys who maybe have read the book too because then they'll like seeing everything they read in the book come to life,133,25
unaligned,test,237363$_$10,237363,10,It has the same director as the guy from Nightmare Before Christmas,67,12
unaligned,test,237363$_$4,237363,4,(uhh) This movie is a musical,29,6
unaligned,test,238063$_$15,238063,15,So (umm) I am disappointed in the way it was presented,54,11
unaligned,test,238063$_$17,238063,17,John Malkovich was okay he didn't help though,45,8
unaligned,test,238063$_$16,238063,16,"It is an epic tale, it's a good story, it's a great history about people, (umm) animation of the the (stutter) new age (uhh) type deal was terrible, and like I said she didn't fit the character",193,37
unaligned,test,238063$_$7,238063,7,"Grendel is a really bad guy, he's a monster",43,9
unaligned,test,24196$_$0,24196,0,"Hi, I'm reviewing the movie Rocky Balboa, which is currently in theaters",72,12
unaligned,test,24196$_$3,24196,3,(umm) I just thought this was too much,38,8
unaligned,test,243981$_$10,243981,10,Like when (umm) xxx it was really offensive and it wasn't that funny and like they were they (stutter) like pretty they go to the extreme all the time,150,29
unaligned,test,243981$_$1,243981,1,"Well there's one thing that you need to know about Meet the Spartans, it is like three hundred, (stutter) obviously as you should know",134,24
unaligned,test,243981$_$4,243981,4,And like (umm) Well Meet the Spartans is a very cheap knock off,63,13
unaligned,test,243981$_$6,243981,6,"(stutter) It was spent a whole bunch of money on it, but it wasn't that great",77,16
unaligned,test,24504$_$10,24504,10,But the DVD has special edition stuff so if you wanna see (uhh) behind the scenes and things like that,102,20
unaligned,test,245582$_$11,245582,11,"And but there were some scenes that were, that went over the top with trying to make it humorous by, and, (stutter) it ended up just being disturbing or disgusting",163,30
unaligned,test,245582$_$13,245582,13,Or whatever,11,2
unaligned,test,245582$_$16,245582,16,But it's not as bad as I thought it would be,44,11
unaligned,test,245582$_$4,245582,4,"I heard that people thought it was gonna be like, really hilariously funny and they're not really smart",103,18
unaligned,test,252097$_$12,252097,12,I just don't like it and I hope they don't keep on making more like this,72,16
unaligned,test,252097$_$4,252097,4,They're just all these lame attempts that just keep on referencing movies over and over and they're just not even funny,119,21
unaligned,test,252912$_$13,252912,13,(uhh) Will Ferrel the parts that I watched you know he's kind of funny but the writing in it's terrible and they don't really give him much to work with and it seems like he kind of may have had a jerk director that wouldn't let him you know do his thing and experiment and play around and be as (uhh) (uhh) improvious as he would want to be,341,69
unaligned,test,257277$_$1,257277,1,It's the king of movies here and today I'm going to (stutter) review Step Up Two the Streets which is a new movie in theaters,125,25
unaligned,test,257277$_$3,257277,3,"(uhh) If you're interested at all in dancing (uhh) like (stutter) street, excuse me, street style dancing (uhh) like (uhh) (stutter) You Got Served and that kind of dancing you might enjoy this film",198,34
unaligned,test,257277$_$5,257277,5,(uhh) Just like regurgitated stuff,34,5
unaligned,test,257534$_$4,257534,4,"(umm) What this movie is about is Asia Argento, who plays an ex-prostitute",74,13
unaligned,test,267466$_$24,267466,24,I think it would be enough to swallow (umm) the whole scandal thing,67,13
unaligned,test,267466$_$44,267466,44,Don't waste your time seeing it in a theater,44,9
unaligned,test,267466$_$42,267466,42,But this one was kind of fantastical and weird and out there and just not worth my time,87,18
unaligned,test,267466$_$9,267466,9,It it (stutter) drew on and on,30,7
unaligned,test,267466$_$13,267466,13,"(umm) The basic plot of the story is that this guy, Franco, is a film maker and he's worried about (uhh) getting his daughter married to this extremist religious guy who's kind of crazy",185,34
unaligned,test,267466$_$38,267466,38,"(umm) If they would've broken it up I mean, then it's just different films so you can't even, it's comparing apples to oranges kind of",134,25
unaligned,test,267466$_$35,267466,35,I mean entertainment value here is what I want and that's not what I was given in this film at all,98,21
unaligned,test,267466$_$34,267466,34,"And I don't think any movie should be that complex or that complicated, foreign or not",86,16
unaligned,test,267694$_$14,267694,14,(uhh) So I really don't recommend seeing it,43,8
unaligned,test,267694$_$16,267694,16,Do not see it on dvd,20,6
unaligned,test,267694$_$3,267694,3,"It's about ninety minutes long and it's rated PG-thirteen for (uhh) crude and sexual content, comic violence, drug references, language",135,20
unaligned,test,267694$_$5,267694,5,(uhh) I guess so more people can see it,39,9
unaligned,test,267694$_$4,267694,4,(uhh) It's from the makers of Scary Movie but this one's rated PG-thirteen,74,13
unaligned,test,267694$_$7,267694,7,I thought it was kind of bad,28,7
unaligned,test,267694$_$6,267694,6,"It it's (stutter) not as good as the original Scary Movie, and it's not as good as pretty much any spoof movie",110,22
unaligned,test,273207$_$0,273207,0,I am reviewing shop girl,24,5
unaligned,test,273207$_$5,273207,5,"And so I had these expectations that this movie would be along the lines of (umm) Roxanne or (umm) You've Got Mail, Sleepless in Seattle, Never Been Kissed, that kind of cute romantic comedy",190,34
unaligned,test,273207$_$7,273207,7,(umm) It's actually a little odd,32,6
unaligned,test,273207$_$9,273207,9,A young guy that's not going anywhere and a rich older entrepreneur who's Steve Martin,86,15
unaligned,test,273250$_$20,273250,20,"And I mean, not necessarily like spy like, James Bond, but counter, like you know, investigation spy movies",107,18
unaligned,test,273250$_$3,273250,3,"So, Traitor is a movie about (uhh), it's a basic spy movie",58,12
unaligned,test,273250$_$7,273250,7,"And it turns out that this other sort of counter intelligence dude for the US, (uhh) is always seems to be connected to all of it",129,26
unaligned,test,273250$_$11,273250,11,"There's the investigation element, but that's it",48,7
unaligned,test,273250$_$12,273250,12,"You know, what's the story, what's the point",44,8
unaligned,test,273250$_$16,273250,16,"You know, it's missing the greater story to which the script plugs in to",72,14
unaligned,test,273250$_$19,273250,19,There are so many,17,4
unaligned,test,275267$_$5,275267,5,It's rated PG-thirteen,22,3
unaligned,test,27v7Blr0vjw$_$0,27v7Blr0vjw,0,"Some Boards have provision for committee members to serve who are not full Board members, not voting members of the Board.",122,21
unaligned,test,27v7Blr0vjw$_$3,27v7Blr0vjw,3,"Student affairs academic affairs, that's another area where you may have some non-Board members serving.",104,15
unaligned,test,28006$_$22,28006,22,"Don't rent it, don't buy it, don't waste your time",50,10
unaligned,test,28006$_$0,28006,0,"Hi, my name is Logan and this piece of dog crap is The League of Extraordinary Gentlemen",88,17
unaligned,test,28006$_$5,28006,5,I don't know what they were thinking when they decided that Sean Connery should star as Alan Quartermain,104,18
unaligned,test,28006$_$7,28006,7,It it's (stutter) pretty dumb,29,5
unaligned,test,28006$_$13,28006,13,It's like he was really hurting for money so he picked the first script that came along,87,17
unaligned,test,28006$_$15,28006,15,It doesn't make a lot of sense,30,7
unaligned,test,28006$_$17,28006,17,So they go up into the mountains or something after the bad guy,63,13
unaligned,test,28006$_$16,28006,16,"The action sequences are sometimes way too long and sometimes they're too short and it just, it jumps around, it's like oh he's going to his, you know, his (uhh) his castle of fortressness, we have to go get him",211,40
unaligned,test,286943$_$5,286943,5,"This movie (umm) if you saw previews for it it looks kind of funny, but this movie actually wasn't very funny",109,21
unaligned,test,29751$_$10,29751,10,"So if that gives you any indication of where this movie is going, (umm) if that doesn't I don't know what will",110,22
unaligned,test,29751$_$1,29751,1,This is a story of a bunch of college students who go to an island for (umm) a treasure hunt,92,20
unaligned,test,29751$_$9,29751,9,(umm) I I (stutter) have to mention that on the back of the dvd it actually says evil has gone wack,99,21
unaligned,test,2BuFtglEcaY$_$11,2BuFtglEcaY,11,"This event has once again been seamlessly executed, serving as a needed antithesis to the current presidential campaign",119,18
unaligned,test,2BuFtglEcaY$_$6,2BuFtglEcaY,6,I'm hoping we're going to continue that in the future,53,10
unaligned,test,2ItiGjefTRA$_$3,2ItiGjefTRA,3,"The test we're using costs forty dollars, at a local pharmacy and there's no need to pay eighty dollars for two, when you could have done it with one.",150,29
unaligned,test,2ItiGjefTRA$_$4,2ItiGjefTRA,4,"The test can only be used on urine, you're not going to be able to test blood or saliva or any other bodily fluids, so there's really no point in using anything but urine.",171,34
unaligned,test,2W-U94hXuK0$_$3,2W-U94hXuK0,3,"Or I see what happened in the Rwandan genocide, with the slamming of babies against the walls of churches, you know, of families seeing their own children killed in front of their eyes, and other loved ones.",207,37
unaligned,test,2W-U94hXuK0$_$4,2W-U94hXuK0,4,And I see the brutality and the animus in the eyes of the people doing those crimes.,84,17
unaligned,test,2fbBrB1nJEQ$_$0,2fbBrB1nJEQ,0,"We are now inside the main auditorium, where family and friends will witness the entire event - what a fanatic view their are treated too today",143,26
unaligned,test,2m58ShI1QSI$_$2,2m58ShI1QSI,2,"That brings us to tonight, the Universal Design Grand Challenge",63,10
unaligned,test,2vsgDSlJ9pU$_$0,2vsgDSlJ9pU,0,I'm Don Varney of Varney Speaks and on behalf of Expert Village.,64,12
unaligned,test,2vsgDSlJ9pU$_$13,2vsgDSlJ9pU,13,"Get a special phone, special email, get your family aware of what's going on, take the entry level job if that's what it takes, and just have yourself a great interview processing.",180,32
unaligned,test,2ze94yo2aPo$_$0,2ze94yo2aPo,0,"For over 10 years HOCK international has offered high-quality CIA study materials in English, and now in partnership with Al-Joman Consultancy in Amman, Jordan, (Sarh Al-Joman Training) we are pleased to offer our high-quality CIA Textbooks in Arabic.",251,38
unaligned,test,2ze94yo2aPo$_$5,2ze94yo2aPo,5,"Shipping is free to all Arabic-speaking countries, and orders are fulfilled from Amman for delivery in just a few days.",119,20
unaligned,test,35694$_$10,35694,10,I'm pretty sure,15,3
unaligned,test,35694$_$17,35694,17,"Not a whole lot, but it has like how they created you know, some of the (umm) some of the character, you know, CGI stuff, and everything like that, and how they destroyed a lot of the buildings and stuff like that, but I mean, the movie kind of just isn't that great, so I mean you probably don't wanna pick this DVD up because (umm) the movie's not that great, so you won't be that interested in the special features, so (umm) I'd skip over this one and (uhh) look for another one",481,94
unaligned,test,3At-BKm9eYk$_$5,3At-BKm9eYk,5,"Maybe I can say it was one of the worst days in my life, but it changed to one of the best days in my life later",112,27
unaligned,test,3HyAaqre_Fk$_$2,3HyAaqre_Fk,2,"The one thing that really stands out is no matter which conference I attend, there seems to be very close to a consensus on many issues.",136,26
unaligned,test,3HyAaqre_Fk$_$6,3HyAaqre_Fk,6,"I also had a chance to watch some kids yesterday, especially I think some of the young speakers from Malawi, really made an impact.",131,24
unaligned,test,3OYY5Tsz_2k$_$7,3OYY5Tsz_2k,7,Now the cable box will come with the coax out that will go straight out of the coax box.,88,19
unaligned,test,3REPHw7oLWo$_$13,3REPHw7oLWo,13,"And so our ability to really blunt that, to get in the middle of that down at that very local level, in the store by store basis, were really critical for not just the retailer success, but everyone who puts stuff on a retail shelf.",232,45
unaligned,test,3wHE78v9zr4$_$24,3wHE78v9zr4,24,"We believe that the right to read, the right to information is a fundamental right and by ratifying Marrakesh we will secure a major victory in our right to read campaign",170,31
unaligned,test,3wHE78v9zr4$_$7,3wHE78v9zr4,7,I'm Rose Sloan and this year we are advocating for the Transitioning to Integrated and Meaningful Employment Act or the TIME Act,128,22
unaligned,test,3wHE78v9zr4$_$9,3wHE78v9zr4,9,"We want them to transition their business model to ensure that all people with disabilities, especially those being paid subminimum wages have the opportunity to transition into integrated and meaningful employment that they strive for",235,35
unaligned,test,3wHE78v9zr4$_$12,3wHE78v9zr4,12,It's time for people with disabilities to receive fair wages,60,10
unaligned,test,41381$_$7,41381,7,"It it (stutter) is a thriller (umm) he wants this woman, the woman is you know not interested in the guy so he finds a (uhh), I won't tell the story but he gets possession of this girl and then tries to take care and win her heart over, but (uhh) the story's (uhh) related to that",280,57
unaligned,test,41381$_$8,41381,8,"Watch this movie (umm) one time see, not bad",44,9
unaligned,test,424SXFTCFsA$_$3,424SXFTCFsA,3,"Angel investors, venture capitalists, accelerators, and incubators all provide different opportunities to get the resources that you need.",138,18
unaligned,test,424SXFTCFsA$_$2,424SXFTCFsA,2,"Spending on your business, you might want to start seeking investment.",70,11
unaligned,test,424SXFTCFsA$_$4,424SXFTCFsA,4,"Let's look into who these investors are, and how they can help your business.",77,14
unaligned,test,46495$_$9,46495,9,"It just, by the time you get to the end of the movie it felt like a waste of time to have watched any of it",107,26
unaligned,test,46615$_$1,46615,1,"Starring (uhh) Charlie Sheen (umm) I guess now he's trying to take himself seriously since the box says, Charles Sheen, but (uhh) this is not a movie I would pick if I was Charles Sheen to launch my serious movie career",219,41
unaligned,test,4EDblUpJieU$_$7,4EDblUpJieU,7,"Send us your detailing question through the form below, and if you don't get a reply in one business day, we will give you a 5% discount.",137,27
unaligned,test,53609$_$10,53609,10,I knew it was going to be bad,29,8
unaligned,test,53609$_$13,53609,13,"(umm) It was still pretty bad, you know? Most of the people in the movie I didn't know",86,18
unaligned,test,53609$_$3,53609,3,"You know, it's the hills have eyes, the first the one the family gets trapped, stays in the hills, (umm) which used to be, they used to test nuclear weapons there",162,31
unaligned,test,53609$_$7,53609,7,So if you saw The Hills Have Eyes One you're probably thinking why not add soldiers? But (umm) it was it was a bad movie,120,25
unaligned,test,53766$_$4,53766,4,"(uhh) spanning thirty years of their career of such a phenomenal band (uhh) that, that (stutter) really is more influential to rock (uhh) and than than (stutter) so many other bands out there, I mean there are still going today",227,40
unaligned,test,53766$_$9,53766,9,"I definitely pick it up if you are a fan, if you just are a kid today and want to know what a great rock band out there is still living and, and working and breathing sounds like you know, pick it up and check it out",216,47
unaligned,test,56989$_$12,56989,12,"(umm) Eva Mendes can't really act well, but she is extremely easy on the eyes",77,15
unaligned,test,56989$_$5,56989,5,(uhh) The story was really boring,33,6
unaligned,test,56989$_$9,56989,9,It was cool to see that,23,6
unaligned,test,59673$_$4,59673,4,And I always like it had been a movie in the back of my head that I'd been wanting to rent or buy for a long time,113,27
unaligned,test,59673$_$6,59673,6,It's like an old stool like (umm) you know like a murder theme mystery in someone's house,89,17
unaligned,test,5eY4S1F62Z4$_$13,5eY4S1F62Z4,13,"It�s not uncommon for approved buyers to get their loans denied right before their closing, although it�s getting better than it was just a couple of years ago as credit standards have begun loosening somewhat again",215,36
unaligned,test,5eY4S1F62Z4$_$17,5eY4S1F62Z4,17,"If you need to sell a property in or near Washington DC, we can help",68,15
unaligned,test,5fKPJPFqPho$_$2,5fKPJPFqPho,2,The order you number candidates is important and will impact on which candidates are elected,92,15
unaligned,test,5lrDS7LluCA$_$4,5lrDS7LluCA,4,It was just a lot of fun,24,7
unaligned,test,5pxFqJ5hKMU$_$2,5pxFqJ5hKMU,2,"My name is Adriel Torres, and I'm the owner of Ultimate Credit Today.com.",73,13
unaligned,test,5vwXp27bCLw$_$16,5vwXp27bCLw,16,Who is going to make that decision on who exactly was a speculator or who is going to make the decision on who bought a home that they could not afford.,152,31
unaligned,test,5xa0Ac2krGs$_$2,5xa0Ac2krGs,2,"The major indexes all pulled back today, all down around a half a percent, give or take, as both U.S.",101,20
unaligned,test,5xa0Ac2krGs$_$7,5xa0Ac2krGs,7,"So to find out what those are, check out the link in the description of this video and check back in about an hour for our Stock Market Today video.",148,30
unaligned,test,61531$_$3,61531,3,Today I want to talk to you about a DVD,39,10
unaligned,test,61531$_$9,61531,9,(umm) It's a classic,20,4
unaligned,test,63951$_$1,63951,1,(uhh) What Pathfinder's about is it's about before America was discovered by (stutter) Christopher Columbus it was discovered by vikings,136,20
unaligned,test,67uKYi7mslE$_$3,67uKYi7mslE,3,"We want them to know what to expect, try to give them as good an estimate as we can with their insurance",104,22
unaligned,test,67uKYi7mslE$_$4,67uKYi7mslE,4,That can be interesting at times dealing with their insurance companies because they’re sometimes a moving target,113,17
unaligned,test,69824$_$5,69824,5,And I hated it and animation was pretty terrible,48,9
unaligned,test,6EDoVEm16fU$_$13,6EDoVEm16fU,13,I've come back after my placement so much more motivated because I know what's out there and what I need to do to get there.,124,25
unaligned,test,6EDoVEm16fU$_$4,6EDoVEm16fU,4,"What I got from this role was mainly confidence, like the change throughout the year, like when you started, one of the main roles is to go to a meeting every morning where you're talking to the leaders of each Department.",222,41
unaligned,test,6EDoVEm16fU$_$6,6EDoVEm16fU,6,"it had increased massively from the start, when you're a bit shy, when you walk in.",83,16
unaligned,test,6EJHA6IDLNk$_$3,6EJHA6IDLNk,3,"Lisa Migliore Black: Well, you know, the first step is, um, has been taken: The task force has been created.",108,20
unaligned,test,6EJHA6IDLNk$_$4,6EJHA6IDLNk,4,"Of course, I asked for it because I think this first step is long overdue, as do many members.",94,19
unaligned,test,6RFVsOWK1m4$_$7,6RFVsOWK1m4,7,"For example, the consequence may be that if they continue with the inappropriate comments you'll have to discontinue their treatment.",133,20
unaligned,test,6RFVsOWK1m4$_$9,6RFVsOWK1m4,9,"If you need to discuss this, please contact me at the College at (416) 591-3828 extension 241.",94,17
unaligned,test,6brtMLkjjYk$_$0,6brtMLkjjYk,0,"If you are searching for a good investment option, consider betterment.",71,11
unaligned,test,6gtfeIqGasE$_$0,6gtfeIqGasE,0,"shook"" is kind of a burnt burnt coral they called it, and I like that it actually is the color that that they say",113,24
unaligned,test,6uoM8-9d0zA$_$4,6uoM8-9d0zA,4,subsidiary will be one of the first real-time processing systems in the U.S.,76,13
unaligned,test,79356$_$7,79356,7,"Very long movie but, (stutter) the time flies by, absolutely fantastic",70,11
unaligned,test,79356$_$9,79356,9,"(uhh) There's some tense scenes in it, some hunting scenes",58,10
unaligned,test,7IxmlIwqigw$_$20,7IxmlIwqigw,20,So there’s things included in the price of a ticket that we feel should be included.,84,16
unaligned,test,7IxmlIwqigw$_$16,7IxmlIwqigw,16,"So we already still have free drinks onboard the plane, you know, free soft drinks, free snacks.",96,17
unaligned,test,7deoh0NoMs4$_$0,7deoh0NoMs4,0,"Accenture has been positioned in the “Leaders” quadrant of Gartner, Inc.’s recently published “Magic Quadrant for Business Operations Consulting, Worldwide.",156,20
unaligned,test,7f3ndBCx_JE$_$19,7f3ndBCx_JE,19,"Three body parts, a killer introduction, and a great conclusion, but it all starts with your topic.",99,17
unaligned,test,7mb8Y2AhXIY$_$6,7mb8Y2AhXIY,6,I think the other trend I think is important people are trusting their friends and families more than ever to recommend things to them.,135,24
unaligned,test,83400$_$5,83400,5,"They don't really live, it's just survive",41,7
unaligned,test,86c2OkQ3_U8$_$22,86c2OkQ3_U8,22,"African-Americans, and all Americans, have a better life today because of Martin Luther King Jr.",96,15
unaligned,test,86c2OkQ3_U8$_$3,86c2OkQ3_U8,3,Presidents are the only other Americans who are remembered in this way.,71,12
unaligned,test,88791$_$15,88791,15,(umm) Well any good one,23,5
unaligned,test,88791$_$1,88791,1,This is the movie,17,4
unaligned,test,88791$_$2,88791,2,Phone Booth,11,2
unaligned,test,8XZszYrUSCQ$_$0,8XZszYrUSCQ,0,"Hello, my name is Brother Jack Aquilina the president of the Blue Lounge Social Club",84,15
unaligned,test,8i7u3fl-hP8$_$0,8i7u3fl-hP8,0,"Men men men men, manly men men men",34,8
unaligned,test,8lfS97s2AKc$_$0,8lfS97s2AKc,0,"Yeah, I'm never going that high again",37,7
unaligned,test,8lfS97s2AKc$_$7,8lfS97s2AKc,7,"But because I liked hanging out with Madison, I dealt with Jasmine",66,12
unaligned,test,8wNr-NQImFg$_$8,8wNr-NQImFg,8,Carson's own story is remarkable,32,5
unaligned,test,8wQhzezNcUY$_$1,8wQhzezNcUY,1,This is Begum Aga Khan and I'm very happy to join you today.,60,13
unaligned,test,8wQhzezNcUY$_$2,8wQhzezNcUY,2,Let me tell you what I believe is one of the most important things that all people should be doing in 2009 in order to fight poverty.,133,27
unaligned,test,91844$_$10,91844,10,And (umm) on the scale of one to ten,36,9
unaligned,test,91844$_$5,91844,5,(umm) Bound keeps me in suspense every time I watched it and I've seen it about a million times now,99,20
unaligned,test,91844$_$7,91844,7,But I've I've (stutter) watched it a lot,40,8
unaligned,test,91844$_$9,91844,9,"(umm) This isn't going to be a film that you can watch with your children, (umm) it's probably going to be something that you can watch on a date or (umm) with friends",167,33
unaligned,test,92291$_$1,92291,1,"Anyways, Ice Cube plays this guy named Nick Persons who has just married the woman of his dreams, Suzanne, and (umm) he wants to settle down so he buys a quiet suburban house to escape, you know, the hustle and bustle of, you know, the city life",245,47
unaligned,test,92291$_$2,92291,2,"{clears throat} And (umm) and, you know, to open up space for his new wife and (stutter) kids, Lindsay and Kevin",112,21
unaligned,test,92291$_$5,92291,5,"I just felt like all the jokes were not that funny, (umm) and there were some funny parts but really not, not (stutter) really",126,24
unaligned,test,92496$_$0,92496,0,"Hey, (uhh) this is a review of Are We Done Yet which is a (uhh) (uhh) abysmal movie starring (uhh) ice cube",107,22
unaligned,test,93iGT5oueTA$_$12,93iGT5oueTA,12,"And breaking bad, again, I just did not care about all of these men, sorry",74,15
unaligned,test,93iGT5oueTA$_$4,93iGT5oueTA,4,Rory and books in Gilmore Girls,31,6
unaligned,test,94481$_$2,94481,2,It's epic,9,2
unaligned,test,94481$_$4,94481,4,"(umm) The the (stutter) battles, is, they're perfect",52,8
unaligned,test,97ENTofrmNo$_$0,97ENTofrmNo,0,"Hi, Harrison Ford here, inviting you to join me and Ryan Gosling on the set of the new Blade Runner movie, here in Budapest",123,24
unaligned,test,9GzFQBljNIY$_$0,9GzFQBljNIY,0,as opposed to pursuing rationality,34,5
unaligned,test,9PzZSheh10U$_$24,9PzZSheh10U,24,"Let's build the right strategies or programs to increase customer loyalty, and let's take what our customers are saying and include their feedback",146,23
unaligned,test,9PzZSheh10U$_$23,9PzZSheh10U,23,A customer-centric organization speaks like this: Our customers are telling us we need to do more of this or less of that,121,22
unaligned,test,9PzZSheh10U$_$5,9PzZSheh10U,5,"A question that I'm asked very frequently is, ""what is the difference between customer experience, customer service, and customer centricity?"" Let's start off by explaining what customer experience is: customer experience is a collection of events that your customers experience or goes through when doing business with you from beginning to end",345,52
unaligned,test,9PzZSheh10U$_$19,9PzZSheh10U,19,Let me give you an example,26,6
unaligned,test,9cYNT_YSo8o$_$2,9cYNT_YSo8o,2,"We’ll never forget the horrors of genocide in Bosnia or the many other crimes committed on all sides of the conflict in the former Yugoslavia, nor will we ever stop honoring their victims and survivors.",202,35
unaligned,test,9orb0lQnVW4$_$0,9orb0lQnVW4,0,"This is Patrick Munro, financial adviser, remarking on our home equity lines of credit being lowered.",101,16
unaligned,test,A1lFJXUpxZo$_$7,A1lFJXUpxZo,7,I think one of the things that New Futures is very well positioned to do is to get good input and involvement from the community into the Promise Neighborhood initiative.,170,30
unaligned,test,AB1PbMaW03s$_$13,AB1PbMaW03s,13,"Then it sent the Arduino some commands and received the replies, pausing after each one.",88,15
unaligned,test,AB1PbMaW03s$_$3,AB1PbMaW03s,3,"The goal of the project is to run theater lights from my TI-84. For more details, click the link in the description.",116,22
unaligned,test,AB1PbMaW03s$_$8,AB1PbMaW03s,8,"Notice that the Arduino is going to be powered by the calculator, not a computer.",81,15
unaligned,test,AHiA9hohKr8$_$0,AHiA9hohKr8,0,"sector, and a more growth-promoting sector",42,6
unaligned,test,C5-cY1nPQ20$_$11,C5-cY1nPQ20,11,""" And when I heard that a lot of things started to make sense",61,14
unaligned,test,C5-cY1nPQ20$_$8,C5-cY1nPQ20,8,"And as I was standing around one of the young men came to me and said ""Hey Kofi how you doing",93,21
unaligned,test,CKqDDh50gcU$_$14,CKqDDh50gcU,14,Go to YouTube.com/citizentube and submit and vote on your ideas today.,70,11
unaligned,test,CKqDDh50gcU$_$6,CKqDDh50gcU,6,"We'd love to hear your thoughts on this question and Congress would, too, but we wanna try a new way of collecting your ideas and letting you vote on the best ideas from other people as well.",191,37
unaligned,test,CO2YoTZbUr0$_$0,CO2YoTZbUr0,0,"Well, it certainly isn't evidence FOR your claim",48,8
unaligned,test,CO6n-skQJss$_$0,CO6n-skQJss,0,"hello class, I'm James and I don't know about you but the subtitle thing took me forever to figure out, just had to say that.",125,25
unaligned,test,CO6n-skQJss$_$3,CO6n-skQJss,3,"I have applied it to behaviors tho, the best example I could give you is Adam in the garden because more often than not when you catch someone doing wrong the first thing they try to do is hide, the second thing is too use the proverbial fig leaf and try to cover it up and when all else fails they blame someone else, I think it's pretty scary how ritualistic we all really are.",379,75
unaligned,test,CU6U-gS76K4$_$20,CU6U-gS76K4,20,"So if I’m talking to my father, he’s probably not so excited about Gowalla and Four Square, but he is using technology that I never thought he would use, which is his Facebook, ‘cause he loves to see his grandchildren on Facebook.",230,42
unaligned,test,CbRexsp1HKw$_$7,CbRexsp1HKw,7,Just as there's different Christians and different Jews and different Muslims,77,11
unaligned,test,ChhZna-aBK4$_$10,ChhZna-aBK4,10,"He was quick to point out that the hobby itself is doing well, while organized philately — which includes stamp shows, the APS and other hobby groups — presents what he called “a different story",194,35
unaligned,test,ChhZna-aBK4$_$16,ChhZna-aBK4,16,"For Linn’s Stamp News and the Scott catalogs, I’m Chad Snee",59,11
unaligned,test,ChhZna-aBK4$_$8,ChhZna-aBK4,8,"As Linn’s associate editor Michael Baadke reports in our November 28 issue, attendees “enthusiastically discussed the topics of growing the hobby, the future of stamp shows, and dealers and philatelic partnerships, along with ways the leading organizations involved in the stamp hobby can work together to make it succeed and grow",330,51
unaligned,test,DVAY-u_cJWU$_$5,DVAY-u_cJWU,5,"And I'm pretty sure that the domestic market in India will become a very strong driver for economic development, even to the level of superpower.",145,25
unaligned,test,DjcZrtcBZi4$_$10,DjcZrtcBZi4,10,"If we want to build organizations that can innovate time and again, we must unlearn our conventional notions of leadership",122,20
unaligned,test,DjcZrtcBZi4$_$8,DjcZrtcBZi4,8,We ended up with pages and pages and pages of field notes that we analyzed and looked for patterns in what our leaders did,122,24
unaligned,test,DnBHq5I52LM$_$5,DnBHq5I52LM,5,"Like, what-what is going on here",32,6
unaligned,test,DtbT85s3i94$_$5,DtbT85s3i94,5,Thoracic extension all that means is just big chest ok curvature in your upper spine,84,15
unaligned,test,EMS14J0odIE$_$16,EMS14J0odIE,16,You're also talking about when your children would be able to inherit assets and that may be a tricky proposition.,114,20
unaligned,test,EO_5o9Gup6g$_$10,EO_5o9Gup6g,10,"Worse, will the government come up with fines or additional costs if businesses have to lay people off in the future?",117,21
unaligned,test,EO_5o9Gup6g$_$4,EO_5o9Gup6g,4,"While it is nice to hear about business tax breaks, the positive results of these tax cuts will be dwarfed by its negative effects.",131,24
unaligned,test,EO_5o9Gup6g$_$6,EO_5o9Gup6g,6,"Second of all, businesses are reluctant to hire and invest, not because they are looking for temporary credits, but because of future uncertainty; they simply don't know what the government is going to do next and how future government policies will affect decisions they make now.",281,46
unaligned,test,EyoMU2yoJPY$_$11,EyoMU2yoJPY,11,Grey parrots are great talkers and they learn usually quite well and quite rapid.,81,14
unaligned,test,EyoMU2yoJPY$_$7,EyoMU2yoJPY,7,"Don't stress the parrot, don't overtire the parrot, don't expect too much at one time.",86,15
unaligned,test,F2hc2FLOdhI$_$3,F2hc2FLOdhI,3,The only thing that prevented them from succeeding was that their mind tricked them into believing they could not,113,19
unaligned,test,F2hc2FLOdhI$_$5,F2hc2FLOdhI,5,"In fact, we all have a default set of feelings and beliefs that gets triggered whenever we encounter frustrations and setbacks",126,21
unaligned,test,F8eQI8E-6q4$_$3,F8eQI8E-6q4,3,The customer comes at you with a very upset loud tone; don't match the customers tone.,86,16
unaligned,test,FHDVQkU-nGI$_$7,FHDVQkU-nGI,7,"Second, talk about what a great fit you would be in this position",65,13
unaligned,test,F_YaG_pvZrA$_$11,F_YaG_pvZrA,11,So not only make your resume immaculate but also put in your cover letter just how important all of your experience is.,119,22
unaligned,test,GAVpYuhMZAw$_$12,GAVpYuhMZAw,12,"So look out for that, it is coming down the pipeline very shortly.",66,13
unaligned,test,GAVpYuhMZAw$_$1,GAVpYuhMZAw,1,"Rental income if taking into account, can add to your serviceability of that property significantly.",100,15
unaligned,test,GAVpYuhMZAw$_$4,GAVpYuhMZAw,4,"The answer is yes, some lenders will take rental income into account.",69,12
unaligned,test,GAVpYuhMZAw$_$6,GAVpYuhMZAw,6,"There's one lender at the moment which I think is just Bankwest who don't take rental income into account, they take rental yield into account.",143,25
unaligned,test,GK-Pprzh0t0$_$1,GK-Pprzh0t0,1,And it was talking about the violence and how there was great concern that there were mass atrocities and potential genocide.,125,21
unaligned,test,GKsjv42t284$_$1,GKsjv42t284,1,"But we're committed to working with you - the sector, consumers and communities - listening and, if necessary, adapting to ensure we get it right",145,25
unaligned,test,GMa0cIAltnw$_$3,GMa0cIAltnw,3,"You must come out and be separate, start following Jesus and get into an exclusive relationship with Him.",105,18
unaligned,test,GNP0PFas12Y$_$4,GNP0PFas12Y,4,And I think that I don't personally let any of the obstacles get in my way.,75,16
unaligned,test,HFPGeaEPy9o$_$0,HFPGeaEPy9o,0,These critics argue that the welfare state breeds dependence and incompetence among those who receive it,104,16
unaligned,test,HJTxq72GuMs$_$14,HJTxq72GuMs,14,"And finally I think the legal part, making sure that girls and women understand their rights so that if they succeed in business they have the property rights and they don't lose it just because everything is under their husband's name.",236,41
unaligned,test,HMRqR-P68Ws$_$0,HMRqR-P68Ws,0,"Hi there, Eric Bakker, naturopath with another frequently asked question regarding Candida yeast infections.",108,14
unaligned,test,HR18U0yAlTc$_$10,HR18U0yAlTc,10,I'm in my best shape ever now and I believe that I can win the K-1 WGP.,71,17
unaligned,test,HR18U0yAlTc$_$4,HR18U0yAlTc,4,It's been 14 years since my debut and I've fought over 80 matches.,66,13
unaligned,test,HR18U0yAlTc$_$9,HR18U0yAlTc,9,"This year, I took a break from fighting and worked on getting myself in shape and let my injuries heal.",103,20
unaligned,test,HbaycY0VuZk$_$0,HbaycY0VuZk,0,"Hey guys, Patricia Sweeney with SnagALife.com here, and I get a question a lot.",79,14
unaligned,test,IHp8hd1jm6k$_$27,IHp8hd1jm6k,27,"Like good communication, stories are situational so we definitely use a lot of different media",94,15
unaligned,test,IHp8hd1jm6k$_$0,IHp8hd1jm6k,0,"When we talk to employers, they're telling us they pretty much expect our students to have the technical skills, and, if they don't, companies have their own universities and their own training programs to bring our students and new grads up to speed",250,43
unaligned,test,IHp8hd1jm6k$_$5,IHp8hd1jm6k,5,How in the world do you cut through? How does our student cut through? They cut through by being a great storyteller,116,22
unaligned,test,IHp8hd1jm6k$_$7,IHp8hd1jm6k,7,So few people do that,21,5
unaligned,test,IHp8hd1jm6k$_$15,IHp8hd1jm6k,15,Understand the audience and make the story compelling by hooking them,69,11
unaligned,test,IIPYcCii7Sg$_$3,IIPYcCii7Sg,3,JARLSTROM WANTS TO TELL THE WORLD ABOUT WHAT HE FOUND,53,10
unaligned,test,IRSxo_XXArg$_$12,IRSxo_XXArg,12,"I thank a lot the Women in Technology program that offered us this opportunity and allowed us to  improve our skills and ourselves and get involved in the technology field  because nowadays if we do not keep up to date with the new technology, we will not be able to evolve in this quicly evolving world!",304,56
unaligned,test,IRSxo_XXArg$_$7,IRSxo_XXArg,7,I took this very seriously because I am a militant for women’s rights and I like to improve every woman’s financial situation.,126,22
unaligned,test,Iemw8vqt-54$_$13,Iemw8vqt-54,13,These kinds of things are happening in America because it’s part and parcel of who we are.,90,17
unaligned,test,Iemw8vqt-54$_$0,Iemw8vqt-54,0,"Well one of the things our office did right as we started was to do a lot of research with historians outside of government who could talk to us about the timeline of American presidents’ diplomacy, Islam, where along the trajectory are we seeing presidents talk about the importance of Islam in America and how does that fit it.",329,59
unaligned,test,Iemw8vqt-54$_$9,Iemw8vqt-54,9,"We see American communities living side by side with others, they aren’t in special places, they are all living side by side.",125,22
unaligned,test,JKueLneBoik$_$0,JKueLneBoik,0,Hey! 4-H Congress is almost here,32,6
unaligned,test,JKueLneBoik$_$4,JKueLneBoik,4,We're going to build a clover,29,6
unaligned,test,JNhqI4JtPXA$_$3,JNhqI4JtPXA,3,And we do think it's a unique place because this is the only place where they find friends who are just like them,113,23
unaligned,test,JXYot3NDQn0$_$2,JXYot3NDQn0,2,"Number one, you have a population of young people coming up which everybody knows is going to be the heart of the energy of the country and of innovation in the country.",169,32
unaligned,test,KB5hSnV1emg$_$3,KB5hSnV1emg,3,"If you're just testing out your MVP, the minimum viable product, and you don't necessarily know where it lies on the quality spectrum.",134,23
unaligned,test,Kn5eKHlPD0k$_$12,Kn5eKHlPD0k,12,The book end is probably one of the more civilized ways to end a conversation,77,15
unaligned,test,Kn99u05vlpA$_$5,Kn99u05vlpA,5,"You must have an Experian score of 640 or higher, but that's to ensure that the lending peers don't take too much of a risk.",124,25
unaligned,test,L-7oRnbi9-w$_$3,L-7oRnbi9-w,3,"So as you listen to the story piece by piece told by different teachers, pay attention to words you don't know.",111,21
unaligned,test,L-a4Sh6iAcw$_$7,L-a4Sh6iAcw,7,Right now I am included as someone you can vote for this primary as district one candidate.,91,17
unaligned,test,L-a4Sh6iAcw$_$9,L-a4Sh6iAcw,9,"With that you can see my face, it helps your odds of getting more votes, you get a little statement of me or a summary of my beliefs and it helps out a lot.",156,34
unaligned,test,LD3HYOwk1Bc$_$0,LD3HYOwk1Bc,0,"&gt;&gt; I suppose the question can it become a superpower, is what makes a superpower?",87,15
unaligned,test,LJGL2sGvSS0$_$2,LJGL2sGvSS0,2,My name is Therese Kuster and my major was public relations at UNI,66,13
unaligned,test,LJGL2sGvSS0$_$10,LJGL2sGvSS0,10,"It can be anything from paid search to organic search, social media and content production essentially anything that helps them improve the effectiveness up their online presence",178,27
unaligned,test,LJGL2sGvSS0$_$14,LJGL2sGvSS0,14,The student business incubator was absolutely crucial in launching our business,79,11
unaligned,test,LJGL2sGvSS0$_$19,LJGL2sGvSS0,19,When Target Click first started I'd never considered myself an entrepreneur or in fact I considered myself risk adverse which is not typically a characteristic you see entrepreneurs,181,28
unaligned,test,LcfubBagG6Q$_$1,LcfubBagG6Q,1,"I've already put on the outfit that I'm ready to go in, OK",58,13
unaligned,test,LcfubBagG6Q$_$3,LcfubBagG6Q,3,The New York Times actually posted a short doc about the rad fashions happening across the bridge,97,17
unaligned,test,LyOq9mOEPuk$_$8,LyOq9mOEPuk,8,Because what happens then is it starts to sound a bit wrote.,60,12
unaligned,test,MHVrwCEWLPI$_$4,MHVrwCEWLPI,4,"So, for more than three decades we've been able to keep that alliance together",78,14
unaligned,test,MHVrwCEWLPI$_$6,MHVrwCEWLPI,6,The Alliance has 16 sitting members of the U,44,9
unaligned,test,MHyW857u_X8$_$18,MHyW857u_X8,18,"You can't constantly teach and speak about something, without it having a dramatic effect on how you live your life, how you do your business and etc, because you can't continuously teach something and live a completely different way, or do it a completely different way without being consider a fraud or a fake.",312,54
unaligned,test,MZUr1DfYNNw$_$1,MZUr1DfYNNw,1,"The move was made to grow its financial restructuring, turnaround management and bankruptcy reorganization capabilities.",120,15
unaligned,test,NIpuKcoJhGM$_$0,NIpuKcoJhGM,0,Increasing women's entrepreneurship is just plain good economics.,65,8
unaligned,test,NVLPURuAVLU$_$2,NVLPURuAVLU,2,Certain things you're going to want to do is avoid salts and high sodium products as salt helps retain fluids and it won't let you get away from them as quickly.,161,31
unaligned,test,NaWmaHwjElo$_$5,NaWmaHwjElo,5,"If it is the time in the nation where interest rates are low, you're going to be able to find lower interest rates.",115,23
unaligned,test,NiAjz4ciA60$_$1,NiAjz4ciA60,1,I'm here to announce the winner of Round 1 of the #HartHouseWinterBlast sweepstakes which we've been doing throughout the week.,127,20
unaligned,test,NocexkPXja8$_$13,NocexkPXja8,13,"And if you don't follow those prescribed rules, you are quote non-compliant.",76,12
unaligned,test,NocexkPXja8$_$4,NocexkPXja8,4,I was devastated and so when I put into an institution and I went into this segregated high school I was very angry because I couldn't be with my peers at the local high school.,177,35
unaligned,test,O-b3DQg0QmA$_$1,O-b3DQg0QmA,1,I'm gonna do several videos on back to school,45,9
unaligned,test,OFia3dWgaoI$_$0,OFia3dWgaoI,0,"JON TESTER: Look, I don't think it's going the move the ball",60,12
unaligned,test,OFia3dWgaoI$_$6,OFia3dWgaoI,6,And I don't think you get the moderates either,46,9
unaligned,test,OKJPFisBoPY$_$0,OKJPFisBoPY,0,"Hi, I'm Carmen Lynne with Expert Village and we've been talking about handwriting analysis and I hope you have realized how fascinating this whole subject is.",158,26
unaligned,test,OORklkFql3k$_$10,OORklkFql3k,10,"Iran's Supreme Leader, the Ayatollah Khamenei, said on March 21 that the deal does not limit Iran's aggression in any way.",122,21
unaligned,test,OORklkFql3k$_$4,OORklkFql3k,4,"In the coming decade, the deal will reward Iran, the terrorist regime in Tehran, with hundreds of billions of dollars.",118,20
unaligned,test,OWWHjP3pX9o$_$0,OWWHjP3pX9o,0,monsters have a perpetual effect all the time,45,8
unaligned,test,OWWHjP3pX9o$_$4,OWWHjP3pX9o,4,So these monsters are now the monsters you start out with roaming the halls of Wizard School,92,17
unaligned,test,OXsTIPdytiw$_$0,OXsTIPdytiw,0,A useful non-digital source of information is witnesses-- finding people who have seen something going on.,106,16
unaligned,test,OXsTIPdytiw$_$7,OXsTIPdytiw,7,"So you want to get something that's very top of mind, very fresh in their memory.",81,16
unaligned,test,Oa2xVjzAMFc$_$9,Oa2xVjzAMFc,9,Sole Proprietorship who write off in Schedule-C's often get audited and certainly at a much higher rate than an S-Corp.,119,20
unaligned,test,OctOcfI4KSs$_$3,OctOcfI4KSs,3,"If you cover your face completely, will the oath taker be able to reveal themselves to the authorities, now that is obviously a concern.",136,24
unaligned,test,OctOcfI4KSs$_$7,OctOcfI4KSs,7,"If the oath taker who is wearing a religious garb, for example an hijab, can properly identify themselves, then they should have the right to do.",145,26
unaligned,test,P0UHzR4CmYg$_$1,P0UHzR4CmYg,1,"Processes can be automated, but one-on-one conversations meant to relationship-build cannot",91,11
unaligned,test,P0UHzR4CmYg$_$3,P0UHzR4CmYg,3,"It's the blending of the two that's an art form, and it's always evolving",73,14
unaligned,test,P0UHzR4CmYg$_$4,P0UHzR4CmYg,4,"See, when you can automate in the right places, the human touch points within any campaign, product release, or general sharing system, you've hit the jackpot",158,26
unaligned,test,P0UHzR4CmYg$_$8,P0UHzR4CmYg,8,"The more complex we get with our automation systems, the harder we have to work at humanizing what we do",104,20
unaligned,test,P0UHzR4CmYg$_$11,P0UHzR4CmYg,11,"Currently, there is no automated system that prevents humans from making mistakes or social errors online",105,16
unaligned,test,PcqKFt1p3UQ$_$10,PcqKFt1p3UQ,10,"So I'm living witness that Nixon came into office uh, thinking about uh, reestablishing relations with China.",109,17
unaligned,test,PzI6yY9Y2xQ$_$0,PzI6yY9Y2xQ,0,"SECRETARY CLINTON: I’m sorry I couldn’t be there in person, but I am delighted to send best wishes to all of you as you come together to find ways to elevate the status of women.",178,35
unaligned,test,PzI6yY9Y2xQ$_$2,PzI6yY9Y2xQ,2,Closing the gender gap is a powerful prescription for economic growth.,70,11
unaligned,test,QBc7X5jj8oA$_$4,QBc7X5jj8oA,4,"Oh well, no one is crying and he has plenty more low-priced options to exercise and sell at the full deal price.",112,22
unaligned,test,QCR7uyowjhM$_$10,QCR7uyowjhM,10,"You know, that just amplified on that",37,7
unaligned,test,QCR7uyowjhM$_$8,QCR7uyowjhM,8,But that wasn't the case,24,5
unaligned,test,QIonRUsCqBs$_$1,QIonRUsCqBs,1,Listen May is just around the corner and that means we're gonna happen schedule changes that you're gonna like coming out for the network I encourage you to go to GEB America dot com click on the schedule link,209,39
unaligned,test,Qfa1fY_07bQ$_$5,Qfa1fY_07bQ,5,Navy's five goals for reducing  the branch's energy and environmental footprint.,80,11
unaligned,test,R9xTBw3MCWI$_$5,R9xTBw3MCWI,5,Maybe and those of you have children I want you to think about how hard you strive to be the best parent you can be,115,25
unaligned,test,ROC2YI3tDsk$_$13,ROC2YI3tDsk,13,"So get a summer job at a local producer or farm, go to college and get your qualifications, be it relevant to the marketing side or retail, there are all sorts of degrees appropriate to the industry, and again work in a supermarket.",232,43
unaligned,test,ROC2YI3tDsk$_$3,ROC2YI3tDsk,3,"The best part of the job, I would say, would be when you’re giving a big new contract or a new listing to, in particular, a small supplier because that’s where it means jobs.",174,34
unaligned,test,RVC8l5hf2Eg$_$13,RVC8l5hf2Eg,13,"-Five retailers failed Greenpeace’s ranking this year – including Giant Eagle, Publix, Supervalue, Winn-Dixie and Meijer.",121,16
unaligned,test,RVC8l5hf2Eg$_$8,RVC8l5hf2Eg,8,"-However, 72 percent of customers do not feel that they have adequate information when if comes to the origin of seafood that they buy.",135,24
unaligned,test,Rb1uzHNcYcA$_$4,Rb1uzHNcYcA,4,"If you can relate to any of these, give this video a thumbs up",62,14
unaligned,test,RvmTZVNAAuQ$_$2,RvmTZVNAAuQ,2,In the coming months what we will see is a self serve option for any budget much like Facebook has.,99,20
unaligned,test,SKTyBOhDX6U$_$11,SKTyBOhDX6U,11,"Through this, my mother was able to rise above her poverty, become a registered nurse, and come to the United States",116,21
unaligned,test,SKTyBOhDX6U$_$12,SKTyBOhDX6U,12,My mother moving to the US turned out to be critical for me,59,13
unaligned,test,SKTyBOhDX6U$_$9,SKTyBOhDX6U,9,"However, despite their poverty, the family prioritize education because they believed in its power to transform lives",117,17
unaligned,test,SYQ_zv8dWng$_$0,SYQ_zv8dWng,0,"- Hi, it's Tim Allwood from Compass Property, here today to talk to you about Equity",84,16
unaligned,test,SYQ_zv8dWng$_$5,SYQ_zv8dWng,5,"So what we propose you do is what most clever Australians do, is grab some of that equity, keep it secure, don't take all of it, just a good amount of it",153,32
unaligned,test,SYQ_zv8dWng$_$6,SYQ_zv8dWng,6,"So we use that to purchase the income-producing asset, an investment property",77,12
unaligned,test,SYQ_zv8dWng$_$9,SYQ_zv8dWng,9,"And I'll also talk in my next video about whether you should be looking at cash flow neutral, cash flow positive, cash flow negative, and in fact, what that really does mean",173,32
unaligned,test,SZ7HK5ns6mE$_$11,SZ7HK5ns6mE,11,It's needed to help answer the aspirations for opportunity and dignity that are at the root of this Arab Spring.,112,20
unaligned,test,Sq6DIhFxPqQ$_$4,Sq6DIhFxPqQ,4,It's also in large part about the commercial end of it,54,11
unaligned,test,SwT0gh0V8fI$_$10,SwT0gh0V8fI,10,A lot of the sorta hallmarks of your average mystery novel are not really in this one.,86,17
unaligned,test,SwT0gh0V8fI$_$19,SwT0gh0V8fI,19,"He has so much personality that really comes through, even though I would argue that most the other characters feel somewhat one-dimensional.",141,22
unaligned,test,SwT0gh0V8fI$_$5,SwT0gh0V8fI,5,"The body is unmarked by violence, but on the wall a mysterious word has been written in blood.",94,18
unaligned,test,TXiOSZdaLJ8$_$2,TXiOSZdaLJ8,2,"Both countries reaffirmed their commitment to strengthening the U.S.-Philippines alliance in terms of ensuring both countries – our mutual defense and security as well as jointly contributing to regional peace, stability, and economic prosperity.",246,34
unaligned,test,TcTGCIh6e5s$_$4,TcTGCIh6e5s,4,How do they talk to each other,30,7
unaligned,test,TxRtSItpGMo$_$4,TxRtSItpGMo,4,I especially appreciate the fact that faculty know their students personally.,77,11
unaligned,test,U-KihZeIfKI$_$20,U-KihZeIfKI,20,"I especially appreciate that NFIB is a bottoms-up organization where the members vote on issues and endorsements that matter to them, not directed by Washington",160,25
unaligned,test,U-KihZeIfKI$_$1,U-KihZeIfKI,1,I spoke on Monday to pay tribute to the 15th anniversary of the attacks of September 11th,89,17
unaligned,test,U-KihZeIfKI$_$6,U-KihZeIfKI,6,Sadly this Administration's reactions to the public health crisis are too little too late,89,14
unaligned,test,U-KihZeIfKI$_$15,U-KihZeIfKI,15,"This week I sent a letter to the Acting Undersecretary for Terrorism and Financial Intelligence, demanding answers on what steps his office took to ensure that the payment will not be used to support terrorist activities to kill Americans",238,39
unaligned,test,U-KihZeIfKI$_$16,U-KihZeIfKI,16,I look forward to continuing to advocate for this legislation when it comes before the full House led by Chairman Ed Royce,122,22
unaligned,test,UiurP5k-f1A$_$4,UiurP5k-f1A,4,Accenture also provided project management to enable the Ballet to upgrade its technology capabilities without needing a full-time IT organization in-house.,156,21
unaligned,test,UjqA6KVW2m8$_$0,UjqA6KVW2m8,0,- Something weird happened to me,32,6
unaligned,test,UjqA6KVW2m8$_$3,UjqA6KVW2m8,3,- I forgot I'm working out,26,6
unaligned,test,UjqA6KVW2m8$_$2,UjqA6KVW2m8,2,Who the hell am I,17,5
unaligned,test,UjqA6KVW2m8$_$4,UjqA6KVW2m8,4,"I was more focusing on my dream, my goals, my fears, and how to achieve all this",80,17
unaligned,test,UweZVaFqruU$_$1,UweZVaFqruU,1,"This is Tom Floyd, Vice President of Real Estate at Member One Federal Credit Union bringing you another Member One Money Minute",128,22
unaligned,test,UweZVaFqruU$_$5,UweZVaFqruU,5,"The score is a reflection of how well you pay your bills, what type of credit you use, how many inquiries you have, what are the balances of your credit cards to your maximum limit",180,35
unaligned,test,V27mmEkN80g$_$0,V27mmEkN80g,0,more rock like structures than the ones that you used to get and add that to the mix,84,18
unaligned,test,VDkBM0ZG4q8$_$4,VDkBM0ZG4q8,4,"-All manufacturers of engines, CHP plants, and trucks must make their",69,11
unaligned,test,VDkBM0ZG4q8$_$7,VDkBM0ZG4q8,7,-Our system has been proven to work and is being used by a major,64,14
unaligned,test,VLQgw-88v4Q$_$2,VLQgw-88v4Q,2,"Nicholas, the most trusted source for lowest-interest, highest-loan-to-value stock secured loan programs for personal, business, and real estate applications",157,19
unaligned,test,VLQgw-88v4Q$_$6,VLQgw-88v4Q,6,"Every LeverageLine credit line is managed at the institutional level by a fully licensed, top-rated FINRA-member executive advisor",130,18
unaligned,test,VLQgw-88v4Q$_$8,VLQgw-88v4Q,8,"Whether you are about to invest in real estate, buy a franchise, pay off taxes, or pay off a college education, LeverageLine’s wholesale interest rates are usually even better than the best mortgage rates",204,34
unaligned,test,VXy21GwGs8o$_$0,VXy21GwGs8o,0,Letter came through the mail to try Beltone  I decided that I would try and compare it  with my other hearing aid.,114,22
unaligned,test,Vdf1McvE9ao$_$9,Vdf1McvE9ao,9,No official report or comment from MCS has confirmed it was released.,69,12
unaligned,test,Vlas-mPydcg$_$17,Vlas-mPydcg,17,"So if there's anything inside your own house that is difficult  to move, then I would highly recommend putting these on the  bottom of that furniture, or that bin, or that basket.",179,32
unaligned,test,Vlas-mPydcg$_$3,Vlas-mPydcg,3,And one of those products are these self-adhesive instant wheels.,65,10
unaligned,test,VsXGwSZazwA$_$4,VsXGwSZazwA,4,One thing that might happen is that we allow a witness simply to recall everything they can without interrupting them.,118,20
unaligned,test,VsXGwSZazwA$_$6,VsXGwSZazwA,6,By doing that the witness can remember more accurate information.,65,10
unaligned,test,VwGPIUNayKM$_$1,VwGPIUNayKM,1,"to work out a method whereby glass could become part of this process, if you like",81,16
unaligned,test,VwGPIUNayKM$_$5,VwGPIUNayKM,5,which are not very efficient windows and we identified that by replacing the old,80,14
unaligned,test,VwGPIUNayKM$_$8,VwGPIUNayKM,8,Glass technology has advanced so much in the last 10 years,58,11
unaligned,test,W1CWpktWtTs$_$5,W1CWpktWtTs,5,and one of the things that you can give when you have nothing else is appreciation,82,16
unaligned,test,W1CWpktWtTs$_$9,W1CWpktWtTs,9,"Always look for those opportunities, but be okay that you can't do them yet",75,14
unaligned,test,WfNiQBXmPw8$_$3,WfNiQBXmPw8,3,So much for your mom telling you that bullies are just insecure,63,12
unaligned,test,WfNiQBXmPw8$_$5,WfNiQBXmPw8,5,We'll act viciously as long as we think we can get away with it,63,14
unaligned,test,WgI8IbJtXHw$_$0,WgI8IbJtXHw,0,SECRETARY KERRY: This is a very impressive display of Colombia's commitment to try to make a difference in this effort.,119,20
unaligned,test,X2Hs89fZ2-c$_$4,X2Hs89fZ2-c,4,"This is where you create your data, edit data, view data, analyze your map, create maps, it is the workhorse of the ArcGIS program.",131,24
unaligned,test,X6N7UEFJLNY$_$0,X6N7UEFJLNY,0,"Now that we've talked about whether your choosing battery powered or hardwired, you've got to determine how and when you're going to use this.",142,24
unaligned,test,X6N7UEFJLNY$_$2,X6N7UEFJLNY,2,You can set your GPS to turn on a Monday through a Friday and not work on the weekends.,87,19
unaligned,test,X6N7UEFJLNY$_$4,X6N7UEFJLNY,4,You can also set it so that it's on every minute of every day.,62,14
unaligned,test,XDVit9ASVUg$_$2,XDVit9ASVUg,2,The thing about a conclusion is that it is simply a wrap up.,60,13
unaligned,test,XKyumlBmix8$_$0,XKyumlBmix8,0,"But when they're injured the heal with scar tissue and now they don't glide as much, right, and they create this knot in there",126,24
unaligned,test,XKyumlBmix8$_$2,XKyumlBmix8,2,So it's very easily irritated again,35,6
unaligned,test,XVWiAArXYpE$_$3,XVWiAArXYpE,3,And his vision of manifest destiny really involves the eradication of all Native Americans,90,14
unaligned,test,XVWiAArXYpE$_$4,XVWiAArXYpE,4,"- [Voiceover] I mean, this is a really dark time for American Indian policy",75,14
unaligned,test,XVWiAArXYpE$_$9,XVWiAArXYpE,9,"So, before Jackson, do we really have the Democratic Party as an institution",76,13
unaligned,test,X_TusmBIlC0$_$5,X_TusmBIlC0,5,"You need to, most lenders require that you leave at least twenty percent equity in the house.",93,17
unaligned,test,Xa086gxLJ3Y$_$12,Xa086gxLJ3Y,12,Many times these corporate kits include sample Articles of Incorporation.,73,10
unaligned,test,XrNaL-MTjXg$_$3,XrNaL-MTjXg,3,"This is my monologue from Queens Boulevard; I, what do I want; why am I telling my best friend this?",100,20
unaligned,test,Xy57UpKRNEo$_$7,Xy57UpKRNEo,7,"So a child who doesn't see light, they will be blind after a few years because the visual circuits need light waves for their development, they just don't otherwise",164,29
unaligned,test,Y8dI1GTWCk4$_$6,Y8dI1GTWCk4,6,"Hialeah, because I love saying Lukumi Babalu Aye",48,8
unaligned,test,YLK58srjhNI$_$3,YLK58srjhNI,3,"I think it may have been the first off-Broadway production, ever, and it became a big success then – in a much worse production than the original one, but they were passionate, and they really were terrific.",207,37
unaligned,test,YQZPnHZRp1w$_$1,YQZPnHZRp1w,1,So again we have a tool,23,6
unaligned,test,YUNxD04EvfE$_$1,YUNxD04EvfE,1,"Well I think the biggest conservation challenge today,  is conservation itself as a land management strategy  going against competing land uses, largely driven by economic incentives.",183,26
unaligned,test,Z4iYSMMMycQ$_$4,Z4iYSMMMycQ,4,"The free application for Federal Student Aid, or FAFSA, is available online at www.fafsa.ed.gov beginning January 1. The priority deadline for most financial aid is March 2, but you can always apply after that as well.",218,36
unaligned,test,ZKErPftd--w$_$6,ZKErPftd--w,6,""" The Pack One of the most memorable scenes in Pitch Perfect 2 is when the Green Bay Packers compete in the riff-off",116,23
unaligned,test,ZKZ8UjaQQT4$_$7,ZKZ8UjaQQT4,7,Remember the Drew Carey show Mimi always had the troll dolls but the thing to remember about that is there is a difference between personal items and items that are just to personal.,182,33
unaligned,test,ZS1Nb0OWYNE$_$11,ZS1Nb0OWYNE,11,We have a full range of excellent speakers on the program including our very own Prime Minister the Rt Hon John Key,115,22
unaligned,test,ZS1Nb0OWYNE$_$15,ZS1Nb0OWYNE,15,"I am encouraged that you will be making connections, and exchanging ideas that will help us unlock the benefits of diversity for New Zealand in a connected global market",169,29
unaligned,test,ZS1Nb0OWYNE$_$5,ZS1Nb0OWYNE,5,First it was a “supercity”,26,5
unaligned,test,ZS1Nb0OWYNE$_$9,ZS1Nb0OWYNE,9,"Superdiversity brings with it enormous benefits such as greater innovation, productivity and investment",103,13
unaligned,test,ZcFzcd4ZoMg$_$4,ZcFzcd4ZoMg,4,So this is either loss or it's hope,35,8
unaligned,test,ZeH7gZw94k0$_$1,ZeH7gZw94k0,1,Wow It seems that we have Banana Can I have something to eat this banana with,77,16
unaligned,test,ZtocGyL3Tfc$_$13,ZtocGyL3Tfc,13,And there are many people in the world that understand and believe this and we have to get this into the economic system.,121,23
unaligned,test,ZtocGyL3Tfc$_$10,ZtocGyL3Tfc,10,The ILO has highlighted that there is a link between social justice and a fair globalization; in fact we put together a Declaration on that issue.,146,26
unaligned,test,ZtocGyL3Tfc$_$9,ZtocGyL3Tfc,9,That you have a fair chance at whatever wealth you contributed to creating and every successful enterprise knows that.,118,19
unaligned,test,ZznoGQVwTtw$_$4,ZznoGQVwTtw,4,NEW MEXICO HAS ALL OF THAT POTENTIAL,36,7
unaligned,test,_1nvuNk7EFY$_$10,_1nvuNk7EFY,10,An alarming report found that in 2010 the stock was only about 20 percent of its fully rebuilt size and that fishing rates have been almost five times the overfishing level.,173,31
unaligned,test,_OmWVs0-6UM$_$0,_OmWVs0-6UM,0,"As part of my ERASMUS, I spent the year in the Institute of Political Studies in Rennes, France.",96,18
unaligned,test,_on_E-ZWy0I$_$21,_on_E-ZWy0I,21,"Get out of your student loan debt, kick some serious butt and get motivated to make a change in your life",105,21
unaligned,test,_on_E-ZWy0I$_$3,_on_E-ZWy0I,3,"There is a huge problem that I see on hundreds, if not thousands of credit reports and it is student loans reporting past late payments when they were supposed to be in deferment",178,33
unaligned,test,_on_E-ZWy0I$_$12,_on_E-ZWy0I,12,"Now, what if you paid all of your student loans on time, but they’re still reporting late payments? Then, what you need to do is, reach out to us and we will give you a free credit audit and consultation",203,40
unaligned,test,_q7DM8WkzAQ$_$3,_q7DM8WkzAQ,3,And so you really have to do your best to capture the listener's interest in the beginning of the speech by connecting to an issue that's going to be of interest to them and of importance to them.,196,38
unaligned,test,a4PHWxILDp0$_$15,a4PHWxILDp0,15,It may also take the role of mirror to characters who are unaware of their folly.,81,16
unaligned,test,ahG9c_uaf8s$_$1,ahG9c_uaf8s,1,"I'm also co-director of the center for civic engagement which has a long history of active participation by sociologists here, and as co-director I arrange internships with community-based organizations working on social justice, deepening democracy and promoting sustainability in the area.",291,41
unaligned,test,ahG9c_uaf8s$_$3,ahG9c_uaf8s,3,You get not only a lot of experience but an idea whether of that is the right career path for you.,98,21
unaligned,test,b92iw0OAnI4$_$7,b92iw0OAnI4,7,"Make sure you have an effective line item schedule that you stick with, but don't be so critical on yourself that you can't allow some fun every now and then because it's very important to do that.",197,37
unaligned,test,bNQOeiAotbk$_$8,bNQOeiAotbk,8,"Situation, Task, Action, Result",31,4
unaligned,test,bdFCD-3BCRg$_$2,bdFCD-3BCRg,2,I would like to present to you some of the exciting features and products that we have recently introduced to make the quality of your trading experience even better,165,29
unaligned,test,bdFCD-3BCRg$_$11,bdFCD-3BCRg,11,Here at Axiory we believe that this is an important concept and have decided to cooperate with them so you can be completely confident in the security of your deposits,167,30
unaligned,test,bdFCD-3BCRg$_$12,bdFCD-3BCRg,12,A brand new mobile platform is available for download on our website,68,12
unaligned,test,c5VEvmutmVg$_$13,c5VEvmutmVg,13,"If you go outside as well, you need to have one of those, a space suit",70,16
unaligned,test,c5VEvmutmVg$_$19,c5VEvmutmVg,19,"It's what I did with the HDV and the experiments that we based outside of the Japanese module, Kibo",99,19
unaligned,test,c5VEvmutmVg$_$0,c5VEvmutmVg,0,"MALE SPEAKER: Frank, Jerome is asking, how do you feel in orbit after several months? FRANK DE WINNE: Well as you can see, Jerome, I'm feeling just great",153,28
unaligned,test,c5zxqITn3ZM$_$5,c5zxqITn3ZM,5,"And it’s not always rational, it’s very much emotional at times.",64,11
unaligned,test,c5zxqITn3ZM$_$6,c5zxqITn3ZM,6,"The other thing that we have done is we are putting in place global communities, it is called the mic at Star Com, and these are global listening communities that we have where we can at any point in time put out questions to these communities.",244,46
unaligned,test,c9hE1ghElrM$_$2,c9hE1ghElrM,2,This medication comes in injectable form to be given into a or just under the skin,82,16
unaligned,test,c9hE1ghElrM$_$4,c9hE1ghElrM,4,Always take this medication only as prescribed,46,7
unaligned,test,cW-aX4dPVfk$_$4,cW-aX4dPVfk,4,"So that's what has been holding me back, as far as content goes",63,13
unaligned,test,cW-aX4dPVfk$_$11,cW-aX4dPVfk,11,"So I was curious as to how they could pull it off and, surprisingly, they pull it off really well in this movie",111,23
unaligned,test,cW-aX4dPVfk$_$32,cW-aX4dPVfk,32,"I don't know if it's still playing in theaters but I liked it, I thought it was pretty good",91,19
unaligned,test,cW-aX4dPVfk$_$30,cW-aX4dPVfk,30,I think it's really good,24,5
unaligned,test,cml9rShionM$_$3,cml9rShionM,3,"We are very warm-hearted   people, we put a lot of heart in communication.",74,13
unaligned,test,d-Uw_uZyUys$_$1,d-Uw_uZyUys,1,"Let me tell you a story about my grandmother Every time that I used to date a new boyfriend She would ask his name and then she would go like ""and what part of the city does he live in?"" That was her way of asking if my boyfriend was white She was an out and out racist So I know the face of prejudice Governor Reston is telling me I don't have the balls to be president And he means that literally It's offensive It's offensive to me It's offensive to every woman out there who he is asking the votes for Tonight I am here stating that governor Reston is a sexist But you know what",582,118
unaligned,test,d-Uw_uZyUys$_$6,d-Uw_uZyUys,6,"Don't interrupt me while I am speaking You see, James, you are promoting stereotypes You are advancing this idea that women are weaker than men You are playing right into the hands of Reston And you know what? You are playing into the hands of anyone any imbecile out there that thinks women are not strong fit enough to be commander in chief Governor, I'm talking about you",374,68
unaligned,test,dHk--ExZbHs$_$7,dHk--ExZbHs,7,"-And Supervalue has announced that it will source 100 percent of its top 20 wild-caught products from sustainable fisheries by 2015. -Next up, you can add a two more seafood sustainability eco-labels to the already long list: -The Gulf of Maine Research Institute has partnered with Hannaford Supermarkets and a number of seafood suppliers to roll out a “Gulf of Maine Responsibly Harvested” label.",398,64
unaligned,test,dR68gbeOWOc$_$1,dR68gbeOWOc,1,"convenes the leaders of the G-8 this coming weekend, there are three issues I think are going to be on many people's minds in watching the meetings unfold.",155,28
unaligned,test,dTcz1am1eUw$_$2,dTcz1am1eUw,2,We have programs that are very robust on the educational level.,63,11
unaligned,test,ddWHTdJz2O8$_$1,ddWHTdJz2O8,1,"Quality of service (53 percent), fees, (50 percent), ease of use (49 percent) and interest rates (49 percent) represent the biggest impact areas that banks need to address.",172,28
unaligned,test,dlE05KC95uk$_$11,dlE05KC95uk,11,"I start out with using experiments to understand how do we make the decisions that we do, and why we make them.",111,22
unaligned,test,eE8Qr9fOvVA$_$2,eE8Qr9fOvVA,2,Who worked in nuclear arms control as a Green Beret in the military,67,13
unaligned,test,eFV7iFPYZB4$_$12,eFV7iFPYZB4,12,That makes a world of difference,32,6
unaligned,test,eFV7iFPYZB4$_$14,eFV7iFPYZB4,14,"Fire TV, also click somewhere up here",37,7
unaligned,test,eJfT7-dDqzA$_$3,eJfT7-dDqzA,3,And let me tell you - I am being serious while I say talk to yourself,69,16
unaligned,test,eJfT7-dDqzA$_$2,eJfT7-dDqzA,2,Now to practice these phases the easiest way is to talk to yourself,67,13
unaligned,test,eJfT7-dDqzA$_$7,eJfT7-dDqzA,7,Just utter the names of the foods that you are eating in your mind,66,14
unaligned,test,eKQKEi2-0Ws$_$0,eKQKEi2-0Ws,0,very fair cuz its maps mass is very fair in it like you never see him at Sage going yep 6,89,21
unaligned,test,eQc5uI7FKCU$_$5,eQc5uI7FKCU,5,We've had a robot here at Hopkins since the year 2000 longer than most institutions in this country and around the world,120,22
unaligned,test,ey1lr8wFFDc$_$0,ey1lr8wFFDc,0,"There’s a number of reasons, first of all of course, economically, intellectual property is extremely important for Europe.",123,18
unaligned,test,f-VdKweez2U$_$4,f-VdKweez2U,4,"Entrepreneurship is about spotting a problem, spotting a need, and figuring out how to address that and then how to convince those people with that problem, with that need, that you have the solution.",200,34
unaligned,test,f8Puta8k8fU$_$1,f8Puta8k8fU,1,you would describe it as a movie about Hannibal Lecter,54,10
unaligned,test,fT6SrlsWV7M$_$12,fT6SrlsWV7M,12,Where there is this evidence we will pursue insider traders no matter who they are - from the Chairman of the Board through to junior staff.,140,26
unaligned,test,fWAKek8jA5M$_$0,fWAKek8jA5M,0,"Wait, that doesn't make any sense",33,6
unaligned,test,fWAKek8jA5M$_$3,fWAKek8jA5M,3,"In fact, they go on to explain that",35,8
unaligned,test,fWAKek8jA5M$_$4,fWAKek8jA5M,4,"""It's true that under a scheme like the one Sanders envisions, most people would lose the insurance they have today",115,20
unaligned,test,frCWtiam4tE$_$0,frCWtiam4tE,0,"The three key trends that I see coming up more and more in campaigns, I think overwhelmingly the number one, and it sort of [INAUD] everything is two way communication.",168,30
unaligned,test,fsBzpr4k3rY$_$0,fsBzpr4k3rY,0,It causes me to not do bad and put myself in a bad situation,60,14
unaligned,test,fz-MzQcOBwQ$_$1,fz-MzQcOBwQ,1,The book for this week was: Solve for Happy how to engineer your way to happiness by Mo Gawdat and he's the chief business officer of Google X,142,28
unaligned,test,gE7kUqMqQ9g$_$2,gE7kUqMqQ9g,2,"Or worse, an individual previously had good credit, but usually by no fault of their own, or perhaps by fault of their own, they have let their credit sag, and credit scores is very low.",186,35
unaligned,test,gJjkCPO7iXg$_$1,gJjkCPO7iXg,1,"We’ve assembled a strong team of dedicated personal injury attorneys, investigators, paralegals and case managers, all to insure that your case is treated with the importance it deserves",186,28
unaligned,test,gJjkCPO7iXg$_$0,gJjkCPO7iXg,0,"As one of the leading personal injury law firms in Arizona, Phillips Law Group realizes it takes more than just one person to handle the challenges behind a personal injury claim",178,31
unaligned,test,gLTxaEcx41E$_$2,gLTxaEcx41E,2,"And Greg, I was wondering these are part of the text I each of them",67,15
unaligned,test,gLTxaEcx41E$_$4,gLTxaEcx41E,4,"The reference to looking and hearing in a special way and which also involves not looking and not hearing, or can I say not visualizing and not verbalizing in other ways, is just pure mystery",191,35
unaligned,test,gLTxaEcx41E$_$7,gLTxaEcx41E,7,"What is it like to be initiated into the mysteries of a cult hero? And how does that have to do with my role and your role as a citizen in [INAUDIBLE]? That's what this is all about and that's what, certainly, Sophocles is concentrating on and that's why he's so fascinated with Theseus",286,54
unaligned,test,gLTxaEcx41E$_$6,gLTxaEcx41E,6,"And that's why I want to come back to this part and try to make it understandable in terms of the fifth century of Athens, which was a very sophisticated period in the history of the city, but which is still clinging to these fundamental notions of what is a cult hero",268,52
unaligned,test,gcFECfN4BCU$_$23,gcFECfN4BCU,23,I love to hear what you guys think and pop over to my blog torimackle,69,15
unaligned,test,gcFECfN4BCU$_$10,gcFECfN4BCU,10,So it doesn't matter what happens with those things because your business is always going to be long term and sustainable if it is about you and your personal brand,164,30
unaligned,test,gcFECfN4BCU$_$15,gcFECfN4BCU,15,"If you've got a lot of people that look up to you as an authority in a certain area, as a leader in some description, then you probably already have a personal brand",165,33
unaligned,test,gpn71-aKWwQ$_$2,gpn71-aKWwQ,2,"Applied to as many as I could, that was, you know, humanly feasible, and then I actually ended up getting a couple.",115,22
unaligned,test,h1ZZHUU4j0k$_$3,h1ZZHUU4j0k,3,"Applying this theme to marketing reveals at least one universal truth: at the beginning of any project, make sure your entire team, especially the final stakeholders and decision-makers, are all seeing the same objective as the end goal",236,38
unaligned,test,h1ZZHUU4j0k$_$4,h1ZZHUU4j0k,4,"If you have different and conflicting objectives, you're gonna look for different tactics to achieve different results, and you're setting yourself up for incoherence",166,24
unaligned,test,h1ZZHUU4j0k$_$10,h1ZZHUU4j0k,10,We start creating daily content on YouTube for them,51,9
unaligned,test,h1ZZHUU4j0k$_$13,h1ZZHUU4j0k,13,""" Or, ""We don't like that there aren't more people coming from YouTube to our other social channels as we'd like there to be",124,24
unaligned,test,iQDB_OkAQWs$_$4,iQDB_OkAQWs,4,"There will be a time when there's no telephone, there is no computer, there is no online, it'll just be a communication channel.",128,23
unaligned,test,iXiMifHNKPI$_$8,iXiMifHNKPI,8,The speaker needs to answer the question or encouragement while continuing with the information they are sharing.,113,17
unaligned,test,j1m6ctAgjsM$_$1,j1m6ctAgjsM,1,"If you're adding more people to your team, or if you've just already got a decent sized business",96,18
unaligned,test,j1m6ctAgjsM$_$2,j1m6ctAgjsM,2,Then you're probably thinking a lot about how your company can have more effective meetings,91,15
unaligned,test,j1m6ctAgjsM$_$4,j1m6ctAgjsM,4,And that's what I want to talk about in this video,50,11
unaligned,test,j1m6ctAgjsM$_$14,j1m6ctAgjsM,14,They have weekly company meetings,33,5
unaligned,test,j1m6ctAgjsM$_$18,j1m6ctAgjsM,18,"Like I said, not just randomly",30,6
unaligned,test,j1m6ctAgjsM$_$30,j1m6ctAgjsM,30,"We have daily huddles that are about 15 minutes long, sometimes less, depending on the number of people in them",111,20
unaligned,test,j1m6ctAgjsM$_$35,j1m6ctAgjsM,35,"So on one day, I will attend a meeting with our training division",65,13
unaligned,test,j1m6ctAgjsM$_$33,j1m6ctAgjsM,33,And then each business area has a huddle each day,49,10
unaligned,test,j1m6ctAgjsM$_$37,j1m6ctAgjsM,37,"On the next day, I might be with marketing etc",46,10
unaligned,test,jXQmVFcOiUI$_$0,jXQmVFcOiUI,0,DEAN DAVID: As a university we really cherish international friendship and collaborations.,90,12
unaligned,test,jj8aSNPHMw8$_$14,jj8aSNPHMw8,14,"Over that same period, typical property taxes in Fairfax, County, Virginia, for example, have gone up $ 1,195, or about $300 per year.",134,23
unaligned,test,jj8aSNPHMw8$_$5,jj8aSNPHMw8,5,"Our public schools have been funded at, or below, the level defined as ‘Maintenance of Effort’ since FY 09. On a per-pupil basis, funding has not increased.",156,27
unaligned,test,jqutn5ou8_0$_$6,jqutn5ou8_0,6,"Also, we have a link right now to our last stock market today story update, so if you want further detail on the market action and notable movers, you can check that out in the meantime.",186,36
unaligned,test,jscKL5jS-SQ$_$17,jscKL5jS-SQ,17,"And if you give Him your entire life and all of your time, He will NOT disappoint you.",86,18
unaligned,test,kaudsLIvYC8$_$0,kaudsLIvYC8,0,Well I think the good news is a government wide agressive assistance program is very much under way and things get better each and every day.,141,26
unaligned,test,kg-W6-hP2Do$_$3,kg-W6-hP2Do,3,I know you are a very busy man but I can assure you I am not wasting your time.,79,19
unaligned,test,kpS4BXif_Sw$_$12,kpS4BXif_Sw,12,The events of the past several months remind us of how difficult democracy can be in a country with deep divisions,114,21
unaligned,test,kpS4BXif_Sw$_$15,kpS4BXif_Sw,15,"Vice President Biden just spoke with the Prime Minister of Ukraine to assure him that in this difficult moment the United States supports his government's efforts and stands for the sovereignty, territorial integrity and democratic future of Ukraine",249,38
unaligned,test,kpS4BXif_Sw$_$4,kpS4BXif_Sw,4,"I also spoke several days ago with President Putin - and my administration has been in daily communication with Russian officials - and we've made clear that they can be part of an international communities effort to support the stability and success of a united Ukraine going forward, which is not only in the interests of the people of Ukraine and the international community, but also in Russia's interest",408,69
unaligned,test,kpS4BXif_Sw$_$8,kpS4BXif_Sw,8,It would represent a profound interference in matters that must be determined by the Ukrainian people,101,16
unaligned,test,ktblaVOnFVE$_$4,ktblaVOnFVE,4,"However, this got me thinking, I guess, about the value of impulse versus reason and logic and consideration",108,18
unaligned,test,l0vCKpk6Aes$_$24,l0vCKpk6Aes,24,"My phone number is 845-458-1210 Be sure to visit jay townsend.com to get your copy of my free book, the 10 worst mistakes candidates make.",138,25
unaligned,test,l0vCKpk6Aes$_$12,l0vCKpk6Aes,12,He has been the most authentic of the nearly two dozen who ran for President this year.,87,17
unaligned,test,l0vCKpk6Aes$_$19,l0vCKpk6Aes,19,"That, and that alone is the only reason you will ever need to run for office.",77,16
unaligned,test,l4oMbKDuW3Y$_$3,l4oMbKDuW3Y,3,I think people are looking at today's leaders and we are brutally disappointed or feel lost.,92,16
unaligned,test,lD4xtQ6NpDY$_$2,lD4xtQ6NpDY,2,I was one of five,17,5
unaligned,test,lYwgLa4R5XQ$_$1,lYwgLa4R5XQ,1,In 2011 the number of people moving from Mexico to the United States was about the same as the number moving from the United States to Mexico,141,27
unaligned,test,lkIe41StoGI$_$10,lkIe41StoGI,10,Uncle Jim has already arrived,29,5
unaligned,test,lkIe41StoGI$_$3,lkIe41StoGI,3,If you are using another provider please press *123 for sending voice mail,74,13
unaligned,test,lkIe41StoGI$_$2,lkIe41StoGI,2,Charges on national calls are 8 cents per minute and 14 cents per minute on international calls,95,17
unaligned,test,lkIe41StoGI$_$8,lkIe41StoGI,8,Are you still busy at the meeting,33,7
unaligned,test,lwL4hjhkid4$_$1,lwL4hjhkid4,1,We equate being a giver solely with that second type,52,10
unaligned,test,lwL4hjhkid4$_$3,lwL4hjhkid4,3,"I was inspired by anthropologist Robin Dunbar, who says that the number of people with whom you can maintain stable, ongoing social interaction is approximately 150",164,26
unaligned,test,lwL4hjhkid4$_$6,lwL4hjhkid4,6,"So, in my Facebook experiment, I stayed friends with everyone, but I followed only a select few",95,17
unaligned,test,m-7yRWZLwLY$_$0,m-7yRWZLwLY,0,"&gt;&gt; So India can clearly be a superpower, it's a question of how and when rather than if.",94,18
unaligned,test,mVnqP-vLpuo$_$0,mVnqP-vLpuo,0,But maybe you can help us thinking about this,45,9
unaligned,test,mZ_8em_-CGc$_$7,mZ_8em_-CGc,7,"And even though the weather forecasts were only essentially daily, and then they subsequently over time become refined to be hourly, that initial implementation of adding forecasts to open house information allowed us to market open houses in a new way.",253,41
unaligned,test,mgsvwAVQAQo$_$4,mgsvwAVQAQo,4,"But, of course, that doesn't mean that other people have had exactly that experience and so there was definitely room for more nuance when we made that point",157,28
unaligned,test,mmg_eTDHjkk$_$5,mmg_eTDHjkk,5,Now on my right is a different story,36,8
unaligned,test,mmg_eTDHjkk$_$8,mmg_eTDHjkk,8,This is any day cream or moisturizer which says SPF on the front panel,70,14
unaligned,test,mmg_eTDHjkk$_$15,mmg_eTDHjkk,15,"Last but not least, are products you would normally use with water",66,12
unaligned,test,mzAu5gxjE-w$_$2,mzAu5gxjE-w,2,Over the past two years we've been very very a successful in growing our business to pre-recession levels we added approximately 40 members to our group we found that the talent that was available in the market was exceptional and we're very excited about that opportunity.,273,46
unaligned,test,nFTo-Lz4Fr8$_$1,nFTo-Lz4Fr8,1,So we were very fortunate and were able to capitalize on that because we had a savings message out that the public was hearing.,127,24
unaligned,test,nZFPKP9kBkw$_$4,nZFPKP9kBkw,4,"There’s certainly many things from our heritage in creative development that continue to be very important, lots of discipline and clarity of strategy are absolutely critical as well.",183,28
unaligned,test,namehdJxRIM$_$1,namehdJxRIM,1,So that's the one I know the best,33,8
unaligned,test,o2XbNJDpOlc$_$6,o2XbNJDpOlc,6,"If you want the Holy Spirit baptism, where you need to go is Jesus.",67,14
unaligned,test,oBS-IW-BO00$_$3,oBS-IW-BO00,3,"Okay, you don't have to belabor the point, but you want to talk about the future of the deceased.",97,19
unaligned,test,oHff2W51wZ8$_$1,oHff2W51wZ8,1,"Sometimes, posting a TED talk about the subject, or an inspiring article can motivate students to stay engaged",110,18
unaligned,test,oHff2W51wZ8$_$2,oHff2W51wZ8,2,"Even an image, a meme, or a funny cartoon can keep your Team space alive",72,15
unaligned,test,oHff2W51wZ8$_$5,oHff2W51wZ8,5,"This is great for teacher announcements, student suggestions, or questions",74,10
unaligned,test,oPlnhc0DkcU$_$1,oPlnhc0DkcU,1,Home prices are stabilizing and even turning up in some markets.,64,11
unaligned,test,oZxMx8e0x2U$_$2,oZxMx8e0x2U,2,Mostly small business people wondering if they pay too much tax.,64,11
unaligned,test,obGF3RfWQKE$_$24,obGF3RfWQKE,24,"You might have to pay a little bit more, but you can get it.",60,14
unaligned,test,obGF3RfWQKE$_$3,obGF3RfWQKE,3,"Read a very very interesting piece in the New York Times' Motherlode blog by KJ--I can never get this name right, Dell'Antonia, love that name.",143,25
unaligned,test,ossKC1VrusE$_$3,ossKC1VrusE,3,"All of these things, motivation, influence, and sensation, and perception are involved in advertising.",102,14
unaligned,test,ossKC1VrusE$_$2,ossKC1VrusE,2,"Because they learn about what motivates people, what influences people or limits to sensation and perception, as well as how to measure satisfactions.",150,23
unaligned,test,ozA7pRW4gFM$_$7,ozA7pRW4gFM,7,We often don't know what will create the tipping point,54,10
unaligned,test,p4WmcxrXkc4$_$0,p4WmcxrXkc4,0,"When thinking about which advertisers are most innovative in talking to moms, I often talk about advertisers like Quaker out of Chicago, in understanding that a mass reach outdoor campaign can complement an online campaign, which can complement an influencer sampling program, and complement the insights that are driving the engagement of moms.",345,53
unaligned,test,p7zuPEZgtY4$_$0,p7zuPEZgtY4,0,JEFF KING: Media fragmentation and multiple touch points is a huge topic.,73,12
unaligned,test,pIaEcqnzI-s$_$3,pIaEcqnzI-s,3,The regulations of our 50 states are another million pages,58,10
unaligned,test,pIaEcqnzI-s$_$5,pIaEcqnzI-s,5,These are the OSHA safety regulations that every business owner and factory worker must obey,92,15
unaligned,test,pIaEcqnzI-s$_$7,pIaEcqnzI-s,7,Are these edicts of government available to citizens to inform themselves,73,11
unaligned,test,pIaEcqnzI-s$_$6,pIaEcqnzI-s,6,"These are the hazmat transport and storage regulations, the product safety regulations for hearing aids and baby strollers and propane tanks and elevators",154,23
unaligned,test,pQpy7RSfWzM$_$19,pQpy7RSfWzM,19,"I'all about connecting with people within my field and abroad, but I would much rather spend time developing my own projects outside of corporate marketing and material benefits.",178,28
unaligned,test,pQpy7RSfWzM$_$8,pQpy7RSfWzM,8,"When school was becoming a bit much, I would walk to the lake or around Grant Park and take time to unwind.",107,22
unaligned,test,pSxte-ms0t8$_$33,pSxte-ms0t8,33,"This fall, if a third party candidate gets a significant portion of the vote, we will show the major parties that we care about our freedoms and are sick of endless war.",169,32
unaligned,test,pSxte-ms0t8$_$2,pSxte-ms0t8,2,"As amusing as arguments over who built the forty seven percent are, There is a basic truth to the Democrats and the Republicans that deserves more attention.",157,27
unaligned,test,pSxte-ms0t8$_$7,pSxte-ms0t8,7,Both the Democrats and the Republicans believe that we the American people are pack of cowards.,95,16
unaligned,test,pSxte-ms0t8$_$6,pSxte-ms0t8,6,"I would like to speak to you today about the most important thing they have in common, however.",95,18
unaligned,test,pZye4zFzk3o$_$2,pZye4zFzk3o,2,"However, we want to see the issue in a deeper way, in a more fundamental way",76,16
unaligned,test,pZye4zFzk3o$_$5,pZye4zFzk3o,5,""" It's certainly not from the kindness of their heart",53,10
unaligned,test,pnpFPX34Agk$_$2,pnpFPX34Agk,2,Do you have to separate kids by perceived ability level,55,10
unaligned,test,q5M1God4M6Y$_$9,q5M1God4M6Y,9,The device has touch sensing and communicate with the smartphone through Bluetooth,82,12
unaligned,test,qDfSYz0PX9g$_$0,qDfSYz0PX9g,0,"are not protecting your future, you are ruining it",50,9
unaligned,test,qDfSYz0PX9g$_$8,qDfSYz0PX9g,8,"Yes, probably the other person said something incorrect",55,8
unaligned,test,qEuJj4uW93E$_$1,qEuJj4uW93E,1,"RICHARD FIFER, Petaquilla Minerals: You see it yourself",55,8
unaligned,test,qgC8_emxSIU$_$6,qgC8_emxSIU,6,"This is so that you can make eye contact with your audience in the first line and the last line, but everything else will just simply be notes of an outline.",157,31
unaligned,test,r46amqjpWgg$_$26,r46amqjpWgg,26,"Keep your body language active, don't stand rigid at the stage, and just relax",78,14
unaligned,test,r46amqjpWgg$_$22,r46amqjpWgg,22,Once you've timed your speech and you know how long its going to be you go a long way in keeping peoples attention,114,23
unaligned,test,r46amqjpWgg$_$6,r46amqjpWgg,6,Stories are easy to retell without needing notes because you already know them,78,13
unaligned,test,r46amqjpWgg$_$15,r46amqjpWgg,15,Now you have to make sure you're watching the clock,51,10
unaligned,test,r46amqjpWgg$_$32,r46amqjpWgg,32,"You're going to do great! If you still aren't sure how to write your wedding speech, head back to our previous video: the 5 keys to writing a great wedding toast",161,31
unaligned,test,rcfnqiD0y8o$_$0,rcfnqiD0y8o,0,increase your skills to help you lead your teams with more excellence,69,12
unaligned,test,rhQB8e999-Q$_$10,rhQB8e999-Q,10,"There are a lot of ones that I throw in different scenarios based on the context That's another one that I do use by the way: Creativity, Consistency and Context that's something I'm known for saying.",200,36
unaligned,test,rhQB8e999-Q$_$0,rhQB8e999-Q,0,Hey everybody this Graphic Designer Roberto Blake with another Graphic Design quick tip for you today's quick tip is about investing in your personal branding!,159,25
unaligned,test,rhQB8e999-Q$_$5,rhQB8e999-Q,5,They've also come up with different taglines to be able to you associate the values that they want to communicate for their brand with an audience.,147,26
unaligned,test,rhQB8e999-Q$_$7,rhQB8e999-Q,7,So I talked about creating your own visual style and that's definitely part in developing a brand but there are other things you need to do.,140,26
unaligned,test,rhQB8e999-Q$_$8,rhQB8e999-Q,8,You come up with a possible tagline for yourself and what you doing.,68,13
unaligned,test,svsbGQn389o$_$8,svsbGQn389o,8,"And banks, of course, are suffering credit crisis and not making loans as much as they used to.",95,18
unaligned,test,tC2KicUHB9Q$_$7,tC2KicUHB9Q,7,told the New York Daily News,28,6
unaligned,test,tNd3--lvSXE$_$6,tNd3--lvSXE,6,Wild actually has TWO Oscar nominations - also Laura Dern for Best Supporting Actress - plus what’s more Witherspoon produced Gone Girl for which Pike is nominated,163,27
unaligned,test,teQqaAmqqx0$_$0,teQqaAmqqx0,0,"Greetings to the Palestine Children's Relief Fund, PCRF and to all its staff, members and children treated through it.",118,19
unaligned,test,teQqaAmqqx0$_$3,teQqaAmqqx0,3,"Their cause is a great and noble one that serves the children of Palestine, especially those who were injured during the events of the intifada and the occupation.",163,28
unaligned,test,tnWmVXZ87h0$_$0,tnWmVXZ87h0,0,"Our country stands for a basic promise; no matter who you are, what you look like, or what your name is, you can make it here if you try.",137,29
unaligned,test,tnWmVXZ87h0$_$3,tnWmVXZ87h0,3,"But keeping our country's basic promise has never been easy, so I want to thank you.",84,16
unaligned,test,ttfaZ8IIWCo$_$2,ttfaZ8IIWCo,2,"Do you want excellently typed, proofread and edited transcripts of your audios and video?",89,14
unaligned,test,ttfaZ8IIWCo$_$5,ttfaZ8IIWCo,5,We help professionals like you spend more time with your family and friends; or on your business doing what you do best.,120,22
unaligned,test,ttfaZ8IIWCo$_$4,ttfaZ8IIWCo,4,TranscriptionPRO Services is a general transcription services provider dedicated to delivering excellent transcription services at affordable prices.,149,17
unaligned,test,tymso_pAxhk$_$12,tymso_pAxhk,12,"When we take a look at balancing things in the state of Vermont, I think that we've gone perhaps sometimes too far, our environmental issues versus business issues and succeeded.",178,30
unaligned,test,u9ZV8jb_-U0$_$0,u9ZV8jb_-U0,0,"JAMES MENY: So let's just say, since most people are going to not sing correctly, that it's not working for you.",112,21
unaligned,test,um8WVjZMLUc$_$1,um8WVjZMLUc,1,Shops are constantly closing down  since they cannot operate under these circumstances.,87,12
unaligned,test,unOeTDc2rlY$_$27,unOeTDc2rlY,27,"And even if your group doesn't seem to be 'getting it,' don't worry!",68,13
unaligned,test,unOeTDc2rlY$_$31,unOeTDc2rlY,31,There's no single piece of the application that will make or break an applicant - including the team exercise.,110,19
unaligned,test,unOeTDc2rlY$_$29,unOeTDc2rlY,29,"[QUESTION: Soojin, this whole process the application, the resume, the team exercise all of it, has me so nervous.",114,19
unaligned,test,uogwnZGb-iE$_$26,uogwnZGb-iE,26,But never fear I'll get back to my usual video schedule soon.,61,12
unaligned,test,uogwnZGb-iE$_$21,uogwnZGb-iE,21,"I don't have anyone, like, locally around me that likes to make videos like that that I could collaborate with.",111,20
unaligned,test,uogwnZGb-iE$_$22,uogwnZGb-iE,22,So to be in one space for a week gives me the most awesome opportunity to collaborate with other YouTubers and people who are crafty and that cook and knit and just.,165,32
unaligned,test,uogwnZGb-iE$_$28,uogwnZGb-iE,28,So I'm really excited to hopefully launch that over the next couple of weeks and I think you guys will be really receptive to it.,129,25
unaligned,test,uogwnZGb-iE$_$13,uogwnZGb-iE,13,"I've met some amazing YouTubers, people who are just like me.",61,11
unaligned,test,uogwnZGb-iE$_$6,uogwnZGb-iE,6,So that's the main reason and everything's going to be okay.,60,11
unaligned,test,vB_kZocHtYo$_$8,vB_kZocHtYo,8,In the body of the business plan you should be very short but the fifth section which is the appendix is where the actual financials should go.,143,27
unaligned,test,vGkIaClHKDg$_$6,vGkIaClHKDg,6,Online Content Marketing your product is essential and there are so many great ways you can market your product at very low cost.,129,23
unaligned,test,vR90Pdx9wxs$_$3,vR90Pdx9wxs,3,"The second session, I ask the parents to bring in food and we actually start feeding the kid then and I observe how it usually goes now and then based on what I observe, I start to intervene and start the treatment to see what works so I can send the parents home with a plan after just the second session.",306,61
unaligned,test,v_8QeoNc4QY$_$5,v_8QeoNc4QY,5,A money market account on the other hand is a completely liquid vehicle.,72,13
unaligned,test,veA6ECsGFxI$_$0,veA6ECsGFxI,0,"Accenture's ability to help its pharmaceutical clients achieve more efficient global regulatory submissions that will enable them to get medicines to market more quickly, safely and at a lower cost has been enhanced.",216,33
unaligned,test,wC_1M7KIv9s$_$24,wC_1M7KIv9s,24,"For example, in one world, you might be a “student” and as a “student” you undertake certain responsibilities.",110,18
unaligned,test,wC_1M7KIv9s$_$12,wC_1M7KIv9s,12,"As per agreement, if Coraline finds the souls first, she and the rest of them get to return to the real world.",110,22
unaligned,test,wC_1M7KIv9s$_$23,wC_1M7KIv9s,23,Different social spheres act as these dual worlds where individuals must or choose to assume certain roles and responsibilities.,128,19
unaligned,test,wC_1M7KIv9s$_$1,wC_1M7KIv9s,1,This is a story about a girl named Coraline who lives in the countryside with her mother and father.,100,19
unaligned,test,wC_1M7KIv9s$_$5,wC_1M7KIv9s,5,"As she explores her house, she finds a door with a brick wall behind it.",72,15
unaligned,test,wC_1M7KIv9s$_$25,wC_1M7KIv9s,25,"In another world, you might be a “son” or “daughter”. And in yet another world, you might be an “employee”. You’re the same person looking back in a reflection, yet at the same time, you’re different.",200,36
unaligned,test,wC_1M7KIv9s$_$21,wC_1M7KIv9s,21,Coraline must save her parents and others - a role that she is not used to undertaking.,87,17
unaligned,test,wHeZHLv9wGI$_$12,wHeZHLv9wGI,12,"You might even figure out, OK I'm using this deodorant one day and it really worked but the next day my deodorant hardly worked at all and I had a real problem, you know.",170,34
unaligned,test,wnL3ld9bM2o$_$25,wnL3ld9bM2o,25,I know I'm a little older than a millennial and I don't so,58,13
unaligned,test,wnL3ld9bM2o$_$21,wnL3ld9bM2o,21,It's a trend that's not going to be reversed,44,9
unaligned,test,wnL3ld9bM2o$_$4,wnL3ld9bM2o,4,I would pick flexibility over a stable job with benefits because I like the idea that I can work when I need to and work really hard if I need more money and I'm my own boss,173,37
unaligned,test,wnL3ld9bM2o$_$9,wnL3ld9bM2o,9,I wanted it to be an expression of a passion,44,10
unaligned,test,wnL3ld9bM2o$_$15,wnL3ld9bM2o,15,"If you believe in a lot of the things that unions supported, we don't have that kind of dynamic in the economy",110,22
unaligned,test,wnL3ld9bM2o$_$14,wnL3ld9bM2o,14,"You know, like Small Business Administration within each state",62,9
unaligned,test,wznRBN1fWj4$_$0,wznRBN1fWj4,0,"become, there will be water wars and in fact my institute at ASU",64,13
unaligned,test,wznRBN1fWj4$_$6,wznRBN1fWj4,6,They are groups of cells with the potential to become human beings,66,12
unaligned,test,x0rLwBIocuI$_$7,x0rLwBIocuI,7,"If you have a one minute monologue and you go one ten or one fifteen, most likely you'll be disqualified from getting the part, and a director may well say, stop and leave the stage.",182,35
unaligned,test,xBE9YWYGjtk$_$7,xBE9YWYGjtk,7,"One day, the stares from others will be a lesson to remind you you are full of stunning blessing",96,19
unaligned,test,xSCvspXYU9k$_$19,xSCvspXYU9k,19,"If Canada wants to attract investment and investors, this is definitely not the way to do it.",93,17
unaligned,test,xSCvspXYU9k$_$7,xSCvspXYU9k,7,"First of all, you need an enormous $10 million net worth to qualify.",68,13
unaligned,test,xXXcgb9eZ9Y$_$7,xXXcgb9eZ9Y,7,The pig has a couple of disadvantages that the cow doesn’t suffer from,70,13
unaligned,test,xmLJHru6Z1M$_$12,xmLJHru6Z1M,12,"You want a low steady tone and steady pace, rather than a high pitched and fast pace.",85,17
unaligned,test,xmLJHru6Z1M$_$14,xmLJHru6Z1M,14,"You want to act like you're talking to your friend, just chatting to your mom or dad or somebody that you've known for years.",125,24
unaligned,test,xmLJHru6Z1M$_$8,xmLJHru6Z1M,8,"You can tuck your thumbs into your pockets, but you want to make sure the majority of your hands are visible.",109,21
unaligned,test,xobMRm5Vs44$_$1,xobMRm5Vs44,1,GFEBS supports one of the Army's most critical goals: achieving audibility.,75,11
unaligned,test,yCpHmPSshKY$_$1,yCpHmPSshKY,1,And my bill is to help get support and care for children suffering from mental illnesses.,89,16
unaligned,test,yCpHmPSshKY$_$0,yCpHmPSshKY,0,My name is Louise and I'm at the Linus Pauling Mock Congress at LBCC this year and my bill is about mental health and mental illnesses in children and teens.,157,30
unaligned,test,yLo-Jl8nBXU$_$11,yLo-Jl8nBXU,11,I encouraged her to move forward in preparing for elections to take place no later than February of 2015. We have provided more than $100 million in support to the peacekeeping effort.,184,32
unaligned,test,yLo-Jl8nBXU$_$0,yLo-Jl8nBXU,0,"MS. JENSEN: Our next question comes from Korka Bah: ""During the AU summit in Addis, Ethiopian prime minister called for urgent action to avoid the further escalating of violence between Christians and Muslims in Central African Republic.",237,37
unaligned,test,yLo-Jl8nBXU$_$6,yLo-Jl8nBXU,6,We particularly thank the French Government for their efforts and the troops that they have put on the ground.,110,19
unaligned,test,ySblgk7T7eQ$_$12,ySblgk7T7eQ,12,"On the one hand he's battling against theists who affirm the objectivity of moral values and duties, but ground them in God",123,22
unaligned,test,ySblgk7T7eQ$_$0,ySblgk7T7eQ,0,"Hi, it's good that you can join me in my study",46,11
unaligned,test,ySblgk7T7eQ$_$4,ySblgk7T7eQ,4,"Philosophers call this strategy ""tu quoque,"" which is Latin for ""the same to you",80,14
unaligned,test,ySblgk7T7eQ$_$9,ySblgk7T7eQ,9,"It just says that the other guy's view is as bad as yours and if your opponent can show that his view is not really analogous to your view, then you're stuck with this unresolved problem",186,36
unaligned,test,yUqNp-poh9M$_$2,yUqNp-poh9M,2,"It is there already, and it’s not going to change",49,10
unaligned,test,yUqNp-poh9M$_$9,yUqNp-poh9M,9,And they even have to pull some of the Conservatives,52,10
unaligned,test,ydzNAuqUAnc$_$6,ydzNAuqUAnc,6,"In Pakistan, in lots of sub-saharan Africa, again you can see, democracy and elections are compatible with corrupt governments with states that are unstable and dangerous",170,26
unaligned,test,yoDMh8FlHR8$_$0,yoDMh8FlHR8,0,In the marketing puzzle you’re gonna have to include a large on line piece into that puzzle.,92,17
unaligned,test,yzCHa2qchpg$_$1,yzCHa2qchpg,1,"They would really get warm at night, when I had covers on my feet; I had sharp, shooting pains going through my feet and they are getting better to stand on, because before they would really hurt and every step in every area of my foot would hurt.",247,48
unaligned,test,yzCHa2qchpg$_$2,yzCHa2qchpg,2,"I encourage everybody to come in and give him a try, thanks.",60,12
unaligned,test,z441aDJvAcU$_$20,z441aDJvAcU,20,"Meanwhile, the European cloud partnership we are setting up will help us work together to find the best cloud solutions for the public sector.",142,24
unaligned,test,z441aDJvAcU$_$21,z441aDJvAcU,21,"And stimulate a growing and maturing market: benefiting every cloud user, public or private.",92,14
unaligned,test,z441aDJvAcU$_$22,z441aDJvAcU,22,I don't want national rules constraining the cloud to tiny markets: only if we “think European” can we get the right economies of scale.,136,24
unaligned,test,zfZUOvZZTuk$_$1,zfZUOvZZTuk,1,We all know that hurricane paths can change from one update to the next,71,14
unaligned,test,zfZUOvZZTuk$_$8,zfZUOvZZTuk,8,Our food and nutrition services staff work in the shelters providing meals to evacuees,86,14
unaligned,test,zhNksSReaQk$_$27,zhNksSReaQk,27,"They could have a really high IQ""",33,7
unaligned,test,zhNksSReaQk$_$44,zhNksSReaQk,44,"The concept of intelligence, and giving people value based on their intelligence, is super not-awesome",102,15
unaligned,test,zhNksSReaQk$_$28,zhNksSReaQk,28,"Which, by the way, IQ is totally not a thing",44,10
unaligned,test,zhNksSReaQk$_$1,zhNksSReaQk,1,"So, today I was supposed to film an episode of Ask an Autistic, and it was going pretty well",92,19
unaligned,test,zhNksSReaQk$_$4,zhNksSReaQk,4,And then I was like three minutes in and the battery died,57,12
unaligned,test,zhNksSReaQk$_$15,zhNksSReaQk,15,One for every month of the year,31,7
unaligned,test,zhNksSReaQk$_$36,zhNksSReaQk,36,And in the process we hurt our intellectually disabled and cognitively disabled disabled cousins,96,14
